{"rank_algo": "anova_f_score", "seed": 70, "subsampling_proportion": 0.1, "exec_time": 0.19499993324279785, "results": {"features": ["feature98", "feature99", "feature85", "feature86", "feature87", "feature88", "feature89", "feature83", "feature84", "feature82", "feature81", "feature14", "feature23", "feature90", "feature32", "feature91", "feature5", "feature39", "feature15", "feature2", "feature56", "feature59", "feature48", "feature37", "feature27", "feature40", "feature50", "feature42", "feature12", "feature9", "feature8", "feature10", "feature49", "feature38", "feature30", "feature41", "feature34", "feature28", "feature22", "feature29", "feature36", "feature24", "feature0", "feature43", "feature3", "feature52", "feature51", "feature62", "feature71", "feature35", "feature66", "feature17", "feature26", "feature46", "feature68", "feature7", "feature4", "feature44", "feature11", "feature47", "feature16", "feature53", "feature67", "feature61", "feature21", "feature45", "feature69", "feature13", "feature65", "feature31", "feature20", "feature18", "feature64", "feature55", "feature57", "feature1", "feature6", "feature54", "feature72", "feature33", "feature25", "feature19", "feature63", "feature77", "feature73", "feature76", "feature78", "feature79", "feature80", "feature75", "feature74", "feature58", "feature60", "feature70", "feature92", "feature93", "feature94", "feature95", "feature96", "feature97"], "scores": [Infinity, Infinity, 21530.85448966509, 21523.614176269326, 21520.40340734958, 21520.40340734958, 21520.40340734958, 21377.5261970768, 21253.936540914274, 20001.875445052465, 16731.596404856646, 2738.6076709269582, 2723.4487929987386, 2669.4968942328624, 2664.185483770725, 2599.9730145077274, 2325.557509466029, 1737.3968516076848, 1492.1545938734328, 1482.8100400176286, 1381.4646872330145, 1298.406945977907, 1059.1985713698273, 984.3746293270578, 868.5293389643238, 866.4911531636203, 768.0260476836943, 750.5979550919192, 736.9218774074083, 661.0385112377796, 561.2354037897871, 474.3505496542014, 462.8376613424373, 437.2588540848016, 389.4807886841922, 389.4053994600994, 380.47002307402045, 353.7340722283565, 335.8713208459289, 335.5222935701044, 330.21521928447015, 313.02468349807987, 296.5594433444342, 280.56844392565824, 273.99549018632473, 272.7843306040628, 269.1859123197071, 262.49777367713233, 248.6840901538989, 232.9644024806025, 232.13216693419758, 216.40304172045188, 214.03239299040484, 213.89374324413038, 210.1522310159838, 208.73496113111676, 192.4927993231086, 188.90483069294743, 174.41038168147452, 171.90864655004546, 151.97682650801968, 145.8153515468969, 143.89948642667088, 121.13112670018727, 116.32564381685341, 102.75626457910994, 96.08508616274855, 89.02574266484392, 80.46438178819575, 55.78625659450395, 48.124271878121064, 34.451611899507185, 32.84358424876805, 32.17208040700589, 27.81492689899534, 26.68943357897089, 19.666265896444887, 12.545859971555268, 8.289194735228099, 2.730667907205256, 1.919423067732699, 1.6119923495259156, 1.520002458621452, 1.206697770619522, 1.1963912700361647, 1.1963912700361647, 1.1963912700361647, 1.1963912700361647, 1.1963912700361647, 1.0866950055659113, 1.0245572286335405, 0.152935898760196, 0.08421824017679648, NaN, NaN, NaN, NaN, NaN, NaN, NaN]}, "evaluations": {"eval_method": "jaccard_full_score", "singles": [[1.0, 1.0, 0.5, 0.3333333333333333, 0.25, 0.2, 0.16666666666666666, 0.14285714285714285, 0.125, 0.1111111111111111, 0.1, 0.09090909090909091, 0.13043478260869565, 0.12, 0.1111111111111111, 0.10344827586206896, 0.0967741935483871, 0.09090909090909091, 0.11764705882352941, 0.14285714285714285, 0.13513513513513514, 0.15789473684210525, 0.15, 0.14285714285714285, 0.13636363636363635, 0.15555555555555556, 0.14893617021276595, 0.14285714285714285, 0.16, 0.17647058823529413, 0.19230769230769232, 0.23076923076923078, 0.24528301886792453, 0.25925925925925924, 0.25, 0.2631578947368421, 0.2542372881355932, 0.26666666666666666, 0.2786885245901639, 0.2698412698412698, 0.28125, 0.3125, 0.3230769230769231, 0.31343283582089554, 0.30434782608695654, 0.29577464788732394, 0.323943661971831, 0.3333333333333333, 0.3611111111111111, 0.35135135135135137, 0.36, 0.35064935064935066, 0.37662337662337664, 0.4025974025974026, 0.3924050632911392, 0.4177215189873418, 0.425, 0.4146341463414634, 0.43902439024390244, 0.4457831325301205, 0.4523809523809524, 0.4588235294117647, 0.4482758620689655, 0.47126436781609193, 0.4772727272727273, 0.5, 0.5056179775280899, 0.5280898876404494, 0.5333333333333333, 0.5384615384615384, 0.5434782608695652, 0.5652173913043478, 0.5531914893617021, 0.5578947368421052, 0.5625, 0.5670103092783505, 0.5876288659793815, 0.5918367346938775, 0.5959595959595959, 0.6161616161616161, 0.62, 0.64, 0.66, 0.68, 0.7, 0.72, 0.74, 0.76, 0.78, 0.8, 0.82, 0.84, 0.86, 0.88, 0.9, 0.92, 0.94, 0.96, 0.98, 1.0], 0.4245282747686775], "first_gen": [[1.0, 1.0, 0.5, 0.3333333333333333, 0.42857142857142855, 0.5, 0.5555555555555556, 0.6, 0.6363636363636364, 0.6666666666666666, 0.6923076923076923, 0.7142857142857143, 0.8571428571428571, 0.75, 0.6666666666666666, 0.6, 0.5454545454545454, 0.5, 0.46153846153846156, 0.48148148148148145, 0.4482758620689655, 0.41935483870967744, 0.3939393939393939, 0.37142857142857144, 0.35135135135135137, 0.3333333333333333, 0.3170731707317073, 0.3333333333333333, 0.3488372093023256, 0.3953488372093023, 0.4418604651162791, 0.4883720930232558, 0.5348837209302325, 0.5111111111111111, 0.5217391304347826, 0.5, 0.5102040816326531, 0.49019607843137253, 0.5, 0.5094339622641509, 0.5185185185185185, 0.5, 0.5357142857142857, 0.5714285714285714, 0.5789473684210527, 0.559322033898305, 0.5932203389830508, 0.6, 0.6333333333333333, 0.639344262295082, 0.6451612903225806, 0.6507936507936508, 0.6825396825396826, 0.7142857142857143, 0.6923076923076923, 0.7230769230769231, 0.7272727272727273, 0.7575757575757576, 0.7352941176470589, 0.7647058823529411, 0.7941176470588235, 0.7714285714285715, 0.75, 0.7297297297297297, 0.7333333333333333, 0.7142857142857143, 0.717948717948718, 0.7, 0.6829268292682927, 0.6666666666666666, 0.6705882352941176, 0.6744186046511628, 0.6590909090909091, 0.6629213483146067, 0.6483516483516484, 0.6521739130434783, 0.6559139784946236, 0.6595744680851063, 0.6631578947368421, 0.6666666666666666, 0.6701030927835051, 0.6907216494845361, 0.6938775510204082, 0.7142857142857143, 0.7346938775510204, 0.7551020408163265, 0.7755102040816326, 0.7959183673469388, 0.8163265306122449, 0.8367346938775511, 0.8571428571428571, 0.8585858585858586, 0.86, 0.88, 0.9, 0.92, 0.94, 0.96, 0.98, 1.0], 0.6418644853386303]}}