{"rank_algo": "anova_f_score", "seed": 60, "subsampling_proportion": 0.1, "exec_time": 0.1640005111694336, "results": {"features": ["feature98", "feature99", "feature85", "feature86", "feature87", "feature88", "feature89", "feature83", "feature84", "feature82", "feature81", "feature14", "feature32", "feature90", "feature48", "feature5", "feature91", "feature27", "feature39", "feature2", "feature59", "feature40", "feature56", "feature15", "feature50", "feature12", "feature9", "feature37", "feature8", "feature42", "feature34", "feature10", "feature49", "feature30", "feature41", "feature38", "feature24", "feature44", "feature52", "feature51", "feature29", "feature62", "feature26", "feature36", "feature3", "feature68", "feature43", "feature23", "feature21", "feature11", "feature35", "feature28", "feature71", "feature4", "feature67", "feature66", "feature47", "feature22", "feature16", "feature53", "feature46", "feature1", "feature45", "feature31", "feature13", "feature61", "feature57", "feature64", "feature54", "feature72", "feature20", "feature6", "feature19", "feature7", "feature0", "feature65", "feature33", "feature63", "feature58", "feature55", "feature69", "feature17", "feature75", "feature73", "feature76", "feature78", "feature79", "feature80", "feature74", "feature77", "feature60", "feature25", "feature18", "feature70", "feature92", "feature93", "feature94", "feature95", "feature96", "feature97"], "scores": [Infinity, Infinity, 21839.635937508156, 21838.661003693396, 21835.818046884095, 21835.818046884095, 21835.818046884095, 21516.26634191865, 21427.29662367028, 19542.743492882277, 16438.522783011977, 2590.46804881942, 2579.942563885375, 2570.4720041496626, 2364.0246413966415, 2346.4155494607066, 2195.3564446033024, 1751.3780060551474, 1554.3126114342713, 1530.482028251631, 1288.6692885841123, 1199.2939640174693, 1092.2881376347013, 800.6649563103435, 785.306180846253, 756.7947333684472, 680.398735649759, 649.5453281989494, 606.79188149385, 573.7934873657905, 495.1182263479184, 491.71830914509025, 488.52015762709846, 452.0075592380934, 374.03666311130473, 372.2873755460735, 351.8289465618413, 324.32381627519516, 322.6504896966812, 298.775203787001, 297.02738091012515, 292.44327891349786, 268.7290140793761, 266.6429981608473, 257.9464395724637, 248.38056115218794, 236.79340747322206, 227.78670680980292, 227.43149009015522, 214.42667716288108, 208.4722358360882, 196.34917156801527, 178.06567463050453, 175.88658795629775, 165.770107783102, 163.1707030812641, 156.1806200912316, 141.1109522935732, 124.23555608512066, 121.68354835946089, 87.32240447717955, 79.87541504688755, 78.78446717454841, 73.05052865954683, 61.216335752918546, 53.62750570618683, 40.95076369754504, 38.54656295961188, 33.56219785300392, 25.438969747556992, 23.854180947430226, 20.838088526010953, 19.704977087679932, 18.07854528095521, 15.187551258793691, 14.126101707415048, 13.163775077905521, 12.919534350790833, 10.972695403284455, 9.460850498670418, 7.592050814384894, 6.822495329345701, 6.47104608627551, 5.602883578787687, 5.602883578787687, 5.602883578787687, 5.602883578787687, 5.602883578787687, 4.074660806241907, 3.508454077682384, 1.241729642182302, 0.8247658512247541, 0.016383182436242757, NaN, NaN, NaN, NaN, NaN, NaN, NaN]}, "evaluations": {"eval_method": "jaccard_full_score", "singles": [[1.0, 1.0, 0.5, 0.3333333333333333, 0.25, 0.2, 0.16666666666666666, 0.14285714285714285, 0.125, 0.1111111111111111, 0.1, 0.09090909090909091, 0.08333333333333333, 0.07692307692307693, 0.07142857142857142, 0.06666666666666667, 0.0625, 0.058823529411764705, 0.05555555555555555, 0.08108108108108109, 0.10526315789473684, 0.1282051282051282, 0.12195121951219512, 0.14285714285714285, 0.13636363636363635, 0.15555555555555556, 0.14893617021276595, 0.14285714285714285, 0.13725490196078433, 0.15384615384615385, 0.16981132075471697, 0.20754716981132076, 0.2222222222222222, 0.23636363636363636, 0.25, 0.2413793103448276, 0.2542372881355932, 0.26666666666666666, 0.25806451612903225, 0.2698412698412698, 0.28125, 0.3125, 0.34375, 0.3333333333333333, 0.3235294117647059, 0.3142857142857143, 0.3055555555555556, 0.3150684931506849, 0.3424657534246575, 0.35135135135135137, 0.36, 0.3684210526315789, 0.39473684210526316, 0.4025974025974026, 0.3924050632911392, 0.4, 0.4074074074074074, 0.4146341463414634, 0.43902439024390244, 0.4457831325301205, 0.4523809523809524, 0.47619047619047616, 0.4823529411764706, 0.4883720930232558, 0.4942528735632184, 0.5172413793103449, 0.5227272727272727, 0.5280898876404494, 0.5333333333333333, 0.5384615384615384, 0.5434782608695652, 0.5483870967741935, 0.5698924731182796, 0.5913978494623656, 0.6129032258064516, 0.6, 0.6210526315789474, 0.6421052631578947, 0.6458333333333334, 0.6494845360824743, 0.6530612244897959, 0.6565656565656566, 0.6767676767676768, 0.696969696969697, 0.7171717171717171, 0.7373737373737373, 0.7575757575757576, 0.7777777777777778, 0.797979797979798, 0.8181818181818182, 0.8383838383838383, 0.84, 0.86, 0.88, 0.9, 0.92, 0.94, 0.96, 0.98, 1.0], 0.42463896905105347], "first_gen": [[1.0, 1.0, 0.5, 0.3333333333333333, 0.42857142857142855, 0.5, 0.5555555555555556, 0.6, 0.6363636363636364, 0.6666666666666666, 0.6923076923076923, 0.7142857142857143, 0.7333333333333333, 0.6470588235294118, 0.5789473684210527, 0.5238095238095238, 0.4782608695652174, 0.44, 0.4074074074074074, 0.42857142857142855, 0.4, 0.375, 0.35294117647058826, 0.3333333333333333, 0.3157894736842105, 0.3, 0.3170731707317073, 0.3333333333333333, 0.38095238095238093, 0.3953488372093023, 0.4090909090909091, 0.45454545454545453, 0.5, 0.4782608695652174, 0.48936170212765956, 0.46938775510204084, 0.48, 0.49019607843137253, 0.4716981132075472, 0.5094339622641509, 0.5185185185185185, 0.5, 0.5357142857142857, 0.543859649122807, 0.5517241379310345, 0.5333333333333333, 0.5666666666666667, 0.6, 0.6333333333333333, 0.639344262295082, 0.6451612903225806, 0.625, 0.65625, 0.6615384615384615, 0.6417910447761194, 0.6470588235294118, 0.6764705882352942, 0.7058823529411765, 0.7101449275362319, 0.7142857142857143, 0.7428571428571429, 0.7464788732394366, 0.726027397260274, 0.7066666666666667, 0.6883116883116883, 0.6708860759493671, 0.654320987654321, 0.6385542168674698, 0.6428571428571429, 0.627906976744186, 0.632183908045977, 0.6363636363636364, 0.6404494382022472, 0.6444444444444445, 0.6483516483516484, 0.6344086021505376, 0.6210526315789474, 0.6082474226804123, 0.6122448979591837, 0.6326530612244898, 0.6530612244897959, 0.673469387755102, 0.6938775510204082, 0.7142857142857143, 0.7346938775510204, 0.7551020408163265, 0.7755102040816326, 0.7959183673469388, 0.797979797979798, 0.8181818181818182, 0.82, 0.84, 0.86, 0.88, 0.9, 0.92, 0.94, 0.96, 0.98, 1.0], 0.6171075107552366]}}