{"rank_algo": "anova_f_score", "seed": 96, "subsampling_proportion": 0.1, "exec_time": 0.1679990291595459, "results": {"features": ["feature98", "feature99", "feature86", "feature85", "feature87", "feature88", "feature89", "feature83", "feature84", "feature82", "feature81", "feature32", "feature90", "feature14", "feature91", "feature5", "feature2", "feature40", "feature59", "feature39", "feature56", "feature27", "feature15", "feature50", "feature42", "feature23", "feature48", "feature37", "feature12", "feature30", "feature26", "feature49", "feature9", "feature34", "feature41", "feature62", "feature10", "feature8", "feature28", "feature29", "feature38", "feature51", "feature36", "feature52", "feature24", "feature43", "feature0", "feature71", "feature3", "feature68", "feature66", "feature4", "feature13", "feature47", "feature35", "feature16", "feature67", "feature53", "feature69", "feature44", "feature21", "feature31", "feature45", "feature25", "feature11", "feature22", "feature46", "feature19", "feature7", "feature17", "feature63", "feature33", "feature64", "feature57", "feature18", "feature54", "feature61", "feature6", "feature55", "feature58", "feature65", "feature1", "feature72", "feature60", "feature20", "feature74", "feature75", "feature73", "feature76", "feature77", "feature78", "feature79", "feature80", "feature70", "feature92", "feature93", "feature94", "feature95", "feature96", "feature97"], "scores": [Infinity, Infinity, 18020.758632092246, 18014.40755214203, 18009.45270579727, 18009.45270579727, 18009.45270579727, 17624.289891393284, 17466.491411950712, 16020.280690573452, 12640.908667539199, 2835.504152265197, 2831.3540241258247, 2793.2093781470294, 2487.361188910581, 2253.369933035761, 1338.4055772558931, 1314.3199374345572, 1254.6799846174, 1105.3631844527608, 885.3615302298892, 817.0789575655798, 804.4258831913813, 758.201902269703, 741.4611508135999, 656.7286830418244, 628.2130546665081, 609.2973701682076, 539.2610204152362, 503.5398336142311, 494.7112781166464, 490.18098508566914, 423.7433271971971, 403.7641459351607, 370.77544155136576, 367.9959440106639, 366.7016227887323, 359.2792372408599, 342.27450286340803, 341.79535976521686, 329.8198529678234, 312.72809509834565, 280.1129157403016, 277.8888570651971, 270.3727397159591, 269.7244774467613, 239.14627101984243, 239.1461020555503, 226.3084466415546, 194.6114688483626, 174.0943329516203, 172.96061763426454, 171.0129543681736, 153.97993406141796, 148.3214575074773, 147.13498218166433, 143.74560054300332, 128.70751719759716, 128.3264359229392, 121.10041289201426, 119.01248827371846, 112.3585454303297, 89.01996511500109, 77.43038248839588, 67.80550911512981, 63.88987675394461, 57.495534953675204, 55.43134849994655, 51.224976127128016, 41.799812959210875, 41.16707859231746, 31.3888307474807, 27.574339721692986, 27.067158352569454, 25.657499190554187, 24.64479577183382, 21.668229504192677, 18.509593025462337, 18.27699764686041, 11.85873738411476, 7.87958122270728, 5.96083435779669, 5.14716944197514, 1.2713663053713358, 1.057717812150114, 0.8036866052961065, 0.8036866052961065, 0.44591681963150687, 0.44591681963150687, 0.44591681963150687, 0.44591681963150687, 0.44591681963150687, 0.44591681963150687, NaN, NaN, NaN, NaN, NaN, NaN, NaN]}, "evaluations": {"eval_method": "jaccard_full_score", "singles": [[1.0, 1.0, 0.5, 0.3333333333333333, 0.25, 0.2, 0.16666666666666666, 0.14285714285714285, 0.125, 0.1111111111111111, 0.1, 0.09090909090909091, 0.08333333333333333, 0.07692307692307693, 0.07142857142857142, 0.06666666666666667, 0.0625, 0.09090909090909091, 0.11764705882352941, 0.14285714285714285, 0.13513513513513514, 0.1282051282051282, 0.15, 0.14285714285714285, 0.13636363636363635, 0.15555555555555556, 0.14893617021276595, 0.14285714285714285, 0.16, 0.17647058823529413, 0.19230769230769232, 0.23076923076923078, 0.24528301886792453, 0.25925925925925924, 0.2727272727272727, 0.2857142857142857, 0.2982456140350877, 0.3103448275862069, 0.3, 0.2903225806451613, 0.30158730158730157, 0.3333333333333333, 0.34375, 0.3333333333333333, 0.34328358208955223, 0.3333333333333333, 0.34285714285714286, 0.352112676056338, 0.3611111111111111, 0.35135135135135137, 0.36, 0.35064935064935066, 0.37662337662337664, 0.38461538461538464, 0.375, 0.4, 0.4074074074074074, 0.39759036144578314, 0.40476190476190477, 0.4117647058823529, 0.4186046511627907, 0.42528735632183906, 0.4318181818181818, 0.43820224719101125, 0.4444444444444444, 0.4666666666666667, 0.4888888888888889, 0.5111111111111111, 0.5333333333333333, 0.5384615384615384, 0.5434782608695652, 0.5652173913043478, 0.5531914893617021, 0.5578947368421052, 0.5789473684210527, 0.5833333333333334, 0.6041666666666666, 0.6082474226804123, 0.5959595959595959, 0.6, 0.62, 0.64, 0.66, 0.68, 0.7, 0.72, 0.74, 0.76, 0.78, 0.8, 0.82, 0.84, 0.86, 0.88, 0.9, 0.92, 0.94, 0.96, 0.98, 1.0], 0.42267895867100624], "first_gen": [[1.0, 1.0, 0.5, 0.3333333333333333, 0.42857142857142855, 0.5, 0.5555555555555556, 0.6, 0.6363636363636364, 0.6666666666666666, 0.6923076923076923, 0.7142857142857143, 0.7333333333333333, 0.6470588235294118, 0.5789473684210527, 0.5238095238095238, 0.5454545454545454, 0.5, 0.46153846153846156, 0.42857142857142855, 0.4, 0.375, 0.35294117647058826, 0.3333333333333333, 0.3157894736842105, 0.3333333333333333, 0.3170731707317073, 0.3333333333333333, 0.3488372093023256, 0.36363636363636365, 0.37777777777777777, 0.4222222222222222, 0.4666666666666667, 0.44680851063829785, 0.4583333333333333, 0.44, 0.48, 0.52, 0.5, 0.5094339622641509, 0.5185185185185185, 0.5272727272727272, 0.5357142857142857, 0.543859649122807, 0.5254237288135594, 0.5333333333333333, 0.5666666666666667, 0.6, 0.6333333333333333, 0.639344262295082, 0.6451612903225806, 0.625, 0.6307692307692307, 0.6615384615384615, 0.6417910447761194, 0.6716417910447762, 0.6764705882352942, 0.6811594202898551, 0.6619718309859155, 0.6901408450704225, 0.7183098591549296, 0.7222222222222222, 0.7027027027027027, 0.6842105263157895, 0.6666666666666666, 0.6708860759493671, 0.675, 0.6790123456790124, 0.6829268292682927, 0.6867469879518072, 0.6705882352941176, 0.6551724137931034, 0.6404494382022472, 0.6263736263736264, 0.6304347826086957, 0.6344086021505376, 0.6210526315789474, 0.625, 0.6288659793814433, 0.6326530612244898, 0.6363636363636364, 0.6565656565656566, 0.6767676767676768, 0.68, 0.7, 0.72, 0.74, 0.76, 0.78, 0.8, 0.82, 0.84, 0.86, 0.88, 0.9, 0.92, 0.94, 0.96, 0.98, 1.0], 0.614674831745327]}}