{"rank_algo": "anova_f_score", "seed": 67, "subsampling_proportion": 0.1, "exec_time": 0.165999174118042, "results": {"features": ["feature98", "feature99", "feature85", "feature87", "feature88", "feature89", "feature86", "feature84", "feature83", "feature82", "feature81", "feature32", "feature90", "feature14", "feature91", "feature5", "feature17", "feature48", "feature56", "feature2", "feature59", "feature27", "feature39", "feature22", "feature15", "feature42", "feature12", "feature50", "feature40", "feature37", "feature0", "feature30", "feature49", "feature9", "feature29", "feature8", "feature44", "feature10", "feature38", "feature34", "feature52", "feature41", "feature46", "feature36", "feature24", "feature43", "feature26", "feature71", "feature51", "feature3", "feature62", "feature28", "feature16", "feature68", "feature21", "feature66", "feature47", "feature4", "feature11", "feature53", "feature23", "feature35", "feature67", "feature65", "feature31", "feature13", "feature25", "feature64", "feature18", "feature55", "feature69", "feature54", "feature61", "feature6", "feature57", "feature58", "feature33", "feature63", "feature19", "feature45", "feature72", "feature7", "feature60", "feature77", "feature73", "feature76", "feature78", "feature79", "feature80", "feature1", "feature20", "feature75", "feature74", "feature70", "feature92", "feature93", "feature94", "feature95", "feature96", "feature97"], "scores": [Infinity, Infinity, 22383.375068167745, 22369.648925635567, 22369.648925635567, 22369.648925635567, 22358.9907022764, 22294.468514712047, 21712.663582145487, 20059.60199324294, 14946.945403468455, 2704.7511036869414, 2703.3655445041836, 2657.6928312298937, 2342.1836539273863, 2232.3603271879265, 1996.8109072725895, 1762.6890998882318, 1642.3631330475587, 1511.8873268066395, 1417.1871086378198, 1386.818571533217, 1062.0368473774731, 1027.1683550744003, 946.8529214238139, 892.9313543522197, 878.5138753442178, 877.8458271721478, 838.1841407686499, 821.4168699239173, 613.9332636638363, 557.3248626164782, 496.65934930301745, 494.89362954976934, 455.93740898518, 452.29708721943666, 436.88804525087215, 423.0792527854954, 396.66397434443223, 393.3664306840377, 379.2836037694657, 362.23728482822577, 359.2332575188629, 358.2773580142165, 346.2120964664747, 333.0177811994396, 308.1598754100379, 285.0253630473955, 259.5424855974318, 248.21586216618394, 232.97286937744147, 223.67836247324936, 194.86204653038286, 182.58092940152133, 170.60446156410288, 168.75183027883017, 167.00618955163432, 150.92311879392156, 148.4607447441849, 143.93787363494812, 123.29797283609652, 99.62937550519443, 98.34585590015006, 81.33637671576392, 76.75610607563326, 76.21715977602426, 74.70548025637794, 49.35060873859038, 44.39690783434208, 40.223536256545074, 39.32332690612648, 23.68723817369371, 22.223416640907047, 20.178159332851155, 19.786954132878385, 19.04358085533206, 18.084628090811876, 16.138738417366383, 12.787038308199804, 11.571670483456833, 11.137095076025682, 5.361686810919734, 3.7110494956993736, 2.001742134164243, 1.9256941727594559, 1.9256941727594559, 1.9256941727594559, 1.9256941727594559, 1.9256941727594559, 1.7032607627186107, 1.6108837187926697, 1.277957081253336, 1.1668748688665624, NaN, NaN, NaN, NaN, NaN, NaN, NaN]}, "evaluations": {"eval_method": "jaccard_full_score", "singles": [[1.0, 1.0, 0.5, 0.3333333333333333, 0.25, 0.2, 0.16666666666666666, 0.14285714285714285, 0.125, 0.1111111111111111, 0.1, 0.09090909090909091, 0.08333333333333333, 0.07692307692307693, 0.07142857142857142, 0.06666666666666667, 0.0625, 0.058823529411764705, 0.05555555555555555, 0.08108108108108109, 0.10526315789473684, 0.1, 0.09523809523809523, 0.11627906976744186, 0.13636363636363635, 0.13043478260869565, 0.14893617021276595, 0.14285714285714285, 0.16, 0.17647058823529413, 0.16981132075471697, 0.18518518518518517, 0.2, 0.23636363636363636, 0.22807017543859648, 0.22033898305084745, 0.21311475409836064, 0.2459016393442623, 0.23809523809523808, 0.23076923076923078, 0.24242424242424243, 0.2727272727272727, 0.30303030303030304, 0.29411764705882354, 0.30434782608695654, 0.29577464788732394, 0.3055555555555556, 0.3150684931506849, 0.3424657534246575, 0.3333333333333333, 0.36, 0.3684210526315789, 0.39473684210526316, 0.4025974025974026, 0.41025641025641024, 0.4177215189873418, 0.425, 0.4146341463414634, 0.43902439024390244, 0.4457831325301205, 0.4523809523809524, 0.4588235294117647, 0.4482758620689655, 0.45454545454545453, 0.4444444444444444, 0.4666666666666667, 0.4725274725274725, 0.4782608695652174, 0.5, 0.5053763440860215, 0.49473684210526314, 0.5157894736842106, 0.5208333333333334, 0.5416666666666666, 0.5463917525773195, 0.5510204081632653, 0.5714285714285714, 0.5757575757575758, 0.58, 0.6, 0.62, 0.64, 0.66, 0.68, 0.7, 0.72, 0.74, 0.76, 0.78, 0.8, 0.82, 0.84, 0.86, 0.88, 0.9, 0.92, 0.94, 0.96, 0.98, 1.0], 0.40930937530647554], "first_gen": [[1.0, 1.0, 0.5, 0.3333333333333333, 0.25, 0.3333333333333333, 0.5555555555555556, 0.6, 0.6363636363636364, 0.6666666666666666, 0.6923076923076923, 0.7142857142857143, 0.7333333333333333, 0.6470588235294118, 0.5789473684210527, 0.5238095238095238, 0.4782608695652174, 0.44, 0.4074074074074074, 0.42857142857142855, 0.4, 0.375, 0.35294117647058826, 0.37142857142857144, 0.35135135135135137, 0.3333333333333333, 0.3170731707317073, 0.3333333333333333, 0.3488372093023256, 0.36363636363636365, 0.4090909090909091, 0.4222222222222222, 0.4666666666666667, 0.4782608695652174, 0.48936170212765956, 0.5319148936170213, 0.574468085106383, 0.5833333333333334, 0.56, 0.5686274509803921, 0.5769230769230769, 0.5555555555555556, 0.5636363636363636, 0.5714285714285714, 0.5789473684210527, 0.5862068965517241, 0.6206896551724138, 0.6551724137931034, 0.6896551724137931, 0.6949152542372882, 0.7288135593220338, 0.7049180327868853, 0.7377049180327869, 0.7419354838709677, 0.746031746031746, 0.75, 0.78125, 0.7575757575757576, 0.7352941176470589, 0.7391304347826086, 0.7681159420289855, 0.7714285714285715, 0.75, 0.7297297297297297, 0.7105263157894737, 0.6923076923076923, 0.675, 0.6585365853658537, 0.6626506024096386, 0.6666666666666666, 0.6705882352941176, 0.6744186046511628, 0.6590909090909091, 0.6629213483146067, 0.6483516483516484, 0.6344086021505376, 0.6210526315789474, 0.6082474226804123, 0.6122448979591837, 0.6161616161616161, 0.6363636363636364, 0.6565656565656566, 0.66, 0.68, 0.7, 0.72, 0.74, 0.76, 0.78, 0.8, 0.82, 0.84, 0.86, 0.88, 0.9, 0.92, 0.94, 0.96, 0.98, 1.0], 0.6302149194126517]}}