{"rank_algo": "pearson_correlation_score", "seed": 86, "subsampling_proportion": 0.01, "exec_time": 0.01400136947631836, "results": {"features": ["feature82", "feature81", "feature90", "feature5", "feature39", "feature59", "feature40", "feature15", "feature2", "feature42", "feature17", "feature37", "feature71", "feature22", "feature49", "feature50", "feature30", "feature12", "feature10", "feature8", "feature9", "feature41", "feature3", "feature36", "feature38", "feature29", "feature48", "feature28", "feature23", "feature52", "feature47", "feature66", "feature43", "feature26", "feature0", "feature24", "feature34", "feature21", "feature35", "feature16", "feature68", "feature51", "feature46", "feature44", "feature57", "feature67", "feature65", "feature53", "feature69", "feature45", "feature31", "feature4", "feature55", "feature54", "feature61", "feature27", "feature62", "feature1", "feature13", "feature64", "feature7", "feature11", "feature6", "feature56", "feature72", "feature25", "feature60", "feature63", "feature20", "feature33", "feature19", "feature18", "feature58", "feature70", "feature73", "feature92", "feature93", "feature94", "feature95", "feature96", "feature97"], "scores": [0.32400597648860513, 0.305100138590175, 0.13320405505126617, 0.11616145735176915, 0.1127126941649493, 0.10035006026232832, 0.09868900478443147, 0.09569214592478154, 0.09453676303167804, 0.08227782384217258, 0.07835443433099883, 0.07639550846190057, 0.06826859013591824, 0.06803269977107568, 0.06740759566727428, 0.06734618366433139, 0.06717892225957807, 0.06475868964971372, 0.06304377562597813, 0.06050877635920019, 0.05968451494229897, 0.057283936097825, 0.05561432418291665, 0.05504720752293878, 0.05440701176914461, 0.052854178329153366, 0.05214119701483924, 0.05082804492741739, 0.04998115138655835, 0.04886496755788151, 0.048819517548044374, 0.04819850125267365, 0.04777473097143263, 0.04534901348481117, 0.045305262415814264, 0.04452729603474989, 0.04151840155336256, 0.039149021706410034, 0.038957606843226335, 0.03832002578012076, 0.037077126775539405, 0.03690463293627598, 0.03546190597328478, 0.03458658546035383, 0.03299605303807719, 0.032764020780194386, 0.02862493685931689, 0.028508423919958097, 0.02849124227047423, 0.028124545296972815, 0.02792734270333418, 0.0267485337358538, 0.021486088549692892, 0.021330496850847078, 0.020956514669411012, 0.02044790448804003, 0.020199859841266515, 0.01905812671310395, 0.01847671004586438, 0.015926349954500787, 0.015337875417088951, 0.014727747230626512, 0.014261882261966704, 0.012852939685546735, 0.010398366986384692, 0.009749672216075825, 0.00822721904935678, 0.00721076299260802, 0.005453815172581654, 0.0045619570130444225, 0.0023710511908074374, 0.0019949101004926952, 0.0001785702396234439, NaN, NaN, NaN, NaN, NaN, NaN, NaN, NaN]}, "evaluations": {"eval_method": "jaccard_full_score", "singles": [[0.0, 0.0, 0.0, 0.0, 0.0, 0.0, 0.0, 0.06666666666666667, 0.058823529411764705, 0.05263157894736842, 0.047619047619047616, 0.043478260869565216, 0.08333333333333333, 0.07692307692307693, 0.15384615384615385, 0.14285714285714285, 0.1724137931034483, 0.2413793103448276, 0.26666666666666666, 0.25, 0.23529411764705882, 0.2571428571428571, 0.24324324324324326, 0.23076923076923078, 0.21951219512195122, 0.20930232558139536, 0.2, 0.21739130434782608, 0.2608695652173913, 0.2765957446808511, 0.2653061224489796, 0.2549019607843137, 0.24528301886792453, 0.25925925925925924, 0.2727272727272727, 0.2857142857142857, 0.27586206896551724, 0.3103448275862069, 0.3, 0.3333333333333333, 0.3225806451612903, 0.3548387096774194, 0.36507936507936506, 0.375, 0.36363636363636365, 0.373134328358209, 0.38235294117647056, 0.37142857142857144, 0.38028169014084506, 0.3888888888888889, 0.3972602739726027, 0.38666666666666666, 0.39473684210526316, 0.42105263157894735, 0.4473684210526316, 0.47368421052631576, 0.5, 0.5064935064935064, 0.5324675324675324, 0.5384615384615384, 0.5443037974683544, 0.569620253164557, 0.575, 0.6, 0.625, 0.6296296296296297, 0.654320987654321, 0.6790123456790124, 0.7037037037037037, 0.7283950617283951, 0.7530864197530864, 0.7777777777777778, 0.8024691358024691, 0.8271604938271605, 0.8518518518518519, 0.8765432098765432, 0.9012345679012346, 0.9259259259259259, 0.9506172839506173, 0.9753086419753086, 1.0], 0.3816983188571292], "first_gen": [[0.0, 0.0, 0.2, 0.3333333333333333, 0.25, 0.2, 0.16666666666666666, 0.14285714285714285, 0.2, 0.17647058823529413, 0.15789473684210525, 0.14285714285714285, 0.13043478260869565, 0.16666666666666666, 0.15384615384615385, 0.14285714285714285, 0.13333333333333333, 0.16129032258064516, 0.22580645161290322, 0.2903225806451613, 0.3548387096774194, 0.375, 0.4375, 0.45454545454545453, 0.47058823529411764, 0.4444444444444444, 0.42105263157894735, 0.4358974358974359, 0.45, 0.42857142857142855, 0.4418604651162791, 0.45454545454545453, 0.4666666666666667, 0.4782608695652174, 0.5217391304347826, 0.5319148936170213, 0.5416666666666666, 0.5510204081632653, 0.56, 0.5686274509803921, 0.5769230769230769, 0.6153846153846154, 0.6226415094339622, 0.660377358490566, 0.6666666666666666, 0.6727272727272727, 0.6491228070175439, 0.6551724137931034, 0.6610169491525424, 0.6666666666666666, 0.6451612903225806, 0.625, 0.6307692307692307, 0.6363636363636364, 0.6176470588235294, 0.6231884057971014, 0.6285714285714286, 0.6338028169014085, 0.6164383561643836, 0.6, 0.6266666666666667, 0.631578947368421, 0.6578947368421053, 0.6842105263157895, 0.7105263157894737, 0.7142857142857143, 0.717948717948718, 0.7215189873417721, 0.7468354430379747, 0.75, 0.775, 0.8, 0.8024691358024691, 0.8271604938271605, 0.8518518518518519, 0.8765432098765432, 0.9012345679012346, 0.9259259259259259, 0.9506172839506173, 0.9753086419753086, 1.0], 0.5201824514673056]}}