{"rank_algo": "pearson_correlation_score", "seed": 51, "subsampling_proportion": 0.01, "exec_time": 0.012998104095458984, "results": {"features": ["feature82", "feature81", "feature23", "feature90", "feature5", "feature39", "feature56", "feature22", "feature15", "feature59", "feature40", "feature42", "feature2", "feature48", "feature9", "feature0", "feature12", "feature37", "feature27", "feature8", "feature49", "feature10", "feature47", "feature71", "feature50", "feature34", "feature36", "feature30", "feature16", "feature46", "feature41", "feature62", "feature28", "feature21", "feature29", "feature3", "feature38", "feature24", "feature52", "feature35", "feature43", "feature44", "feature51", "feature66", "feature4", "feature53", "feature11", "feature26", "feature67", "feature20", "feature1", "feature69", "feature18", "feature7", "feature45", "feature13", "feature72", "feature6", "feature63", "feature54", "feature17", "feature65", "feature57", "feature61", "feature64", "feature55", "feature68", "feature73", "feature33", "feature19", "feature31", "feature58", "feature25", "feature60"], "scores": [0.3401205206720459, 0.3062884056289791, 0.24886562155194575, 0.13043975402583713, 0.1249564930897672, 0.10835204798788686, 0.09713925573025484, 0.09455178149123997, 0.09434909102324972, 0.09330262306385681, 0.08753752775830027, 0.08376547347108831, 0.08374063813630589, 0.08338661160801569, 0.07807275373374895, 0.07651878832416341, 0.07647730815572762, 0.07401328247916646, 0.06922082173996584, 0.06897561188772057, 0.06873497030201958, 0.06836356692672005, 0.06749547126372976, 0.06649823759670966, 0.06505419035174512, 0.06325395322502801, 0.0618912137936261, 0.0618609477598169, 0.05888437699064544, 0.05785673380947312, 0.05571562231004123, 0.05384611521880826, 0.0518252644202543, 0.05065103867634985, 0.04926672334476296, 0.04887368100837256, 0.0488252479694698, 0.04800667264807714, 0.046045496102304434, 0.044902251304213235, 0.044804881450082455, 0.041348691823592215, 0.03709532180470955, 0.03466646725929117, 0.03391910203739991, 0.028868356466716465, 0.028605177664709876, 0.024936820143046445, 0.023123407424193883, 0.02166119308491369, 0.021341773173525504, 0.02113494510905492, 0.018626194876630125, 0.018622290702533486, 0.017498093936710153, 0.01595879213197119, 0.013025448666675757, 0.012414357318193703, 0.012084360661418249, 0.010458814383613856, 0.00903927449437814, 0.008741015981447282, 0.008151300222358868, 0.006601917179337167, 0.006353831799745294, 0.005606662240958825, 0.005495329934375895, 0.00526559240907367, 0.00372168322805149, 0.0024408097159817235, 0.0018820725860671822, 0.0010328408777600833, 0.0009276801067613533, 0.0008735254407038447]}, "evaluations": {"eval_method": "jaccard_full_score", "singles": [[0.0, 0.0, 0.2, 0.14285714285714285, 0.1111111111111111, 0.09090909090909091, 0.07692307692307693, 0.06666666666666667, 0.125, 0.1111111111111111, 0.1, 0.09090909090909091, 0.13043478260869565, 0.12, 0.15384615384615385, 0.14285714285714285, 0.21428571428571427, 0.2413793103448276, 0.22580645161290322, 0.21212121212121213, 0.23529411764705882, 0.2571428571428571, 0.24324324324324326, 0.23076923076923078, 0.21951219512195122, 0.20930232558139536, 0.2, 0.21739130434782608, 0.2608695652173913, 0.30434782608695654, 0.3191489361702128, 0.3333333333333333, 0.3469387755102041, 0.36, 0.37254901960784315, 0.3584905660377358, 0.37037037037037035, 0.4074074074074074, 0.39285714285714285, 0.40350877192982454, 0.41379310344827586, 0.423728813559322, 0.4576271186440678, 0.4666666666666667, 0.45161290322580644, 0.4603174603174603, 0.49206349206349204, 0.5238095238095238, 0.5555555555555556, 0.5873015873015873, 0.59375, 0.6, 0.6060606060606061, 0.6119402985074627, 0.6176470588235294, 0.6470588235294118, 0.6764705882352942, 0.6811594202898551, 0.7101449275362319, 0.7391304347826086, 0.7183098591549296, 0.7464788732394366, 0.75, 0.7777777777777778, 0.7808219178082192, 0.8082191780821918, 0.8356164383561644, 0.8378378378378378, 0.8648648648648649, 0.8918918918918919, 0.918918918918919, 0.9459459459459459, 0.972972972972973, 1.0], 0.42827657405142244], "first_gen": [[0.0, 0.0, 0.5, 0.6, 0.42857142857142855, 0.3333333333333333, 0.2727272727272727, 0.3333333333333333, 0.2857142857142857, 0.25, 0.2222222222222222, 0.2, 0.23809523809523808, 0.21739130434782608, 0.25, 0.28, 0.25925925925925924, 0.2413793103448276, 0.26666666666666666, 0.3333333333333333, 0.4, 0.41935483870967744, 0.4375, 0.45454545454545453, 0.47058823529411764, 0.4444444444444444, 0.42105263157894735, 0.4358974358974359, 0.45, 0.4634146341463415, 0.47619047619047616, 0.4883720930232558, 0.5, 0.5111111111111111, 0.5217391304347826, 0.5652173913043478, 0.574468085106383, 0.5833333333333334, 0.5918367346938775, 0.6, 0.64, 0.68, 0.6862745098039216, 0.6923076923076923, 0.6981132075471698, 0.7037037037037037, 0.6785714285714286, 0.7142857142857143, 0.7192982456140351, 0.7241379310344828, 0.7288135593220338, 0.7333333333333333, 0.7377049180327869, 0.7704918032786885, 0.7741935483870968, 0.75, 0.7538461538461538, 0.7846153846153846, 0.7878787878787878, 0.8181818181818182, 0.8484848484848485, 0.8507462686567164, 0.8260869565217391, 0.8285714285714286, 0.8309859154929577, 0.8591549295774648, 0.8873239436619719, 0.9154929577464789, 0.8904109589041096, 0.9178082191780822, 0.9452054794520548, 0.9726027397260274, 0.972972972972973, 1.0], 0.5745574298144397]}}