{"rank_algo": "pearson_correlation_score", "seed": 31, "subsampling_proportion": 0.01, "exec_time": 0.014000177383422852, "results": {"features": ["feature82", "feature81", "feature90", "feature39", "feature5", "feature23", "feature2", "feature59", "feature0", "feature40", "feature22", "feature49", "feature9", "feature17", "feature15", "feature8", "feature71", "feature51", "feature10", "feature50", "feature36", "feature12", "feature42", "feature34", "feature37", "feature28", "feature46", "feature41", "feature3", "feature38", "feature16", "feature47", "feature35", "feature52", "feature62", "feature44", "feature43", "feature30", "feature21", "feature54", "feature29", "feature56", "feature26", "feature4", "feature48", "feature1", "feature24", "feature66", "feature45", "feature13", "feature27", "feature31", "feature20", "feature11", "feature67", "feature69", "feature65", "feature58", "feature53", "feature68", "feature64", "feature63", "feature60", "feature6", "feature18", "feature61", "feature25", "feature33", "feature57", "feature7", "feature73", "feature72", "feature19", "feature55", "feature70", "feature92", "feature93", "feature94", "feature95", "feature96", "feature97"], "scores": [0.32224680690425395, 0.28486000083009605, 0.14950603139561935, 0.11430370853834965, 0.11344909484033419, 0.10858740069168936, 0.10070353874979247, 0.09875693533255503, 0.09720507180562439, 0.08741717478542099, 0.08120675576263832, 0.07921393704545476, 0.07889234095029722, 0.07555514155232174, 0.07365335649700812, 0.07328437926366066, 0.07328118196128137, 0.07252034406412161, 0.07194891259867982, 0.07192336047605216, 0.07119075336614096, 0.06948022019665877, 0.06935026269986148, 0.06886467113098693, 0.06222287588538111, 0.0600198699026452, 0.05949960380293538, 0.057770006087558855, 0.05737868409566246, 0.05578046365439007, 0.05523587841069395, 0.0550005743453166, 0.052581186709081254, 0.05235885263604445, 0.05148896868933303, 0.047619842028475835, 0.04572094733930729, 0.04318385622461935, 0.042832528216608226, 0.042541088535488526, 0.04139122215077096, 0.040579164190146115, 0.03710827881411658, 0.035598092771314226, 0.03502093800326817, 0.034593288617391645, 0.032826812873638714, 0.030034085432914474, 0.028867347277081883, 0.028837895860306568, 0.02462582048775458, 0.022759728761655162, 0.02227822604116906, 0.02139911509875552, 0.02110371734273152, 0.019863775241364425, 0.01701031046491377, 0.016174007035706307, 0.015990927457352613, 0.01588566317553624, 0.015456069644627358, 0.014578497507105647, 0.010647598357322789, 0.008706565293998925, 0.0065879039646422385, 0.005959763930683893, 0.0058879000320901384, 0.004682610653824149, 0.004568617699697663, 0.004189609670222347, 0.00395481859750375, 0.0018940783881211394, 0.0009337805288713347, 0.00015890382688177175, NaN, NaN, NaN, NaN, NaN, NaN, NaN]}, "evaluations": {"eval_method": "jaccard_full_score", "singles": [[0.0, 0.0, 0.0, 0.0, 0.0, 0.09090909090909091, 0.07692307692307693, 0.06666666666666667, 0.058823529411764705, 0.05263157894736842, 0.047619047619047616, 0.09090909090909091, 0.13043478260869565, 0.12, 0.2, 0.18518518518518517, 0.21428571428571427, 0.2857142857142857, 0.3103448275862069, 0.2903225806451613, 0.2727272727272727, 0.29411764705882354, 0.2777777777777778, 0.2631578947368421, 0.25, 0.23809523809523808, 0.2558139534883721, 0.3023255813953488, 0.3181818181818182, 0.3333333333333333, 0.34782608695652173, 0.3333333333333333, 0.32, 0.3076923076923077, 0.34615384615384615, 0.3333333333333333, 0.32142857142857145, 0.3333333333333333, 0.3448275862068966, 0.3793103448275862, 0.36666666666666664, 0.3770491803278688, 0.3870967741935484, 0.3968253968253968, 0.38461538461538464, 0.4153846153846154, 0.4461538461538462, 0.43283582089552236, 0.4626865671641791, 0.47058823529411764, 0.4782608695652174, 0.4647887323943662, 0.49295774647887325, 0.5211267605633803, 0.5492957746478874, 0.5555555555555556, 0.5616438356164384, 0.5675675675675675, 0.5733333333333334, 0.5584415584415584, 0.5443037974683544, 0.569620253164557, 0.5949367088607594, 0.620253164556962, 0.6455696202531646, 0.6708860759493671, 0.675, 0.6790123456790124, 0.7037037037037037, 0.7283950617283951, 0.7530864197530864, 0.7777777777777778, 0.8024691358024691, 0.8271604938271605, 0.8518518518518519, 0.8765432098765432, 0.9012345679012346, 0.9259259259259259, 0.9506172839506173, 0.9753086419753086, 1.0], 0.4178758622395435], "first_gen": [[0.0, 0.0, 0.2, 0.3333333333333333, 0.25, 0.3333333333333333, 0.2727272727272727, 0.3333333333333333, 0.2857142857142857, 0.25, 0.29411764705882354, 0.3333333333333333, 0.3684210526315789, 0.3333333333333333, 0.30434782608695654, 0.3333333333333333, 0.3076923076923077, 0.3333333333333333, 0.4074074074074074, 0.42857142857142855, 0.4482758620689655, 0.4666666666666667, 0.4838709677419355, 0.5, 0.5151515151515151, 0.4857142857142857, 0.5, 0.5135135135135135, 0.5263157894736842, 0.5, 0.47619047619047616, 0.4883720930232558, 0.5, 0.4782608695652174, 0.48936170212765956, 0.5319148936170213, 0.574468085106383, 0.5833333333333334, 0.625, 0.6666666666666666, 0.673469387755102, 0.7142857142857143, 0.72, 0.7254901960784313, 0.7647058823529411, 0.803921568627451, 0.7735849056603774, 0.7777777777777778, 0.7818181818181819, 0.7543859649122807, 0.7586206896551724, 0.7333333333333333, 0.7377049180327869, 0.7142857142857143, 0.6923076923076923, 0.696969696969697, 0.6764705882352942, 0.6571428571428571, 0.6388888888888888, 0.6216216216216216, 0.6266666666666667, 0.631578947368421, 0.6363636363636364, 0.6623376623376623, 0.6883116883116883, 0.6923076923076923, 0.6962025316455697, 0.7, 0.7037037037037037, 0.7283950617283951, 0.7530864197530864, 0.7777777777777778, 0.8024691358024691, 0.8271604938271605, 0.8518518518518519, 0.8765432098765432, 0.9012345679012346, 0.9259259259259259, 0.9506172839506173, 0.9753086419753086, 1.0], 0.5797504720000086]}}