{"rank_algo": "pearson_correlation_score", "seed": 44, "subsampling_proportion": 0.01, "exec_time": 0.014998912811279297, "results": {"features": ["feature82", "feature81", "feature90", "feature5", "feature56", "feature59", "feature17", "feature39", "feature40", "feature2", "feature27", "feature48", "feature71", "feature42", "feature37", "feature22", "feature12", "feature50", "feature49", "feature15", "feature10", "feature23", "feature9", "feature30", "feature62", "feature36", "feature41", "feature8", "feature52", "feature29", "feature24", "feature34", "feature3", "feature51", "feature0", "feature43", "feature35", "feature46", "feature47", "feature21", "feature66", "feature4", "feature20", "feature1", "feature44", "feature11", "feature26", "feature38", "feature55", "feature54", "feature28", "feature67", "feature16", "feature68", "feature45", "feature57", "feature31", "feature53", "feature18", "feature25", "feature72", "feature13", "feature33", "feature61", "feature64", "feature69", "feature6", "feature63", "feature7", "feature65", "feature60", "feature19", "feature58", "feature70", "feature73", "feature92", "feature93", "feature94", "feature95", "feature96", "feature97"], "scores": [0.3520308130765433, 0.31335440098828365, 0.12613864538831884, 0.12058210954917278, 0.10905466017381199, 0.1066688327379341, 0.10659014965751759, 0.10548268097116154, 0.10460976433848893, 0.1028883734296599, 0.09234800166217644, 0.083601868528977, 0.08239161520548469, 0.08134179453182223, 0.08093597719729897, 0.07423325224345421, 0.07114233637030716, 0.06734690707441683, 0.06662293758650308, 0.06660406131040335, 0.06580188694507193, 0.06442647383663547, 0.06295349151765567, 0.06097406145052041, 0.060243093812556506, 0.058476524732988505, 0.057378017136270575, 0.05702294552022898, 0.056815706025177735, 0.05486104576574147, 0.0543518575735272, 0.04927506625125995, 0.048877525136038075, 0.048053774090563155, 0.04656980233713146, 0.04565109035299039, 0.042012523002482885, 0.04034871031912747, 0.039406171202550244, 0.03852454789241475, 0.038351337438024984, 0.0356265525150772, 0.033838748801223936, 0.02988805167740119, 0.028756602881172922, 0.02732593742579986, 0.02731669973153581, 0.025965727127773525, 0.025459826529983923, 0.02482235363637561, 0.023735696356007502, 0.023536086831356832, 0.022307669807444273, 0.02187204409805765, 0.02084232771271017, 0.020691830383291844, 0.02016512586939318, 0.01929283476199656, 0.01882222423710342, 0.018384118299265735, 0.01728055669114221, 0.015293875332418794, 0.012040976591398392, 0.012023753654920978, 0.011457607795603115, 0.011214291435742712, 0.009645920157226217, 0.009410862554231403, 0.006760073816732354, 0.005032424426992072, 0.003920482552565472, 0.0021320237741424965, 0.0011300684428404257, NaN, NaN, NaN, NaN, NaN, NaN, NaN, NaN]}, "evaluations": {"eval_method": "jaccard_full_score", "singles": [[0.0, 0.0, 0.0, 0.0, 0.0, 0.0, 0.0, 0.0, 0.0, 0.0, 0.0, 0.0, 0.04, 0.037037037037037035, 0.07142857142857142, 0.06666666666666667, 0.13333333333333333, 0.16129032258064516, 0.1875, 0.21212121212121213, 0.23529411764705882, 0.2571428571428571, 0.24324324324324326, 0.23076923076923078, 0.25, 0.23809523809523808, 0.2558139534883721, 0.2727272727272727, 0.28888888888888886, 0.30434782608695654, 0.2916666666666667, 0.30612244897959184, 0.32, 0.3333333333333333, 0.34615384615384615, 0.3333333333333333, 0.32142857142857145, 0.3333333333333333, 0.3220338983050847, 0.3559322033898305, 0.3442622950819672, 0.3548387096774194, 0.36507936507936506, 0.3968253968253968, 0.38461538461538464, 0.4153846153846154, 0.4461538461538462, 0.43283582089552236, 0.4411764705882353, 0.4492753623188406, 0.45714285714285713, 0.4647887323943662, 0.49295774647887325, 0.5, 0.5277777777777778, 0.5342465753424658, 0.5405405405405406, 0.5263157894736842, 0.5526315789473685, 0.5584415584415584, 0.5641025641025641, 0.569620253164557, 0.5949367088607594, 0.620253164556962, 0.625, 0.6296296296296297, 0.654320987654321, 0.6790123456790124, 0.7037037037037037, 0.7283950617283951, 0.7530864197530864, 0.7777777777777778, 0.8024691358024691, 0.8271604938271605, 0.8518518518518519, 0.8765432098765432, 0.9012345679012346, 0.9259259259259259, 0.9506172839506173, 0.9753086419753086, 1.0], 0.3930659694632767], "first_gen": [[0.0, 0.0, 0.2, 0.3333333333333333, 0.25, 0.2, 0.16666666666666666, 0.14285714285714285, 0.125, 0.17647058823529413, 0.15789473684210525, 0.14285714285714285, 0.13043478260869565, 0.12, 0.1111111111111111, 0.14285714285714285, 0.13333333333333333, 0.125, 0.15151515151515152, 0.21212121212121213, 0.2727272727272727, 0.3333333333333333, 0.3939393939393939, 0.4117647058823529, 0.42857142857142855, 0.40540540540540543, 0.38461538461538464, 0.4358974358974359, 0.45, 0.42857142857142855, 0.4418604651162791, 0.45454545454545453, 0.4666666666666667, 0.4782608695652174, 0.5217391304347826, 0.5652173913043478, 0.574468085106383, 0.6170212765957447, 0.625, 0.6326530612244898, 0.64, 0.6153846153846154, 0.6226415094339622, 0.660377358490566, 0.6981132075471698, 0.7037037037037037, 0.7090909090909091, 0.7454545454545455, 0.7818181818181819, 0.7857142857142857, 0.7894736842105263, 0.7627118644067796, 0.7666666666666667, 0.7419354838709677, 0.71875, 0.696969696969697, 0.6764705882352942, 0.6571428571428571, 0.6619718309859155, 0.6438356164383562, 0.6712328767123288, 0.6756756756756757, 0.68, 0.6623376623376623, 0.6666666666666666, 0.6923076923076923, 0.717948717948718, 0.7215189873417721, 0.7468354430379747, 0.7721518987341772, 0.775, 0.8, 0.8024691358024691, 0.8271604938271605, 0.8518518518518519, 0.8765432098765432, 0.9012345679012346, 0.9259259259259259, 0.9506172839506173, 0.9753086419753086, 1.0], 0.5326840483909987]}}