{"rank_algo": "pearson_correlation_score", "seed": 42, "subsampling_proportion": 0.01, "exec_time": 0.014001846313476562, "results": {"features": ["feature82", "feature81", "feature90", "feature5", "feature59", "feature2", "feature48", "feature71", "feature12", "feature50", "feature49", "feature8", "feature9", "feature62", "feature15", "feature27", "feature34", "feature36", "feature37", "feature39", "feature30", "feature52", "feature10", "feature24", "feature29", "feature35", "feature47", "feature40", "feature0", "feature44", "feature38", "feature41", "feature28", "feature56", "feature3", "feature16", "feature4", "feature21", "feature43", "feature51", "feature67", "feature45", "feature19", "feature11", "feature7", "feature61", "feature46", "feature26", "feature53", "feature66", "feature13", "feature69", "feature25", "feature57", "feature42", "feature63", "feature23", "feature54", "feature6", "feature72", "feature18", "feature58", "feature64", "feature17", "feature31", "feature65", "feature20", "feature1", "feature33", "feature60", "feature55", "feature22", "feature68", "feature70", "feature73", "feature92", "feature93", "feature94", "feature95", "feature96", "feature97"], "scores": [0.33313762088813353, 0.31296723798453085, 0.12162411670104595, 0.12117445532236004, 0.09380182054300652, 0.08667696383206583, 0.08026016430003265, 0.07949214906301534, 0.07843964069682323, 0.07432718903485323, 0.07103108125780573, 0.07077575494593735, 0.0699737072269878, 0.06877379034820112, 0.06763633722363674, 0.06566711166524863, 0.064444801874792, 0.06420665265215708, 0.06340000042759451, 0.06218398727691193, 0.06174275503162397, 0.05645054523948251, 0.05480538228680811, 0.05449286021972047, 0.05425212624067545, 0.04949933958029527, 0.04943358605680442, 0.04805769442073393, 0.04635884794977514, 0.04628780986125907, 0.04518066683523994, 0.043512406004950446, 0.04088535218172234, 0.03957582183101681, 0.039459772223607865, 0.037845115620276426, 0.037782638003262, 0.0376570553152162, 0.03411946944034572, 0.033050171407812634, 0.03160812875676795, 0.030872781859774323, 0.027851650737325637, 0.02746964591636238, 0.02745870332216063, 0.027272009334409784, 0.024029460948389675, 0.023742842970349506, 0.023566537550609907, 0.022559230290203035, 0.022125322073611328, 0.02198819785507775, 0.02176219210475447, 0.021406884587490595, 0.02057860825167735, 0.019950215187891862, 0.018922872030424562, 0.01659160507896046, 0.015900827912259604, 0.014668932838479101, 0.01419186068755853, 0.012993877891387404, 0.011739443514579383, 0.010911123803677451, 0.010656290043454029, 0.004656096042612413, 0.004150295690939823, 0.0038164068908291193, 0.003547712313948987, 0.002630199849502954, 0.0022840923909079776, 0.0019592677408946445, 0.0006131646824421862, NaN, NaN, NaN, NaN, NaN, NaN, NaN, NaN]}, "evaluations": {"eval_method": "jaccard_full_score", "singles": [[0.0, 0.0, 0.0, 0.0, 0.0, 0.0, 0.0, 0.0, 0.058823529411764705, 0.05263157894736842, 0.1, 0.09090909090909091, 0.08333333333333333, 0.07692307692307693, 0.15384615384615385, 0.14285714285714285, 0.13333333333333333, 0.16129032258064516, 0.15151515151515152, 0.17647058823529413, 0.16666666666666666, 0.15789473684210525, 0.1794871794871795, 0.17073170731707318, 0.16279069767441862, 0.15555555555555556, 0.14893617021276595, 0.19148936170212766, 0.1836734693877551, 0.2, 0.19230769230769232, 0.23076923076923078, 0.24528301886792453, 0.23636363636363636, 0.25, 0.2631578947368421, 0.2542372881355932, 0.288135593220339, 0.2786885245901639, 0.3114754098360656, 0.30158730158730157, 0.3333333333333333, 0.34375, 0.375, 0.38461538461538464, 0.4153846153846154, 0.4461538461538462, 0.45454545454545453, 0.4626865671641791, 0.4492753623188406, 0.4782608695652174, 0.4647887323943662, 0.4722222222222222, 0.4794520547945205, 0.5068493150684932, 0.5342465753424658, 0.5616438356164384, 0.5675675675675675, 0.5945945945945946, 0.6, 0.6266666666666667, 0.631578947368421, 0.6363636363636364, 0.6410256410256411, 0.625, 0.65, 0.675, 0.6790123456790124, 0.7037037037037037, 0.7283950617283951, 0.7530864197530864, 0.7777777777777778, 0.8024691358024691, 0.8271604938271605, 0.8518518518518519, 0.8765432098765432, 0.9012345679012346, 0.9259259259259259, 0.9506172839506173, 0.9753086419753086, 1.0], 0.3826782009876473], "first_gen": [[0.0, 0.0, 0.2, 0.3333333333333333, 0.25, 0.2, 0.16666666666666666, 0.23076923076923078, 0.2, 0.17647058823529413, 0.15789473684210525, 0.2, 0.23809523809523808, 0.21739130434782608, 0.2, 0.18518518518518517, 0.1724137931034483, 0.2, 0.22580645161290322, 0.21212121212121213, 0.23529411764705882, 0.2571428571428571, 0.3142857142857143, 0.2972972972972973, 0.28205128205128205, 0.2682926829268293, 0.2558139534883721, 0.3023255813953488, 0.3181818181818182, 0.36363636363636365, 0.37777777777777777, 0.391304347826087, 0.375, 0.3877551020408163, 0.42857142857142855, 0.44, 0.45098039215686275, 0.49019607843137253, 0.5294117647058824, 0.5686274509803921, 0.5769230769230769, 0.5849056603773585, 0.5925925925925926, 0.6, 0.6363636363636364, 0.6428571428571429, 0.6491228070175439, 0.6842105263157895, 0.6896551724137931, 0.6666666666666666, 0.6451612903225806, 0.6507936507936508, 0.6307692307692307, 0.6119402985074627, 0.6176470588235294, 0.6, 0.6056338028169014, 0.6111111111111112, 0.6164383561643836, 0.6216216216216216, 0.6486486486486487, 0.6533333333333333, 0.6363636363636364, 0.6410256410256411, 0.6455696202531646, 0.6708860759493671, 0.6962025316455697, 0.7215189873417721, 0.725, 0.7283950617283951, 0.7530864197530864, 0.7777777777777778, 0.8024691358024691, 0.8271604938271605, 0.8518518518518519, 0.8765432098765432, 0.9012345679012346, 0.9259259259259259, 0.9506172839506173, 0.9753086419753086, 1.0], 0.49429282872806973]}}