{"rank_algo": "pearson_correlation_score", "seed": 2, "subsampling_proportion": 0.01, "exec_time": 0.013994693756103516, "results": {"features": ["feature82", "feature81", "feature5", "feature90", "feature39", "feature15", "feature59", "feature2", "feature37", "feature50", "feature49", "feature40", "feature36", "feature27", "feature12", "feature48", "feature9", "feature42", "feature56", "feature62", "feature8", "feature71", "feature10", "feature16", "feature26", "feature38", "feature51", "feature41", "feature47", "feature30", "feature29", "feature3", "feature34", "feature17", "feature52", "feature24", "feature21", "feature44", "feature11", "feature1", "feature0", "feature7", "feature28", "feature61", "feature35", "feature22", "feature53", "feature45", "feature43", "feature13", "feature46", "feature54", "feature31", "feature67", "feature19", "feature57", "feature4", "feature68", "feature25", "feature20", "feature64", "feature23", "feature69", "feature66", "feature6", "feature60", "feature55", "feature18", "feature72", "feature58", "feature63", "feature65", "feature73", "feature33", "feature70", "feature92", "feature93", "feature94", "feature95", "feature96", "feature97"], "scores": [0.3080749274569827, 0.2624094337660079, 0.13518615702751774, 0.13084423557019637, 0.10620646271570906, 0.09613319706761453, 0.09419520049193024, 0.08774674799427347, 0.08342336560103229, 0.07628549955393538, 0.07609717543321928, 0.07582142236663736, 0.07503340475946427, 0.07344348847105223, 0.07098077988909268, 0.06847808022801777, 0.06818529387244102, 0.06581201533593252, 0.06527502168028544, 0.06526659395989222, 0.064450992377853, 0.060697829479743746, 0.059918646981243516, 0.059384555702731344, 0.05844701676880303, 0.05702374980434313, 0.05530774140932699, 0.05239558778970887, 0.05104625701602205, 0.050689710281032134, 0.05029790114472296, 0.05006453890763665, 0.048901891852041, 0.04712236103263237, 0.04542366251111747, 0.043945453690833906, 0.04356446577273811, 0.041776895917205376, 0.041020838869320925, 0.038658929123509156, 0.03862372933478263, 0.03596671229932053, 0.033697417138659896, 0.033601038564644234, 0.03269273427754082, 0.03200384040456109, 0.029021439104357206, 0.027872946466329505, 0.02606446668515952, 0.0257526053498685, 0.025011925720562496, 0.022790993639068422, 0.02135903485426357, 0.02076243427748967, 0.020453482497672062, 0.020404080800691556, 0.020045092593970804, 0.01705411667373451, 0.01688772982404981, 0.015111526875932776, 0.013553494202300996, 0.012669643837409332, 0.012590589492672659, 0.012498781258592096, 0.011484223802081974, 0.008331328826882, 0.007133850605970543, 0.0067727898217765205, 0.004855277826520741, 0.0046900210288078675, 0.0019777575343767314, 0.0015176057070978234, 0.0010032832582024922, 0.0009826060045585794, NaN, NaN, NaN, NaN, NaN, NaN, NaN]}, "evaluations": {"eval_method": "jaccard_full_score", "singles": [[0.0, 0.0, 0.0, 0.0, 0.0, 0.0, 0.07692307692307693, 0.06666666666666667, 0.058823529411764705, 0.05263157894736842, 0.1, 0.09090909090909091, 0.13043478260869565, 0.12, 0.2, 0.18518518518518517, 0.1724137931034483, 0.2, 0.1875, 0.21212121212121213, 0.2, 0.1891891891891892, 0.21052631578947367, 0.23076923076923078, 0.25, 0.23809523809523808, 0.2558139534883721, 0.3023255813953488, 0.3181818181818182, 0.3333333333333333, 0.3191489361702128, 0.30612244897959184, 0.32, 0.3076923076923077, 0.32075471698113206, 0.3333333333333333, 0.34545454545454546, 0.3333333333333333, 0.3448275862068966, 0.3793103448275862, 0.36666666666666664, 0.4, 0.4098360655737705, 0.4426229508196721, 0.42857142857142855, 0.4603174603174603, 0.46875, 0.47692307692307695, 0.48484848484848486, 0.4925373134328358, 0.5, 0.5072463768115942, 0.5142857142857142, 0.5428571428571428, 0.5714285714285714, 0.5774647887323944, 0.5833333333333334, 0.5675675675675675, 0.5733333333333334, 0.6, 0.5844155844155844, 0.5897435897435898, 0.5949367088607594, 0.6, 0.625, 0.65, 0.654320987654321, 0.6790123456790124, 0.7037037037037037, 0.7283950617283951, 0.7530864197530864, 0.7777777777777778, 0.8024691358024691, 0.8271604938271605, 0.8518518518518519, 0.8765432098765432, 0.9012345679012346, 0.9259259259259259, 0.9506172839506173, 0.9753086419753086, 1.0], 0.41514893368784794], "first_gen": [[0.0, 0.0, 0.2, 0.3333333333333333, 0.25, 0.2, 0.16666666666666666, 0.23076923076923078, 0.2, 0.17647058823529413, 0.15789473684210525, 0.14285714285714285, 0.13043478260869565, 0.12, 0.1111111111111111, 0.10344827586206896, 0.13333333333333333, 0.16129032258064516, 0.1875, 0.21212121212121213, 0.2727272727272727, 0.29411764705882354, 0.35294117647058826, 0.3333333333333333, 0.35135135135135137, 0.3684210526315789, 0.38461538461538464, 0.4, 0.4146341463414634, 0.42857142857142855, 0.4418604651162791, 0.4883720930232558, 0.4666666666666667, 0.4782608695652174, 0.48936170212765956, 0.5, 0.5416666666666666, 0.5833333333333334, 0.5918367346938775, 0.6326530612244898, 0.673469387755102, 0.6470588235294118, 0.6862745098039216, 0.6923076923076923, 0.6981132075471698, 0.7358490566037735, 0.7090909090909091, 0.7142857142857143, 0.75, 0.7241379310344828, 0.7288135593220338, 0.7333333333333333, 0.7096774193548387, 0.6875, 0.6923076923076923, 0.6716417910447762, 0.6521739130434783, 0.6338028169014085, 0.6164383561643836, 0.6216216216216216, 0.6266666666666667, 0.631578947368421, 0.6578947368421053, 0.6623376623376623, 0.6883116883116883, 0.6923076923076923, 0.717948717948718, 0.7435897435897436, 0.7692307692307693, 0.7721518987341772, 0.775, 0.8, 0.825, 0.8271604938271605, 0.8518518518518519, 0.8765432098765432, 0.9012345679012346, 0.9259259259259259, 0.9506172839506173, 0.9753086419753086, 1.0], 0.5247564169442192]}}