{"rank_algo": "pearson_correlation_score", "seed": 22, "subsampling_proportion": 0.01, "exec_time": 0.01199960708618164, "results": {"features": ["feature82", "feature81", "feature90", "feature5", "feature59", "feature56", "feature39", "feature27", "feature48", "feature40", "feature22", "feature2", "feature71", "feature28", "feature49", "feature42", "feature50", "feature37", "feature12", "feature62", "feature43", "feature51", "feature36", "feature47", "feature30", "feature16", "feature29", "feature9", "feature44", "feature15", "feature24", "feature38", "feature0", "feature41", "feature52", "feature10", "feature34", "feature8", "feature21", "feature4", "feature26", "feature31", "feature23", "feature53", "feature11", "feature3", "feature7", "feature35", "feature54", "feature45", "feature66", "feature46", "feature20", "feature18", "feature65", "feature58", "feature72", "feature68", "feature64", "feature57", "feature1", "feature19", "feature55", "feature13", "feature67", "feature61", "feature6", "feature33", "feature25", "feature17", "feature73", "feature69", "feature60", "feature63"], "scores": [0.31653005601309286, 0.26975101215963576, 0.13184341998398516, 0.11808904925473798, 0.10866773472825043, 0.10467742470243303, 0.10045330058126617, 0.08904461337050888, 0.08878229703499868, 0.08814462656950432, 0.08000409725689694, 0.07958571751836492, 0.0786005784736259, 0.07355265536089857, 0.07249263205724649, 0.07096573444674138, 0.07022588807075737, 0.06180368144706694, 0.058613745964703305, 0.057852946634048184, 0.05708664373306321, 0.05309010750227395, 0.0518138231346614, 0.05044089544804279, 0.050321777716809804, 0.04910600073522857, 0.04907105228023483, 0.04897529938444972, 0.04741729837319068, 0.047131064807103606, 0.044505318296767925, 0.0436456954360351, 0.04349277636475953, 0.043353288999879336, 0.04289345954375889, 0.042111174480486104, 0.041663304638136715, 0.04056815134582941, 0.03849998818534587, 0.038334363710085424, 0.03758747458358618, 0.0364517211352019, 0.035137741278678296, 0.03380974875579048, 0.033202600195438844, 0.030985019513429937, 0.02938131701327779, 0.02876673711820856, 0.028455565739793423, 0.028441314157282224, 0.028317179516266718, 0.02623834754220182, 0.02589670722398058, 0.024842715229002416, 0.024394089657070343, 0.023353517265865285, 0.02311018328746399, 0.019596358523234644, 0.01954287690846775, 0.019281154083415106, 0.018035506511054712, 0.015035990834534612, 0.014569360253655775, 0.014053591506306038, 0.013894190549915652, 0.01358561837910773, 0.0093423216645761, 0.00816118554616477, 0.007393104332292283, 0.004977645687197219, 0.003931792867899798, 0.003496961808383895, 0.0027921454449554963, 0.0018681351805798895]}, "evaluations": {"eval_method": "jaccard_full_score", "singles": [[0.0, 0.0, 0.0, 0.0, 0.0, 0.0, 0.0, 0.0, 0.0, 0.0, 0.0, 0.0, 0.04, 0.037037037037037035, 0.1111111111111111, 0.10344827586206896, 0.13333333333333333, 0.16129032258064516, 0.1875, 0.21212121212121213, 0.2, 0.2222222222222222, 0.21052631578947367, 0.2, 0.19047619047619047, 0.20930232558139536, 0.2, 0.21739130434782608, 0.23404255319148937, 0.2765957446808511, 0.2653061224489796, 0.28, 0.29411764705882354, 0.3076923076923077, 0.32075471698113206, 0.3333333333333333, 0.34545454545454546, 0.35714285714285715, 0.3684210526315789, 0.3793103448275862, 0.3898305084745763, 0.4, 0.43333333333333335, 0.4426229508196721, 0.45161290322580644, 0.4838709677419355, 0.5161290322580645, 0.5238095238095238, 0.5555555555555556, 0.5873015873015873, 0.5692307692307692, 0.6, 0.6060606060606061, 0.6119402985074627, 0.6176470588235294, 0.6470588235294118, 0.6764705882352942, 0.6811594202898551, 0.6857142857142857, 0.7142857142857143, 0.7183098591549296, 0.7464788732394366, 0.7746478873239436, 0.8028169014084507, 0.8309859154929577, 0.8591549295774648, 0.8873239436619719, 0.8888888888888888, 0.8904109589041096, 0.8918918918918919, 0.918918918918919, 0.9459459459459459, 0.972972972972973, 1.0], 0.4002782560340393], "first_gen": [[0.0, 0.0, 0.2, 0.3333333333333333, 0.25, 0.2, 0.16666666666666666, 0.14285714285714285, 0.125, 0.1111111111111111, 0.15789473684210525, 0.2, 0.18181818181818182, 0.16666666666666666, 0.15384615384615385, 0.14285714285714285, 0.13333333333333333, 0.16129032258064516, 0.15151515151515152, 0.17647058823529413, 0.23529411764705882, 0.2571428571428571, 0.2777777777777778, 0.2631578947368421, 0.28205128205128205, 0.2682926829268293, 0.2857142857142857, 0.3333333333333333, 0.38095238095238093, 0.42857142857142855, 0.4418604651162791, 0.45454545454545453, 0.4666666666666667, 0.44680851063829785, 0.4583333333333333, 0.5, 0.5102040816326531, 0.5510204081632653, 0.5918367346938775, 0.6, 0.64, 0.6470588235294118, 0.6538461538461539, 0.660377358490566, 0.6666666666666666, 0.6727272727272727, 0.6785714285714286, 0.7142857142857143, 0.75, 0.7241379310344828, 0.7, 0.7049180327868853, 0.7096774193548387, 0.7142857142857143, 0.71875, 0.696969696969697, 0.7272727272727273, 0.7575757575757576, 0.7611940298507462, 0.7391304347826086, 0.7681159420289855, 0.7971014492753623, 0.8, 0.8028169014084507, 0.8309859154929577, 0.8591549295774648, 0.8611111111111112, 0.863013698630137, 0.8904109589041096, 0.9178082191780822, 0.9452054794520548, 0.9726027397260274, 0.972972972972973, 1.0], 0.5069447905081538]}}