{"rank_algo": "pearson_correlation_score", "seed": 50, "subsampling_proportion": 0.01, "exec_time": 0.016000986099243164, "results": {"features": ["feature82", "feature81", "feature5", "feature90", "feature48", "feature27", "feature40", "feature39", "feature59", "feature17", "feature2", "feature15", "feature71", "feature12", "feature42", "feature49", "feature23", "feature28", "feature50", "feature62", "feature22", "feature47", "feature41", "feature52", "feature36", "feature51", "feature10", "feature37", "feature30", "feature56", "feature18", "feature35", "feature9", "feature16", "feature24", "feature44", "feature26", "feature8", "feature29", "feature34", "feature38", "feature3", "feature43", "feature13", "feature46", "feature21", "feature54", "feature4", "feature68", "feature11", "feature45", "feature20", "feature61", "feature7", "feature31", "feature66", "feature55", "feature64", "feature67", "feature65", "feature53", "feature69", "feature19", "feature0", "feature25", "feature57", "feature1", "feature60", "feature72", "feature73", "feature6", "feature63", "feature58", "feature33"], "scores": [0.3333411211947691, 0.3002527887396877, 0.12339503545814483, 0.12063851428234804, 0.11256618055350005, 0.10616784746339626, 0.10005926145437714, 0.0956043308594842, 0.09535214686372084, 0.08958940299262434, 0.08432122838389548, 0.07914470856728392, 0.07563825475403443, 0.07529738376784424, 0.07208981523587983, 0.06577446750223545, 0.0596938688904649, 0.05967074053916154, 0.056820130271632345, 0.054359151833584966, 0.04957001385214073, 0.047848106575292024, 0.0477925101302711, 0.04702741304797172, 0.04694019859112236, 0.045377475581857306, 0.045369243622501755, 0.044019779169200995, 0.043224109679574435, 0.0425767952480002, 0.04214420330374034, 0.04132194626740163, 0.04031889665261651, 0.0398876219538186, 0.03951952614708666, 0.03921210986752574, 0.038640670229872824, 0.03792168682754553, 0.03666127583288464, 0.034960256290584475, 0.03380017940100277, 0.03251449781229024, 0.031009866752948957, 0.028963621387061354, 0.028233466109577512, 0.026261243689241293, 0.026232852778576253, 0.025558478093434294, 0.024446012363662725, 0.024133474884698525, 0.0236900613190737, 0.02343246613489151, 0.022198730873285173, 0.020645233367139783, 0.020334362663161954, 0.019095387307542643, 0.016573328423190273, 0.01590097690405642, 0.014490491768098983, 0.01354865430256056, 0.013344554335115283, 0.013229296067196606, 0.011901296747579213, 0.011878336417615291, 0.01094056446729768, 0.010921076909219344, 0.010131892812985478, 0.008717015403254482, 0.005412562890913968, 0.004225996433810374, 0.0030575321695559187, 0.002594947907581165, 0.0003115551307985087, 0.00021440795071413064]}, "evaluations": {"eval_method": "jaccard_full_score", "singles": [[0.0, 0.0, 0.0, 0.0, 0.0, 0.0, 0.0, 0.0, 0.0, 0.0, 0.0, 0.043478260869565216, 0.08333333333333333, 0.12, 0.15384615384615385, 0.18518518518518517, 0.21428571428571427, 0.2413793103448276, 0.22580645161290322, 0.25, 0.2727272727272727, 0.2571428571428571, 0.2777777777777778, 0.2631578947368421, 0.25, 0.2682926829268293, 0.2857142857142857, 0.2727272727272727, 0.28888888888888886, 0.30434782608695654, 0.3191489361702128, 0.30612244897959184, 0.3469387755102041, 0.36, 0.4, 0.38461538461538464, 0.4230769230769231, 0.4339622641509434, 0.41818181818181815, 0.42857142857142855, 0.41379310344827586, 0.4482758620689655, 0.4576271186440678, 0.4915254237288136, 0.5, 0.5333333333333333, 0.5666666666666667, 0.5483870967741935, 0.5555555555555556, 0.5873015873015873, 0.59375, 0.625, 0.6307692307692307, 0.6363636363636364, 0.6176470588235294, 0.6231884057971014, 0.6285714285714286, 0.6338028169014085, 0.6619718309859155, 0.6901408450704225, 0.6944444444444444, 0.6986301369863014, 0.726027397260274, 0.7534246575342466, 0.7567567567567568, 0.7837837837837838, 0.8108108108108109, 0.8378378378378378, 0.8648648648648649, 0.8918918918918919, 0.918918918918919, 0.9459459459459459, 0.972972972972973, 1.0], 0.42025603518186794], "first_gen": [[0.0, 0.0, 0.2, 0.3333333333333333, 0.25, 0.2, 0.16666666666666666, 0.14285714285714285, 0.125, 0.1111111111111111, 0.15789473684210525, 0.14285714285714285, 0.13043478260869565, 0.12, 0.1111111111111111, 0.10344827586206896, 0.13333333333333333, 0.16129032258064516, 0.1875, 0.21212121212121213, 0.2727272727272727, 0.29411764705882354, 0.3142857142857143, 0.3333333333333333, 0.35135135135135137, 0.3333333333333333, 0.38461538461538464, 0.4, 0.38095238095238093, 0.42857142857142855, 0.47619047619047616, 0.4883720930232558, 0.5, 0.4782608695652174, 0.48936170212765956, 0.5319148936170213, 0.574468085106383, 0.6170212765957447, 0.5918367346938775, 0.6, 0.64, 0.68, 0.6862745098039216, 0.6923076923076923, 0.7307692307692307, 0.7692307692307693, 0.7735849056603774, 0.7777777777777778, 0.7818181818181819, 0.7543859649122807, 0.7288135593220338, 0.7333333333333333, 0.7096774193548387, 0.7142857142857143, 0.6923076923076923, 0.7230769230769231, 0.7272727272727273, 0.7313432835820896, 0.7611940298507462, 0.7910447761194029, 0.7941176470588235, 0.8235294117647058, 0.8260869565217391, 0.855072463768116, 0.8840579710144928, 0.8857142857142857, 0.8873239436619719, 0.8888888888888888, 0.8904109589041096, 0.9178082191780822, 0.9452054794520548, 0.9726027397260274, 1.0, 1.0], 0.5273834329434557]}}