{"rank_algo": "pearson_correlation_score", "seed": 8, "subsampling_proportion": 0.01, "exec_time": 0.014998674392700195, "results": {"features": ["feature82", "feature81", "feature90", "feature5", "feature39", "feature15", "feature42", "feature59", "feature40", "feature48", "feature27", "feature22", "feature2", "feature49", "feature71", "feature37", "feature50", "feature30", "feature38", "feature34", "feature41", "feature47", "feature12", "feature29", "feature36", "feature10", "feature62", "feature9", "feature8", "feature52", "feature51", "feature69", "feature26", "feature56", "feature68", "feature35", "feature16", "feature28", "feature0", "feature46", "feature44", "feature3", "feature4", "feature55", "feature67", "feature43", "feature21", "feature18", "feature66", "feature24", "feature13", "feature11", "feature45", "feature31", "feature19", "feature54", "feature72", "feature53", "feature20", "feature64", "feature57", "feature33", "feature1", "feature17", "feature63", "feature25", "feature23", "feature60", "feature65", "feature7", "feature6", "feature61", "feature58", "feature70", "feature73", "feature92", "feature93", "feature94", "feature95", "feature96", "feature97"], "scores": [0.32733528914986476, 0.2778401535372112, 0.1327950556546242, 0.11781782430921578, 0.11420705492594184, 0.10481982672981892, 0.09992699404853647, 0.09898821543564233, 0.0978545511351293, 0.09272646459766887, 0.09057897149660747, 0.0856038508950431, 0.08209328780571797, 0.07581514040193428, 0.07423287392632362, 0.07217514282086, 0.06690026946205391, 0.06646843965901841, 0.06472149120935351, 0.06471603618792571, 0.06313596214281747, 0.05861173880279281, 0.056705456320430295, 0.05668611822947379, 0.056077209240567694, 0.055554072641617186, 0.053374527252324305, 0.05313597556033692, 0.05280858694666904, 0.05173550635208891, 0.04968516705194993, 0.04624224616509182, 0.04609153011714848, 0.04095095935543106, 0.04075974766330992, 0.040372561979850605, 0.04000062131389605, 0.039432224879633715, 0.037508033986882745, 0.03743951967680937, 0.03678976177904264, 0.03471842750180715, 0.03426213941173909, 0.032767532845499686, 0.026631123384608487, 0.02586724710192831, 0.025666165455124745, 0.02533152935696951, 0.0250523557763068, 0.02500849574078445, 0.02490441456921555, 0.020064344458754876, 0.01997262955650599, 0.018246691684995882, 0.01580947855353751, 0.014511936707336063, 0.014332724950170917, 0.014164243744395707, 0.013217307644080254, 0.012304223460674883, 0.012156367919425797, 0.012056384861838207, 0.011457277912804086, 0.009353208522954569, 0.008656347561424693, 0.008460654037261837, 0.008220106975865097, 0.006390562763844217, 0.0051935061740764205, 0.004507213511630624, 0.0040170441560088985, 0.0030610862740558667, 0.002170207430135268, NaN, NaN, NaN, NaN, NaN, NaN, NaN, NaN]}, "evaluations": {"eval_method": "jaccard_full_score", "singles": [[0.0, 0.0, 0.0, 0.0, 0.0, 0.0, 0.07692307692307693, 0.06666666666666667, 0.058823529411764705, 0.05263157894736842, 0.047619047619047616, 0.043478260869565216, 0.08333333333333333, 0.12, 0.15384615384615385, 0.14285714285714285, 0.1724137931034483, 0.2, 0.1875, 0.17647058823529413, 0.2, 0.1891891891891892, 0.21052631578947367, 0.2, 0.19047619047619047, 0.20930232558139536, 0.22727272727272727, 0.24444444444444444, 0.2608695652173913, 0.2765957446808511, 0.2916666666666667, 0.28, 0.32, 0.3076923076923077, 0.32075471698113206, 0.3090909090909091, 0.32142857142857145, 0.3333333333333333, 0.3220338983050847, 0.3559322033898305, 0.3442622950819672, 0.3548387096774194, 0.34375, 0.35384615384615387, 0.34328358208955223, 0.35294117647058826, 0.38235294117647056, 0.391304347826087, 0.4, 0.4084507042253521, 0.43661971830985913, 0.4444444444444444, 0.4722222222222222, 0.4794520547945205, 0.5068493150684932, 0.5342465753424658, 0.5405405405405406, 0.5263157894736842, 0.5526315789473685, 0.5384615384615384, 0.5641025641025641, 0.569620253164557, 0.5949367088607594, 0.6, 0.625, 0.6296296296296297, 0.654320987654321, 0.6790123456790124, 0.7037037037037037, 0.7283950617283951, 0.7530864197530864, 0.7777777777777778, 0.8024691358024691, 0.8271604938271605, 0.8518518518518519, 0.8765432098765432, 0.9012345679012346, 0.9259259259259259, 0.9506172839506173, 0.9753086419753086, 1.0], 0.38938353165645007], "first_gen": [[0.0, 0.0, 0.2, 0.3333333333333333, 0.25, 0.2, 0.16666666666666666, 0.14285714285714285, 0.125, 0.1111111111111111, 0.1, 0.14285714285714285, 0.18181818181818182, 0.16666666666666666, 0.15384615384615385, 0.14285714285714285, 0.13333333333333333, 0.16129032258064516, 0.1875, 0.21212121212121213, 0.23529411764705882, 0.2571428571428571, 0.2777777777777778, 0.2631578947368421, 0.28205128205128205, 0.3, 0.2857142857142857, 0.3333333333333333, 0.3488372093023256, 0.36363636363636365, 0.4090909090909091, 0.4222222222222222, 0.43478260869565216, 0.44680851063829785, 0.4583333333333333, 0.46938775510204084, 0.48, 0.49019607843137253, 0.5294117647058824, 0.5686274509803921, 0.6078431372549019, 0.6470588235294118, 0.6226415094339622, 0.6296296296296297, 0.6363636363636364, 0.6727272727272727, 0.7090909090909091, 0.7454545454545455, 0.75, 0.7543859649122807, 0.7288135593220338, 0.7049180327868853, 0.6825396825396826, 0.6615384615384615, 0.6666666666666666, 0.6716417910447762, 0.6521739130434783, 0.6338028169014085, 0.6388888888888888, 0.6438356164383562, 0.6486486486486487, 0.6533333333333333, 0.68, 0.6842105263157895, 0.6883116883116883, 0.6923076923076923, 0.717948717948718, 0.7215189873417721, 0.7468354430379747, 0.7721518987341772, 0.775, 0.8, 0.8024691358024691, 0.8271604938271605, 0.8518518518518519, 0.8765432098765432, 0.9012345679012346, 0.9259259259259259, 0.9506172839506173, 0.9753086419753086, 1.0], 0.5052307133656131]}}