{"rank_algo": "pearson_correlation_score", "seed": 39, "subsampling_proportion": 0.01, "exec_time": 0.014997482299804688, "results": {"features": ["feature82", "feature81", "feature90", "feature5", "feature56", "feature15", "feature23", "feature39", "feature59", "feature40", "feature48", "feature27", "feature37", "feature17", "feature2", "feature12", "feature49", "feature36", "feature50", "feature38", "feature0", "feature42", "feature30", "feature22", "feature71", "feature62", "feature47", "feature28", "feature52", "feature9", "feature41", "feature51", "feature24", "feature10", "feature29", "feature8", "feature46", "feature11", "feature68", "feature4", "feature34", "feature54", "feature3", "feature26", "feature16", "feature66", "feature13", "feature43", "feature67", "feature61", "feature35", "feature44", "feature45", "feature65", "feature72", "feature69", "feature53", "feature57", "feature64", "feature20", "feature73", "feature21", "feature18", "feature60", "feature1", "feature6", "feature31", "feature63", "feature55", "feature7", "feature25", "feature58", "feature33", "feature19"], "scores": [0.33896525307410796, 0.28453247883908256, 0.144455723632398, 0.12327887838237445, 0.103824714996362, 0.09583679169466633, 0.09425889278182757, 0.09003272451014054, 0.09002575415413502, 0.08907641587478797, 0.08358876400741458, 0.08278297969933499, 0.08200016437784355, 0.0803014681731305, 0.07962863818727818, 0.07759405049113365, 0.07670575199623017, 0.07637699514229432, 0.07374265204029896, 0.07364958009262154, 0.07361588763597851, 0.07202085970795788, 0.07186414475703314, 0.0709941031757677, 0.060380883311902216, 0.05820894625022769, 0.05752841643321461, 0.05659450843109403, 0.05257827363564236, 0.05241810501112578, 0.05187222500698018, 0.05175497568345362, 0.05122774875634888, 0.05116134621562706, 0.04970006470630825, 0.04915448627538402, 0.047232582352227596, 0.04121070208081303, 0.040038357732681835, 0.03895749672165255, 0.03788511804064514, 0.03657352269039592, 0.03595893115950738, 0.034631447274978334, 0.03368028914548253, 0.03274290297992207, 0.031519427999866186, 0.03143716678099648, 0.029820368240758198, 0.029141896461036265, 0.025926653313610205, 0.025764264056689138, 0.02457271468177835, 0.02282208515514155, 0.02091305622249981, 0.02087221487027496, 0.020669442717409187, 0.020214714426238175, 0.018643236475784756, 0.01611289249751657, 0.015833597858986016, 0.015147935333577904, 0.012155182691110428, 0.011181967941042021, 0.010653922814148778, 0.010626894821318277, 0.010571535636675785, 0.008983166457182007, 0.00787537481930449, 0.007042788886568882, 0.003196776413851919, 0.002765336663121504, 0.0022219118734059847, 0.0009726624439904776]}, "evaluations": {"eval_method": "jaccard_full_score", "singles": [[0.0, 0.0, 0.0, 0.0, 0.0, 0.0, 0.16666666666666666, 0.14285714285714285, 0.125, 0.1111111111111111, 0.1, 0.09090909090909091, 0.13043478260869565, 0.12, 0.15384615384615385, 0.18518518518518517, 0.21428571428571427, 0.2413793103448276, 0.22580645161290322, 0.21212121212121213, 0.2, 0.1891891891891892, 0.1794871794871795, 0.2, 0.19047619047619047, 0.20930232558139536, 0.2, 0.19148936170212766, 0.20833333333333334, 0.25, 0.2653061224489796, 0.28, 0.32, 0.3333333333333333, 0.34615384615384615, 0.3333333333333333, 0.37037037037037035, 0.4074074074074074, 0.39285714285714285, 0.40350877192982454, 0.3898305084745763, 0.423728813559322, 0.4576271186440678, 0.4915254237288136, 0.5, 0.5081967213114754, 0.5409836065573771, 0.5483870967741935, 0.5806451612903226, 0.5873015873015873, 0.5692307692307692, 0.6, 0.6060606060606061, 0.5882352941176471, 0.6176470588235294, 0.6231884057971014, 0.6285714285714286, 0.6571428571428571, 0.6619718309859155, 0.6901408450704225, 0.6944444444444444, 0.7222222222222222, 0.726027397260274, 0.7534246575342466, 0.7808219178082192, 0.8082191780821918, 0.8356164383561644, 0.8378378378378378, 0.8648648648648649, 0.8918918918918919, 0.918918918918919, 0.9459459459459459, 0.972972972972973, 1.0], 0.41388732261280226], "first_gen": [[0.0, 0.0, 0.2, 0.3333333333333333, 0.25, 0.2, 0.2727272727272727, 0.23076923076923078, 0.2, 0.17647058823529413, 0.15789473684210525, 0.14285714285714285, 0.13043478260869565, 0.12, 0.15384615384615385, 0.14285714285714285, 0.13333333333333333, 0.16129032258064516, 0.1875, 0.21212121212121213, 0.2727272727272727, 0.2571428571428571, 0.2777777777777778, 0.3333333333333333, 0.3888888888888889, 0.3684210526315789, 0.35, 0.36585365853658536, 0.38095238095238093, 0.42857142857142855, 0.4418604651162791, 0.4883720930232558, 0.4666666666666667, 0.4782608695652174, 0.48936170212765956, 0.5319148936170213, 0.574468085106383, 0.5833333333333334, 0.5918367346938775, 0.5686274509803921, 0.5769230769230769, 0.6153846153846154, 0.6226415094339622, 0.660377358490566, 0.6981132075471698, 0.6727272727272727, 0.6491228070175439, 0.6842105263157895, 0.6896551724137931, 0.6666666666666666, 0.6721311475409836, 0.6774193548387096, 0.65625, 0.6615384615384615, 0.6923076923076923, 0.7230769230769231, 0.7272727272727273, 0.7313432835820896, 0.7352941176470589, 0.7647058823529411, 0.7941176470588235, 0.7971014492753623, 0.8, 0.8028169014084507, 0.8309859154929577, 0.8591549295774648, 0.8611111111111112, 0.8888888888888888, 0.8904109589041096, 0.9178082191780822, 0.9452054794520548, 0.9726027397260274, 0.972972972972973, 1.0], 0.5130704823702481]}}