{"rank_algo": "pearson_correlation_score", "seed": 73, "subsampling_proportion": 0.01, "exec_time": 0.01299738883972168, "results": {"features": ["feature82", "feature81", "feature23", "feature5", "feature90", "feature59", "feature39", "feature22", "feature50", "feature2", "feature49", "feature71", "feature12", "feature40", "feature27", "feature48", "feature51", "feature36", "feature41", "feature37", "feature62", "feature42", "feature29", "feature24", "feature30", "feature34", "feature44", "feature15", "feature38", "feature47", "feature52", "feature28", "feature10", "feature9", "feature8", "feature35", "feature43", "feature7", "feature21", "feature16", "feature31", "feature53", "feature54", "feature67", "feature3", "feature11", "feature0", "feature46", "feature4", "feature66", "feature45", "feature19", "feature65", "feature13", "feature56", "feature69", "feature64", "feature72", "feature26", "feature18", "feature68", "feature6", "feature20", "feature58", "feature1", "feature55", "feature33", "feature61", "feature17", "feature60", "feature25", "feature63", "feature57", "feature73"], "scores": [0.33986803748983646, 0.30758868777558485, 0.1522499381573307, 0.1252572904642, 0.11345618864572117, 0.09785159303941554, 0.09529653272653762, 0.0881041643769326, 0.08435977630172753, 0.0804346334806718, 0.07891275134193582, 0.07664682082302984, 0.07298118540909355, 0.07172578186796326, 0.07169332207719503, 0.06609152508371077, 0.06462208564204132, 0.06335935035985754, 0.06175184153270673, 0.06171684798685292, 0.058439079902023856, 0.057236283973236594, 0.056403933776819924, 0.05606784166376588, 0.05494595004564917, 0.054073144465651445, 0.05233190896132272, 0.05027317674270394, 0.04959257155169869, 0.04894931232861776, 0.04819567234772949, 0.048095408346854975, 0.04635290747368969, 0.04577888408309131, 0.043839781700864874, 0.04070213004584985, 0.039421273974630654, 0.03841015557414327, 0.03775919468839133, 0.036173157816440954, 0.03616383812277662, 0.03580356789906115, 0.03575187954190704, 0.03558454240134933, 0.035204768668510404, 0.03494965339647146, 0.029583766067486354, 0.02669176847013612, 0.02645498574677753, 0.025453459728692073, 0.02514540649941741, 0.023966201016123043, 0.023265249695206824, 0.021995176734928103, 0.021264540873791496, 0.018875339966495028, 0.018798440597898165, 0.018795278700634608, 0.01386790606059006, 0.01341943587657956, 0.013331211355667137, 0.009451150370261256, 0.008820114467800465, 0.006434489286051004, 0.005497073779613694, 0.004964663264316308, 0.004515796503104503, 0.0030050314755322785, 0.0023319049493386954, 0.0018574395075720064, 0.0013045117678964603, 0.0012808822540450065, 0.0003956982983428767, NaN]}, "evaluations": {"eval_method": "jaccard_full_score", "singles": [[0.0, 0.0, 0.2, 0.14285714285714285, 0.1111111111111111, 0.09090909090909091, 0.07692307692307693, 0.06666666666666667, 0.058823529411764705, 0.05263157894736842, 0.1, 0.09090909090909091, 0.13043478260869565, 0.16666666666666666, 0.2, 0.18518518518518517, 0.25925925925925924, 0.2857142857142857, 0.3103448275862069, 0.2903225806451613, 0.3125, 0.29411764705882354, 0.2777777777777778, 0.2631578947368421, 0.25, 0.23809523809523808, 0.22727272727272727, 0.24444444444444444, 0.2608695652173913, 0.2765957446808511, 0.2653061224489796, 0.28, 0.32, 0.3333333333333333, 0.34615384615384615, 0.3333333333333333, 0.34545454545454546, 0.35714285714285715, 0.39285714285714285, 0.42857142857142855, 0.41379310344827586, 0.423728813559322, 0.4576271186440678, 0.4666666666666667, 0.5, 0.5333333333333333, 0.5409836065573771, 0.5737704918032787, 0.5806451612903226, 0.5873015873015873, 0.59375, 0.625, 0.6060606060606061, 0.6119402985074627, 0.6176470588235294, 0.6231884057971014, 0.6285714285714286, 0.6338028169014085, 0.6619718309859155, 0.6901408450704225, 0.6944444444444444, 0.7222222222222222, 0.75, 0.7777777777777778, 0.8055555555555556, 0.8333333333333334, 0.8611111111111112, 0.863013698630137, 0.8648648648648649, 0.8918918918918919, 0.918918918918919, 0.9459459459459459, 0.972972972972973, 1.0], 0.4333934032187893], "first_gen": [[0.0, 0.0, 0.5, 0.6, 0.42857142857142855, 0.3333333333333333, 0.2727272727272727, 0.3333333333333333, 0.2857142857142857, 0.3333333333333333, 0.29411764705882354, 0.2631578947368421, 0.23809523809523808, 0.21739130434782608, 0.2, 0.18518518518518517, 0.1724137931034483, 0.2, 0.1875, 0.21212121212121213, 0.23529411764705882, 0.2571428571428571, 0.2777777777777778, 0.2631578947368421, 0.28205128205128205, 0.2682926829268293, 0.3170731707317073, 0.36585365853658536, 0.3488372093023256, 0.36363636363636365, 0.37777777777777777, 0.391304347826087, 0.40425531914893614, 0.4166666666666667, 0.4583333333333333, 0.46938775510204084, 0.5102040816326531, 0.52, 0.56, 0.5686274509803921, 0.5769230769230769, 0.5849056603773585, 0.6226415094339622, 0.6296296296296297, 0.6666666666666666, 0.6727272727272727, 0.6785714285714286, 0.7142857142857143, 0.7192982456140351, 0.6949152542372882, 0.6721311475409836, 0.6774193548387096, 0.65625, 0.6615384615384615, 0.6923076923076923, 0.696969696969697, 0.7014925373134329, 0.7313432835820896, 0.7611940298507462, 0.7910447761194029, 0.8208955223880597, 0.8507462686567164, 0.8529411764705882, 0.8285714285714286, 0.8571428571428571, 0.8857142857142857, 0.8611111111111112, 0.8888888888888888, 0.9166666666666666, 0.9178082191780822, 0.9452054794520548, 0.9459459459459459, 0.972972972972973, 1.0], 0.5282128119220053]}}