{"rank_algo": "pearson_correlation_score", "seed": 28, "subsampling_proportion": 0.01, "exec_time": 0.01599907875061035, "results": {"features": ["feature82", "feature81", "feature48", "feature56", "feature27", "feature90", "feature59", "feature5", "feature39", "feature23", "feature42", "feature49", "feature40", "feature36", "feature43", "feature2", "feature17", "feature50", "feature37", "feature12", "feature44", "feature71", "feature38", "feature15", "feature51", "feature30", "feature9", "feature62", "feature8", "feature29", "feature26", "feature24", "feature10", "feature41", "feature0", "feature28", "feature34", "feature4", "feature67", "feature31", "feature68", "feature47", "feature52", "feature11", "feature20", "feature3", "feature21", "feature16", "feature55", "feature66", "feature54", "feature53", "feature18", "feature25", "feature64", "feature45", "feature73", "feature46", "feature35", "feature22", "feature65", "feature13", "feature6", "feature1", "feature61", "feature69", "feature19", "feature57", "feature58", "feature72", "feature7", "feature60", "feature33", "feature63", "feature70", "feature92", "feature93", "feature94", "feature95", "feature96", "feature97"], "scores": [0.28739624649330336, 0.24690286656332236, 0.1316875492199643, 0.13056661090969832, 0.12659813268255757, 0.1212270518741382, 0.10163904299596035, 0.10163797861811576, 0.10003407715891732, 0.09646550102947433, 0.09092310021183792, 0.07847988757944255, 0.07837108494498786, 0.07608949112397413, 0.07549695539470104, 0.0749794126928673, 0.0740198954215616, 0.07114939375339106, 0.06646541776297839, 0.06628732157257415, 0.06536787178704262, 0.06515230104777549, 0.06481462570102134, 0.0638291926764525, 0.06382252667302638, 0.06152751472060141, 0.05693573882605192, 0.05639390950763188, 0.054315773318536376, 0.053426751106155135, 0.05205740222956188, 0.05031411615636742, 0.04794447877071044, 0.04622029760912876, 0.045425409170830953, 0.04440157702783616, 0.04151610925644916, 0.040532440657244415, 0.03928188534367538, 0.037974061783550964, 0.037486045728884594, 0.03709466899569911, 0.03608248007812955, 0.034054304542622205, 0.0319127565056195, 0.0288457607119388, 0.028079822804321624, 0.02768517487357899, 0.02694753864999072, 0.02658818717221182, 0.025674361625107396, 0.02457435620841209, 0.022305843937958186, 0.022216493115739512, 0.02212308400809256, 0.021697340205427063, 0.021693170767690347, 0.021605398937211112, 0.02067672071080045, 0.016871664938845028, 0.016577782291768112, 0.01601695429564032, 0.011125512932528612, 0.010865059289261188, 0.009718443377122635, 0.008528761735218587, 0.007966993922803962, 0.006188209703494867, 0.006063351889814117, 0.0057364555594189865, 0.00509818848427261, 0.0022383768202145857, 0.002193569737025485, 0.0011086190150307832, NaN, NaN, NaN, NaN, NaN, NaN, NaN]}, "evaluations": {"eval_method": "jaccard_full_score", "singles": [[0.0, 0.0, 0.0, 0.0, 0.0, 0.0, 0.0, 0.0, 0.0, 0.05263157894736842, 0.047619047619047616, 0.09090909090909091, 0.13043478260869565, 0.12, 0.15384615384615385, 0.14285714285714285, 0.13333333333333333, 0.16129032258064516, 0.15151515151515152, 0.17647058823529413, 0.16666666666666666, 0.15789473684210525, 0.15, 0.17073170731707318, 0.19047619047619047, 0.18181818181818182, 0.17391304347826086, 0.21739130434782608, 0.23404255319148937, 0.25, 0.2653061224489796, 0.28, 0.32, 0.3333333333333333, 0.34615384615384615, 0.3333333333333333, 0.32142857142857145, 0.3333333333333333, 0.3220338983050847, 0.3333333333333333, 0.3225806451612903, 0.3333333333333333, 0.3230769230769231, 0.3333333333333333, 0.34328358208955223, 0.373134328358209, 0.40298507462686567, 0.4117647058823529, 0.42028985507246375, 0.4084507042253521, 0.43661971830985913, 0.4246575342465753, 0.4520547945205479, 0.4594594594594595, 0.4666666666666667, 0.49333333333333335, 0.52, 0.5263157894736842, 0.5324675324675324, 0.5384615384615384, 0.525, 0.55, 0.575, 0.6, 0.625, 0.6296296296296297, 0.654320987654321, 0.6790123456790124, 0.7037037037037037, 0.7283950617283951, 0.7530864197530864, 0.7777777777777778, 0.8024691358024691, 0.8271604938271605, 0.8518518518518519, 0.8765432098765432, 0.9012345679012346, 0.9259259259259259, 0.9506172839506173, 0.9753086419753086, 1.0], 0.379705040467443], "first_gen": [[0.0, 0.0, 0.2, 0.3333333333333333, 0.25, 0.2, 0.16666666666666666, 0.14285714285714285, 0.125, 0.17647058823529413, 0.15789473684210525, 0.14285714285714285, 0.13043478260869565, 0.12, 0.1111111111111111, 0.14285714285714285, 0.1724137931034483, 0.2, 0.1875, 0.21212121212121213, 0.2727272727272727, 0.29411764705882354, 0.3142857142857143, 0.37142857142857144, 0.3888888888888889, 0.3684210526315789, 0.42105263157894735, 0.4358974358974359, 0.48717948717948717, 0.4634146341463415, 0.5121951219512195, 0.5238095238095238, 0.5348837209302325, 0.5111111111111111, 0.5555555555555556, 0.5652173913043478, 0.574468085106383, 0.5833333333333334, 0.5918367346938775, 0.5686274509803921, 0.5769230769230769, 0.6153846153846154, 0.5925925925925926, 0.6, 0.6363636363636364, 0.6428571428571429, 0.6491228070175439, 0.6842105263157895, 0.7192982456140351, 0.6949152542372882, 0.7, 0.6774193548387096, 0.6825396825396826, 0.6615384615384615, 0.6417910447761194, 0.6231884057971014, 0.6056338028169014, 0.6111111111111112, 0.6388888888888888, 0.6438356164383562, 0.6486486486486487, 0.6533333333333333, 0.68, 0.7066666666666667, 0.7105263157894737, 0.7368421052631579, 0.7631578947368421, 0.7662337662337663, 0.7692307692307693, 0.7948717948717948, 0.8205128205128205, 0.8227848101265823, 0.825, 0.8271604938271605, 0.8518518518518519, 0.8765432098765432, 0.9012345679012346, 0.9259259259259259, 0.9506172839506173, 0.9753086419753086, 1.0], 0.5239254272995735]}}