{"rank_algo": "pearson_correlation_score", "seed": 36, "subsampling_proportion": 0.01, "exec_time": 0.015000343322753906, "results": {"features": ["feature82", "feature81", "feature90", "feature23", "feature5", "feature39", "feature56", "feature15", "feature40", "feature48", "feature59", "feature42", "feature2", "feature27", "feature49", "feature50", "feature37", "feature71", "feature12", "feature30", "feature24", "feature41", "feature34", "feature0", "feature28", "feature36", "feature47", "feature51", "feature35", "feature29", "feature68", "feature62", "feature9", "feature8", "feature26", "feature67", "feature13", "feature43", "feature38", "feature10", "feature66", "feature52", "feature46", "feature69", "feature65", "feature3", "feature16", "feature44", "feature53", "feature21", "feature4", "feature61", "feature55", "feature72", "feature7", "feature54", "feature45", "feature64", "feature58", "feature11", "feature60", "feature31", "feature57", "feature22", "feature6", "feature25", "feature63", "feature18", "feature33", "feature1", "feature20", "feature19", "feature17", "feature73"], "scores": [0.31853625519037015, 0.2803845466207169, 0.13596807957229748, 0.13124001671016824, 0.12190971556197783, 0.1151796570102887, 0.10915577117450735, 0.1020731993639751, 0.09910936511170954, 0.09645164856195766, 0.09631016622747827, 0.09065979944916382, 0.07596977181708484, 0.07583288754810087, 0.07396215131603061, 0.07086973454327809, 0.06674654134215591, 0.06547826887452918, 0.06397538551582067, 0.06286664933732708, 0.06160018937305845, 0.05989207155203954, 0.05922163657016956, 0.059180150607352947, 0.05746422544930227, 0.05720698104484643, 0.05584046721528414, 0.05484480056809315, 0.05453725877913989, 0.05395912137903912, 0.05345850854895891, 0.052783765384332194, 0.05218021065174256, 0.05151964353715944, 0.05004539827028084, 0.045238996986005364, 0.04131827459747618, 0.037913194670676026, 0.037221905808601526, 0.036833225709802755, 0.0363711384404755, 0.035302544337961664, 0.033626784924752975, 0.030054944715591354, 0.028723350206177112, 0.02835323416091802, 0.027436494096129797, 0.027413947650880035, 0.026835370404445533, 0.02403671650120313, 0.023296986660796295, 0.021003559280062773, 0.020553927031437665, 0.01887555511227182, 0.018041924874747803, 0.016119832725802766, 0.014516144018468744, 0.014469032283660132, 0.012473849337106902, 0.012282992256995086, 0.012081647810886838, 0.012067171347043062, 0.011696175164419715, 0.01043815956228544, 0.01041293999948209, 0.010363875659794292, 0.005810249522200505, 0.005666056439856367, 0.005387972995479916, 0.004541886198972792, 0.004488502380663983, 0.003519550452915815, 0.0020012324647972527, NaN]}, "evaluations": {"eval_method": "jaccard_full_score", "singles": [[0.0, 0.0, 0.0, 0.14285714285714285, 0.1111111111111111, 0.09090909090909091, 0.07692307692307693, 0.14285714285714285, 0.125, 0.1111111111111111, 0.1, 0.09090909090909091, 0.13043478260869565, 0.12, 0.2, 0.18518518518518517, 0.1724137931034483, 0.2, 0.22580645161290322, 0.21212121212121213, 0.2, 0.2222222222222222, 0.21052631578947367, 0.2, 0.19047619047619047, 0.18181818181818182, 0.17391304347826086, 0.19148936170212766, 0.20833333333333334, 0.22448979591836735, 0.21568627450980393, 0.2549019607843137, 0.29411764705882354, 0.2830188679245283, 0.32075471698113206, 0.3090909090909091, 0.34545454545454546, 0.35714285714285715, 0.3448275862068966, 0.3793103448275862, 0.36666666666666664, 0.3770491803278688, 0.4098360655737705, 0.41935483870967744, 0.42857142857142855, 0.4603174603174603, 0.49206349206349204, 0.5, 0.5076923076923077, 0.5384615384615384, 0.5223880597014925, 0.5522388059701493, 0.5362318840579711, 0.5428571428571428, 0.5714285714285714, 0.6, 0.6285714285714286, 0.6338028169014085, 0.6619718309859155, 0.6901408450704225, 0.7183098591549296, 0.7222222222222222, 0.75, 0.7777777777777778, 0.8055555555555556, 0.8082191780821918, 0.8356164383561644, 0.863013698630137, 0.8904109589041096, 0.9178082191780822, 0.9452054794520548, 0.9726027397260274, 0.972972972972973, 1.0], 0.4036242850680782], "first_gen": [[0.0, 0.0, 0.2, 0.6, 0.42857142857142855, 0.3333333333333333, 0.2727272727272727, 0.23076923076923078, 0.2, 0.17647058823529413, 0.15789473684210525, 0.14285714285714285, 0.18181818181818182, 0.16666666666666666, 0.15384615384615385, 0.14285714285714285, 0.13333333333333333, 0.16129032258064516, 0.1875, 0.21212121212121213, 0.23529411764705882, 0.2571428571428571, 0.2777777777777778, 0.2972972972972973, 0.3157894736842105, 0.3, 0.2857142857142857, 0.3333333333333333, 0.3488372093023256, 0.36363636363636365, 0.37777777777777777, 0.391304347826087, 0.40425531914893614, 0.4166666666666667, 0.4583333333333333, 0.46938775510204084, 0.48, 0.52, 0.5294117647058824, 0.5384615384615384, 0.5471698113207547, 0.5555555555555556, 0.5636363636363636, 0.5714285714285714, 0.5789473684210527, 0.6140350877192983, 0.6206896551724138, 0.6551724137931034, 0.6610169491525424, 0.6949152542372882, 0.6721311475409836, 0.6507936507936508, 0.65625, 0.6875, 0.71875, 0.75, 0.7538461538461538, 0.7313432835820896, 0.7352941176470589, 0.7647058823529411, 0.7681159420289855, 0.7714285714285715, 0.75, 0.7777777777777778, 0.8055555555555556, 0.8333333333333334, 0.8356164383561644, 0.863013698630137, 0.8648648648648649, 0.8918918918918919, 0.918918918918919, 0.9459459459459459, 0.972972972972973, 1.0], 0.49815198826057333]}}