{"rank_algo": "pearson_correlation_score", "seed": 54, "subsampling_proportion": 0.01, "exec_time": 0.014002084732055664, "results": {"features": ["feature82", "feature81", "feature23", "feature90", "feature5", "feature39", "feature40", "feature59", "feature15", "feature71", "feature36", "feature2", "feature49", "feature42", "feature50", "feature48", "feature24", "feature12", "feature30", "feature20", "feature47", "feature10", "feature43", "feature56", "feature34", "feature29", "feature8", "feature52", "feature0", "feature27", "feature9", "feature62", "feature28", "feature51", "feature37", "feature41", "feature13", "feature38", "feature4", "feature66", "feature21", "feature3", "feature35", "feature67", "feature44", "feature54", "feature16", "feature46", "feature26", "feature45", "feature1", "feature53", "feature19", "feature22", "feature63", "feature11", "feature65", "feature69", "feature18", "feature72", "feature60", "feature58", "feature6", "feature33", "feature57", "feature64", "feature25", "feature61", "feature7", "feature55", "feature68", "feature17", "feature31", "feature73"], "scores": [0.3312686425301942, 0.3067310788370044, 0.1625898003319514, 0.13874282230483823, 0.114100998334325, 0.10544908793162272, 0.1032787387809747, 0.10320743505418419, 0.09108980091316046, 0.08796304548786159, 0.08713685954459716, 0.08654796941203309, 0.08041830196680201, 0.07545297672384378, 0.07397305439857711, 0.06925915721776452, 0.06625664671461842, 0.06370319895802277, 0.061508584040409243, 0.058339523564029126, 0.05606807893491026, 0.05604029753916539, 0.05475631478529537, 0.05437530728159552, 0.05301110417336375, 0.052846268454355694, 0.05276018737400497, 0.05273061578835278, 0.05263428626072017, 0.0525818855370229, 0.05171459385521855, 0.05135646489163889, 0.049562185252274224, 0.048088126101027785, 0.04713503453536039, 0.046871033065141156, 0.04313025046356545, 0.04287544590270619, 0.042192892453861576, 0.04196241553588425, 0.041924963301686956, 0.04182921910236591, 0.04027807119353783, 0.04001261228974357, 0.039769141662897814, 0.03772539361241805, 0.03583014661882723, 0.03191468963319052, 0.031871523500314906, 0.03161380523990928, 0.02330550183698659, 0.022367067241354937, 0.021144171487808967, 0.021105581710497503, 0.020794140564997, 0.019497887481951155, 0.018650167097636706, 0.01742754681577793, 0.014192230860432637, 0.01081386239217474, 0.0099526136489619, 0.009941917194197585, 0.00798178957279435, 0.007544131104816503, 0.00748133651237497, 0.007229383209701366, 0.006523009894255431, 0.0051333698942652335, 0.0047479560653259836, 0.004720783287251177, 0.0037046518201707722, 0.0025767401885271927, 0.002403158142216227, NaN]}, "evaluations": {"eval_method": "jaccard_full_score", "singles": [[0.0, 0.0, 0.2, 0.14285714285714285, 0.1111111111111111, 0.09090909090909091, 0.07692307692307693, 0.06666666666666667, 0.125, 0.1111111111111111, 0.1, 0.09090909090909091, 0.18181818181818182, 0.16666666666666666, 0.2, 0.18518518518518517, 0.1724137931034483, 0.2413793103448276, 0.22580645161290322, 0.25, 0.23529411764705882, 0.2571428571428571, 0.24324324324324326, 0.23076923076923078, 0.21951219512195122, 0.20930232558139536, 0.2, 0.19148936170212766, 0.20833333333333334, 0.22448979591836735, 0.24, 0.28, 0.29411764705882354, 0.3076923076923077, 0.32075471698113206, 0.3333333333333333, 0.37037037037037035, 0.38181818181818183, 0.3684210526315789, 0.3793103448275862, 0.3898305084745763, 0.423728813559322, 0.43333333333333335, 0.4426229508196721, 0.45161290322580644, 0.4838709677419355, 0.5161290322580645, 0.5483870967741935, 0.5806451612903226, 0.6129032258064516, 0.6190476190476191, 0.625, 0.6307692307692307, 0.6363636363636364, 0.6417910447761194, 0.6716417910447762, 0.7014925373134329, 0.6811594202898551, 0.7101449275362319, 0.7391304347826086, 0.7428571428571429, 0.7714285714285715, 0.7746478873239436, 0.8028169014084507, 0.8309859154929577, 0.8333333333333334, 0.8356164383561644, 0.863013698630137, 0.8904109589041096, 0.9178082191780822, 0.9452054794520548, 0.9459459459459459, 0.972972972972973, 1.0], 0.4301479369161978], "first_gen": [[0.0, 0.0, 0.5, 0.6, 0.42857142857142855, 0.3333333333333333, 0.2727272727272727, 0.23076923076923078, 0.2, 0.17647058823529413, 0.15789473684210525, 0.2, 0.18181818181818182, 0.16666666666666666, 0.15384615384615385, 0.14285714285714285, 0.13333333333333333, 0.16129032258064516, 0.1875, 0.25, 0.2727272727272727, 0.3333333333333333, 0.3939393939393939, 0.37142857142857144, 0.3888888888888889, 0.3684210526315789, 0.38461538461538464, 0.4, 0.45, 0.4634146341463415, 0.5121951219512195, 0.5238095238095238, 0.5, 0.5111111111111111, 0.5217391304347826, 0.5319148936170213, 0.5416666666666666, 0.5510204081632653, 0.56, 0.5384615384615384, 0.5769230769230769, 0.6153846153846154, 0.5925925925925926, 0.6, 0.6363636363636364, 0.6727272727272727, 0.6785714285714286, 0.7142857142857143, 0.75, 0.7241379310344828, 0.7288135593220338, 0.7049180327868853, 0.7096774193548387, 0.7419354838709677, 0.746031746031746, 0.7230769230769231, 0.7272727272727273, 0.7575757575757576, 0.7878787878787878, 0.8181818181818182, 0.8208955223880597, 0.7971014492753623, 0.8, 0.7777777777777778, 0.7808219178082192, 0.7837837837837838, 0.8108108108108109, 0.8378378378378378, 0.8648648648648649, 0.8918918918918919, 0.918918918918919, 0.9459459459459459, 0.972972972972973, 1.0], 0.5356950347262801]}}