{"rank_algo": "pearson_correlation_score", "seed": 92, "subsampling_proportion": 0.01, "exec_time": 0.01399993896484375, "results": {"features": ["feature82", "feature81", "feature90", "feature5", "feature39", "feature59", "feature15", "feature56", "feature37", "feature48", "feature49", "feature62", "feature27", "feature50", "feature2", "feature40", "feature12", "feature28", "feature36", "feature38", "feature71", "feature42", "feature51", "feature26", "feature10", "feature34", "feature30", "feature52", "feature24", "feature43", "feature19", "feature16", "feature47", "feature9", "feature41", "feature23", "feature29", "feature4", "feature67", "feature0", "feature8", "feature44", "feature35", "feature66", "feature65", "feature3", "feature22", "feature17", "feature13", "feature46", "feature11", "feature31", "feature54", "feature55", "feature53", "feature57", "feature64", "feature68", "feature25", "feature33", "feature73", "feature60", "feature21", "feature6", "feature18", "feature72", "feature20", "feature69", "feature7", "feature63", "feature1", "feature58", "feature45", "feature61", "feature70", "feature92", "feature93", "feature94", "feature95", "feature96", "feature97"], "scores": [0.28777707311621625, 0.23624622584091198, 0.13968292538797555, 0.11469681884220834, 0.10739484222641953, 0.10028836678445592, 0.0926324759019872, 0.08485906226205917, 0.08174966087538894, 0.07879087145817865, 0.07507020194460191, 0.07433107066902826, 0.07149579800135529, 0.07036624694790003, 0.06952016836612664, 0.06951207978549401, 0.06818654225524808, 0.06469680264788269, 0.061661950232541216, 0.06146952545189289, 0.06102364754862447, 0.05402566380511089, 0.05127195689778535, 0.050976761296890064, 0.04817506115850919, 0.04720757579755846, 0.04706445132182249, 0.045934915538545305, 0.045550252805471515, 0.04522052696782691, 0.04282002801652251, 0.04239991922070964, 0.04196490405603789, 0.04048560664568571, 0.03914313628126339, 0.038544927552041884, 0.03719427604911603, 0.03651428967681918, 0.036085867793126905, 0.03414590864166727, 0.033842126921775365, 0.0335686325072359, 0.033504923558943085, 0.03075767996779381, 0.030161046291009963, 0.030030403683130154, 0.02966708369527236, 0.027127296131944863, 0.02483935248701713, 0.02458176463708883, 0.022841521390933733, 0.02279381593887563, 0.021668095742405136, 0.020334150893404058, 0.019353817039261586, 0.0192714885251894, 0.01915535429025575, 0.01885020716942769, 0.018539786244463625, 0.018200204149737984, 0.015808688710420873, 0.014375080620453753, 0.014319623428346629, 0.013938011603293965, 0.013122340119966628, 0.010671444493561284, 0.010047033083609151, 0.009892154381352781, 0.004777345463310154, 0.0024643093064482023, 0.0023453467951948005, 0.001268477088448892, 0.0004760718043793714, 1.332934111332949e-05, NaN, NaN, NaN, NaN, NaN, NaN, NaN]}, "evaluations": {"eval_method": "jaccard_full_score", "singles": [[0.0, 0.0, 0.0, 0.0, 0.0, 0.0, 0.07692307692307693, 0.06666666666666667, 0.058823529411764705, 0.05263157894736842, 0.1, 0.09090909090909091, 0.08333333333333333, 0.07692307692307693, 0.1111111111111111, 0.14285714285714285, 0.1724137931034483, 0.2, 0.1875, 0.21212121212121213, 0.2, 0.1891891891891892, 0.21052631578947367, 0.23076923076923078, 0.25, 0.23809523809523808, 0.22727272727272727, 0.21739130434782608, 0.23404255319148937, 0.25, 0.2653061224489796, 0.30612244897959184, 0.32, 0.3333333333333333, 0.37254901960784315, 0.38461538461538464, 0.37037037037037035, 0.38181818181818183, 0.3684210526315789, 0.3793103448275862, 0.36666666666666664, 0.3770491803278688, 0.36507936507936506, 0.35384615384615387, 0.34328358208955223, 0.373134328358209, 0.40298507462686567, 0.391304347826087, 0.42028985507246375, 0.42857142857142855, 0.45714285714285713, 0.4444444444444444, 0.4722222222222222, 0.4794520547945205, 0.4864864864864865, 0.49333333333333335, 0.5, 0.48717948717948717, 0.4936708860759494, 0.5189873417721519, 0.525, 0.55, 0.575, 0.6, 0.625, 0.65, 0.675, 0.6790123456790124, 0.7037037037037037, 0.7283950617283951, 0.7530864197530864, 0.7777777777777778, 0.8024691358024691, 0.8271604938271605, 0.8518518518518519, 0.8765432098765432, 0.9012345679012346, 0.9259259259259259, 0.9506172839506173, 0.9753086419753086, 1.0], 0.3933695243158064], "first_gen": [[0.0, 0.0, 0.2, 0.3333333333333333, 0.25, 0.2, 0.16666666666666666, 0.14285714285714285, 0.125, 0.1111111111111111, 0.1, 0.09090909090909091, 0.08333333333333333, 0.07692307692307693, 0.1111111111111111, 0.10344827586206896, 0.0967741935483871, 0.125, 0.15151515151515152, 0.17647058823529413, 0.2, 0.2222222222222222, 0.24324324324324326, 0.23076923076923078, 0.28205128205128205, 0.3, 0.3170731707317073, 0.3333333333333333, 0.3488372093023256, 0.36363636363636365, 0.4090909090909091, 0.4222222222222222, 0.43478260869565216, 0.44680851063829785, 0.4583333333333333, 0.5, 0.5102040816326531, 0.52, 0.5294117647058824, 0.5686274509803921, 0.6078431372549019, 0.6470588235294118, 0.6226415094339622, 0.6296296296296297, 0.6363636363636364, 0.6727272727272727, 0.6785714285714286, 0.7142857142857143, 0.7192982456140351, 0.7241379310344828, 0.7, 0.6774193548387096, 0.6825396825396826, 0.6875, 0.6666666666666666, 0.6470588235294118, 0.6285714285714286, 0.6111111111111112, 0.5945945945945946, 0.5789473684210527, 0.6052631578947368, 0.6103896103896104, 0.6363636363636364, 0.6623376623376623, 0.6883116883116883, 0.7142857142857143, 0.7402597402597403, 0.7662337662337663, 0.7922077922077922, 0.7948717948717948, 0.7974683544303798, 0.7777777777777778, 0.8024691358024691, 0.8271604938271605, 0.8518518518518519, 0.8765432098765432, 0.9012345679012346, 0.9259259259259259, 0.9506172839506173, 0.9753086419753086, 1.0], 0.4951118522148418]}}