{"rank_algo": "random_forest_score", "seed": 10, "subsampling_proportion": 0.0001, "exec_time": 0.1130075454711914, "results": {"features": ["feature37", "feature22", "feature7", "feature19", "feature2", "feature47", "feature81", "feature20", "feature21", "feature3", "feature33", "feature82", "feature58", "feature38", "feature46", "feature9", "feature44", "feature29", "feature0", "feature42", "feature54", "feature52", "feature55", "feature10", "feature23", "feature49", "feature1", "feature60", "feature36", "feature59", "feature41", "feature51", "feature30", "feature43", "feature18", "feature8", "feature57", "feature50", "feature71", "feature17", "feature26", "feature45", "feature15", "feature67", "feature28", "feature64", "feature31", "feature63", "feature39", "feature66", "feature90", "feature48", "feature40", "feature11", "feature69", "feature56", "feature27", "feature68", "feature12", "feature16", "feature25", "feature61", "feature53", "feature13", "feature5", "feature24", "feature35", "feature65", "feature62", "feature4", "feature34", "feature6", "feature72", "feature73"], "scores": [0.03661229020375223, 0.033125082697325996, 0.03085883370826319, 0.030331674795995824, 0.029087849190919345, 0.028935978293259657, 0.027775702520518343, 0.027325782317576666, 0.026584487154452677, 0.02322892489964419, 0.02314055385766004, 0.022474044931850106, 0.02205713383597334, 0.021491583993080803, 0.021125769032355798, 0.020605863605488665, 0.019975766115614683, 0.019823042695001226, 0.01959323095516735, 0.01875663543054465, 0.018309938837450357, 0.018118972545065212, 0.01783525171366574, 0.017651452852412056, 0.01687352274050623, 0.016844246029722263, 0.016805098630416543, 0.015869373644510163, 0.015631366487300485, 0.015298255684654826, 0.014815880326561332, 0.01477476318056013, 0.014606469283753122, 0.014255292026221063, 0.014006408587067403, 0.013889933667940385, 0.011480611169736407, 0.011079720680972006, 0.010795240214032633, 0.010768080914120131, 0.010501780288130633, 0.009981103465137212, 0.009558911106244046, 0.00953541593081799, 0.009041104357234684, 0.008940599953756836, 0.008931995288772926, 0.008778086908941331, 0.008613035104953305, 0.008595152217643783, 0.008533006613259116, 0.00847300300535149, 0.008467352811943572, 0.00841655956931724, 0.007231730413332748, 0.006682993435240476, 0.0064426158709278555, 0.006398269320088653, 0.005699803222728316, 0.005076855053720388, 0.005042039575870369, 0.004095205753349273, 0.003790398989816628, 0.0033304632732012907, 0.0032524525790822685, 0.0031778979951002286, 0.0031382515107390065, 0.0022094826068387056, 0.002121277703891209, 0.001965640902796092, 0.0013574057206590473, 0.0, 0.0, 0.0]}, "evaluations": {"eval_method": "jaccard_full_score", "singles": [[0.0, 0.0, 0.0, 0.0, 0.0, 0.09090909090909091, 0.07692307692307693, 0.06666666666666667, 0.125, 0.1111111111111111, 0.1, 0.09090909090909091, 0.08333333333333333, 0.07692307692307693, 0.1111111111111111, 0.14285714285714285, 0.1724137931034483, 0.2, 0.1875, 0.17647058823529413, 0.2, 0.1891891891891892, 0.1794871794871795, 0.2, 0.21951219512195122, 0.2682926829268293, 0.3170731707317073, 0.36585365853658536, 0.38095238095238093, 0.3953488372093023, 0.4090909090909091, 0.4222222222222222, 0.40425531914893614, 0.3877551020408163, 0.4, 0.38461538461538464, 0.37037037037037035, 0.38181818181818183, 0.41818181818181815, 0.42857142857142855, 0.4642857142857143, 0.5, 0.5357142857142857, 0.543859649122807, 0.5789473684210527, 0.5862068965517241, 0.5932203389830508, 0.6271186440677966, 0.6065573770491803, 0.6129032258064516, 0.6190476190476191, 0.6, 0.6307692307692307, 0.6363636363636364, 0.6176470588235294, 0.6231884057971014, 0.6521739130434783, 0.6571428571428571, 0.6857142857142857, 0.7142857142857143, 0.7183098591549296, 0.7464788732394366, 0.75, 0.7777777777777778, 0.7808219178082192, 0.8082191780821918, 0.8356164383561644, 0.863013698630137, 0.8904109589041096, 0.9178082191780822, 0.918918918918919, 0.9459459459459459, 0.972972972972973, 1.0], 0.4389884807158362], "first_gen": [[0.0, 0.3333333333333333, 0.2, 0.14285714285714285, 0.1111111111111111, 0.09090909090909091, 0.16666666666666666, 0.23076923076923078, 0.2, 0.3333333333333333, 0.29411764705882354, 0.3333333333333333, 0.3684210526315789, 0.4, 0.36363636363636365, 0.391304347826087, 0.4166666666666667, 0.38461538461538464, 0.4074074074074074, 0.3793103448275862, 0.3548387096774194, 0.3333333333333333, 0.3142857142857143, 0.3333333333333333, 0.3888888888888889, 0.40540540540540543, 0.42105263157894735, 0.4, 0.38095238095238093, 0.3953488372093023, 0.37777777777777777, 0.391304347826087, 0.40425531914893614, 0.44680851063829785, 0.48936170212765956, 0.5319148936170213, 0.5102040816326531, 0.49019607843137253, 0.5294117647058824, 0.5384615384615384, 0.5769230769230769, 0.5555555555555556, 0.5925925925925926, 0.6, 0.6071428571428571, 0.5862068965517241, 0.5932203389830508, 0.6, 0.6333333333333333, 0.6129032258064516, 0.6190476190476191, 0.625, 0.6307692307692307, 0.6363636363636364, 0.6666666666666666, 0.6716417910447762, 0.6764705882352942, 0.7058823529411765, 0.7101449275362319, 0.7142857142857143, 0.6944444444444444, 0.6986301369863014, 0.7027027027027027, 0.7297297297297297, 0.7567567567567568, 0.7837837837837838, 0.8108108108108109, 0.8378378378378378, 0.8648648648648649, 0.8918918918918919, 0.918918918918919, 0.9459459459459459, 0.972972972972973, 1.0], 0.5165529987320692]}}