{"rank_algo": "random_forest_score", "seed": 2, "subsampling_proportion": 0.0016, "exec_time": 0.6673939228057861, "results": {"features": ["feature81", "feature82", "feature23", "feature1", "feature21", "feature22", "feature33", "feature3", "feature55", "feature2", "feature20", "feature57", "feature0", "feature10", "feature44", "feature49", "feature19", "feature60", "feature58", "feature8", "feature9", "feature18", "feature67", "feature7", "feature26", "feature71", "feature50", "feature51", "feature29", "feature64", "feature17", "feature30", "feature54", "feature47", "feature11", "feature46", "feature59", "feature69", "feature15", "feature52", "feature36", "feature41", "feature43", "feature63", "feature37", "feature38", "feature61", "feature12", "feature68", "feature39", "feature66", "feature53", "feature42", "feature40", "feature28", "feature5", "feature31", "feature24", "feature25", "feature56", "feature45", "feature90", "feature27", "feature48", "feature65", "feature13", "feature62", "feature35", "feature34", "feature4", "feature16", "feature72", "feature73", "feature6"], "scores": [0.06093778482644316, 0.056040034435983835, 0.038980556302565715, 0.026381269534249473, 0.026042526931803752, 0.025894907690900346, 0.025243974081611564, 0.02360169424947677, 0.022806010190216934, 0.022564764989210978, 0.02204363320294219, 0.021813046967505415, 0.021692185435030664, 0.021471597252890464, 0.02015403113791475, 0.01989922623670305, 0.019741840004734067, 0.019586657713415986, 0.019178765043309565, 0.01905384067029033, 0.018895204204510366, 0.018236124946934714, 0.0175504899393308, 0.017354784139124273, 0.01660278384835621, 0.015470708191747949, 0.014984710347751755, 0.014970123628166816, 0.014436547602327036, 0.012637898332775599, 0.012574230570428401, 0.012573574920387518, 0.012571796395280601, 0.011872459680916827, 0.011360941965198037, 0.010936119218229807, 0.010581659429548508, 0.010308237085554726, 0.010273023509992167, 0.009309170255345918, 0.009303562629562053, 0.00911248098360021, 0.008912473036088274, 0.008887634411615173, 0.008375752868393939, 0.00834387951625303, 0.007883142627948238, 0.007792544063394964, 0.007761007301762679, 0.007717899266945065, 0.0075852986313998585, 0.007545819174587293, 0.0075384486548578525, 0.00743974886187036, 0.007223342194528598, 0.006501793225269476, 0.005976160374631534, 0.005577642392406341, 0.005575863208661348, 0.0053825795377219245, 0.0053519768676178105, 0.005338404701705015, 0.004643071627468259, 0.004501291148188496, 0.0039582808765422275, 0.0037164936778264633, 0.003623363951965182, 0.0031545183686734197, 0.002413436258222555, 0.002173765384768933, 0.0015946664397160208, 0.001589021297033413, 0.0007459411557138155, 0.00012976017395309586]}, "evaluations": {"eval_method": "jaccard_full_score", "singles": [[0.0, 0.0, 0.2, 0.14285714285714285, 0.25, 0.2, 0.16666666666666666, 0.14285714285714285, 0.125, 0.1111111111111111, 0.15789473684210525, 0.14285714285714285, 0.13043478260869565, 0.16666666666666666, 0.15384615384615385, 0.23076923076923078, 0.3076923076923077, 0.3333333333333333, 0.3103448275862069, 0.2903225806451613, 0.3125, 0.29411764705882354, 0.2777777777777778, 0.2972972972972973, 0.3157894736842105, 0.3333333333333333, 0.3170731707317073, 0.36585365853658536, 0.3488372093023256, 0.36363636363636365, 0.37777777777777777, 0.3617021276595745, 0.375, 0.36, 0.37254901960784315, 0.38461538461538464, 0.39622641509433965, 0.38181818181818183, 0.41818181818181815, 0.42857142857142855, 0.4642857142857143, 0.5, 0.5087719298245614, 0.5172413793103449, 0.5517241379310345, 0.559322033898305, 0.5932203389830508, 0.6271186440677966, 0.6065573770491803, 0.6129032258064516, 0.59375, 0.5757575757575758, 0.6060606060606061, 0.6119402985074627, 0.6176470588235294, 0.6231884057971014, 0.6285714285714286, 0.6571428571428571, 0.6619718309859155, 0.6901408450704225, 0.7183098591549296, 0.7464788732394366, 0.7746478873239436, 0.7777777777777778, 0.7808219178082192, 0.8082191780821918, 0.8356164383561644, 0.863013698630137, 0.8648648648648649, 0.8918918918918919, 0.918918918918919, 0.9459459459459459, 0.972972972972973, 1.0], 0.46372750443650107], "first_gen": [[0.0, 0.0, 0.5, 0.6, 0.42857142857142855, 0.7142857142857143, 0.5555555555555556, 0.6, 0.5, 0.6666666666666666, 0.5714285714285714, 0.5, 0.5294117647058824, 0.6470588235294118, 0.6666666666666666, 0.6, 0.6190476190476191, 0.6363636363636364, 0.5833333333333334, 0.6, 0.6153846153846154, 0.6296296296296297, 0.5862068965517241, 0.5483870967741935, 0.5151515151515151, 0.5757575757575758, 0.5428571428571428, 0.5555555555555556, 0.5263157894736842, 0.5, 0.5121951219512195, 0.4883720930232558, 0.4666666666666667, 0.5111111111111111, 0.48936170212765956, 0.5, 0.5102040816326531, 0.49019607843137253, 0.5, 0.48148148148148145, 0.4909090909090909, 0.47368421052631576, 0.5087719298245614, 0.5172413793103449, 0.5254237288135594, 0.5333333333333333, 0.5409836065573771, 0.5737704918032787, 0.5806451612903226, 0.6129032258064516, 0.59375, 0.5757575757575758, 0.582089552238806, 0.6119402985074627, 0.6417910447761194, 0.6716417910447762, 0.6521739130434783, 0.6571428571428571, 0.6388888888888888, 0.6438356164383562, 0.6486486486486487, 0.6756756756756757, 0.7027027027027027, 0.7297297297297297, 0.7567567567567568, 0.7837837837837838, 0.8108108108108109, 0.8378378378378378, 0.8648648648648649, 0.8918918918918919, 0.918918918918919, 0.9459459459459459, 0.972972972972973, 1.0], 0.5990471530173841]}}