{"rank_algo": "random_forest_score", "seed": 98, "subsampling_proportion": 0.0001, "exec_time": 0.11300086975097656, "results": {"features": ["feature21", "feature81", "feature82", "feature0", "feature51", "feature36", "feature23", "feature33", "feature22", "feature44", "feature3", "feature50", "feature19", "feature49", "feature10", "feature64", "feature57", "feature67", "feature2", "feature55", "feature1", "feature58", "feature43", "feature26", "feature20", "feature8", "feature37", "feature30", "feature11", "feature18", "feature60", "feature7", "feature38", "feature28", "feature41", "feature29", "feature9", "feature59", "feature52", "feature90", "feature15", "feature46", "feature39", "feature54", "feature71", "feature53", "feature63", "feature12", "feature47", "feature61", "feature69", "feature68", "feature16", "feature66", "feature56", "feature17", "feature24", "feature25", "feature45", "feature40", "feature65", "feature5", "feature34", "feature27", "feature62", "feature35", "feature42", "feature13", "feature31", "feature48", "feature4", "feature6", "feature72", "feature73"], "scores": [0.042668125916910285, 0.040553851528325476, 0.03869249412624679, 0.0365483806421238, 0.03540189732531307, 0.03318231273634431, 0.03019866624156016, 0.02897457252335515, 0.0280274627045921, 0.02747123670413787, 0.026134273701373983, 0.024303146084257463, 0.023937998199689905, 0.022406616684666775, 0.021217546827712985, 0.021096526844786235, 0.020567159448800488, 0.02000979393146541, 0.01991173346574182, 0.019741857787494002, 0.019715868504081177, 0.019616887332680813, 0.01930695841768085, 0.018907810061506252, 0.017608035507164124, 0.014539276244661427, 0.014355670074124019, 0.014215399870243041, 0.013986053396021693, 0.013686556582552554, 0.013103906870647547, 0.012875465656598035, 0.012785062785441966, 0.012498764586538738, 0.0122544379677332, 0.011153458091549495, 0.010383931020642905, 0.008932720121343283, 0.008800923102789127, 0.008740961325235526, 0.008737059119360456, 0.008491196353674853, 0.008346510338365054, 0.008174113305125847, 0.007803737542848233, 0.0077468191485807756, 0.007432257547345484, 0.007361417142938143, 0.0072869653537489506, 0.006996337462176687, 0.006986289625184089, 0.00660438037450675, 0.006458388432359606, 0.006399052144010356, 0.0059978318029450944, 0.005398105324871301, 0.005073617075656259, 0.004281608958001315, 0.003983994781272446, 0.003942873222371293, 0.003915705642158885, 0.0038848950116879394, 0.0035124714770369873, 0.0032490960941869576, 0.002968964763391434, 0.0027835602034901228, 0.002057647580403164, 0.0018400312716872515, 0.001695359003887555, 0.0014088512142166722, 0.0006670617383763509, 0.0, 0.0, 0.0]}, "evaluations": {"eval_method": "jaccard_full_score", "singles": [[0.0, 0.0, 0.0, 0.14285714285714285, 0.1111111111111111, 0.09090909090909091, 0.16666666666666666, 0.14285714285714285, 0.125, 0.17647058823529413, 0.15789473684210525, 0.14285714285714285, 0.18181818181818182, 0.21739130434782608, 0.25, 0.23076923076923078, 0.25925925925925924, 0.2413793103448276, 0.26666666666666666, 0.25, 0.2727272727272727, 0.29411764705882354, 0.2777777777777778, 0.2972972972972973, 0.3157894736842105, 0.3333333333333333, 0.3170731707317073, 0.3023255813953488, 0.3181818181818182, 0.30434782608695654, 0.34782608695652173, 0.3333333333333333, 0.32, 0.3076923076923077, 0.32075471698113206, 0.3090909090909091, 0.34545454545454546, 0.38181818181818183, 0.39285714285714285, 0.42857142857142855, 0.4642857142857143, 0.5, 0.5087719298245614, 0.543859649122807, 0.5789473684210527, 0.5862068965517241, 0.6206896551724138, 0.6551724137931034, 0.6333333333333333, 0.6666666666666666, 0.6451612903225806, 0.625, 0.65625, 0.6363636363636364, 0.6176470588235294, 0.6231884057971014, 0.6521739130434783, 0.6571428571428571, 0.6857142857142857, 0.7142857142857143, 0.7428571428571429, 0.7714285714285715, 0.75, 0.7777777777777778, 0.7808219178082192, 0.8082191780821918, 0.8356164383561644, 0.863013698630137, 0.8904109589041096, 0.8918918918918919, 0.918918918918919, 0.9459459459459459, 0.972972972972973, 1.0], 0.4574659401206895], "first_gen": [[0.0, 0.0, 0.2, 0.3333333333333333, 0.25, 0.2, 0.2727272727272727, 0.23076923076923078, 0.2857142857142857, 0.3333333333333333, 0.375, 0.4117647058823529, 0.4444444444444444, 0.4, 0.5, 0.45454545454545453, 0.4166666666666667, 0.44, 0.46153846153846156, 0.42857142857142855, 0.4482758620689655, 0.41935483870967744, 0.4375, 0.4117647058823529, 0.42857142857142855, 0.4857142857142857, 0.5, 0.47368421052631576, 0.45, 0.4634146341463415, 0.4418604651162791, 0.4222222222222222, 0.40425531914893614, 0.3877551020408163, 0.4, 0.38461538461538464, 0.39622641509433965, 0.4074074074074074, 0.41818181818181815, 0.42857142857142855, 0.4642857142857143, 0.5, 0.5357142857142857, 0.5714285714285714, 0.5789473684210527, 0.559322033898305, 0.5666666666666667, 0.6, 0.6333333333333333, 0.6129032258064516, 0.6190476190476191, 0.6, 0.6060606060606061, 0.6119402985074627, 0.6417910447761194, 0.6716417910447762, 0.6521739130434783, 0.6571428571428571, 0.6388888888888888, 0.6438356164383562, 0.6712328767123288, 0.6756756756756757, 0.7027027027027027, 0.7297297297297297, 0.7567567567567568, 0.7837837837837838, 0.8108108108108109, 0.8378378378378378, 0.8648648648648649, 0.8918918918918919, 0.918918918918919, 0.9459459459459459, 0.972972972972973, 1.0], 0.5215894897075758]}}