{"rank_algo": "random_forest_score", "seed": 21, "subsampling_proportion": 0.0001, "exec_time": 0.11587119102478027, "results": {"features": ["feature1", "feature82", "feature23", "feature38", "feature81", "feature58", "feature43", "feature19", "feature20", "feature33", "feature57", "feature22", "feature7", "feature3", "feature21", "feature44", "feature49", "feature18", "feature10", "feature67", "feature9", "feature37", "feature2", "feature52", "feature60", "feature55", "feature50", "feature54", "feature8", "feature26", "feature0", "feature30", "feature59", "feature51", "feature29", "feature40", "feature36", "feature53", "feature27", "feature71", "feature41", "feature15", "feature47", "feature69", "feature35", "feature56", "feature12", "feature61", "feature63", "feature62", "feature17", "feature64", "feature28", "feature16", "feature42", "feature11", "feature13", "feature5", "feature46", "feature66", "feature65", "feature31", "feature68", "feature45", "feature25", "feature24", "feature39", "feature48", "feature90", "feature4", "feature34", "feature6", "feature72", "feature73"], "scores": [0.04052966025236691, 0.036165344233362325, 0.034891985523954325, 0.03445894450464609, 0.033161529519357205, 0.029821883975979548, 0.02855007195509685, 0.026859240541422212, 0.025428500371057004, 0.024164793128877295, 0.023501741379707675, 0.02337337534703327, 0.023355204016420425, 0.023184757606948818, 0.022801204867868376, 0.02226290812466515, 0.02127306377581847, 0.02051149601698294, 0.01958967625589493, 0.01951775444332498, 0.018199295476222604, 0.018018797563680907, 0.017470187501033935, 0.017171606998957464, 0.016554525922830226, 0.01585245907531681, 0.0157004261393637, 0.01554834782972632, 0.01472709901875087, 0.014606159938790653, 0.014342411117545242, 0.014276748707452084, 0.014066174015272706, 0.012330667265753013, 0.012302360075857516, 0.012240753744550885, 0.011991487741458003, 0.011766928403678956, 0.011631606982956285, 0.010498844081089871, 0.010367350607321761, 0.010194629658850617, 0.0089441536033837, 0.008748525659195107, 0.008112127784661303, 0.007998003961749585, 0.00788039273071505, 0.007863944674167915, 0.007565645970716884, 0.0075494618160919895, 0.0075256685184286656, 0.007492295536440412, 0.0073175916734141986, 0.006961984172397884, 0.006756418675583577, 0.006134046840096396, 0.005835996167873277, 0.00497799453919661, 0.004821313077049459, 0.004686434350664638, 0.004134641522734628, 0.003975767558324485, 0.003895415816104979, 0.0031169634597918547, 0.003113887210177133, 0.002991651840309727, 0.0023559577976023584, 0.0018639268075862903, 0.0016212475827167665, 0.001565727459623164, 0.0009308094859565471, 0.0, 0.0, 0.0]}, "evaluations": {"eval_method": "jaccard_full_score", "singles": [[0.0, 0.0, 0.2, 0.14285714285714285, 0.1111111111111111, 0.09090909090909091, 0.07692307692307693, 0.14285714285714285, 0.125, 0.1111111111111111, 0.15789473684210525, 0.14285714285714285, 0.13043478260869565, 0.12, 0.15384615384615385, 0.18518518518518517, 0.25925925925925924, 0.2413793103448276, 0.26666666666666666, 0.25, 0.2727272727272727, 0.2571428571428571, 0.2777777777777778, 0.2631578947368421, 0.28205128205128205, 0.3, 0.2857142857142857, 0.3333333333333333, 0.3181818181818182, 0.3333333333333333, 0.34782608695652173, 0.3333333333333333, 0.3469387755102041, 0.36, 0.34615384615384615, 0.3584905660377358, 0.34545454545454546, 0.35714285714285715, 0.39285714285714285, 0.42857142857142855, 0.4642857142857143, 0.5, 0.5087719298245614, 0.5172413793103449, 0.5254237288135594, 0.5333333333333333, 0.5666666666666667, 0.6, 0.6065573770491803, 0.639344262295082, 0.6190476190476191, 0.6, 0.6307692307692307, 0.6363636363636364, 0.6417910447761194, 0.6716417910447762, 0.7014925373134329, 0.7058823529411765, 0.7352941176470589, 0.7391304347826086, 0.7681159420289855, 0.7464788732394366, 0.7746478873239436, 0.8028169014084507, 0.8055555555555556, 0.8333333333333334, 0.8611111111111112, 0.863013698630137, 0.8904109589041096, 0.9178082191780822, 0.918918918918919, 0.9459459459459459, 0.972972972972973, 1.0], 0.4546938058247974], "first_gen": [[0.0, 0.0, 0.5, 0.3333333333333333, 0.42857142857142855, 0.5, 0.4, 0.3333333333333333, 0.2857142857142857, 0.25, 0.2222222222222222, 0.2631578947368421, 0.3, 0.4, 0.42857142857142855, 0.45454545454545453, 0.4782608695652174, 0.5652173913043478, 0.5833333333333334, 0.5384615384615384, 0.5555555555555556, 0.5172413793103449, 0.5333333333333333, 0.5, 0.47058823529411764, 0.4444444444444444, 0.42105263157894735, 0.4, 0.4146341463414634, 0.42857142857142855, 0.4418604651162791, 0.4222222222222222, 0.40425531914893614, 0.44680851063829785, 0.42857142857142855, 0.46938775510204084, 0.48, 0.46153846153846156, 0.5, 0.5094339622641509, 0.5185185185185185, 0.5272727272727272, 0.5636363636363636, 0.5714285714285714, 0.5517241379310345, 0.5862068965517241, 0.6206896551724138, 0.6271186440677966, 0.6333333333333333, 0.6666666666666666, 0.6721311475409836, 0.6507936507936508, 0.65625, 0.6875, 0.6923076923076923, 0.6716417910447762, 0.6521739130434783, 0.6811594202898551, 0.6857142857142857, 0.7142857142857143, 0.7183098591549296, 0.7222222222222222, 0.726027397260274, 0.7297297297297297, 0.7567567567567568, 0.7837837837837838, 0.8108108108108109, 0.8378378378378378, 0.8648648648648649, 0.8918918918918919, 0.918918918918919, 0.9459459459459459, 0.972972972972973, 1.0], 0.5523951769106129]}}