{"rank_algo": "random_forest_score", "seed": 84, "subsampling_proportion": 0.1, "exec_time": 46.466999769210815, "results": {"features": ["feature82", "feature81", "feature23", "feature22", "feature33", "feature1", "feature57", "feature55", "feature2", "feature60", "feature21", "feature3", "feature58", "feature49", "feature10", "feature0", "feature20", "feature19", "feature18", "feature9", "feature8", "feature67", "feature71", "feature44", "feature50", "feature7", "feature29", "feature26", "feature59", "feature30", "feature47", "feature11", "feature64", "feature41", "feature51", "feature36", "feature46", "feature17", "feature52", "feature43", "feature69", "feature63", "feature66", "feature38", "feature53", "feature12", "feature54", "feature37", "feature15", "feature40", "feature5", "feature28", "feature68", "feature42", "feature24", "feature39", "feature61", "feature62", "feature45", "feature31", "feature25", "feature90", "feature27", "feature56", "feature65", "feature13", "feature48", "feature4", "feature35", "feature16", "feature34", "feature72", "feature6", "feature73"], "scores": [0.06252791464566329, 0.05809896054263442, 0.05755770615951843, 0.02956941644566743, 0.028576063194400248, 0.026182192000551604, 0.02607855666763032, 0.024408138504708132, 0.023968328087015555, 0.023174325375314372, 0.022687182227049373, 0.021268301208915895, 0.021112753675465664, 0.020658643715450488, 0.020221467036982674, 0.019288640334622152, 0.01875626550452208, 0.018325350387573925, 0.01826126397998449, 0.01736673625375007, 0.01716324551788904, 0.0159067078977719, 0.015594068148185331, 0.015131447640327388, 0.015060536358741161, 0.014912070127813952, 0.01416688319754461, 0.014150881535700106, 0.013011264859737115, 0.012848910541676748, 0.012692852090727019, 0.011855940187229502, 0.011762087934068717, 0.01129941455598468, 0.011264885575238904, 0.010703247030495123, 0.010428814969392129, 0.010133494731284031, 0.009892891459629582, 0.00981035784132333, 0.009618941852773568, 0.009056584464877759, 0.00890435736583589, 0.008522619996932622, 0.008151956951508459, 0.008107794844148489, 0.00801924076331046, 0.007937997778117606, 0.007847246759839815, 0.0077048438151571955, 0.007417819948534153, 0.0071023490338949025, 0.006942969097131351, 0.006596019463151291, 0.006183481777578186, 0.006178167447410822, 0.0058593355596577665, 0.005181045204119626, 0.004712544099383939, 0.004542297484505773, 0.004454597261806242, 0.004424879994721846, 0.004354773751359101, 0.004299731272239523, 0.0040538287690975346, 0.0035793965203354127, 0.003565703187790763, 0.0030228804794739566, 0.0029340176397067443, 0.0024966583214949866, 0.002085483061628592, 0.00021681352828739733, 2.9603781512090025e-05, 1.581057449509945e-05]}, "evaluations": {"eval_method": "jaccard_full_score", "singles": [[0.0, 0.0, 0.2, 0.14285714285714285, 0.1111111111111111, 0.09090909090909091, 0.07692307692307693, 0.06666666666666667, 0.058823529411764705, 0.05263157894736842, 0.15789473684210525, 0.14285714285714285, 0.13043478260869565, 0.16666666666666666, 0.2, 0.18518518518518517, 0.25925925925925924, 0.3333333333333333, 0.3103448275862069, 0.2903225806451613, 0.3125, 0.29411764705882354, 0.2777777777777778, 0.2972972972972973, 0.28205128205128205, 0.3, 0.2857142857142857, 0.3333333333333333, 0.3488372093023256, 0.36363636363636365, 0.37777777777777777, 0.391304347826087, 0.375, 0.3877551020408163, 0.4, 0.38461538461538464, 0.39622641509433965, 0.4074074074074074, 0.41818181818181815, 0.42857142857142855, 0.43859649122807015, 0.47368421052631576, 0.4827586206896552, 0.4666666666666667, 0.47540983606557374, 0.5081967213114754, 0.5409836065573771, 0.5737704918032787, 0.5806451612903226, 0.6129032258064516, 0.6190476190476191, 0.625, 0.6307692307692307, 0.6363636363636364, 0.6417910447761194, 0.6231884057971014, 0.6521739130434783, 0.6811594202898551, 0.7101449275362319, 0.7142857142857143, 0.7183098591549296, 0.7464788732394366, 0.7746478873239436, 0.8028169014084507, 0.8055555555555556, 0.8333333333333334, 0.8356164383561644, 0.863013698630137, 0.8904109589041096, 0.9178082191780822, 0.918918918918919, 0.9459459459459459, 0.972972972972973, 1.0], 0.4555026588530504], "first_gen": [[0.0, 0.0, 0.5, 1.0, 0.6666666666666666, 0.7142857142857143, 0.5555555555555556, 0.45454545454545453, 0.5, 0.42857142857142855, 0.4666666666666667, 0.5, 0.4444444444444444, 0.4, 0.42857142857142855, 0.45454545454545453, 0.4782608695652174, 0.5652173913043478, 0.5833333333333334, 0.6, 0.6153846153846154, 0.5714285714285714, 0.5862068965517241, 0.6, 0.5625, 0.5294117647058824, 0.5, 0.5135135135135135, 0.48717948717948717, 0.4634146341463415, 0.47619047619047616, 0.45454545454545453, 0.43478260869565216, 0.4166666666666667, 0.42857142857142855, 0.46938775510204084, 0.48, 0.49019607843137253, 0.4716981132075472, 0.48148148148148145, 0.4642857142857143, 0.4482758620689655, 0.4576271186440678, 0.4915254237288136, 0.47540983606557374, 0.4838709677419355, 0.5161290322580645, 0.5483870967741935, 0.5806451612903226, 0.6129032258064516, 0.6190476190476191, 0.625, 0.6060606060606061, 0.6363636363636364, 0.6417910447761194, 0.6716417910447762, 0.6521739130434783, 0.6811594202898551, 0.6619718309859155, 0.6438356164383562, 0.6486486486486487, 0.6756756756756757, 0.7027027027027027, 0.7297297297297297, 0.7567567567567568, 0.7837837837837838, 0.8108108108108109, 0.8378378378378378, 0.8648648648648649, 0.8918918918918919, 0.918918918918919, 0.9459459459459459, 0.972972972972973, 1.0], 0.5798886220700409]}}