{"rank_algo": "random_forest_score", "seed": 57, "subsampling_proportion": 0.00016, "exec_time": 0.1250007152557373, "results": {"features": ["feature81", "feature33", "feature82", "feature19", "feature18", "feature2", "feature21", "feature20", "feature22", "feature57", "feature60", "feature44", "feature1", "feature9", "feature23", "feature43", "feature3", "feature0", "feature8", "feature47", "feature55", "feature10", "feature58", "feature26", "feature42", "feature59", "feature11", "feature64", "feature17", "feature5", "feature24", "feature38", "feature37", "feature7", "feature49", "feature67", "feature54", "feature30", "feature39", "feature46", "feature41", "feature29", "feature68", "feature12", "feature62", "feature63", "feature50", "feature52", "feature36", "feature31", "feature51", "feature35", "feature69", "feature15", "feature71", "feature61", "feature34", "feature56", "feature25", "feature66", "feature40", "feature28", "feature53", "feature45", "feature48", "feature65", "feature13", "feature27", "feature16", "feature4", "feature90", "feature6", "feature72", "feature73"], "scores": [0.04961842888590057, 0.03843111143884389, 0.034501815611903346, 0.02828085768278759, 0.027334184633278122, 0.02709785553638635, 0.02702369684493758, 0.02639033233983325, 0.025842709048487827, 0.02579519354342373, 0.02471811114160299, 0.024517186253458542, 0.02426200977931183, 0.023934243044030933, 0.023846750704906668, 0.022032972174555868, 0.021990182344004024, 0.02113159000048022, 0.021124838298083298, 0.02111304362575623, 0.020965237769991686, 0.02044824108264387, 0.018984828168856823, 0.017460554667844103, 0.015668247224125444, 0.01470690710427955, 0.01414850888747941, 0.01403772531346421, 0.013771597250366441, 0.013629316798536078, 0.013125559875108524, 0.012754481526601446, 0.012557913579270616, 0.01228624638438788, 0.01160933150491692, 0.011254850781540593, 0.011121027944325101, 0.011017694248647743, 0.010994619782725723, 0.01098496129231772, 0.010272898501189419, 0.009867046255465405, 0.009862859712842302, 0.00900985245028634, 0.008725166910464092, 0.008680533615951733, 0.008441217886154434, 0.008186076765566111, 0.008026842101312692, 0.007669928281939781, 0.007543319187739165, 0.007044612238716109, 0.006736943179571756, 0.00666815065815145, 0.006644877846067122, 0.0062356587718758434, 0.00505998026407386, 0.005026944428310896, 0.004346100995570143, 0.0042752463544493465, 0.0039007888543020814, 0.003609364242678004, 0.003417677188428786, 0.0034118825734906428, 0.003209161943073009, 0.0031542324424945235, 0.002491281464730101, 0.00249104815060851, 0.002488918151746701, 0.0020822286373846375, 0.0009041958259622772, 0.0, 0.0, 0.0]}, "evaluations": {"eval_method": "jaccard_full_score", "singles": [[0.0, 0.0, 0.0, 0.0, 0.0, 0.09090909090909091, 0.16666666666666666, 0.14285714285714285, 0.125, 0.1111111111111111, 0.1, 0.09090909090909091, 0.13043478260869565, 0.12, 0.15384615384615385, 0.18518518518518517, 0.21428571428571427, 0.2413793103448276, 0.22580645161290322, 0.21212121212121213, 0.2, 0.2222222222222222, 0.24324324324324326, 0.2972972972972973, 0.28205128205128205, 0.3333333333333333, 0.35, 0.36585365853658536, 0.38095238095238093, 0.36363636363636365, 0.37777777777777777, 0.391304347826087, 0.375, 0.36, 0.37254901960784315, 0.3584905660377358, 0.37037037037037035, 0.35714285714285715, 0.3684210526315789, 0.40350877192982454, 0.43859649122807015, 0.423728813559322, 0.43333333333333335, 0.4666666666666667, 0.5, 0.5081967213114754, 0.5409836065573771, 0.5737704918032787, 0.6065573770491803, 0.6129032258064516, 0.6190476190476191, 0.6, 0.6060606060606061, 0.6119402985074627, 0.6176470588235294, 0.6231884057971014, 0.6285714285714286, 0.6571428571428571, 0.6619718309859155, 0.6666666666666666, 0.6944444444444444, 0.7222222222222222, 0.726027397260274, 0.7534246575342466, 0.7567567567567568, 0.7837837837837838, 0.8108108108108109, 0.8378378378378378, 0.8648648648648649, 0.8918918918918919, 0.918918918918919, 0.9459459459459459, 0.972972972972973, 1.0], 0.4337060611125738], "first_gen": [[0.0, 0.0, 0.2, 0.3333333333333333, 0.25, 0.2, 0.16666666666666666, 0.23076923076923078, 0.2857142857142857, 0.3333333333333333, 0.29411764705882354, 0.2631578947368421, 0.3684210526315789, 0.47368421052631576, 0.5789473684210527, 0.6, 0.7, 0.7142857142857143, 0.7272727272727273, 0.6666666666666666, 0.6153846153846154, 0.6296296296296297, 0.5862068965517241, 0.5483870967741935, 0.5625, 0.5757575757575758, 0.5428571428571428, 0.5135135135135135, 0.5263157894736842, 0.5789473684210527, 0.55, 0.5238095238095238, 0.5, 0.4782608695652174, 0.48936170212765956, 0.5, 0.5102040816326531, 0.49019607843137253, 0.5294117647058824, 0.5384615384615384, 0.5471698113207547, 0.5272727272727272, 0.5357142857142857, 0.5714285714285714, 0.5789473684210527, 0.559322033898305, 0.5666666666666667, 0.5737704918032787, 0.6065573770491803, 0.5873015873015873, 0.59375, 0.6, 0.6060606060606061, 0.6363636363636364, 0.6417910447761194, 0.6470588235294118, 0.6521739130434783, 0.6811594202898551, 0.6619718309859155, 0.6666666666666666, 0.6944444444444444, 0.7222222222222222, 0.726027397260274, 0.7297297297297297, 0.7567567567567568, 0.7837837837837838, 0.8108108108108109, 0.8378378378378378, 0.8648648648648649, 0.8918918918918919, 0.918918918918919, 0.9459459459459459, 0.972972972972973, 1.0], 0.5667524624458372]}}