{"rank_algo": "random_forest_score", "seed": 34, "subsampling_proportion": 0.004, "exec_time": 1.6920549869537354, "results": {"features": ["feature82", "feature81", "feature23", "feature22", "feature33", "feature55", "feature2", "feature0", "feature57", "feature1", "feature21", "feature3", "feature10", "feature58", "feature49", "feature20", "feature60", "feature9", "feature18", "feature19", "feature8", "feature44", "feature7", "feature26", "feature71", "feature50", "feature67", "feature29", "feature47", "feature30", "feature59", "feature36", "feature64", "feature17", "feature41", "feature11", "feature69", "feature38", "feature63", "feature52", "feature15", "feature51", "feature54", "feature43", "feature46", "feature42", "feature37", "feature66", "feature12", "feature39", "feature40", "feature53", "feature61", "feature68", "feature28", "feature24", "feature56", "feature31", "feature5", "feature62", "feature45", "feature90", "feature25", "feature16", "feature27", "feature65", "feature34", "feature35", "feature48", "feature13", "feature4", "feature6", "feature72", "feature73"], "scores": [0.06681009427538133, 0.05717976415636234, 0.038744820692489794, 0.028300219410422343, 0.02597874947528741, 0.025570948188150994, 0.025027208963860507, 0.02403742851491446, 0.024036500557713208, 0.02366208031525261, 0.02257850166776806, 0.022349817894340932, 0.02158076218566812, 0.020825571234116075, 0.02043620826019414, 0.020127146884189234, 0.01915413317515937, 0.018633592214478033, 0.01860302114757814, 0.0185100683888374, 0.01849402463290949, 0.017375193221342157, 0.016849764728640217, 0.015125819695955731, 0.015062048884525695, 0.015031860481278598, 0.014856589995237477, 0.01466880472264449, 0.014209835570541833, 0.0129200105709684, 0.012390811485414061, 0.011964949586486832, 0.011356053168901474, 0.01125201336984523, 0.011171672427008643, 0.011126620777587177, 0.010832128478442258, 0.010083416843052494, 0.010066236564367613, 0.009936680876819976, 0.009873613299297215, 0.009815554329638754, 0.009416048001562675, 0.009140619850293193, 0.00899638617384977, 0.008813898581022456, 0.008775379533767176, 0.008574816262021523, 0.008503067647622183, 0.008490427198352362, 0.007573290658256833, 0.007124004219735786, 0.0067205550831404524, 0.006420678959051864, 0.0062083690826220395, 0.006002533934711769, 0.005420981534976653, 0.005417691909139679, 0.005284135703017909, 0.004955467391865612, 0.004897756259086227, 0.00469043430100563, 0.004467173721411651, 0.004231561805801604, 0.003938601538594481, 0.003827760453707633, 0.0034716672944055233, 0.003457077899349019, 0.003381510791577462, 0.0028034967945018323, 0.0019351006748784259, 0.0002723793036854036, 0.00017678612391485303, 0.0]}, "evaluations": {"eval_method": "jaccard_full_score", "singles": [[0.0, 0.0, 0.2, 0.14285714285714285, 0.1111111111111111, 0.09090909090909091, 0.07692307692307693, 0.06666666666666667, 0.058823529411764705, 0.05263157894736842, 0.15789473684210525, 0.14285714285714285, 0.18181818181818182, 0.16666666666666666, 0.2, 0.23076923076923078, 0.25925925925925924, 0.2857142857142857, 0.26666666666666666, 0.2903225806451613, 0.3125, 0.29411764705882354, 0.2777777777777778, 0.3333333333333333, 0.3157894736842105, 0.3333333333333333, 0.3170731707317073, 0.3333333333333333, 0.3181818181818182, 0.3333333333333333, 0.37777777777777777, 0.3617021276595745, 0.3469387755102041, 0.3333333333333333, 0.34615384615384615, 0.3584905660377358, 0.34545454545454546, 0.35714285714285715, 0.39285714285714285, 0.40350877192982454, 0.43859649122807015, 0.47368421052631576, 0.5087719298245614, 0.4915254237288136, 0.5254237288135594, 0.559322033898305, 0.5932203389830508, 0.6, 0.6065573770491803, 0.6129032258064516, 0.6190476190476191, 0.6, 0.6307692307692307, 0.6119402985074627, 0.6176470588235294, 0.6231884057971014, 0.6521739130434783, 0.6571428571428571, 0.6857142857142857, 0.7142857142857143, 0.7428571428571429, 0.7714285714285715, 0.7746478873239436, 0.8028169014084507, 0.8055555555555556, 0.8333333333333334, 0.8356164383561644, 0.863013698630137, 0.8648648648648649, 0.8918918918918919, 0.918918918918919, 0.9459459459459459, 0.972972972972973, 1.0], 0.4536959202625604], "first_gen": [[0.0, 0.0, 0.5, 1.0, 0.6666666666666666, 0.5, 0.4, 0.45454545454545453, 0.38461538461538464, 0.42857142857142855, 0.4666666666666667, 0.6, 0.625, 0.5555555555555556, 0.5, 0.5238095238095238, 0.4782608695652174, 0.5652173913043478, 0.5833333333333334, 0.6, 0.6153846153846154, 0.6296296296296297, 0.5862068965517241, 0.5483870967741935, 0.5625, 0.5757575757575758, 0.5428571428571428, 0.5135135135135135, 0.48717948717948717, 0.5, 0.47619047619047616, 0.45454545454545453, 0.43478260869565216, 0.44680851063829785, 0.4583333333333333, 0.46938775510204084, 0.45098039215686275, 0.4339622641509434, 0.4444444444444444, 0.42857142857142855, 0.43859649122807015, 0.4482758620689655, 0.4827586206896552, 0.5172413793103449, 0.5254237288135594, 0.5333333333333333, 0.5666666666666667, 0.5737704918032787, 0.6065573770491803, 0.639344262295082, 0.6451612903225806, 0.625, 0.6060606060606061, 0.6119402985074627, 0.6417910447761194, 0.6470588235294118, 0.6521739130434783, 0.6571428571428571, 0.6619718309859155, 0.6666666666666666, 0.6712328767123288, 0.6986301369863014, 0.7027027027027027, 0.7297297297297297, 0.7567567567567568, 0.7837837837837838, 0.8108108108108109, 0.8378378378378378, 0.8648648648648649, 0.8918918918918919, 0.918918918918919, 0.9459459459459459, 0.972972972972973, 1.0], 0.5852695845797053]}}