{"rank_algo": "random_forest_score", "seed": 99, "subsampling_proportion": 0.00063, "exec_time": 0.32274580001831055, "results": {"features": ["feature81", "feature82", "feature23", "feature33", "feature57", "feature22", "feature2", "feature58", "feature0", "feature3", "feature10", "feature9", "feature44", "feature60", "feature1", "feature19", "feature8", "feature67", "feature21", "feature49", "feature55", "feature29", "feature18", "feature20", "feature7", "feature26", "feature56", "feature64", "feature50", "feature51", "feature36", "feature30", "feature63", "feature17", "feature71", "feature38", "feature11", "feature66", "feature53", "feature47", "feature28", "feature46", "feature41", "feature27", "feature37", "feature15", "feature69", "feature54", "feature12", "feature52", "feature68", "feature48", "feature59", "feature40", "feature43", "feature61", "feature42", "feature39", "feature90", "feature16", "feature65", "feature5", "feature35", "feature31", "feature45", "feature13", "feature24", "feature25", "feature62", "feature34", "feature72", "feature4", "feature6", "feature73"], "scores": [0.04983993562834289, 0.04689208816146161, 0.043373787119028215, 0.02573490032292224, 0.02442198087418205, 0.024234782805121372, 0.023156901105813726, 0.02266416956143374, 0.022567530556678136, 0.021691513265570526, 0.02147748025433985, 0.021308801201656326, 0.020686138010705738, 0.020269696057114324, 0.019787959248067997, 0.019416945682408728, 0.019280359836335987, 0.019137467380066685, 0.018679174745334853, 0.018498276400974414, 0.018353947553894367, 0.01824351101023418, 0.017641362498661238, 0.016947856872299657, 0.016423366510341496, 0.016078931782023107, 0.015188918018379637, 0.014822784872079362, 0.01383628773095761, 0.01332654817677006, 0.013274363986407854, 0.013112263057229156, 0.01281250482131493, 0.012187838365569293, 0.012001515099121207, 0.01145213684336663, 0.011208176049973421, 0.010841833597842021, 0.010664614131653838, 0.010641182828417401, 0.010321472285614159, 0.010216934033254426, 0.010084048046147619, 0.010066998948037533, 0.010015460008217316, 0.009717048388072995, 0.009654106604626504, 0.009278051122763052, 0.009179277015132969, 0.008904308940279309, 0.008682881978107833, 0.00841563836738627, 0.008400267965186128, 0.008212400587081918, 0.007797664825044883, 0.007671799661822819, 0.007236063786354477, 0.0068091934369013726, 0.006631704863628978, 0.0064820346852957, 0.005273762422155555, 0.00484392005999197, 0.004578649419295487, 0.00431347361998442, 0.004156389763397292, 0.003981184273184895, 0.003553967948664955, 0.0031533873302586816, 0.0031506768932302236, 0.0031088352454795337, 0.0022907887407059104, 0.0016377767105989836, 0.0, 0.0]}, "evaluations": {"eval_method": "jaccard_full_score", "singles": [[0.0, 0.0, 0.2, 0.14285714285714285, 0.1111111111111111, 0.09090909090909091, 0.07692307692307693, 0.06666666666666667, 0.058823529411764705, 0.05263157894736842, 0.1, 0.09090909090909091, 0.08333333333333333, 0.07692307692307693, 0.1111111111111111, 0.14285714285714285, 0.1724137931034483, 0.2, 0.22580645161290322, 0.25, 0.2727272727272727, 0.2571428571428571, 0.24324324324324326, 0.2972972972972973, 0.28205128205128205, 0.3333333333333333, 0.3170731707317073, 0.3333333333333333, 0.3181818181818182, 0.3333333333333333, 0.34782608695652173, 0.3333333333333333, 0.3469387755102041, 0.3333333333333333, 0.34615384615384615, 0.3333333333333333, 0.34545454545454546, 0.35714285714285715, 0.3684210526315789, 0.3793103448275862, 0.41379310344827586, 0.4482758620689655, 0.4827586206896552, 0.4915254237288136, 0.5254237288135594, 0.5333333333333333, 0.5409836065573771, 0.5737704918032787, 0.5806451612903226, 0.6129032258064516, 0.59375, 0.5757575757575758, 0.6060606060606061, 0.6119402985074627, 0.5942028985507246, 0.6231884057971014, 0.6521739130434783, 0.6571428571428571, 0.6857142857142857, 0.7142857142857143, 0.7428571428571429, 0.7714285714285715, 0.75, 0.7777777777777778, 0.8055555555555556, 0.8333333333333334, 0.8611111111111112, 0.863013698630137, 0.8904109589041096, 0.8918918918918919, 0.918918918918919, 0.9459459459459459, 0.972972972972973, 1.0], 0.43527517312953773], "first_gen": [[0.0, 0.0, 0.5, 0.6, 0.42857142857142855, 0.5, 0.4, 0.45454545454545453, 0.38461538461538464, 0.42857142857142855, 0.4666666666666667, 0.6, 0.5294117647058824, 0.47368421052631576, 0.5789473684210527, 0.6, 0.6190476190476191, 0.5652173913043478, 0.5833333333333334, 0.6, 0.5555555555555556, 0.5172413793103449, 0.5333333333333333, 0.5483870967741935, 0.5151515151515151, 0.5294117647058824, 0.5, 0.47368421052631576, 0.48717948717948717, 0.5, 0.47619047619047616, 0.45454545454545453, 0.43478260869565216, 0.44680851063829785, 0.48936170212765956, 0.46938775510204084, 0.45098039215686275, 0.4339622641509434, 0.4444444444444444, 0.45454545454545453, 0.43859649122807015, 0.47368421052631576, 0.4827586206896552, 0.5172413793103449, 0.5254237288135594, 0.5333333333333333, 0.5409836065573771, 0.5483870967741935, 0.5806451612903226, 0.6129032258064516, 0.59375, 0.6, 0.6060606060606061, 0.6363636363636364, 0.6666666666666666, 0.6716417910447762, 0.6764705882352942, 0.7058823529411765, 0.7101449275362319, 0.7142857142857143, 0.7183098591549296, 0.7222222222222222, 0.726027397260274, 0.7534246575342466, 0.7567567567567568, 0.7837837837837838, 0.8108108108108109, 0.8378378378378378, 0.8648648648648649, 0.8918918918918919, 0.918918918918919, 0.9459459459459459, 0.972972972972973, 1.0], 0.5762541988063289]}}