{"rank_algo": "random_forest_score", "seed": 53, "subsampling_proportion": 0.0025, "exec_time": 1.083301305770874, "results": {"features": ["feature82", "feature81", "feature23", "feature22", "feature33", "feature18", "feature2", "feature57", "feature55", "feature21", "feature1", "feature10", "feature58", "feature3", "feature9", "feature0", "feature8", "feature19", "feature20", "feature60", "feature49", "feature44", "feature26", "feature7", "feature67", "feature29", "feature50", "feature47", "feature71", "feature51", "feature64", "feature30", "feature46", "feature17", "feature52", "feature69", "feature59", "feature11", "feature36", "feature41", "feature63", "feature43", "feature38", "feature15", "feature54", "feature53", "feature42", "feature12", "feature66", "feature5", "feature37", "feature40", "feature39", "feature28", "feature68", "feature56", "feature24", "feature61", "feature45", "feature31", "feature48", "feature62", "feature27", "feature25", "feature65", "feature13", "feature35", "feature4", "feature16", "feature90", "feature34", "feature72", "feature6", "feature73"], "scores": [0.06117014852028545, 0.055611474674228806, 0.048156919659875425, 0.028747709415003816, 0.02494094424916911, 0.02487818420879635, 0.0240925557020854, 0.023967069366523343, 0.02386337710775849, 0.023763071838503517, 0.022741517909463885, 0.022231376727636226, 0.02157113265308508, 0.02146106169619655, 0.0211788024165316, 0.021056931641744353, 0.020879884324491636, 0.020661101715416796, 0.0203253943500068, 0.019873370145923802, 0.018537974623424956, 0.018207136202920932, 0.017794589762097336, 0.01653107691126747, 0.014334921544285872, 0.013204872579261713, 0.013123658508761911, 0.01282505092551493, 0.012112894425731636, 0.012108275875626035, 0.011763475782231254, 0.011640766679319509, 0.01143678116418539, 0.011173625167912718, 0.010980915903939938, 0.0109573670323424, 0.010950812182178825, 0.010830580549945791, 0.010196466488714988, 0.010169233673440829, 0.009907060241244617, 0.009439478562316384, 0.009224108612993434, 0.008620785757772394, 0.008357630758505956, 0.00812695129942591, 0.008123236645136925, 0.008055017498398447, 0.008053421961780246, 0.007984219694345037, 0.00782396434990697, 0.007249866159322145, 0.0066949644851591805, 0.006395108243601002, 0.0062726178673751885, 0.006163612475600117, 0.005877170725135351, 0.005570985719767412, 0.0055430683936325, 0.005518940247094029, 0.005308749828392389, 0.005292780538824728, 0.004506133874730476, 0.0042209447385569854, 0.003865421904698187, 0.0036750115156538917, 0.003037077722731546, 0.0028706166556517272, 0.002676949851363684, 0.0026763150186557695, 0.0022547390199545514, 0.0005605453264420195, 0.0, 0.0]}, "evaluations": {"eval_method": "jaccard_full_score", "singles": [[0.0, 0.0, 0.2, 0.14285714285714285, 0.1111111111111111, 0.09090909090909091, 0.07692307692307693, 0.06666666666666667, 0.058823529411764705, 0.1111111111111111, 0.15789473684210525, 0.2, 0.18181818181818182, 0.16666666666666666, 0.15384615384615385, 0.14285714285714285, 0.1724137931034483, 0.2413793103448276, 0.26666666666666666, 0.25, 0.3125, 0.29411764705882354, 0.3142857142857143, 0.3333333333333333, 0.3157894736842105, 0.3333333333333333, 0.3170731707317073, 0.3333333333333333, 0.3181818181818182, 0.36363636363636365, 0.37777777777777777, 0.3617021276595745, 0.375, 0.36, 0.34615384615384615, 0.3333333333333333, 0.34545454545454546, 0.35714285714285715, 0.39285714285714285, 0.42857142857142855, 0.4642857142857143, 0.47368421052631576, 0.4827586206896552, 0.4915254237288136, 0.5254237288135594, 0.5333333333333333, 0.5666666666666667, 0.6, 0.5806451612903226, 0.6129032258064516, 0.6190476190476191, 0.625, 0.6307692307692307, 0.6363636363636364, 0.6176470588235294, 0.6231884057971014, 0.6521739130434783, 0.6811594202898551, 0.7101449275362319, 0.7142857142857143, 0.7183098591549296, 0.7464788732394366, 0.7746478873239436, 0.7777777777777778, 0.7808219178082192, 0.8082191780821918, 0.8356164383561644, 0.863013698630137, 0.8904109589041096, 0.9178082191780822, 0.918918918918919, 0.9459459459459459, 0.972972972972973, 1.0], 0.45202014089115566], "first_gen": [[0.0, 0.0, 0.5, 1.0, 0.6666666666666666, 0.5, 0.4, 0.45454545454545453, 0.38461538461538464, 0.42857142857142855, 0.4666666666666667, 0.5, 0.4444444444444444, 0.47368421052631576, 0.5, 0.6, 0.6190476190476191, 0.6363636363636364, 0.6521739130434783, 0.6, 0.6153846153846154, 0.6296296296296297, 0.5862068965517241, 0.5483870967741935, 0.5151515151515151, 0.5294117647058824, 0.5, 0.47368421052631576, 0.48717948717948717, 0.5384615384615384, 0.5121951219512195, 0.4883720930232558, 0.5, 0.5111111111111111, 0.48936170212765956, 0.46938775510204084, 0.48, 0.46153846153846156, 0.4716981132075472, 0.45454545454545453, 0.43859649122807015, 0.4482758620689655, 0.4827586206896552, 0.5172413793103449, 0.5254237288135594, 0.5081967213114754, 0.5409836065573771, 0.5737704918032787, 0.5806451612903226, 0.6129032258064516, 0.6190476190476191, 0.625, 0.6307692307692307, 0.6615384615384615, 0.6666666666666666, 0.696969696969697, 0.6764705882352942, 0.6811594202898551, 0.6619718309859155, 0.6438356164383562, 0.6712328767123288, 0.6986301369863014, 0.7027027027027027, 0.7297297297297297, 0.7567567567567568, 0.7837837837837838, 0.8108108108108109, 0.8378378378378378, 0.8648648648648649, 0.8918918918918919, 0.918918918918919, 0.9459459459459459, 0.972972972972973, 1.0], 0.5885861594684686]}}