{"rank_algo": "random_forest_score", "seed": 23, "subsampling_proportion": 0.0001, "exec_time": 0.11600136756896973, "results": {"features": ["feature23", "feature57", "feature69", "feature21", "feature58", "feature1", "feature55", "feature22", "feature3", "feature30", "feature33", "feature2", "feature28", "feature29", "feature63", "feature10", "feature82", "feature81", "feature60", "feature0", "feature9", "feature8", "feature38", "feature64", "feature7", "feature26", "feature49", "feature68", "feature25", "feature20", "feature50", "feature18", "feature71", "feature53", "feature36", "feature56", "feature40", "feature44", "feature17", "feature37", "feature52", "feature19", "feature65", "feature54", "feature67", "feature43", "feature51", "feature66", "feature39", "feature41", "feature45", "feature47", "feature11", "feature42", "feature46", "feature12", "feature27", "feature24", "feature61", "feature59", "feature48", "feature62", "feature31", "feature5", "feature15", "feature35", "feature34", "feature4", "feature13", "feature90", "feature16", "feature6", "feature72", "feature73"], "scores": [0.03670642223344106, 0.032977335684404634, 0.03148836139732498, 0.03069583203657017, 0.030582334613570752, 0.029588219560227433, 0.027107744420086507, 0.025763101907155382, 0.02554626136134599, 0.023567710535812688, 0.023560890013104564, 0.022104623294559384, 0.021418245969475627, 0.021389083847427024, 0.021231153716164283, 0.020851356826213387, 0.020701427955774294, 0.019885490167805935, 0.01935318968311302, 0.01926004858146292, 0.018856259486938837, 0.018814471541035722, 0.01747523946902469, 0.01739943839239381, 0.017244218824648782, 0.016830280353036808, 0.016696337128812477, 0.016187454334223614, 0.0161353256105241, 0.015915020078578392, 0.015531245109814016, 0.014715955829833854, 0.014042989421286968, 0.013977061558476816, 0.013326475142857681, 0.012482039066738716, 0.012394841722650464, 0.011828789516226014, 0.011509923512075294, 0.011470397985589135, 0.01104340954079913, 0.010912095109856943, 0.010829325024556165, 0.010190754312712467, 0.009883799109459496, 0.009581827122438116, 0.00946080079524661, 0.009208529316472841, 0.0078066682102379305, 0.007620775454666197, 0.007518008192031977, 0.007285933107704813, 0.007101242112394504, 0.007030371482246071, 0.006823173291932078, 0.006097060728649381, 0.00600521991877684, 0.005802007066147986, 0.005661485456208535, 0.004969627353755286, 0.004903208195391871, 0.0047748284702806825, 0.0043468164620170165, 0.004197317517128608, 0.004024936239368152, 0.0034405220841114354, 0.0030583436934079242, 0.0014505347789881755, 0.0012448853549603222, 0.0011138966082460367, 0.0, 0.0, 0.0, 0.0]}, "evaluations": {"eval_method": "jaccard_full_score", "singles": [[1.0, 0.3333333333333333, 0.2, 0.3333333333333333, 0.25, 0.2, 0.16666666666666666, 0.14285714285714285, 0.125, 0.1111111111111111, 0.15789473684210525, 0.14285714285714285, 0.13043478260869565, 0.12, 0.1111111111111111, 0.14285714285714285, 0.1724137931034483, 0.2, 0.1875, 0.17647058823529413, 0.2, 0.1891891891891892, 0.21052631578947367, 0.23076923076923078, 0.21951219512195122, 0.2682926829268293, 0.2857142857142857, 0.3023255813953488, 0.28888888888888886, 0.30434782608695654, 0.2916666666666667, 0.30612244897959184, 0.32, 0.3076923076923077, 0.2962962962962963, 0.2857142857142857, 0.32142857142857145, 0.3333333333333333, 0.3448275862068966, 0.3559322033898305, 0.36666666666666664, 0.4, 0.4098360655737705, 0.4426229508196721, 0.45161290322580644, 0.4603174603174603, 0.49206349206349204, 0.5, 0.48484848484848486, 0.5151515151515151, 0.5223880597014925, 0.5072463768115942, 0.5362318840579711, 0.5428571428571428, 0.5714285714285714, 0.6, 0.6285714285714286, 0.6571428571428571, 0.6857142857142857, 0.7142857142857143, 0.7183098591549296, 0.7464788732394366, 0.75, 0.7777777777777778, 0.7808219178082192, 0.8082191780821918, 0.8108108108108109, 0.8378378378378378, 0.8648648648648649, 0.8918918918918919, 0.918918918918919, 0.9459459459459459, 0.972972972972973, 1.0], 0.42986654094589294], "first_gen": [[1.0, 0.3333333333333333, 0.2, 0.14285714285714285, 0.1111111111111111, 0.2, 0.16666666666666666, 0.23076923076923078, 0.2857142857142857, 0.3333333333333333, 0.29411764705882354, 0.3333333333333333, 0.3, 0.2727272727272727, 0.25, 0.28, 0.3076923076923077, 0.3333333333333333, 0.3103448275862069, 0.3333333333333333, 0.3548387096774194, 0.375, 0.35294117647058826, 0.3333333333333333, 0.3157894736842105, 0.3333333333333333, 0.35, 0.3333333333333333, 0.3181818181818182, 0.3333333333333333, 0.3191489361702128, 0.3333333333333333, 0.3469387755102041, 0.3333333333333333, 0.34615384615384615, 0.3584905660377358, 0.37037037037037035, 0.38181818181818183, 0.41818181818181815, 0.40350877192982454, 0.41379310344827586, 0.4482758620689655, 0.4576271186440678, 0.4666666666666667, 0.45161290322580644, 0.4603174603174603, 0.49206349206349204, 0.5, 0.53125, 0.5625, 0.5454545454545454, 0.5522388059701493, 0.5362318840579711, 0.5652173913043478, 0.5942028985507246, 0.6231884057971014, 0.6521739130434783, 0.6571428571428571, 0.6388888888888888, 0.6438356164383562, 0.6712328767123288, 0.6756756756756757, 0.7027027027027027, 0.7297297297297297, 0.7567567567567568, 0.7837837837837838, 0.8108108108108109, 0.8378378378378378, 0.8648648648648649, 0.8918918918918919, 0.918918918918919, 0.9459459459459459, 0.972972972972973, 1.0], 0.4710388518455249]}}