{"rank_algo": "random_forest_score", "seed": 5, "subsampling_proportion": 0.1, "exec_time": 46.90127754211426, "results": {"features": ["feature82", "feature23", "feature81", "feature22", "feature33", "feature57", "feature55", "feature2", "feature60", "feature21", "feature1", "feature3", "feature58", "feature10", "feature49", "feature0", "feature20", "feature9", "feature19", "feature8", "feature18", "feature67", "feature7", "feature44", "feature50", "feature26", "feature71", "feature29", "feature59", "feature30", "feature47", "feature51", "feature64", "feature11", "feature36", "feature41", "feature69", "feature52", "feature17", "feature46", "feature38", "feature66", "feature63", "feature43", "feature15", "feature54", "feature12", "feature53", "feature28", "feature37", "feature5", "feature40", "feature68", "feature42", "feature24", "feature39", "feature62", "feature61", "feature56", "feature45", "feature31", "feature27", "feature48", "feature25", "feature65", "feature90", "feature13", "feature35", "feature4", "feature16", "feature34", "feature72", "feature6", "feature73"], "scores": [0.0751273025424367, 0.04977223858861103, 0.04875531932589064, 0.029696534910352623, 0.029033475916254464, 0.026167577164772627, 0.025940143860428665, 0.02508299578450365, 0.023457015208395562, 0.02285865500725847, 0.02251122469566805, 0.021922465273655045, 0.02118344529543703, 0.020886491877462533, 0.020708562401418912, 0.020096576280151112, 0.018532391547215893, 0.018337163331889457, 0.018189394730545778, 0.018182906056386623, 0.01796325443607455, 0.016358385719335844, 0.01603536187294868, 0.015788528967308025, 0.01541848071277861, 0.014976191808787247, 0.014778927585396277, 0.013654449537985166, 0.013609881341324884, 0.012547969176875355, 0.012523926955718113, 0.011342230669064738, 0.011272494634059662, 0.011207270806129491, 0.011170652901735125, 0.010516028673956474, 0.009880624812760103, 0.009856597920112202, 0.009726964501528176, 0.009678812956589759, 0.009322334824283126, 0.00925714316613719, 0.008840186233470586, 0.008628885172454229, 0.008473993567983932, 0.008283722516242193, 0.007925705889317526, 0.007896179525424254, 0.007869434556482665, 0.007822391061930774, 0.007770445801371402, 0.007279505833176634, 0.007053354598440016, 0.006359839415730977, 0.006232931115743562, 0.00595248088792088, 0.005632318850396446, 0.005329757615219946, 0.004998076842964975, 0.004718796091249313, 0.004710679569247025, 0.004658078409736041, 0.00438178989012771, 0.00424851792446206, 0.004015183624046574, 0.003950373228863093, 0.0031282537287608534, 0.0030589557058059605, 0.0025543041107608314, 0.00237618566076388, 0.002203120463554509, 0.000276482745028477, 2.286439627406516e-05, 1.8811187425055676e-05]}, "evaluations": {"eval_method": "jaccard_full_score", "singles": [[0.0, 0.3333333333333333, 0.2, 0.14285714285714285, 0.1111111111111111, 0.09090909090909091, 0.07692307692307693, 0.06666666666666667, 0.058823529411764705, 0.1111111111111111, 0.15789473684210525, 0.14285714285714285, 0.13043478260869565, 0.16666666666666666, 0.2, 0.18518518518518517, 0.25925925925925924, 0.2857142857142857, 0.3103448275862069, 0.2903225806451613, 0.3125, 0.29411764705882354, 0.2777777777777778, 0.2972972972972973, 0.28205128205128205, 0.3333333333333333, 0.3170731707317073, 0.3333333333333333, 0.3488372093023256, 0.36363636363636365, 0.37777777777777777, 0.391304347826087, 0.375, 0.3877551020408163, 0.37254901960784315, 0.38461538461538464, 0.37037037037037035, 0.38181818181818183, 0.39285714285714285, 0.42857142857142855, 0.43859649122807015, 0.4482758620689655, 0.4827586206896552, 0.4666666666666667, 0.5, 0.5333333333333333, 0.5666666666666667, 0.5737704918032787, 0.5806451612903226, 0.6129032258064516, 0.6190476190476191, 0.625, 0.6307692307692307, 0.6363636363636364, 0.6417910447761194, 0.6231884057971014, 0.6521739130434783, 0.6811594202898551, 0.7101449275362319, 0.7391304347826086, 0.7428571428571429, 0.7714285714285715, 0.7746478873239436, 0.7777777777777778, 0.7808219178082192, 0.8082191780821918, 0.8356164383561644, 0.863013698630137, 0.8904109589041096, 0.9178082191780822, 0.918918918918919, 0.9459459459459459, 0.972972972972973, 1.0], 0.4603536367101199], "first_gen": [[0.0, 0.3333333333333333, 0.5, 1.0, 0.6666666666666666, 0.5, 0.4, 0.45454545454545453, 0.38461538461538464, 0.42857142857142855, 0.4666666666666667, 0.5, 0.4444444444444444, 0.47368421052631576, 0.42857142857142855, 0.45454545454545453, 0.4782608695652174, 0.5652173913043478, 0.5833333333333334, 0.6, 0.6153846153846154, 0.5714285714285714, 0.5333333333333333, 0.5483870967741935, 0.5151515151515151, 0.5294117647058824, 0.5428571428571428, 0.5135135135135135, 0.48717948717948717, 0.4634146341463415, 0.47619047619047616, 0.4883720930232558, 0.4666666666666667, 0.44680851063829785, 0.4583333333333333, 0.46938775510204084, 0.45098039215686275, 0.4339622641509434, 0.4444444444444444, 0.45454545454545453, 0.4642857142857143, 0.4482758620689655, 0.4576271186440678, 0.4915254237288136, 0.5, 0.5081967213114754, 0.5409836065573771, 0.5483870967741935, 0.5806451612903226, 0.6129032258064516, 0.6190476190476191, 0.625, 0.6060606060606061, 0.6363636363636364, 0.6417910447761194, 0.6716417910447762, 0.6764705882352942, 0.6811594202898551, 0.6857142857142857, 0.6666666666666666, 0.6712328767123288, 0.6986301369863014, 0.7027027027027027, 0.7297297297297297, 0.7567567567567568, 0.7837837837837838, 0.8108108108108109, 0.8378378378378378, 0.8648648648648649, 0.8918918918918919, 0.918918918918919, 0.9459459459459459, 0.972972972972973, 1.0], 0.5797401910958485]}}