{"rank_algo": "random_forest_score", "seed": 42, "subsampling_proportion": 0.0016, "exec_time": 0.6625587940216064, "results": {"features": ["feature82", "feature81", "feature23", "feature22", "feature55", "feature1", "feature33", "feature21", "feature2", "feature57", "feature60", "feature9", "feature3", "feature19", "feature0", "feature10", "feature8", "feature20", "feature26", "feature49", "feature58", "feature44", "feature18", "feature7", "feature47", "feature43", "feature50", "feature67", "feature64", "feature59", "feature36", "feature46", "feature71", "feature41", "feature51", "feature29", "feature17", "feature11", "feature30", "feature15", "feature40", "feature38", "feature63", "feature52", "feature37", "feature39", "feature54", "feature42", "feature69", "feature12", "feature5", "feature28", "feature53", "feature24", "feature66", "feature68", "feature61", "feature56", "feature27", "feature48", "feature31", "feature45", "feature25", "feature62", "feature90", "feature35", "feature65", "feature13", "feature16", "feature4", "feature34", "feature72", "feature6", "feature73"], "scores": [0.07363243341698955, 0.05659693619980258, 0.04020586612601821, 0.029869078537875546, 0.026500949311845302, 0.025339418071308312, 0.02258039993875106, 0.022304806030273305, 0.021889800577755716, 0.02150533129637656, 0.02145977500958094, 0.02104052703406979, 0.020993407659373544, 0.02088317046088667, 0.020690035921029033, 0.02031435955759751, 0.020269678422519366, 0.019730188210280632, 0.01955717722553286, 0.01953091983213344, 0.01848539611865137, 0.018435168872644254, 0.018208980817635303, 0.016062071167661993, 0.013963867168459595, 0.01323235743834604, 0.013009137128190382, 0.01267638194829216, 0.0125105878739971, 0.012316606066311015, 0.012312018127290665, 0.012264672533373945, 0.012119092092567441, 0.011839889392678583, 0.011684703743548366, 0.01129614089581544, 0.010836349586585681, 0.010717242415785642, 0.010670666920939187, 0.009448496136354644, 0.00933311672172549, 0.009289289557591757, 0.009122016957405879, 0.009118380717231533, 0.009096216736128395, 0.008720233447013538, 0.008562042766515324, 0.007854171003620592, 0.007796259796288175, 0.007736538561376145, 0.007533887294866962, 0.007436301779017683, 0.007300342395601603, 0.007068196051516391, 0.006504933892936108, 0.006360943787248821, 0.006075187592907559, 0.006021103252017382, 0.0060052935756270106, 0.00578002900441858, 0.005281775402923753, 0.004718127910304899, 0.004249464831764608, 0.004213556223652731, 0.004007136701647989, 0.0035209480277736595, 0.0034726108318438287, 0.003197033858189506, 0.0027364875504311426, 0.0024407861809299897, 0.0021217304897848846, 0.0002741451056769254, 6.762670889226595e-05, 0.0]}, "evaluations": {"eval_method": "jaccard_full_score", "singles": [[0.0, 0.0, 0.2, 0.14285714285714285, 0.1111111111111111, 0.09090909090909091, 0.07692307692307693, 0.14285714285714285, 0.125, 0.1111111111111111, 0.15789473684210525, 0.14285714285714285, 0.13043478260869565, 0.16666666666666666, 0.15384615384615385, 0.18518518518518517, 0.21428571428571427, 0.2857142857142857, 0.3103448275862069, 0.3333333333333333, 0.3548387096774194, 0.3333333333333333, 0.3142857142857143, 0.3333333333333333, 0.3157894736842105, 0.3333333333333333, 0.3170731707317073, 0.3333333333333333, 0.3181818181818182, 0.3333333333333333, 0.34782608695652173, 0.3617021276595745, 0.375, 0.3877551020408163, 0.4, 0.38461538461538464, 0.37037037037037035, 0.4074074074074074, 0.41818181818181815, 0.45454545454545453, 0.4909090909090909, 0.5, 0.5357142857142857, 0.5172413793103449, 0.5517241379310345, 0.559322033898305, 0.5932203389830508, 0.6271186440677966, 0.6065573770491803, 0.639344262295082, 0.6451612903225806, 0.6507936507936508, 0.65625, 0.6615384615384615, 0.6417910447761194, 0.6231884057971014, 0.6521739130434783, 0.6811594202898551, 0.7101449275362319, 0.7142857142857143, 0.7183098591549296, 0.7464788732394366, 0.75, 0.7777777777777778, 0.7808219178082192, 0.8082191780821918, 0.8356164383561644, 0.863013698630137, 0.8904109589041096, 0.9178082191780822, 0.918918918918919, 0.9459459459459459, 0.972972972972973, 1.0], 0.46519868420834665], "first_gen": [[0.0, 0.0, 0.5, 1.0, 0.6666666666666666, 0.7142857142857143, 0.5555555555555556, 0.45454545454545453, 0.5, 0.5384615384615384, 0.4666666666666667, 0.5, 0.5294117647058824, 0.5555555555555556, 0.5789473684210527, 0.6, 0.6190476190476191, 0.6363636363636364, 0.5833333333333334, 0.6, 0.5555555555555556, 0.5714285714285714, 0.5862068965517241, 0.5483870967741935, 0.5151515151515151, 0.5757575757575758, 0.5428571428571428, 0.5135135135135135, 0.48717948717948717, 0.5, 0.47619047619047616, 0.45454545454545453, 0.5, 0.4782608695652174, 0.5217391304347826, 0.5319148936170213, 0.5416666666666666, 0.52, 0.5, 0.5094339622641509, 0.5185185185185185, 0.5272727272727272, 0.5357142857142857, 0.543859649122807, 0.5517241379310345, 0.559322033898305, 0.5932203389830508, 0.6271186440677966, 0.6333333333333333, 0.6666666666666666, 0.6721311475409836, 0.6774193548387096, 0.65625, 0.6615384615384615, 0.6666666666666666, 0.6716417910447762, 0.6521739130434783, 0.6811594202898551, 0.6857142857142857, 0.6901408450704225, 0.6944444444444444, 0.6986301369863014, 0.7027027027027027, 0.7297297297297297, 0.7567567567567568, 0.7837837837837838, 0.8108108108108109, 0.8378378378378378, 0.8648648648648649, 0.8918918918918919, 0.918918918918919, 0.9459459459459459, 0.972972972972973, 1.0], 0.6110891328844501]}}