{"rank_algo": "random_forest_score", "seed": 65, "subsampling_proportion": 0.0004, "exec_time": 0.2109999656677246, "results": {"features": ["feature81", "feature82", "feature22", "feature57", "feature33", "feature23", "feature1", "feature55", "feature58", "feature19", "feature2", "feature0", "feature10", "feature20", "feature3", "feature44", "feature49", "feature60", "feature9", "feature8", "feature7", "feature18", "feature36", "feature21", "feature26", "feature71", "feature11", "feature37", "feature50", "feature38", "feature59", "feature51", "feature67", "feature52", "feature29", "feature64", "feature30", "feature43", "feature46", "feature47", "feature68", "feature17", "feature41", "feature54", "feature53", "feature40", "feature69", "feature28", "feature12", "feature42", "feature63", "feature66", "feature24", "feature61", "feature39", "feature45", "feature5", "feature31", "feature15", "feature90", "feature48", "feature56", "feature65", "feature27", "feature13", "feature62", "feature34", "feature4", "feature25", "feature16", "feature35", "feature72", "feature6", "feature73"], "scores": [0.05089532016748091, 0.03898678667757924, 0.03328820422729641, 0.03026401651450236, 0.02954621477747631, 0.02898784233517882, 0.026487753841578886, 0.02574683626920607, 0.025327892054183933, 0.025035800090479038, 0.02439218892336348, 0.022902638046484344, 0.021973692183173486, 0.020876389512157877, 0.020544435724713966, 0.01994391226524384, 0.019864204689722605, 0.01970154712125609, 0.018833035024122747, 0.018801712048703137, 0.018637081274563462, 0.018593840607395818, 0.018143916747174003, 0.017760415429167613, 0.01711387999479386, 0.016695995209728646, 0.016348082892007353, 0.016168239199498037, 0.01446855516864327, 0.014288851993491511, 0.013365453401208642, 0.013307166828808347, 0.01291155121551373, 0.012331101091975681, 0.011898156446148712, 0.01161958868408577, 0.010713794832940755, 0.010164595623363346, 0.010050266443741164, 0.009992289789720873, 0.009605094480617969, 0.009243176872067516, 0.009168841213390335, 0.009012088406985782, 0.00887741231507825, 0.008635615813553309, 0.008536074852970237, 0.008399651904920208, 0.008357658260705862, 0.007929362195383047, 0.007672897406651438, 0.007666007775757266, 0.007616147802807057, 0.007248733692742446, 0.0070901594834961714, 0.006353334462896066, 0.006155410411656509, 0.005661133155124986, 0.005579146131864544, 0.005355254740555262, 0.004747044687948354, 0.004359420113450865, 0.004282251579665218, 0.004240655902099908, 0.003834707335048258, 0.0036223685884632668, 0.0032533039154878625, 0.002941345640063557, 0.002690421033352303, 0.00267929269261692, 0.0021505298287171283, 6.221193598797302e-05, 0.0, 0.0]}, "evaluations": {"eval_method": "jaccard_full_score", "singles": [[0.0, 0.0, 0.0, 0.0, 0.0, 0.09090909090909091, 0.07692307692307693, 0.06666666666666667, 0.058823529411764705, 0.1111111111111111, 0.15789473684210525, 0.14285714285714285, 0.18181818181818182, 0.16666666666666666, 0.15384615384615385, 0.18518518518518517, 0.25925925925925924, 0.2857142857142857, 0.26666666666666666, 0.25, 0.2727272727272727, 0.2571428571428571, 0.24324324324324326, 0.2972972972972973, 0.3157894736842105, 0.3333333333333333, 0.35, 0.36585365853658536, 0.3488372093023256, 0.36363636363636365, 0.4090909090909091, 0.4222222222222222, 0.40425531914893614, 0.3877551020408163, 0.37254901960784315, 0.3584905660377358, 0.34545454545454546, 0.35714285714285715, 0.39285714285714285, 0.40350877192982454, 0.41379310344827586, 0.423728813559322, 0.4576271186440678, 0.4915254237288136, 0.5, 0.5333333333333333, 0.5409836065573771, 0.5737704918032787, 0.5806451612903226, 0.6129032258064516, 0.6190476190476191, 0.6, 0.6307692307692307, 0.6363636363636364, 0.6176470588235294, 0.6231884057971014, 0.6521739130434783, 0.6571428571428571, 0.6857142857142857, 0.7142857142857143, 0.7183098591549296, 0.7464788732394366, 0.7746478873239436, 0.8028169014084507, 0.8055555555555556, 0.8333333333333334, 0.8356164383561644, 0.8378378378378378, 0.8648648648648649, 0.8918918918918919, 0.918918918918919, 0.9459459459459459, 0.972972972972973, 1.0], 0.444785797236666], "first_gen": [[0.0, 0.0, 0.5, 0.6, 0.42857142857142855, 0.5, 0.5555555555555556, 0.45454545454545453, 0.38461538461538464, 0.3333333333333333, 0.375, 0.4117647058823529, 0.5294117647058824, 0.5555555555555556, 0.5789473684210527, 0.6, 0.5454545454545454, 0.5652173913043478, 0.5833333333333334, 0.6, 0.5555555555555556, 0.5714285714285714, 0.5333333333333333, 0.5483870967741935, 0.5151515151515151, 0.5757575757575758, 0.5428571428571428, 0.5135135135135135, 0.48717948717948717, 0.4634146341463415, 0.4418604651162791, 0.45454545454545453, 0.43478260869565216, 0.4166666666666667, 0.42857142857142855, 0.44, 0.4230769230769231, 0.4339622641509434, 0.4716981132075472, 0.48148148148148145, 0.4909090909090909, 0.5, 0.5087719298245614, 0.543859649122807, 0.5254237288135594, 0.5333333333333333, 0.5409836065573771, 0.5737704918032787, 0.6065573770491803, 0.639344262295082, 0.6190476190476191, 0.6, 0.582089552238806, 0.5882352941176471, 0.6176470588235294, 0.6231884057971014, 0.6285714285714286, 0.6338028169014085, 0.6388888888888888, 0.6438356164383562, 0.6712328767123288, 0.6986301369863014, 0.7027027027027027, 0.7297297297297297, 0.7567567567567568, 0.7837837837837838, 0.8108108108108109, 0.8378378378378378, 0.8648648648648649, 0.8918918918918919, 0.918918918918919, 0.9459459459459459, 0.972972972972973, 1.0], 0.5692995757936402]}}