{"rank_algo": "random_forest_score", "seed": 26, "subsampling_proportion": 0.1, "exec_time": 46.96822547912598, "results": {"features": ["feature82", "feature23", "feature81", "feature22", "feature33", "feature57", "feature55", "feature2", "feature60", "feature21", "feature1", "feature0", "feature3", "feature58", "feature49", "feature10", "feature20", "feature19", "feature8", "feature9", "feature18", "feature44", "feature67", "feature7", "feature50", "feature26", "feature71", "feature29", "feature59", "feature47", "feature30", "feature36", "feature11", "feature64", "feature51", "feature41", "feature17", "feature46", "feature52", "feature63", "feature69", "feature54", "feature38", "feature66", "feature12", "feature15", "feature5", "feature43", "feature53", "feature37", "feature28", "feature40", "feature42", "feature68", "feature24", "feature39", "feature61", "feature90", "feature56", "feature31", "feature62", "feature45", "feature48", "feature25", "feature65", "feature27", "feature13", "feature35", "feature16", "feature4", "feature34", "feature72", "feature6", "feature73"], "scores": [0.07060943344686368, 0.06150802218177927, 0.052504934866827425, 0.029308808439500268, 0.028192677093608988, 0.02590929297269167, 0.024473964829672217, 0.024182213902899412, 0.023065879475610875, 0.02274864975151601, 0.021548895328337238, 0.021494678886787494, 0.021306378220678605, 0.0207650515839668, 0.020209899061959923, 0.01999222602332476, 0.01880919378909052, 0.01812858906698556, 0.018063783758739845, 0.017862213853632868, 0.017643356363662342, 0.015757780145576526, 0.01563249670565858, 0.01523675487826822, 0.01490071956199871, 0.014391287410675222, 0.014277374861248615, 0.013988928086150487, 0.013473010861441221, 0.012767448765114271, 0.01261903942525804, 0.011784732753576586, 0.01161607761775224, 0.011534265339791856, 0.010827764255586968, 0.010820283014546114, 0.010083782340548273, 0.010004981094202937, 0.009967703534782995, 0.009234830843991312, 0.00921108436291884, 0.008987655033387063, 0.008660076266800142, 0.008460162297105661, 0.008377798102454726, 0.008338260829912854, 0.008003339388104486, 0.007943218378362624, 0.00792329020910661, 0.007668980791869642, 0.007319271024191759, 0.006924157725726052, 0.006744678984813057, 0.006694162355587289, 0.00628354383621629, 0.005908544473656031, 0.005823904856385791, 0.004937263857989179, 0.004758468617374131, 0.004589654039139148, 0.004554399613818813, 0.00444612479122207, 0.004261547940983267, 0.004235943290210698, 0.004029236424409236, 0.003915639035899176, 0.003474510203303554, 0.0028695339297110196, 0.00264429863494486, 0.002469112911396253, 0.0020586853338004103, 0.00021766041325829504, 1.6942404500110085e-05, 1.44524713595078e-06]}, "evaluations": {"eval_method": "jaccard_full_score", "singles": [[0.0, 0.3333333333333333, 0.2, 0.14285714285714285, 0.1111111111111111, 0.09090909090909091, 0.07692307692307693, 0.06666666666666667, 0.058823529411764705, 0.1111111111111111, 0.15789473684210525, 0.14285714285714285, 0.13043478260869565, 0.12, 0.15384615384615385, 0.18518518518518517, 0.25925925925925924, 0.3333333333333333, 0.3103448275862069, 0.2903225806451613, 0.3125, 0.29411764705882354, 0.2777777777777778, 0.2972972972972973, 0.28205128205128205, 0.3333333333333333, 0.3170731707317073, 0.3333333333333333, 0.3488372093023256, 0.36363636363636365, 0.37777777777777777, 0.3617021276595745, 0.375, 0.36, 0.37254901960784315, 0.38461538461538464, 0.37037037037037035, 0.4074074074074074, 0.41818181818181815, 0.45454545454545453, 0.4642857142857143, 0.5, 0.5087719298245614, 0.4915254237288136, 0.5254237288135594, 0.559322033898305, 0.5666666666666667, 0.5737704918032787, 0.5806451612903226, 0.6129032258064516, 0.6190476190476191, 0.625, 0.65625, 0.6363636363636364, 0.6417910447761194, 0.6231884057971014, 0.6521739130434783, 0.6811594202898551, 0.7101449275362319, 0.7142857142857143, 0.7428571428571429, 0.7714285714285715, 0.7746478873239436, 0.7777777777777778, 0.7808219178082192, 0.8082191780821918, 0.8356164383561644, 0.863013698630137, 0.8904109589041096, 0.9178082191780822, 0.918918918918919, 0.9459459459459459, 0.972972972972973, 1.0], 0.4624723085563838], "first_gen": [[0.0, 0.3333333333333333, 0.5, 1.0, 0.6666666666666666, 0.5, 0.4, 0.45454545454545453, 0.38461538461538464, 0.42857142857142855, 0.4666666666666667, 0.5, 0.5294117647058824, 0.47368421052631576, 0.42857142857142855, 0.45454545454545453, 0.4782608695652174, 0.5652173913043478, 0.5833333333333334, 0.6, 0.6153846153846154, 0.6296296296296297, 0.5862068965517241, 0.5483870967741935, 0.5151515151515151, 0.5294117647058824, 0.5428571428571428, 0.5135135135135135, 0.48717948717948717, 0.5, 0.47619047619047616, 0.45454545454545453, 0.43478260869565216, 0.4166666666666667, 0.4583333333333333, 0.46938775510204084, 0.48, 0.49019607843137253, 0.4716981132075472, 0.45454545454545453, 0.43859649122807015, 0.4482758620689655, 0.4827586206896552, 0.4915254237288136, 0.5, 0.5081967213114754, 0.5409836065573771, 0.5737704918032787, 0.5806451612903226, 0.6129032258064516, 0.6190476190476191, 0.625, 0.6307692307692307, 0.6363636363636364, 0.6417910447761194, 0.6716417910447762, 0.6521739130434783, 0.6811594202898551, 0.6857142857142857, 0.6666666666666666, 0.6944444444444444, 0.6986301369863014, 0.7027027027027027, 0.7297297297297297, 0.7567567567567568, 0.7837837837837838, 0.8108108108108109, 0.8378378378378378, 0.8648648648648649, 0.8918918918918919, 0.918918918918919, 0.9459459459459459, 0.972972972972973, 1.0], 0.5838186986200502]}}