{"rank_algo": "random_forest_score", "seed": 65, "subsampling_proportion": 0.0063, "exec_time": 2.8749992847442627, "results": {"features": ["feature82", "feature81", "feature23", "feature1", "feature33", "feature22", "feature2", "feature57", "feature21", "feature55", "feature3", "feature10", "feature60", "feature0", "feature18", "feature8", "feature58", "feature20", "feature19", "feature9", "feature49", "feature44", "feature7", "feature67", "feature26", "feature71", "feature50", "feature29", "feature47", "feature30", "feature46", "feature59", "feature36", "feature64", "feature41", "feature11", "feature51", "feature52", "feature17", "feature69", "feature38", "feature66", "feature43", "feature54", "feature5", "feature15", "feature63", "feature12", "feature53", "feature28", "feature37", "feature40", "feature39", "feature68", "feature42", "feature61", "feature24", "feature62", "feature65", "feature45", "feature56", "feature31", "feature90", "feature25", "feature27", "feature48", "feature16", "feature13", "feature35", "feature4", "feature34", "feature72", "feature6", "feature73"], "scores": [0.06693497538139181, 0.05619271763473396, 0.037371442564254266, 0.027013624076679434, 0.02686712963002234, 0.026606353329835183, 0.025677121508413406, 0.02429946694939127, 0.024111172201995927, 0.023554137636784694, 0.02266508538207048, 0.02225999042157561, 0.021630327183500612, 0.02137055829871597, 0.02097015293774103, 0.01983377765560747, 0.01981631280185444, 0.01965873350359265, 0.019575746134040454, 0.019458264335098976, 0.018953801557383628, 0.017924325709335425, 0.01703141722107337, 0.015474403301432522, 0.01517623304608818, 0.014616902834494341, 0.01390614152342727, 0.01386288451438292, 0.013081145342200397, 0.012654662205039581, 0.011973025944980857, 0.011627133613975202, 0.01131411810720809, 0.011240884180586283, 0.011102316521825006, 0.010922918474662932, 0.010572347108669526, 0.010319467836206648, 0.010103324158570362, 0.009810221182595552, 0.009719389862914138, 0.009396567320112889, 0.009362062179112734, 0.009046867199306922, 0.0086462383396389, 0.008487522346530035, 0.008455454994088878, 0.008415041134351013, 0.00823612217749976, 0.00781738438669017, 0.007609119954814157, 0.007515118328800316, 0.00736854710757046, 0.006768640173343905, 0.0064495237272377106, 0.006187593673842219, 0.005868192627990194, 0.005790062056712045, 0.00531937542841392, 0.005157509254226019, 0.004902595095862725, 0.0046761697479816774, 0.004488015427523835, 0.0044789538854947105, 0.0039439967096074734, 0.0037697076029855944, 0.003666420872823145, 0.0031019444617455894, 0.0029185909087161123, 0.0026955460876414987, 0.0019012848003083442, 0.00026390826414787185, 4.1769910527006514e-05, 0.0]}, "evaluations": {"eval_method": "jaccard_full_score", "singles": [[0.0, 0.0, 0.2, 0.14285714285714285, 0.1111111111111111, 0.09090909090909091, 0.07692307692307693, 0.06666666666666667, 0.125, 0.1111111111111111, 0.15789473684210525, 0.2, 0.18181818181818182, 0.16666666666666666, 0.15384615384615385, 0.14285714285714285, 0.1724137931034483, 0.2413793103448276, 0.26666666666666666, 0.25, 0.3125, 0.29411764705882354, 0.2777777777777778, 0.2972972972972973, 0.3157894736842105, 0.3333333333333333, 0.3170731707317073, 0.3333333333333333, 0.3181818181818182, 0.3333333333333333, 0.37777777777777777, 0.391304347826087, 0.375, 0.36, 0.37254901960784315, 0.38461538461538464, 0.39622641509433965, 0.4074074074074074, 0.41818181818181815, 0.42857142857142855, 0.43859649122807015, 0.4482758620689655, 0.4576271186440678, 0.4666666666666667, 0.47540983606557374, 0.5081967213114754, 0.5409836065573771, 0.5737704918032787, 0.5806451612903226, 0.6129032258064516, 0.6190476190476191, 0.625, 0.6307692307692307, 0.6119402985074627, 0.6176470588235294, 0.6231884057971014, 0.6521739130434783, 0.6811594202898551, 0.7101449275362319, 0.7391304347826086, 0.7681159420289855, 0.7714285714285715, 0.8, 0.8028169014084507, 0.8055555555555556, 0.8082191780821918, 0.8356164383561644, 0.863013698630137, 0.8904109589041096, 0.9178082191780822, 0.918918918918919, 0.9459459459459459, 0.972972972972973, 1.0], 0.45365193735598036], "first_gen": [[0.0, 0.0, 0.5, 0.6, 0.42857142857142855, 0.7142857142857143, 0.5555555555555556, 0.6, 0.5, 0.5384615384615384, 0.5714285714285714, 0.6, 0.5294117647058824, 0.5555555555555556, 0.5, 0.6, 0.5454545454545454, 0.5652173913043478, 0.5833333333333334, 0.6, 0.6153846153846154, 0.6296296296296297, 0.5862068965517241, 0.5483870967741935, 0.5151515151515151, 0.5757575757575758, 0.5428571428571428, 0.5135135135135135, 0.48717948717948717, 0.5, 0.47619047619047616, 0.45454545454545453, 0.4666666666666667, 0.44680851063829785, 0.4583333333333333, 0.46938775510204084, 0.48, 0.46153846153846156, 0.4716981132075472, 0.45454545454545453, 0.4642857142857143, 0.4482758620689655, 0.4827586206896552, 0.5172413793103449, 0.5254237288135594, 0.5333333333333333, 0.5409836065573771, 0.5737704918032787, 0.5806451612903226, 0.6129032258064516, 0.6190476190476191, 0.625, 0.6307692307692307, 0.6363636363636364, 0.6666666666666666, 0.6716417910447762, 0.6521739130434783, 0.6811594202898551, 0.6857142857142857, 0.6666666666666666, 0.6944444444444444, 0.6986301369863014, 0.7027027027027027, 0.7297297297297297, 0.7567567567567568, 0.7837837837837838, 0.8108108108108109, 0.8378378378378378, 0.8648648648648649, 0.8918918918918919, 0.918918918918919, 0.9459459459459459, 0.972972972972973, 1.0], 0.5913037294306273]}}