{"rank_algo": "random_forest_score", "seed": 49, "subsampling_proportion": 0.004, "exec_time": 1.6590383052825928, "results": {"features": ["feature23", "feature82", "feature81", "feature22", "feature55", "feature33", "feature57", "feature2", "feature1", "feature21", "feature10", "feature3", "feature9", "feature60", "feature8", "feature58", "feature20", "feature49", "feature18", "feature19", "feature7", "feature0", "feature67", "feature26", "feature44", "feature50", "feature71", "feature17", "feature59", "feature29", "feature11", "feature30", "feature64", "feature47", "feature36", "feature43", "feature69", "feature51", "feature41", "feature52", "feature5", "feature66", "feature63", "feature12", "feature46", "feature15", "feature40", "feature53", "feature54", "feature38", "feature28", "feature37", "feature39", "feature68", "feature42", "feature24", "feature62", "feature56", "feature61", "feature31", "feature45", "feature25", "feature65", "feature90", "feature13", "feature27", "feature48", "feature35", "feature16", "feature4", "feature34", "feature72", "feature6", "feature73"], "scores": [0.06231375971654399, 0.054908796529843464, 0.05159513104389765, 0.027293078545412144, 0.02593257076614029, 0.025776148584832036, 0.0253629846882621, 0.025132954459982627, 0.024207070572104562, 0.02397016160568177, 0.022384547500125723, 0.021981048047541783, 0.02156837671667382, 0.020709683123254986, 0.019956190120581207, 0.01954164567155134, 0.018481758336618193, 0.018355117416004412, 0.01830574932624488, 0.018050810466858396, 0.017652100346213128, 0.01745869119394885, 0.016916606542524047, 0.01638085946750144, 0.016340185562538606, 0.0146013989940433, 0.013858913072163104, 0.013248315014119669, 0.012630743094029744, 0.012579812646048509, 0.012397775449590169, 0.012352942682564786, 0.011489458937009362, 0.011348238403971051, 0.011118998733566452, 0.010949784804798999, 0.010577539738116497, 0.010523329097029277, 0.01008760419241684, 0.009825653385512775, 0.009616966221392189, 0.00927763711753035, 0.009007071565906877, 0.008945952668428108, 0.00883906471431512, 0.00871291997419927, 0.008668284799010216, 0.008391318987605827, 0.008169565229237525, 0.008013167395266944, 0.007895854183415651, 0.007852169555536139, 0.007714480381569474, 0.00758594079633379, 0.007534042731287347, 0.00704734997585401, 0.005981942440418038, 0.005335169359154853, 0.0051331457933847125, 0.004515977648767178, 0.004513727352172122, 0.004009830900806757, 0.0039403424716496814, 0.0038685982532833557, 0.0038602256342275625, 0.003653512603722789, 0.0032489139831658664, 0.0031057445830521974, 0.0028064674585813305, 0.0024502206959524926, 0.0020784671246129273, 5.939280429733634e-05, 0.0, 0.0]}, "evaluations": {"eval_method": "jaccard_full_score", "singles": [[1.0, 0.3333333333333333, 0.2, 0.14285714285714285, 0.1111111111111111, 0.09090909090909091, 0.07692307692307693, 0.06666666666666667, 0.058823529411764705, 0.1111111111111111, 0.2222222222222222, 0.2, 0.18181818181818182, 0.16666666666666666, 0.15384615384615385, 0.14285714285714285, 0.21428571428571427, 0.2857142857142857, 0.26666666666666666, 0.2903225806451613, 0.3125, 0.29411764705882354, 0.2777777777777778, 0.3333333333333333, 0.3157894736842105, 0.3333333333333333, 0.3170731707317073, 0.3333333333333333, 0.3488372093023256, 0.36363636363636365, 0.4090909090909091, 0.391304347826087, 0.375, 0.36, 0.34615384615384615, 0.3333333333333333, 0.32142857142857145, 0.35714285714285715, 0.39285714285714285, 0.40350877192982454, 0.41379310344827586, 0.423728813559322, 0.4576271186440678, 0.4666666666666667, 0.5, 0.5333333333333333, 0.5666666666666667, 0.5737704918032787, 0.6065573770491803, 0.6129032258064516, 0.6190476190476191, 0.625, 0.6307692307692307, 0.6119402985074627, 0.6176470588235294, 0.6231884057971014, 0.6521739130434783, 0.6811594202898551, 0.7101449275362319, 0.7142857142857143, 0.7428571428571429, 0.7464788732394366, 0.7746478873239436, 0.8028169014084507, 0.8055555555555556, 0.8333333333333334, 0.8356164383561644, 0.863013698630137, 0.8904109589041096, 0.9178082191780822, 0.918918918918919, 0.9459459459459459, 0.972972972972973, 1.0], 0.46474611411919076], "first_gen": [[1.0, 0.3333333333333333, 0.5, 1.0, 0.6666666666666666, 0.5, 0.4, 0.45454545454545453, 0.5, 0.5384615384615384, 0.5714285714285714, 0.6, 0.625, 0.5555555555555556, 0.5789473684210527, 0.5238095238095238, 0.5454545454545454, 0.5652173913043478, 0.5833333333333334, 0.6, 0.5555555555555556, 0.5714285714285714, 0.5333333333333333, 0.5, 0.5151515151515151, 0.5294117647058824, 0.5428571428571428, 0.5555555555555556, 0.5263157894736842, 0.5, 0.47619047619047616, 0.45454545454545453, 0.43478260869565216, 0.44680851063829785, 0.4583333333333333, 0.5, 0.48, 0.49019607843137253, 0.4716981132075472, 0.45454545454545453, 0.4642857142857143, 0.4482758620689655, 0.4576271186440678, 0.4915254237288136, 0.5, 0.5081967213114754, 0.5409836065573771, 0.5483870967741935, 0.5806451612903226, 0.6129032258064516, 0.6190476190476191, 0.625, 0.6307692307692307, 0.6363636363636364, 0.6666666666666666, 0.6716417910447762, 0.6764705882352942, 0.7058823529411765, 0.6857142857142857, 0.6666666666666666, 0.6712328767123288, 0.6756756756756757, 0.7027027027027027, 0.7297297297297297, 0.7567567567567568, 0.7837837837837838, 0.8108108108108109, 0.8378378378378378, 0.8648648648648649, 0.8918918918918919, 0.918918918918919, 0.9459459459459459, 0.972972972972973, 1.0], 0.6018991791299138]}}