{"rank_algo": "random_forest_score", "seed": 79, "subsampling_proportion": 0.004, "exec_time": 1.6534836292266846, "results": {"features": ["feature23", "feature82", "feature81", "feature57", "feature22", "feature33", "feature2", "feature1", "feature55", "feature21", "feature3", "feature58", "feature0", "feature10", "feature49", "feature18", "feature60", "feature20", "feature9", "feature8", "feature19", "feature44", "feature7", "feature71", "feature26", "feature67", "feature50", "feature29", "feature30", "feature59", "feature17", "feature47", "feature11", "feature64", "feature51", "feature41", "feature52", "feature36", "feature12", "feature69", "feature28", "feature43", "feature46", "feature38", "feature63", "feature54", "feature5", "feature15", "feature66", "feature53", "feature40", "feature37", "feature42", "feature68", "feature24", "feature61", "feature31", "feature39", "feature56", "feature90", "feature62", "feature45", "feature65", "feature13", "feature27", "feature25", "feature16", "feature35", "feature48", "feature4", "feature34", "feature72", "feature6", "feature73"], "scores": [0.058110070654327266, 0.05708115202669857, 0.055767401656537825, 0.02533048249864822, 0.02527188216362855, 0.025161024497941352, 0.024568704035067754, 0.023745239036846576, 0.023571833332218177, 0.02345682528407929, 0.022722140342079578, 0.0216775766230448, 0.021658471098581683, 0.02148634291173678, 0.02093107245436645, 0.02023661270290352, 0.019871935962916743, 0.019580327272305437, 0.01899123239361086, 0.018545370633669372, 0.018176578926487014, 0.01809776881284801, 0.016497026423234026, 0.01631412094510373, 0.015691234539453643, 0.014947049177536326, 0.014656236401611598, 0.01390195935474002, 0.012953748843479955, 0.012470696254716529, 0.01208268529624933, 0.011989540436157593, 0.011981137402963513, 0.01166353523712113, 0.0109736688953526, 0.01061695219180343, 0.01060335449835137, 0.010466065231434108, 0.009966008221131495, 0.009319386675792261, 0.00903187082443529, 0.008672400493884106, 0.008551940237110624, 0.008423843774514135, 0.008420312562949096, 0.00830940880594927, 0.008218803462673565, 0.00818342911255346, 0.00789405640440468, 0.007854209477112822, 0.007755501739403925, 0.007525416741669008, 0.007081278950762739, 0.007041307324800653, 0.0062445122184196485, 0.005964605366135172, 0.00589519695554364, 0.0057239912311673, 0.00569403775157493, 0.0052151587366976405, 0.005091138029020629, 0.004764706155097055, 0.00416347275737717, 0.004129170024467318, 0.0039755701478060256, 0.0037293491034330393, 0.0034709343992892737, 0.003131895744927832, 0.003033726625042288, 0.00291400884497957, 0.002348235843782175, 0.0004023017429106439, 9.75706332872167e-06, 0.0]}, "evaluations": {"eval_method": "jaccard_full_score", "singles": [[1.0, 0.3333333333333333, 0.2, 0.14285714285714285, 0.1111111111111111, 0.09090909090909091, 0.07692307692307693, 0.06666666666666667, 0.058823529411764705, 0.1111111111111111, 0.15789473684210525, 0.14285714285714285, 0.13043478260869565, 0.16666666666666666, 0.2, 0.18518518518518517, 0.21428571428571427, 0.2857142857142857, 0.26666666666666666, 0.25, 0.3125, 0.29411764705882354, 0.2777777777777778, 0.2972972972972973, 0.3157894736842105, 0.3333333333333333, 0.3170731707317073, 0.3333333333333333, 0.3181818181818182, 0.36363636363636365, 0.37777777777777777, 0.3617021276595745, 0.375, 0.36, 0.37254901960784315, 0.38461538461538464, 0.37037037037037035, 0.38181818181818183, 0.41818181818181815, 0.42857142857142855, 0.4642857142857143, 0.47368421052631576, 0.5087719298245614, 0.4915254237288136, 0.5254237288135594, 0.559322033898305, 0.5666666666666667, 0.6, 0.6065573770491803, 0.6129032258064516, 0.6190476190476191, 0.625, 0.65625, 0.6363636363636364, 0.6417910447761194, 0.6470588235294118, 0.6521739130434783, 0.6571428571428571, 0.6857142857142857, 0.7142857142857143, 0.7428571428571429, 0.7714285714285715, 0.8, 0.8285714285714286, 0.8309859154929577, 0.8333333333333334, 0.8611111111111112, 0.8888888888888888, 0.8904109589041096, 0.9178082191780822, 0.918918918918919, 0.9459459459459459, 0.972972972972973, 1.0], 0.47030504354647873], "first_gen": [[1.0, 0.3333333333333333, 0.5, 0.6, 0.6666666666666666, 0.5, 0.4, 0.6, 0.5, 0.5384615384615384, 0.5714285714285714, 0.5, 0.5294117647058824, 0.5555555555555556, 0.5, 0.5238095238095238, 0.4782608695652174, 0.5652173913043478, 0.5833333333333334, 0.6, 0.6153846153846154, 0.6296296296296297, 0.5862068965517241, 0.6, 0.5625, 0.5757575757575758, 0.5428571428571428, 0.5135135135135135, 0.48717948717948717, 0.4634146341463415, 0.47619047619047616, 0.4883720930232558, 0.4666666666666667, 0.44680851063829785, 0.4583333333333333, 0.46938775510204084, 0.45098039215686275, 0.46153846153846156, 0.4716981132075472, 0.45454545454545453, 0.43859649122807015, 0.47368421052631576, 0.5087719298245614, 0.543859649122807, 0.5254237288135594, 0.5333333333333333, 0.5666666666666667, 0.6, 0.6065573770491803, 0.6129032258064516, 0.6190476190476191, 0.625, 0.6307692307692307, 0.6363636363636364, 0.6417910447761194, 0.6470588235294118, 0.6285714285714286, 0.6571428571428571, 0.6619718309859155, 0.6666666666666666, 0.6944444444444444, 0.6986301369863014, 0.7027027027027027, 0.7297297297297297, 0.7567567567567568, 0.7837837837837838, 0.8108108108108109, 0.8378378378378378, 0.8648648648648649, 0.8918918918918919, 0.918918918918919, 0.9459459459459459, 0.972972972972973, 1.0], 0.5986289568144822]}}