{"rank_algo": "random_forest_score", "seed": 45, "subsampling_proportion": 0.004, "exec_time": 1.6850531101226807, "results": {"features": ["feature82", "feature81", "feature23", "feature22", "feature1", "feature33", "feature2", "feature55", "feature57", "feature21", "feature20", "feature10", "feature60", "feature3", "feature0", "feature19", "feature58", "feature49", "feature18", "feature9", "feature8", "feature44", "feature7", "feature67", "feature26", "feature71", "feature17", "feature50", "feature30", "feature29", "feature11", "feature59", "feature47", "feature64", "feature51", "feature41", "feature36", "feature46", "feature69", "feature52", "feature43", "feature5", "feature38", "feature63", "feature66", "feature54", "feature37", "feature53", "feature39", "feature40", "feature28", "feature12", "feature42", "feature68", "feature24", "feature15", "feature61", "feature45", "feature62", "feature31", "feature56", "feature25", "feature65", "feature27", "feature13", "feature35", "feature90", "feature48", "feature4", "feature16", "feature34", "feature72", "feature73", "feature6"], "scores": [0.06642251013530921, 0.05570580318332956, 0.03466398240172625, 0.027435218554232595, 0.02652634014268824, 0.026112265667375206, 0.025395848398439766, 0.024583499789347974, 0.023932052639644256, 0.022757324186455787, 0.022515684946183993, 0.02232542546646103, 0.022131652705678944, 0.021675027287506372, 0.019959364397432327, 0.019871817075646243, 0.01965525109682274, 0.019419952820496123, 0.019006982236194524, 0.018949993281373517, 0.018865507785348803, 0.01723626917819291, 0.016735410359364673, 0.0165912952265088, 0.01600834519470364, 0.014409007009097323, 0.014018010670835909, 0.01398583743264628, 0.013902068484060014, 0.0135812725095888, 0.013153639179129121, 0.012583990061801843, 0.01231788526685697, 0.012238844771022649, 0.012125608767508024, 0.010875183926888556, 0.01072479667338307, 0.01053754718701696, 0.010207709188297201, 0.009955189672441134, 0.009636293260520163, 0.009433870721470644, 0.009261096178343836, 0.009227504593475218, 0.009167319412121372, 0.009042807182327974, 0.008640334143518709, 0.008462106885252854, 0.007983727609026648, 0.007971147353550914, 0.007670578672531034, 0.007568270864092469, 0.006964411771454206, 0.006918733928299965, 0.006590490094487129, 0.006271987651533283, 0.005983197392601316, 0.00532093842774186, 0.005113524298271531, 0.005107184945382083, 0.004807518444621525, 0.004498806588802138, 0.004155687624818263, 0.0039378338729703175, 0.003607485818219273, 0.0035729281555750853, 0.0034478715204905664, 0.0030912502037067375, 0.0030136916872882473, 0.002265183403963965, 0.002095025598309662, 3.252004441627194e-05, 2.4568083825636674e-05, 1.4688609951855771e-05]}, "evaluations": {"eval_method": "jaccard_full_score", "singles": [[0.0, 0.0, 0.2, 0.14285714285714285, 0.1111111111111111, 0.09090909090909091, 0.07692307692307693, 0.06666666666666667, 0.058823529411764705, 0.1111111111111111, 0.15789473684210525, 0.2, 0.18181818181818182, 0.16666666666666666, 0.15384615384615385, 0.23076923076923078, 0.25925925925925924, 0.3333333333333333, 0.3103448275862069, 0.2903225806451613, 0.3125, 0.29411764705882354, 0.2777777777777778, 0.2972972972972973, 0.3157894736842105, 0.3333333333333333, 0.3170731707317073, 0.3333333333333333, 0.3181818181818182, 0.3333333333333333, 0.37777777777777777, 0.391304347826087, 0.375, 0.36, 0.37254901960784315, 0.38461538461538464, 0.37037037037037035, 0.4074074074074074, 0.41818181818181815, 0.42857142857142855, 0.43859649122807015, 0.4482758620689655, 0.4576271186440678, 0.4666666666666667, 0.47540983606557374, 0.5081967213114754, 0.5409836065573771, 0.5483870967741935, 0.5555555555555556, 0.5873015873015873, 0.59375, 0.6, 0.6307692307692307, 0.6119402985074627, 0.6176470588235294, 0.6231884057971014, 0.6521739130434783, 0.6811594202898551, 0.7101449275362319, 0.7142857142857143, 0.7428571428571429, 0.7464788732394366, 0.7746478873239436, 0.8028169014084507, 0.8055555555555556, 0.8333333333333334, 0.8611111111111112, 0.863013698630137, 0.8904109589041096, 0.9178082191780822, 0.918918918918919, 0.9459459459459459, 0.972972972972973, 1.0], 0.4547822256089218], "first_gen": [[0.0, 0.0, 0.5, 1.0, 0.6666666666666666, 0.7142857142857143, 0.5555555555555556, 0.6, 0.5, 0.5384615384615384, 0.4666666666666667, 0.5, 0.4444444444444444, 0.5555555555555556, 0.5789473684210527, 0.6, 0.5454545454545454, 0.5652173913043478, 0.5833333333333334, 0.6, 0.6153846153846154, 0.6296296296296297, 0.5862068965517241, 0.5483870967741935, 0.5151515151515151, 0.5757575757575758, 0.5882352941176471, 0.5555555555555556, 0.5263157894736842, 0.5, 0.47619047619047616, 0.45454545454545453, 0.4666666666666667, 0.44680851063829785, 0.4583333333333333, 0.46938775510204084, 0.48, 0.49019607843137253, 0.4716981132075472, 0.45454545454545453, 0.4642857142857143, 0.47368421052631576, 0.5087719298245614, 0.5172413793103449, 0.5, 0.5081967213114754, 0.5409836065573771, 0.5483870967741935, 0.5806451612903226, 0.6129032258064516, 0.6190476190476191, 0.625, 0.6307692307692307, 0.6363636363636364, 0.6417910447761194, 0.6716417910447762, 0.6521739130434783, 0.6571428571428571, 0.6619718309859155, 0.6438356164383562, 0.6712328767123288, 0.6756756756756757, 0.7027027027027027, 0.7297297297297297, 0.7567567567567568, 0.7837837837837838, 0.8108108108108109, 0.8378378378378378, 0.8648648648648649, 0.8918918918918919, 0.918918918918919, 0.9459459459459459, 0.972972972972973, 1.0], 0.5970074787001256]}}