{"rank_algo": "random_forest_score", "seed": 42, "subsampling_proportion": 0.1, "exec_time": 45.871493101119995, "results": {"features": ["feature82", "feature81", "feature23", "feature22", "feature33", "feature57", "feature1", "feature55", "feature2", "feature60", "feature21", "feature58", "feature3", "feature10", "feature49", "feature20", "feature19", "feature8", "feature9", "feature0", "feature18", "feature67", "feature50", "feature7", "feature44", "feature71", "feature29", "feature26", "feature59", "feature47", "feature30", "feature64", "feature11", "feature36", "feature41", "feature51", "feature46", "feature52", "feature17", "feature69", "feature63", "feature66", "feature38", "feature53", "feature12", "feature40", "feature5", "feature54", "feature15", "feature43", "feature37", "feature28", "feature68", "feature42", "feature39", "feature24", "feature61", "feature56", "feature62", "feature45", "feature25", "feature27", "feature31", "feature90", "feature48", "feature65", "feature13", "feature35", "feature4", "feature16", "feature34", "feature72", "feature6", "feature73"], "scores": [0.07264763500716194, 0.05596353396613007, 0.05015965351469421, 0.03115351356888469, 0.028489801716794366, 0.026045489102229164, 0.025921978990916375, 0.025116853980619313, 0.024684078704172357, 0.023000247026703908, 0.022305465104665034, 0.020999760165585385, 0.020935563217288938, 0.02080730390032699, 0.02056818762385642, 0.01840656028318173, 0.017753328389012765, 0.017697795121868563, 0.017661382603300274, 0.017596108980439278, 0.01705874263725864, 0.016180494632087948, 0.01590391353464982, 0.015547125471207705, 0.015081144519133121, 0.015042892966836318, 0.014338050863090248, 0.013844120948011705, 0.013682879962368761, 0.013019936901197866, 0.012666030105410524, 0.01196440978506515, 0.0119584948019458, 0.01194817590113154, 0.011191314421992553, 0.010684196164373322, 0.010127972964462944, 0.00965795810069262, 0.009496197366443996, 0.009263963195050256, 0.009029221265440337, 0.008725711163945398, 0.008640885943780674, 0.008150589925796483, 0.008000637850592136, 0.007968711232550142, 0.0078073813144114, 0.007801619049498753, 0.007704798672416573, 0.007679413256202274, 0.007458248213659685, 0.007405093432961992, 0.006780152639098937, 0.006778702023419784, 0.006419603672326959, 0.00583914878331604, 0.005815767209183614, 0.005366528024557362, 0.005032486078503815, 0.004803573222125202, 0.004774648590268946, 0.00459261594778508, 0.004436943418804913, 0.004241544954025566, 0.003971969862697699, 0.003949587016150098, 0.0035838861414628424, 0.003112485469959587, 0.0026089330120332445, 0.0024681231251150403, 0.0021874006289547307, 0.00024785530932480644, 3.8489468868139244e-05, 4.987870519073494e-06]}, "evaluations": {"eval_method": "jaccard_full_score", "singles": [[0.0, 0.0, 0.2, 0.14285714285714285, 0.1111111111111111, 0.09090909090909091, 0.07692307692307693, 0.06666666666666667, 0.058823529411764705, 0.05263157894736842, 0.15789473684210525, 0.14285714285714285, 0.13043478260869565, 0.16666666666666666, 0.2, 0.23076923076923078, 0.3076923076923077, 0.3333333333333333, 0.3103448275862069, 0.2903225806451613, 0.3125, 0.29411764705882354, 0.2777777777777778, 0.2972972972972973, 0.28205128205128205, 0.3, 0.2857142857142857, 0.3333333333333333, 0.3488372093023256, 0.36363636363636365, 0.37777777777777777, 0.3617021276595745, 0.375, 0.36, 0.37254901960784315, 0.38461538461538464, 0.39622641509433965, 0.4074074074074074, 0.41818181818181815, 0.42857142857142855, 0.4642857142857143, 0.47368421052631576, 0.4827586206896552, 0.4666666666666667, 0.5, 0.5333333333333333, 0.5409836065573771, 0.5737704918032787, 0.6065573770491803, 0.6129032258064516, 0.6190476190476191, 0.625, 0.6307692307692307, 0.6363636363636364, 0.6176470588235294, 0.6231884057971014, 0.6521739130434783, 0.6811594202898551, 0.7101449275362319, 0.7391304347826086, 0.7428571428571429, 0.7714285714285715, 0.7746478873239436, 0.8028169014084507, 0.7808219178082192, 0.8082191780821918, 0.8356164383561644, 0.863013698630137, 0.8904109589041096, 0.9178082191780822, 0.918918918918919, 0.9459459459459459, 0.972972972972973, 1.0], 0.4570216578890444], "first_gen": [[0.0, 0.0, 0.5, 1.0, 0.6666666666666666, 0.5, 0.5555555555555556, 0.45454545454545453, 0.5, 0.42857142857142855, 0.4666666666666667, 0.4117647058823529, 0.4444444444444444, 0.47368421052631576, 0.42857142857142855, 0.45454545454545453, 0.4782608695652174, 0.5652173913043478, 0.5833333333333334, 0.6, 0.6153846153846154, 0.5714285714285714, 0.5333333333333333, 0.5, 0.5151515151515151, 0.5294117647058824, 0.5, 0.5135135135135135, 0.48717948717948717, 0.5, 0.47619047619047616, 0.45454545454545453, 0.43478260869565216, 0.4166666666666667, 0.42857142857142855, 0.46938775510204084, 0.48, 0.46153846153846156, 0.4716981132075472, 0.45454545454545453, 0.43859649122807015, 0.423728813559322, 0.4576271186440678, 0.4666666666666667, 0.47540983606557374, 0.4838709677419355, 0.5161290322580645, 0.5483870967741935, 0.5806451612903226, 0.6129032258064516, 0.6190476190476191, 0.625, 0.6060606060606061, 0.6363636363636364, 0.6666666666666666, 0.6716417910447762, 0.6521739130434783, 0.6811594202898551, 0.6857142857142857, 0.6666666666666666, 0.6712328767123288, 0.6756756756756757, 0.7027027027027027, 0.7297297297297297, 0.7567567567567568, 0.7837837837837838, 0.8108108108108109, 0.8378378378378378, 0.8648648648648649, 0.8918918918918919, 0.918918918918919, 0.9459459459459459, 0.972972972972973, 1.0], 0.574010145390072]}}