{"rank_algo": "random_forest_score", "seed": 69, "subsampling_proportion": 0.00063, "exec_time": 0.2930018901824951, "results": {"features": ["feature82", "feature81", "feature33", "feature1", "feature55", "feature21", "feature57", "feature23", "feature22", "feature3", "feature67", "feature2", "feature60", "feature18", "feature19", "feature0", "feature44", "feature58", "feature10", "feature71", "feature20", "feature8", "feature9", "feature49", "feature7", "feature17", "feature50", "feature26", "feature69", "feature30", "feature51", "feature11", "feature63", "feature29", "feature5", "feature42", "feature64", "feature40", "feature41", "feature47", "feature46", "feature59", "feature54", "feature52", "feature43", "feature36", "feature38", "feature15", "feature39", "feature53", "feature37", "feature28", "feature66", "feature68", "feature62", "feature12", "feature56", "feature34", "feature31", "feature61", "feature27", "feature24", "feature48", "feature65", "feature25", "feature16", "feature45", "feature13", "feature35", "feature90", "feature4", "feature72", "feature6", "feature73"], "scores": [0.05927735745760627, 0.04506440274664601, 0.03137500891323216, 0.030828114874166798, 0.026712017953447693, 0.02578465311549519, 0.024821110316739496, 0.023795402623184986, 0.023494879414182733, 0.022882690313777328, 0.021516369864153107, 0.021264636895432103, 0.02052984350018344, 0.020491094958798535, 0.020252412660476077, 0.01999891554294898, 0.019600816826298724, 0.01957150048384765, 0.01867158055210285, 0.01811093807141694, 0.017729257358634534, 0.017438419082770645, 0.017246499411802625, 0.01643298722332824, 0.016289783977350647, 0.01614959343608842, 0.015640463895782115, 0.015284155286616582, 0.014439846483254887, 0.014273324631403215, 0.013355404453097205, 0.012982548255409164, 0.012583991285641697, 0.012291595216892177, 0.0122366598345833, 0.01206954054873406, 0.011951557090873612, 0.011878519835948478, 0.011189187376643046, 0.010919890818199864, 0.010874139648626348, 0.010584184302861739, 0.010385550647798916, 0.010143987727533247, 0.009646414664241309, 0.009521641461376821, 0.008477651000738893, 0.008147029012883172, 0.008120835589039326, 0.00802185607214805, 0.007780955237235397, 0.007325053381449705, 0.007288961120665359, 0.006418383265535032, 0.00630799149142614, 0.006211726012306106, 0.006012790625323553, 0.005829254694004653, 0.0057904976848408216, 0.00572943714034436, 0.004845734049833449, 0.004774367294500979, 0.004404992154589755, 0.004201200813464151, 0.004182836863445775, 0.003960060124405184, 0.0038659138085453586, 0.0037068897045655982, 0.0033916767008202115, 0.003205884630187574, 0.0024622589798319124, 0.0019528715082396328, 0.0, 0.0]}, "evaluations": {"eval_method": "jaccard_full_score", "singles": [[0.0, 0.0, 0.0, 0.0, 0.0, 0.09090909090909091, 0.07692307692307693, 0.14285714285714285, 0.125, 0.1111111111111111, 0.15789473684210525, 0.14285714285714285, 0.13043478260869565, 0.12, 0.15384615384615385, 0.14285714285714285, 0.1724137931034483, 0.2, 0.22580645161290322, 0.21212121212121213, 0.2727272727272727, 0.2571428571428571, 0.24324324324324326, 0.2972972972972973, 0.28205128205128205, 0.3, 0.2857142857142857, 0.3333333333333333, 0.3181818181818182, 0.3333333333333333, 0.37777777777777777, 0.391304347826087, 0.40425531914893614, 0.3877551020408163, 0.37254901960784315, 0.38461538461538464, 0.37037037037037035, 0.38181818181818183, 0.41818181818181815, 0.42857142857142855, 0.4642857142857143, 0.5, 0.5357142857142857, 0.5172413793103449, 0.5254237288135594, 0.559322033898305, 0.5666666666666667, 0.6, 0.6065573770491803, 0.6129032258064516, 0.6190476190476191, 0.625, 0.6307692307692307, 0.6119402985074627, 0.6176470588235294, 0.6231884057971014, 0.6521739130434783, 0.6571428571428571, 0.6619718309859155, 0.6901408450704225, 0.7183098591549296, 0.7464788732394366, 0.75, 0.7777777777777778, 0.7567567567567568, 0.7837837837837838, 0.8108108108108109, 0.8378378378378378, 0.8648648648648649, 0.8918918918918919, 0.918918918918919, 0.9459459459459459, 0.972972972972973, 1.0], 0.44107865856603623], "first_gen": [[0.0, 0.0, 0.2, 0.3333333333333333, 0.25, 0.3333333333333333, 0.2727272727272727, 0.3333333333333333, 0.38461538461538464, 0.5384615384615384, 0.4666666666666667, 0.5, 0.4444444444444444, 0.4, 0.42857142857142855, 0.5238095238095238, 0.5454545454545454, 0.5, 0.52, 0.48148148148148145, 0.5, 0.5714285714285714, 0.5862068965517241, 0.6, 0.5625, 0.5757575757575758, 0.5428571428571428, 0.5555555555555556, 0.5263157894736842, 0.5, 0.5121951219512195, 0.4883720930232558, 0.4666666666666667, 0.44680851063829785, 0.4583333333333333, 0.46938775510204084, 0.45098039215686275, 0.46153846153846156, 0.4444444444444444, 0.45454545454545453, 0.4642857142857143, 0.47368421052631576, 0.5087719298245614, 0.5172413793103449, 0.5254237288135594, 0.5333333333333333, 0.5666666666666667, 0.6, 0.6333333333333333, 0.639344262295082, 0.6451612903225806, 0.6507936507936508, 0.6307692307692307, 0.6363636363636364, 0.6666666666666666, 0.696969696969697, 0.7014925373134329, 0.7313432835820896, 0.7101449275362319, 0.6901408450704225, 0.6944444444444444, 0.7222222222222222, 0.726027397260274, 0.7534246575342466, 0.7567567567567568, 0.7837837837837838, 0.8108108108108109, 0.8378378378378378, 0.8648648648648649, 0.8918918918918919, 0.918918918918919, 0.9459459459459459, 0.972972972972973, 1.0], 0.5620816284969601]}}