{"rank_algo": "random_forest_score", "seed": 7, "subsampling_proportion": 0.00016, "exec_time": 0.13199996948242188, "results": {"features": ["feature81", "feature82", "feature23", "feature21", "feature7", "feature33", "feature2", "feature10", "feature57", "feature55", "feature0", "feature50", "feature19", "feature53", "feature29", "feature8", "feature26", "feature22", "feature58", "feature38", "feature60", "feature1", "feature20", "feature49", "feature44", "feature52", "feature54", "feature3", "feature63", "feature17", "feature51", "feature71", "feature18", "feature43", "feature64", "feature67", "feature36", "feature37", "feature30", "feature41", "feature9", "feature46", "feature11", "feature69", "feature47", "feature59", "feature25", "feature39", "feature12", "feature35", "feature42", "feature34", "feature61", "feature66", "feature27", "feature40", "feature15", "feature65", "feature45", "feature5", "feature28", "feature31", "feature68", "feature48", "feature56", "feature62", "feature13", "feature90", "feature24", "feature72", "feature4", "feature16", "feature6", "feature73"], "scores": [0.04963297742193382, 0.048369112019256616, 0.03558368250979478, 0.031049611509386867, 0.02950317973320262, 0.02895322521542743, 0.02458139996338048, 0.023899004846645307, 0.023848177536413412, 0.023242458969404092, 0.020558687575670774, 0.01984308491649891, 0.019621727063564475, 0.01932426421347231, 0.019106656128995314, 0.018182119358152306, 0.01798072548522495, 0.017751538338187652, 0.017407116356150453, 0.01694804673943981, 0.016795469023478664, 0.016258014320140762, 0.01598737836413416, 0.015527020606134218, 0.015264789480383477, 0.014980938364409562, 0.014634926281840514, 0.014611110862831575, 0.014421856731247955, 0.014368451951458359, 0.01417683964627122, 0.014027691447542354, 0.013604844661174205, 0.01322227729401427, 0.013121131999980114, 0.013088041824105286, 0.01260248194935492, 0.012560831869263447, 0.012329929329326604, 0.012255069945382628, 0.012084636666274507, 0.011936345615945521, 0.01146275508550776, 0.011343892207602206, 0.010897994551639738, 0.009752168481654751, 0.009482699183461724, 0.00863661973004979, 0.00838343737616671, 0.008171487600391379, 0.008089433626770125, 0.0075634138768404255, 0.006937338310470229, 0.006886228003854982, 0.006860225827560551, 0.006574807927548384, 0.006350369504540043, 0.005986908484198666, 0.005739578970185493, 0.005638429702828182, 0.005562565410986646, 0.005468309615340699, 0.0054450470710049525, 0.0053203839495430715, 0.003967741488541913, 0.003935339587082065, 0.0035881519195617695, 0.003191978828670246, 0.002990610142638223, 0.001561762226930329, 0.0009634471735322546, 0.0, 0.0, 0.0]}, "evaluations": {"eval_method": "jaccard_full_score", "singles": [[0.0, 0.0, 0.2, 0.3333333333333333, 0.25, 0.2, 0.16666666666666666, 0.23076923076923078, 0.2, 0.17647058823529413, 0.15789473684210525, 0.14285714285714285, 0.18181818181818182, 0.16666666666666666, 0.15384615384615385, 0.14285714285714285, 0.1724137931034483, 0.2413793103448276, 0.22580645161290322, 0.21212121212121213, 0.23529411764705882, 0.2571428571428571, 0.2777777777777778, 0.3333333333333333, 0.3157894736842105, 0.3333333333333333, 0.35, 0.3333333333333333, 0.3488372093023256, 0.3333333333333333, 0.34782608695652173, 0.3617021276595745, 0.375, 0.36, 0.34615384615384615, 0.3333333333333333, 0.32142857142857145, 0.3333333333333333, 0.3448275862068966, 0.3793103448275862, 0.41379310344827586, 0.4482758620689655, 0.4827586206896552, 0.4915254237288136, 0.5, 0.5333333333333333, 0.5409836065573771, 0.5483870967741935, 0.5555555555555556, 0.5625, 0.5692307692307692, 0.5522388059701493, 0.582089552238806, 0.5652173913043478, 0.5714285714285714, 0.5774647887323944, 0.6056338028169014, 0.6111111111111112, 0.6388888888888888, 0.6666666666666666, 0.6944444444444444, 0.6986301369863014, 0.726027397260274, 0.7297297297297297, 0.7567567567567568, 0.7837837837837838, 0.8108108108108109, 0.8378378378378378, 0.8648648648648649, 0.8918918918918919, 0.918918918918919, 0.9459459459459459, 0.972972972972973, 1.0], 0.4428176582549431], "first_gen": [[0.0, 0.0, 0.5, 0.6, 0.42857142857142855, 0.3333333333333333, 0.2727272727272727, 0.45454545454545453, 0.38461538461538464, 0.42857142857142855, 0.375, 0.4117647058823529, 0.4444444444444444, 0.4, 0.36363636363636365, 0.391304347826087, 0.36, 0.38461538461538464, 0.35714285714285715, 0.3333333333333333, 0.3125, 0.3333333333333333, 0.35294117647058826, 0.37142857142857144, 0.3888888888888889, 0.40540540540540543, 0.38461538461538464, 0.4, 0.38095238095238093, 0.3953488372093023, 0.4090909090909091, 0.4222222222222222, 0.43478260869565216, 0.4782608695652174, 0.4583333333333333, 0.44, 0.45098039215686275, 0.4339622641509434, 0.4444444444444444, 0.42857142857142855, 0.4642857142857143, 0.47368421052631576, 0.4827586206896552, 0.4915254237288136, 0.5, 0.5081967213114754, 0.5161290322580645, 0.5483870967741935, 0.5806451612903226, 0.6129032258064516, 0.6190476190476191, 0.625, 0.6060606060606061, 0.6119402985074627, 0.6417910447761194, 0.6470588235294118, 0.6521739130434783, 0.6811594202898551, 0.6619718309859155, 0.6666666666666666, 0.6712328767123288, 0.6756756756756757, 0.7027027027027027, 0.7297297297297297, 0.7567567567567568, 0.7837837837837838, 0.8108108108108109, 0.8378378378378378, 0.8648648648648649, 0.8918918918918919, 0.918918918918919, 0.9459459459459459, 0.972972972972973, 1.0], 0.5206051833967448]}}