{"rank_algo": "random_forest_score", "seed": 30, "subsampling_proportion": 0.0063, "exec_time": 2.761202573776245, "results": {"features": ["feature82", "feature81", "feature23", "feature22", "feature33", "feature55", "feature1", "feature57", "feature21", "feature2", "feature10", "feature60", "feature3", "feature19", "feature20", "feature58", "feature18", "feature0", "feature9", "feature49", "feature8", "feature44", "feature7", "feature26", "feature50", "feature67", "feature71", "feature29", "feature59", "feature11", "feature64", "feature30", "feature51", "feature52", "feature36", "feature69", "feature47", "feature15", "feature41", "feature43", "feature46", "feature63", "feature38", "feature17", "feature54", "feature66", "feature53", "feature37", "feature40", "feature39", "feature42", "feature12", "feature28", "feature68", "feature24", "feature61", "feature5", "feature62", "feature31", "feature56", "feature45", "feature90", "feature27", "feature25", "feature65", "feature13", "feature48", "feature16", "feature35", "feature4", "feature34", "feature72", "feature6", "feature73"], "scores": [0.06652385887077598, 0.05024865400662322, 0.049091944679399625, 0.02846250921540998, 0.0265791135369254, 0.02535788036079193, 0.02483182795764354, 0.024113209772529162, 0.024091682451997835, 0.023806022488541734, 0.021364560105444012, 0.02112062759858356, 0.020772486890802373, 0.020550800764782943, 0.020454794728448494, 0.019962518925542357, 0.019734539223659187, 0.019356653955988262, 0.018954500760580275, 0.018650560315347547, 0.01850475687960697, 0.017920259870674117, 0.01751582468414375, 0.01585743472160012, 0.01495811951546972, 0.0145813479248837, 0.01412037613418299, 0.013932352024699805, 0.012332589414433688, 0.012326706303025703, 0.012277489121471192, 0.012263614489071584, 0.012124556994437265, 0.011358478181120688, 0.011186511870830564, 0.01104767623366088, 0.01096693915213917, 0.010914905527133869, 0.010442038508659652, 0.01020836715775145, 0.009978521675298554, 0.009939388013821356, 0.009878954067039848, 0.009709714175853866, 0.00915910660269632, 0.008559384372360802, 0.008197927011830801, 0.008110778758884375, 0.00760221918902431, 0.007507102769866976, 0.007472118890786366, 0.0074328853122570485, 0.00718414038245549, 0.007045870233536053, 0.006374165907002554, 0.006197541309306756, 0.0060739446000123605, 0.004890915473093888, 0.004778898015825626, 0.004702059174096832, 0.004696291822546369, 0.004679609901432114, 0.004403634732292383, 0.004361905316059696, 0.004192647945620797, 0.0037673330002430533, 0.003183758098887574, 0.0031775098010535744, 0.0028474824718231536, 0.002541902941401648, 0.0021879736823053335, 0.00028966955541447867, 5.55347705539242e-06, 0.0]}, "evaluations": {"eval_method": "jaccard_full_score", "singles": [[0.0, 0.0, 0.2, 0.14285714285714285, 0.1111111111111111, 0.09090909090909091, 0.07692307692307693, 0.06666666666666667, 0.125, 0.1111111111111111, 0.2222222222222222, 0.2, 0.18181818181818182, 0.21739130434782608, 0.2, 0.23076923076923078, 0.25925925925925924, 0.2857142857142857, 0.26666666666666666, 0.2903225806451613, 0.3125, 0.29411764705882354, 0.2777777777777778, 0.3333333333333333, 0.3157894736842105, 0.3333333333333333, 0.3170731707317073, 0.3333333333333333, 0.3488372093023256, 0.3953488372093023, 0.4090909090909091, 0.391304347826087, 0.40425531914893614, 0.3877551020408163, 0.37254901960784315, 0.3584905660377358, 0.34545454545454546, 0.38181818181818183, 0.41818181818181815, 0.42857142857142855, 0.4642857142857143, 0.5, 0.5087719298245614, 0.4915254237288136, 0.5254237288135594, 0.5333333333333333, 0.5409836065573771, 0.5737704918032787, 0.5806451612903226, 0.5873015873015873, 0.59375, 0.6, 0.6307692307692307, 0.6119402985074627, 0.6176470588235294, 0.6231884057971014, 0.6521739130434783, 0.6811594202898551, 0.6857142857142857, 0.7142857142857143, 0.7428571428571429, 0.7714285714285715, 0.8, 0.8028169014084507, 0.8055555555555556, 0.8333333333333334, 0.8356164383561644, 0.863013698630137, 0.8904109589041096, 0.9178082191780822, 0.918918918918919, 0.9459459459459459, 0.972972972972973, 1.0], 0.4623973321400283], "first_gen": [[0.0, 0.0, 0.5, 1.0, 0.6666666666666666, 0.5, 0.5555555555555556, 0.45454545454545453, 0.38461538461538464, 0.5384615384615384, 0.5714285714285714, 0.5, 0.5294117647058824, 0.5555555555555556, 0.5789473684210527, 0.5238095238095238, 0.5454545454545454, 0.5652173913043478, 0.5833333333333334, 0.6, 0.6153846153846154, 0.6296296296296297, 0.5862068965517241, 0.5483870967741935, 0.5151515151515151, 0.5294117647058824, 0.5428571428571428, 0.5135135135135135, 0.48717948717948717, 0.4634146341463415, 0.4418604651162791, 0.4222222222222222, 0.43478260869565216, 0.4166666666666667, 0.42857142857142855, 0.44, 0.45098039215686275, 0.46153846153846156, 0.4444444444444444, 0.45454545454545453, 0.4642857142857143, 0.4482758620689655, 0.4827586206896552, 0.5172413793103449, 0.5254237288135594, 0.5081967213114754, 0.5161290322580645, 0.5483870967741935, 0.5806451612903226, 0.6129032258064516, 0.6190476190476191, 0.625, 0.6307692307692307, 0.6363636363636364, 0.6417910447761194, 0.6470588235294118, 0.6521739130434783, 0.6811594202898551, 0.6619718309859155, 0.6666666666666666, 0.6712328767123288, 0.6986301369863014, 0.7027027027027027, 0.7297297297297297, 0.7567567567567568, 0.7837837837837838, 0.8108108108108109, 0.8378378378378378, 0.8648648648648649, 0.8918918918918919, 0.918918918918919, 0.9459459459459459, 0.972972972972973, 1.0], 0.5853709459137597]}}