{"rank_algo": "random_forest_score", "seed": 97, "subsampling_proportion": 0.0016, "exec_time": 0.6772520542144775, "results": {"features": ["feature82", "feature81", "feature23", "feature22", "feature57", "feature2", "feature33", "feature55", "feature1", "feature3", "feature21", "feature60", "feature18", "feature10", "feature0", "feature19", "feature20", "feature8", "feature7", "feature9", "feature58", "feature44", "feature71", "feature59", "feature26", "feature49", "feature67", "feature30", "feature47", "feature51", "feature50", "feature29", "feature46", "feature5", "feature52", "feature17", "feature11", "feature64", "feature28", "feature54", "feature43", "feature66", "feature56", "feature41", "feature38", "feature69", "feature36", "feature37", "feature63", "feature40", "feature53", "feature12", "feature42", "feature25", "feature68", "feature24", "feature61", "feature39", "feature15", "feature45", "feature62", "feature35", "feature31", "feature65", "feature13", "feature27", "feature48", "feature4", "feature90", "feature16", "feature34", "feature72", "feature6", "feature73"], "scores": [0.06913541992122801, 0.0526307101564161, 0.029412594915469922, 0.027988671681547506, 0.02579156073136678, 0.025560164245903634, 0.025399481520294077, 0.024133227900610548, 0.02339489070029395, 0.022657369140449496, 0.02258710563762935, 0.022351862262758142, 0.021377394242505877, 0.021272271656309728, 0.02043779878073621, 0.020293101069302166, 0.019907966737364433, 0.019624907127267947, 0.019072082895953964, 0.019057053307407524, 0.018657389456891372, 0.01839493423427112, 0.017454796284490107, 0.01692694267216506, 0.01611152435185363, 0.01580203230320494, 0.014803512051294064, 0.01382526878469443, 0.013406358185795157, 0.013210284028397643, 0.01285369811969274, 0.01178674125864418, 0.011637410154239337, 0.011468570215107604, 0.011226096927699158, 0.010696222889599188, 0.01068920940190639, 0.010643646424740805, 0.010540908009918727, 0.010361625913816222, 0.00989047376232008, 0.009765727567532525, 0.009611666356083553, 0.009484147626555505, 0.009335878024333196, 0.009288401318234987, 0.009224152696140802, 0.00877937471109939, 0.007852447243691048, 0.007643946028138341, 0.007531445715454764, 0.007444295454258903, 0.007199929346040663, 0.0069110078822656185, 0.006647679895838076, 0.006514802144151055, 0.005957239369387389, 0.005833687140972146, 0.005671346589433781, 0.005154847493623304, 0.005057212389019203, 0.0049683826076981, 0.004773565992130185, 0.004690053040975452, 0.00406623766811436, 0.003852703598046224, 0.003558161551636939, 0.0030770580706907915, 0.0027185842701180326, 0.002216608897372084, 0.0020299867011351926, 0.000666142548270994, 0.0, 0.0]}, "evaluations": {"eval_method": "jaccard_full_score", "singles": [[0.0, 0.0, 0.2, 0.14285714285714285, 0.1111111111111111, 0.09090909090909091, 0.07692307692307693, 0.06666666666666667, 0.058823529411764705, 0.05263157894736842, 0.15789473684210525, 0.14285714285714285, 0.13043478260869565, 0.16666666666666666, 0.15384615384615385, 0.18518518518518517, 0.25925925925925924, 0.2857142857142857, 0.26666666666666666, 0.25, 0.2727272727272727, 0.2571428571428571, 0.24324324324324326, 0.2972972972972973, 0.3157894736842105, 0.3684210526315789, 0.35, 0.36585365853658536, 0.3488372093023256, 0.3953488372093023, 0.4090909090909091, 0.391304347826087, 0.40425531914893614, 0.3877551020408163, 0.37254901960784315, 0.3584905660377358, 0.37037037037037035, 0.35714285714285715, 0.39285714285714285, 0.42857142857142855, 0.43859649122807015, 0.4482758620689655, 0.4576271186440678, 0.4666666666666667, 0.47540983606557374, 0.4838709677419355, 0.5161290322580645, 0.5483870967741935, 0.5806451612903226, 0.6129032258064516, 0.59375, 0.6, 0.6307692307692307, 0.6119402985074627, 0.5942028985507246, 0.6231884057971014, 0.6521739130434783, 0.6571428571428571, 0.6857142857142857, 0.7142857142857143, 0.7428571428571429, 0.7464788732394366, 0.75, 0.7777777777777778, 0.8055555555555556, 0.8333333333333334, 0.8356164383561644, 0.863013698630137, 0.8904109589041096, 0.9178082191780822, 0.918918918918919, 0.9459459459459459, 0.972972972972973, 1.0], 0.44901183478035517], "first_gen": [[0.0, 0.0, 0.5, 1.0, 0.6666666666666666, 0.5, 0.4, 0.45454545454545453, 0.5, 0.5384615384615384, 0.5714285714285714, 0.5, 0.4444444444444444, 0.47368421052631576, 0.5, 0.6, 0.6190476190476191, 0.6363636363636364, 0.5833333333333334, 0.6, 0.5555555555555556, 0.5714285714285714, 0.5862068965517241, 0.5483870967741935, 0.5151515151515151, 0.5757575757575758, 0.5428571428571428, 0.5135135135135135, 0.48717948717948717, 0.5384615384615384, 0.5121951219512195, 0.4883720930232558, 0.5, 0.5111111111111111, 0.48936170212765956, 0.5319148936170213, 0.5102040816326531, 0.49019607843137253, 0.4716981132075472, 0.48148148148148145, 0.4909090909090909, 0.5, 0.5357142857142857, 0.543859649122807, 0.5517241379310345, 0.5333333333333333, 0.5666666666666667, 0.6, 0.6065573770491803, 0.639344262295082, 0.6190476190476191, 0.625, 0.6307692307692307, 0.6363636363636364, 0.6417910447761194, 0.6470588235294118, 0.6285714285714286, 0.6571428571428571, 0.6619718309859155, 0.6438356164383562, 0.6712328767123288, 0.6756756756756757, 0.7027027027027027, 0.7297297297297297, 0.7567567567567568, 0.7837837837837838, 0.8108108108108109, 0.8378378378378378, 0.8648648648648649, 0.8918918918918919, 0.918918918918919, 0.9459459459459459, 0.972972972972973, 1.0], 0.5963259548476986]}}