{"rank_algo": "random_forest_score", "seed": 75, "subsampling_proportion": 0.00016, "exec_time": 0.12600040435791016, "results": {"features": ["feature54", "feature22", "feature33", "feature81", "feature82", "feature3", "feature57", "feature59", "feature49", "feature55", "feature18", "feature60", "feature51", "feature10", "feature1", "feature52", "feature2", "feature67", "feature8", "feature21", "feature23", "feature19", "feature50", "feature58", "feature47", "feature7", "feature20", "feature44", "feature43", "feature39", "feature0", "feature37", "feature9", "feature42", "feature35", "feature38", "feature17", "feature41", "feature24", "feature26", "feature29", "feature64", "feature11", "feature68", "feature71", "feature30", "feature62", "feature12", "feature40", "feature28", "feature53", "feature69", "feature27", "feature48", "feature36", "feature63", "feature13", "feature5", "feature46", "feature66", "feature61", "feature65", "feature15", "feature90", "feature4", "feature25", "feature31", "feature45", "feature34", "feature56", "feature72", "feature16", "feature6", "feature73"], "scores": [0.03700807847889563, 0.03441319106418437, 0.03192530393320252, 0.031809830646629386, 0.02930502875817429, 0.025809926771430246, 0.025779021727602127, 0.023772332929842266, 0.023676160598127324, 0.02247150684444337, 0.021903738488559296, 0.02146685490508236, 0.021276835131529465, 0.020742118318332364, 0.020498603826562635, 0.020311019845609776, 0.02021219427012747, 0.019587863237970203, 0.019060880502663472, 0.018964151814977133, 0.01846113734104511, 0.018353495681290286, 0.018290621162846462, 0.018176494916933704, 0.018021762365669956, 0.01795224551598281, 0.017810750363170112, 0.01699306795284592, 0.016562243695369506, 0.01631418491184079, 0.015597037256464332, 0.015490904104196459, 0.015441287709504994, 0.015085069735909735, 0.013892414146834897, 0.013213108621065077, 0.01264772933686818, 0.01192278426905059, 0.01109696749376068, 0.01100281754514097, 0.010756819958954132, 0.010696716435315843, 0.010512042159030724, 0.010001340246751329, 0.009933607650734306, 0.009465558001052933, 0.009288204441626199, 0.008450942619888354, 0.00839579719247913, 0.00813450317224323, 0.007776710946458415, 0.007746537003330778, 0.007738754092290459, 0.007665634323336175, 0.007575530006597838, 0.0066930245218026875, 0.006344927584279814, 0.005649928775282173, 0.004963313029327835, 0.004745862364893598, 0.004403340836186313, 0.004384036708128782, 0.004301194338082912, 0.004112167135210361, 0.003847331827907372, 0.003430092458647969, 0.0034036248301395912, 0.0031054803096615775, 0.0020515611207597034, 0.0015684487706108796, 0.0005362009192523181, 0.0, 0.0, 0.0]}, "evaluations": {"eval_method": "jaccard_full_score", "singles": [[0.0, 0.0, 0.0, 0.0, 0.0, 0.0, 0.0, 0.0, 0.058823529411764705, 0.05263157894736842, 0.047619047619047616, 0.043478260869565216, 0.08333333333333333, 0.12, 0.2, 0.18518518518518517, 0.21428571428571427, 0.2413793103448276, 0.22580645161290322, 0.25, 0.2727272727272727, 0.29411764705882354, 0.2777777777777778, 0.3333333333333333, 0.3157894736842105, 0.3333333333333333, 0.38461538461538464, 0.36585365853658536, 0.3488372093023256, 0.3333333333333333, 0.34782608695652173, 0.3333333333333333, 0.3469387755102041, 0.36, 0.34615384615384615, 0.3333333333333333, 0.32142857142857145, 0.3333333333333333, 0.3684210526315789, 0.40350877192982454, 0.41379310344827586, 0.423728813559322, 0.4576271186440678, 0.4666666666666667, 0.5, 0.5081967213114754, 0.5409836065573771, 0.5737704918032787, 0.5806451612903226, 0.6129032258064516, 0.59375, 0.5757575757575758, 0.6060606060606061, 0.5882352941176471, 0.5942028985507246, 0.6, 0.6285714285714286, 0.6571428571428571, 0.6857142857142857, 0.6901408450704225, 0.7183098591549296, 0.7464788732394366, 0.75, 0.7777777777777778, 0.8055555555555556, 0.8082191780821918, 0.8356164383561644, 0.863013698630137, 0.8648648648648649, 0.8918918918918919, 0.918918918918919, 0.9459459459459459, 0.972972972972973, 1.0], 0.42704102212857836], "first_gen": [[0.0, 0.3333333333333333, 0.2, 0.3333333333333333, 0.42857142857142855, 0.3333333333333333, 0.4, 0.3333333333333333, 0.2857142857142857, 0.25, 0.2222222222222222, 0.2, 0.18181818181818182, 0.21739130434782608, 0.25, 0.28, 0.3076923076923077, 0.3333333333333333, 0.35714285714285715, 0.3793103448275862, 0.4, 0.41935483870967744, 0.3939393939393939, 0.37142857142857144, 0.35135135135135137, 0.3333333333333333, 0.38461538461538464, 0.4, 0.4146341463414634, 0.4634146341463415, 0.47619047619047616, 0.45454545454545453, 0.4666666666666667, 0.5111111111111111, 0.48936170212765956, 0.5, 0.5102040816326531, 0.49019607843137253, 0.5, 0.5094339622641509, 0.5185185185185185, 0.5, 0.5087719298245614, 0.5172413793103449, 0.5254237288135594, 0.5333333333333333, 0.5666666666666667, 0.6, 0.6333333333333333, 0.639344262295082, 0.6190476190476191, 0.625, 0.6307692307692307, 0.6615384615384615, 0.6666666666666666, 0.6716417910447762, 0.6521739130434783, 0.6811594202898551, 0.6857142857142857, 0.7142857142857143, 0.7183098591549296, 0.7222222222222222, 0.726027397260274, 0.7534246575342466, 0.7567567567567568, 0.7837837837837838, 0.8108108108108109, 0.8378378378378378, 0.8648648648648649, 0.8918918918918919, 0.918918918918919, 0.9459459459459459, 0.972972972972973, 1.0], 0.5180919035656079]}}