{"rank_algo": "random_forest_score", "seed": 52, "subsampling_proportion": 0.0004, "exec_time": 0.20200681686401367, "results": {"features": ["feature81", "feature82", "feature23", "feature10", "feature1", "feature19", "feature55", "feature21", "feature22", "feature0", "feature20", "feature44", "feature9", "feature57", "feature60", "feature33", "feature58", "feature3", "feature8", "feature26", "feature2", "feature29", "feature7", "feature18", "feature49", "feature17", "feature52", "feature66", "feature30", "feature43", "feature67", "feature51", "feature41", "feature64", "feature36", "feature59", "feature71", "feature47", "feature63", "feature11", "feature46", "feature54", "feature50", "feature42", "feature28", "feature15", "feature68", "feature38", "feature69", "feature37", "feature53", "feature39", "feature62", "feature40", "feature27", "feature56", "feature61", "feature45", "feature12", "feature13", "feature65", "feature5", "feature25", "feature31", "feature24", "feature48", "feature90", "feature4", "feature35", "feature34", "feature16", "feature6", "feature72", "feature73"], "scores": [0.04554592754359776, 0.04509750224893484, 0.03487080082978189, 0.02968955844969257, 0.029285109918472836, 0.027315546372752464, 0.027243601523872084, 0.026282025568612657, 0.026139694885017304, 0.02549897506844848, 0.024631677762292605, 0.02436242760328165, 0.023605127953908393, 0.023191719397456956, 0.022837545714761365, 0.022834174376587673, 0.022414183647294986, 0.02231592988512212, 0.022282869812427733, 0.02010345221716776, 0.01946377050474439, 0.01896693042011136, 0.01797621623426972, 0.017054020717054325, 0.014795425624668516, 0.01448876948739908, 0.014128713669962371, 0.014120776630479077, 0.013548700109108932, 0.013424462582561159, 0.012749450432585848, 0.011939205011120299, 0.01179294698569533, 0.011300332054856116, 0.011086870178316452, 0.01101161223510523, 0.010974779669242192, 0.010958816735891922, 0.01027983969168913, 0.010008340165817165, 0.009796629030243231, 0.009499433649377857, 0.00934512861249242, 0.009096405795894814, 0.009073344118344115, 0.008473254405998578, 0.008285683794084925, 0.0082035213699034, 0.007980047619261877, 0.00783167555161761, 0.0074157163878220776, 0.007235970769138245, 0.0069624434822971966, 0.006234910667176257, 0.006179573087074579, 0.006123328563715708, 0.00594635217964296, 0.0057181884445816795, 0.005191405886786811, 0.005177556318824202, 0.0051682510786273525, 0.005033561888691161, 0.004417496325206602, 0.0043133345883828896, 0.0034729668731786267, 0.0033129665139714957, 0.003164372999039199, 0.001974777274248577, 0.0019104065254947119, 0.0010140141454345307, 0.0008294521332837254, 0.0, 0.0, 0.0]}, "evaluations": {"eval_method": "jaccard_full_score", "singles": [[0.0, 0.0, 0.2, 0.3333333333333333, 0.25, 0.3333333333333333, 0.2727272727272727, 0.3333333333333333, 0.2857142857142857, 0.25, 0.29411764705882354, 0.2631578947368421, 0.23809523809523808, 0.21739130434782608, 0.2, 0.23076923076923078, 0.25925925925925924, 0.2413793103448276, 0.22580645161290322, 0.25, 0.3125, 0.29411764705882354, 0.2777777777777778, 0.2972972972972973, 0.3157894736842105, 0.3333333333333333, 0.3170731707317073, 0.3333333333333333, 0.3181818181818182, 0.30434782608695654, 0.3191489361702128, 0.3333333333333333, 0.3469387755102041, 0.3333333333333333, 0.32075471698113206, 0.3333333333333333, 0.34545454545454546, 0.35714285714285715, 0.39285714285714285, 0.42857142857142855, 0.4642857142857143, 0.47368421052631576, 0.5087719298245614, 0.5172413793103449, 0.5517241379310345, 0.5862068965517241, 0.5932203389830508, 0.6, 0.5806451612903226, 0.6129032258064516, 0.59375, 0.5757575757575758, 0.6060606060606061, 0.6119402985074627, 0.6176470588235294, 0.6231884057971014, 0.6521739130434783, 0.6811594202898551, 0.7101449275362319, 0.7391304347826086, 0.7681159420289855, 0.7971014492753623, 0.7746478873239436, 0.8028169014084507, 0.8055555555555556, 0.8082191780821918, 0.8356164383561644, 0.863013698630137, 0.8904109589041096, 0.8918918918918919, 0.918918918918919, 0.9459459459459459, 0.972972972972973, 1.0], 0.47627262122249164], "first_gen": [[0.0, 0.0, 0.5, 0.6, 0.6666666666666666, 0.7142857142857143, 0.5555555555555556, 0.45454545454545453, 0.5, 0.5384615384615384, 0.4666666666666667, 0.5, 0.625, 0.6470588235294118, 0.6666666666666666, 0.6, 0.5454545454545454, 0.5652173913043478, 0.5833333333333334, 0.5384615384615384, 0.5555555555555556, 0.5172413793103449, 0.4838709677419355, 0.5, 0.5151515151515151, 0.5757575757575758, 0.5428571428571428, 0.5135135135135135, 0.48717948717948717, 0.5, 0.47619047619047616, 0.4883720930232558, 0.4666666666666667, 0.44680851063829785, 0.4583333333333333, 0.46938775510204084, 0.48, 0.49019607843137253, 0.4716981132075472, 0.45454545454545453, 0.4642857142857143, 0.47368421052631576, 0.4827586206896552, 0.5172413793103449, 0.5254237288135594, 0.5333333333333333, 0.5409836065573771, 0.5737704918032787, 0.5806451612903226, 0.6129032258064516, 0.59375, 0.6, 0.6060606060606061, 0.6363636363636364, 0.6666666666666666, 0.696969696969697, 0.6764705882352942, 0.6811594202898551, 0.6857142857142857, 0.6901408450704225, 0.6944444444444444, 0.6986301369863014, 0.7027027027027027, 0.7297297297297297, 0.7567567567567568, 0.7837837837837838, 0.8108108108108109, 0.8378378378378378, 0.8648648648648649, 0.8918918918918919, 0.918918918918919, 0.9459459459459459, 0.972972972972973, 1.0], 0.5905248702543938]}}