{"rank_algo": "random_forest_score", "seed": 33, "subsampling_proportion": 0.0016, "exec_time": 0.6569764614105225, "results": {"features": ["feature82", "feature81", "feature23", "feature57", "feature33", "feature1", "feature22", "feature18", "feature21", "feature3", "feature2", "feature55", "feature60", "feature10", "feature58", "feature20", "feature44", "feature19", "feature8", "feature49", "feature9", "feature0", "feature67", "feature26", "feature71", "feature7", "feature50", "feature30", "feature29", "feature52", "feature51", "feature47", "feature17", "feature59", "feature54", "feature11", "feature36", "feature66", "feature40", "feature41", "feature43", "feature68", "feature64", "feature38", "feature37", "feature53", "feature63", "feature46", "feature69", "feature28", "feature12", "feature24", "feature42", "feature15", "feature39", "feature61", "feature62", "feature27", "feature5", "feature31", "feature56", "feature45", "feature48", "feature25", "feature13", "feature16", "feature65", "feature35", "feature90", "feature34", "feature4", "feature6", "feature72", "feature73"], "scores": [0.061651678269318146, 0.04921765131384234, 0.03845174425765173, 0.027758934877847162, 0.026154158603104903, 0.02592220073282423, 0.02542128274498737, 0.024964601308109638, 0.022946832820498107, 0.022358550927122894, 0.022239690662945878, 0.021804163019575516, 0.021756628718188276, 0.021401158926480493, 0.020897176896949272, 0.019983938618862426, 0.019917282882891577, 0.01981406329962341, 0.019267454837463397, 0.01907069235898858, 0.01818174405810916, 0.018163501092014086, 0.016271770816323118, 0.015295039743306274, 0.01489180966704477, 0.014508188781462358, 0.013332498402017057, 0.012988927256341149, 0.012943658501175837, 0.012858748853178677, 0.012789704711995175, 0.01183790229599755, 0.011814770766454622, 0.011708261829448124, 0.011670496895943018, 0.011068219101209626, 0.011038768980505674, 0.010971357880217041, 0.010797387510678802, 0.010726304151828916, 0.010480833389945446, 0.010416977716467135, 0.01021551458869842, 0.010108478284327435, 0.009956491609842947, 0.009953389507335077, 0.00957974691855921, 0.009511434156305522, 0.009327754287932769, 0.009262491232883209, 0.00826322304118338, 0.008120106223931084, 0.007495167542823224, 0.007293980383623559, 0.00680018583743084, 0.006259617366916288, 0.005897749528206763, 0.005168971117305316, 0.005090766597079887, 0.005007768760281493, 0.004770408710227904, 0.004244342401743599, 0.0040813213265643924, 0.003971577383389896, 0.003900947856646064, 0.003894793512905334, 0.0037922668240603146, 0.003488812222690649, 0.0033208809222607496, 0.003244656470387713, 0.0019058301673728988, 0.00018766833156857912, 0.00012689840657656464, 0.0]}, "evaluations": {"eval_method": "jaccard_full_score", "singles": [[0.0, 0.0, 0.2, 0.14285714285714285, 0.1111111111111111, 0.09090909090909091, 0.07692307692307693, 0.06666666666666667, 0.125, 0.1111111111111111, 0.15789473684210525, 0.14285714285714285, 0.13043478260869565, 0.16666666666666666, 0.15384615384615385, 0.18518518518518517, 0.21428571428571427, 0.2857142857142857, 0.26666666666666666, 0.2903225806451613, 0.3125, 0.29411764705882354, 0.2777777777777778, 0.3333333333333333, 0.3157894736842105, 0.3333333333333333, 0.3170731707317073, 0.3333333333333333, 0.3181818181818182, 0.3333333333333333, 0.37777777777777777, 0.3617021276595745, 0.3469387755102041, 0.36, 0.37254901960784315, 0.38461538461538464, 0.37037037037037035, 0.38181818181818183, 0.41818181818181815, 0.45454545454545453, 0.4642857142857143, 0.47368421052631576, 0.4827586206896552, 0.4666666666666667, 0.5, 0.5081967213114754, 0.5409836065573771, 0.5737704918032787, 0.5555555555555556, 0.5873015873015873, 0.59375, 0.6, 0.6307692307692307, 0.6363636363636364, 0.6176470588235294, 0.6231884057971014, 0.6521739130434783, 0.6811594202898551, 0.7101449275362319, 0.7142857142857143, 0.7428571428571429, 0.7714285714285715, 0.7746478873239436, 0.7777777777777778, 0.7808219178082192, 0.8082191780821918, 0.8356164383561644, 0.863013698630137, 0.8904109589041096, 0.8918918918918919, 0.918918918918919, 0.9459459459459459, 0.972972972972973, 1.0], 0.4520949729897897], "first_gen": [[0.0, 0.0, 0.5, 0.6, 0.42857142857142855, 0.5, 0.5555555555555556, 0.45454545454545453, 0.38461538461538464, 0.5384615384615384, 0.5714285714285714, 0.5, 0.4444444444444444, 0.47368421052631576, 0.42857142857142855, 0.5238095238095238, 0.5454545454545454, 0.5652173913043478, 0.5833333333333334, 0.6, 0.6153846153846154, 0.6296296296296297, 0.5862068965517241, 0.5483870967741935, 0.5625, 0.5757575757575758, 0.5428571428571428, 0.5135135135135135, 0.48717948717948717, 0.4634146341463415, 0.47619047619047616, 0.4883720930232558, 0.5, 0.4782608695652174, 0.48936170212765956, 0.5, 0.5102040816326531, 0.49019607843137253, 0.5, 0.48148148148148145, 0.4909090909090909, 0.47368421052631576, 0.4827586206896552, 0.5172413793103449, 0.5254237288135594, 0.5081967213114754, 0.5161290322580645, 0.5483870967741935, 0.5555555555555556, 0.5873015873015873, 0.59375, 0.5757575757575758, 0.582089552238806, 0.6119402985074627, 0.6417910447761194, 0.6470588235294118, 0.6521739130434783, 0.6811594202898551, 0.6857142857142857, 0.6666666666666666, 0.6944444444444444, 0.6986301369863014, 0.7027027027027027, 0.7297297297297297, 0.7567567567567568, 0.7837837837837838, 0.8108108108108109, 0.8378378378378378, 0.8648648648648649, 0.8918918918918919, 0.918918918918919, 0.9459459459459459, 0.972972972972973, 1.0], 0.5793091724176532]}}