{"rank_algo": "random_forest_score", "seed": 50, "subsampling_proportion": 0.0004, "exec_time": 0.20766711235046387, "results": {"features": ["feature81", "feature82", "feature23", "feature22", "feature55", "feature21", "feature33", "feature18", "feature57", "feature44", "feature0", "feature60", "feature1", "feature10", "feature20", "feature2", "feature3", "feature7", "feature19", "feature8", "feature58", "feature9", "feature49", "feature26", "feature51", "feature52", "feature29", "feature59", "feature71", "feature30", "feature17", "feature50", "feature54", "feature67", "feature11", "feature47", "feature63", "feature36", "feature64", "feature38", "feature53", "feature5", "feature43", "feature41", "feature16", "feature37", "feature28", "feature69", "feature12", "feature42", "feature46", "feature68", "feature27", "feature24", "feature13", "feature39", "feature66", "feature61", "feature48", "feature65", "feature45", "feature25", "feature4", "feature40", "feature15", "feature56", "feature62", "feature35", "feature31", "feature34", "feature90", "feature6", "feature72", "feature73"], "scores": [0.06649001962200426, 0.05156476677039487, 0.03713805507966204, 0.02691496754154314, 0.026324409066491628, 0.025724827623768314, 0.02531504467474949, 0.02334401531643633, 0.022939951568951233, 0.022724392004336225, 0.022685418870812192, 0.021994878798921792, 0.021986412386104458, 0.02196901406719552, 0.021782350413367867, 0.021330643048906656, 0.021221297556863115, 0.021015393967140614, 0.0210104273204754, 0.01928233786232644, 0.019218615061655012, 0.01826842241284978, 0.01761289090632808, 0.016908434402444855, 0.015354355366177203, 0.015010295571284454, 0.014251145321760137, 0.014100357495273688, 0.013861782345800978, 0.013694490231367146, 0.01320600342440256, 0.012552291203726662, 0.01245707938100693, 0.012049429522509703, 0.011262393930258225, 0.011089347963789744, 0.011077459500462543, 0.010807222433262726, 0.010747224086240036, 0.010519407602357365, 0.010405874090896878, 0.010396801471316658, 0.010396127468915302, 0.0102410863591773, 0.009783718788897753, 0.008318659142826132, 0.008012764434524818, 0.007921320141626704, 0.007746517815319151, 0.006951465502648915, 0.006520305933259172, 0.006260617622641066, 0.006229423559499641, 0.0055634995151595005, 0.005412179154264808, 0.005281823638565376, 0.005256754025714785, 0.00513979662060709, 0.005047712257763639, 0.004887356220058214, 0.004350185733560129, 0.004187916912173417, 0.004032700726267841, 0.00396500220320826, 0.003938614939121774, 0.0038057931814996482, 0.0036032999470127663, 0.002738390494623254, 0.00271169302948674, 0.002440566539243515, 0.0016447608067103564, 0.0, 0.0, 0.0]}, "evaluations": {"eval_method": "jaccard_full_score", "singles": [[0.0, 0.0, 0.2, 0.14285714285714285, 0.1111111111111111, 0.2, 0.16666666666666666, 0.14285714285714285, 0.125, 0.1111111111111111, 0.1, 0.09090909090909091, 0.13043478260869565, 0.16666666666666666, 0.15384615384615385, 0.18518518518518517, 0.21428571428571427, 0.2413793103448276, 0.26666666666666666, 0.25, 0.2727272727272727, 0.2571428571428571, 0.2777777777777778, 0.3333333333333333, 0.35135135135135137, 0.3684210526315789, 0.35, 0.4, 0.38095238095238093, 0.3953488372093023, 0.4090909090909091, 0.391304347826087, 0.40425531914893614, 0.3877551020408163, 0.4, 0.38461538461538464, 0.39622641509433965, 0.4074074074074074, 0.41818181818181815, 0.42857142857142855, 0.43859649122807015, 0.4482758620689655, 0.4576271186440678, 0.4666666666666667, 0.5, 0.5333333333333333, 0.5666666666666667, 0.5737704918032787, 0.6065573770491803, 0.639344262295082, 0.6451612903225806, 0.625, 0.65625, 0.6615384615384615, 0.6666666666666666, 0.6470588235294118, 0.6521739130434783, 0.6811594202898551, 0.6857142857142857, 0.7142857142857143, 0.7428571428571429, 0.7464788732394366, 0.75, 0.7777777777777778, 0.7808219178082192, 0.8082191780821918, 0.8356164383561644, 0.863013698630137, 0.8904109589041096, 0.8918918918918919, 0.918918918918919, 0.9459459459459459, 0.972972972972973, 1.0], 0.461701538366436], "first_gen": [[0.0, 0.0, 0.5, 1.0, 0.6666666666666666, 0.5, 0.4, 0.3333333333333333, 0.2857142857142857, 0.3333333333333333, 0.29411764705882354, 0.3333333333333333, 0.3684210526315789, 0.4, 0.5, 0.6, 0.6190476190476191, 0.5652173913043478, 0.5833333333333334, 0.6, 0.5555555555555556, 0.5714285714285714, 0.5862068965517241, 0.5483870967741935, 0.5151515151515151, 0.5294117647058824, 0.5428571428571428, 0.5135135135135135, 0.5263157894736842, 0.5, 0.5121951219512195, 0.4883720930232558, 0.4666666666666667, 0.4782608695652174, 0.4583333333333333, 0.5, 0.48, 0.49019607843137253, 0.4716981132075472, 0.48148148148148145, 0.4642857142857143, 0.47368421052631576, 0.5087719298245614, 0.5172413793103449, 0.5254237288135594, 0.5333333333333333, 0.5666666666666667, 0.5737704918032787, 0.6065573770491803, 0.639344262295082, 0.6451612903225806, 0.625, 0.6307692307692307, 0.6363636363636364, 0.6176470588235294, 0.6470588235294118, 0.6521739130434783, 0.6571428571428571, 0.6619718309859155, 0.6901408450704225, 0.6944444444444444, 0.6756756756756757, 0.7027027027027027, 0.7297297297297297, 0.7567567567567568, 0.7837837837837838, 0.8108108108108109, 0.8378378378378378, 0.8648648648648649, 0.8918918918918919, 0.918918918918919, 0.9459459459459459, 0.972972972972973, 1.0], 0.5761286919962186]}}