{"rank_algo": "random_forest_score", "seed": 63, "subsampling_proportion": 0.00063, "exec_time": 0.29458022117614746, "results": {"features": ["feature82", "feature23", "feature81", "feature22", "feature44", "feature21", "feature33", "feature57", "feature1", "feature19", "feature55", "feature60", "feature49", "feature0", "feature3", "feature18", "feature8", "feature29", "feature9", "feature26", "feature7", "feature58", "feature20", "feature10", "feature50", "feature2", "feature17", "feature47", "feature52", "feature43", "feature71", "feature30", "feature64", "feature69", "feature15", "feature40", "feature46", "feature51", "feature11", "feature42", "feature41", "feature54", "feature67", "feature59", "feature36", "feature38", "feature63", "feature61", "feature37", "feature24", "feature39", "feature68", "feature28", "feature53", "feature56", "feature5", "feature31", "feature66", "feature65", "feature13", "feature48", "feature12", "feature35", "feature25", "feature62", "feature34", "feature90", "feature16", "feature45", "feature4", "feature27", "feature6", "feature72", "feature73"], "scores": [0.06572123902633255, 0.05943934631934583, 0.04667686833159736, 0.032084746735521, 0.026177263623142967, 0.02539614347891371, 0.024875773784044486, 0.024434881044183596, 0.02370220130252231, 0.02154814184840556, 0.02131551608945932, 0.021175438272535523, 0.020485523633912307, 0.02028920493464469, 0.018776577358083305, 0.01854432443377545, 0.018526877516329594, 0.018045982215354795, 0.01783952829409968, 0.017369183636356592, 0.017261900983918037, 0.016700050774292555, 0.016304193462039623, 0.016288481165770724, 0.01622648315448864, 0.01560129745469666, 0.015186258512814457, 0.015036653006472982, 0.013915779904586374, 0.013474751743908386, 0.01274528797202548, 0.01269438124480019, 0.012465876207626648, 0.012462843555921022, 0.012362566749419955, 0.012160159583328358, 0.012045256100460285, 0.011761359841005242, 0.011073240633539974, 0.010260855415033047, 0.010052424393843913, 0.009873428721432017, 0.009556392251360986, 0.009431697759876422, 0.008674351357310255, 0.008547111680162802, 0.008385486777064112, 0.008311145842296261, 0.008240328250481042, 0.008117249003194745, 0.00794940954887189, 0.0074909876907570585, 0.007294477428813041, 0.006278281333109537, 0.005827371483813548, 0.005594502168368887, 0.0052379231274530015, 0.004743445243075521, 0.004389772089345419, 0.004350713552472559, 0.004314537292341658, 0.004175293110623612, 0.0038180807513234554, 0.0029714407208673993, 0.0029614205512421164, 0.002871933138536462, 0.002814518271734126, 0.002620256375010932, 0.002434212080552119, 0.002139933327925298, 0.0020794353320304874, 0.0, 0.0, 0.0]}, "evaluations": {"eval_method": "jaccard_full_score", "singles": [[0.0, 0.3333333333333333, 0.2, 0.14285714285714285, 0.1111111111111111, 0.2, 0.16666666666666666, 0.14285714285714285, 0.125, 0.17647058823529413, 0.2222222222222222, 0.2, 0.23809523809523808, 0.21739130434782608, 0.2, 0.18518518518518517, 0.21428571428571427, 0.2, 0.1875, 0.21212121212121213, 0.2, 0.2222222222222222, 0.24324324324324326, 0.2972972972972973, 0.28205128205128205, 0.3333333333333333, 0.3170731707317073, 0.3333333333333333, 0.3181818181818182, 0.30434782608695654, 0.34782608695652173, 0.3333333333333333, 0.32, 0.3076923076923077, 0.32075471698113206, 0.3333333333333333, 0.34545454545454546, 0.35714285714285715, 0.39285714285714285, 0.42857142857142855, 0.4642857142857143, 0.5, 0.5087719298245614, 0.5172413793103449, 0.5517241379310345, 0.559322033898305, 0.5932203389830508, 0.6271186440677966, 0.6333333333333333, 0.6666666666666666, 0.6451612903225806, 0.625, 0.65625, 0.6363636363636364, 0.6176470588235294, 0.6470588235294118, 0.6521739130434783, 0.6571428571428571, 0.6857142857142857, 0.7142857142857143, 0.7183098591549296, 0.7464788732394366, 0.75, 0.7534246575342466, 0.7808219178082192, 0.7837837837837838, 0.8108108108108109, 0.8378378378378378, 0.8648648648648649, 0.8918918918918919, 0.918918918918919, 0.9459459459459459, 0.972972972972973, 1.0], 0.45818753743030194], "first_gen": [[0.0, 0.3333333333333333, 0.5, 1.0, 0.6666666666666666, 0.5, 0.4, 0.3333333333333333, 0.38461538461538464, 0.42857142857142855, 0.375, 0.3333333333333333, 0.3684210526315789, 0.4, 0.5, 0.5238095238095238, 0.5454545454545454, 0.5652173913043478, 0.5833333333333334, 0.5384615384615384, 0.5, 0.4666666666666667, 0.4838709677419355, 0.5, 0.47058823529411764, 0.5294117647058824, 0.5428571428571428, 0.5135135135135135, 0.48717948717948717, 0.5384615384615384, 0.55, 0.5238095238095238, 0.5, 0.4782608695652174, 0.48936170212765956, 0.5, 0.5102040816326531, 0.52, 0.5, 0.5094339622641509, 0.4909090909090909, 0.5, 0.5087719298245614, 0.543859649122807, 0.5517241379310345, 0.559322033898305, 0.5666666666666667, 0.5737704918032787, 0.6065573770491803, 0.6129032258064516, 0.6190476190476191, 0.6, 0.6060606060606061, 0.6119402985074627, 0.6176470588235294, 0.6470588235294118, 0.6285714285714286, 0.6571428571428571, 0.6619718309859155, 0.6666666666666666, 0.6944444444444444, 0.7222222222222222, 0.726027397260274, 0.7534246575342466, 0.7567567567567568, 0.7837837837837838, 0.8108108108108109, 0.8378378378378378, 0.8648648648648649, 0.8918918918918919, 0.918918918918919, 0.9459459459459459, 0.972972972972973, 1.0], 0.5808721180583519]}}