{"rank_algo": "random_forest_score", "seed": 80, "subsampling_proportion": 0.004, "exec_time": 1.7175805568695068, "results": {"features": ["feature82", "feature81", "feature23", "feature22", "feature57", "feature2", "feature1", "feature33", "feature55", "feature0", "feature21", "feature3", "feature10", "feature60", "feature20", "feature49", "feature58", "feature19", "feature8", "feature9", "feature18", "feature44", "feature26", "feature7", "feature50", "feature71", "feature67", "feature29", "feature59", "feature30", "feature51", "feature47", "feature17", "feature69", "feature11", "feature36", "feature52", "feature64", "feature46", "feature41", "feature43", "feature38", "feature54", "feature63", "feature53", "feature66", "feature68", "feature37", "feature5", "feature12", "feature28", "feature40", "feature15", "feature39", "feature61", "feature24", "feature62", "feature42", "feature31", "feature56", "feature48", "feature27", "feature45", "feature25", "feature90", "feature13", "feature65", "feature35", "feature16", "feature4", "feature34", "feature72", "feature6", "feature73"], "scores": [0.06627147053028173, 0.06149752346670168, 0.04676890458961887, 0.02734027690037913, 0.025349602283982274, 0.025296707644167516, 0.024489758089876856, 0.02411477093790769, 0.02410417413927717, 0.02384709816670311, 0.02376031246358723, 0.021475218853106236, 0.021419804787457707, 0.020357560948887517, 0.01949236200929537, 0.019256725775507473, 0.019167032349795894, 0.018415985448434515, 0.018393445901519378, 0.018091221240271137, 0.01752617575284155, 0.01752197707697364, 0.016186617428450737, 0.01584072412702852, 0.015800480709441168, 0.015466947711899262, 0.015150635204960539, 0.014565616917594186, 0.013444671414788254, 0.01320141841829237, 0.012505575176221386, 0.012298866506351647, 0.01170031417045798, 0.011445021924496302, 0.011361298511454888, 0.011158823289684691, 0.010932333258419382, 0.010618643404099692, 0.01001105496804737, 0.009161479342560317, 0.009031073662071032, 0.009021927321584156, 0.008788161211685406, 0.008602916473486953, 0.008076807384252954, 0.008069851468621525, 0.007937439295774689, 0.007799923016258049, 0.007755158390919765, 0.007503549207393063, 0.0071334972934589125, 0.0070287449943887805, 0.006919649635726662, 0.006677641718729278, 0.0065931664342064825, 0.006399019349775734, 0.005629755113685044, 0.005543818286359082, 0.005299750103171907, 0.005275444444737388, 0.00496152518228826, 0.004779651866218807, 0.0046265327613323245, 0.004070047625243339, 0.004007423326185209, 0.003720458213886036, 0.0037121113885497633, 0.0028996429184039185, 0.0028858649048773026, 0.00237144564393293, 0.0017986952881657884, 0.0002092567298675058, 5.471756420059997e-05, 6.6999397389523225e-06]}, "evaluations": {"eval_method": "jaccard_full_score", "singles": [[0.0, 0.0, 0.2, 0.14285714285714285, 0.1111111111111111, 0.09090909090909091, 0.07692307692307693, 0.06666666666666667, 0.058823529411764705, 0.05263157894736842, 0.15789473684210525, 0.14285714285714285, 0.18181818181818182, 0.16666666666666666, 0.15384615384615385, 0.23076923076923078, 0.25925925925925924, 0.3333333333333333, 0.3103448275862069, 0.2903225806451613, 0.3125, 0.29411764705882354, 0.3142857142857143, 0.3333333333333333, 0.3157894736842105, 0.3333333333333333, 0.3170731707317073, 0.3333333333333333, 0.3488372093023256, 0.36363636363636365, 0.4090909090909091, 0.391304347826087, 0.375, 0.36, 0.37254901960784315, 0.3584905660377358, 0.34545454545454546, 0.35714285714285715, 0.39285714285714285, 0.42857142857142855, 0.43859649122807015, 0.4482758620689655, 0.4827586206896552, 0.4915254237288136, 0.5, 0.5081967213114754, 0.5161290322580645, 0.5483870967741935, 0.5555555555555556, 0.5873015873015873, 0.59375, 0.6, 0.6307692307692307, 0.6119402985074627, 0.6176470588235294, 0.6231884057971014, 0.6521739130434783, 0.6811594202898551, 0.6857142857142857, 0.7142857142857143, 0.7183098591549296, 0.7464788732394366, 0.7746478873239436, 0.7777777777777778, 0.7808219178082192, 0.8082191780821918, 0.8356164383561644, 0.863013698630137, 0.8904109589041096, 0.9178082191780822, 0.918918918918919, 0.9459459459459459, 0.972972972972973, 1.0], 0.4523566037010579], "first_gen": [[0.0, 0.0, 0.5, 1.0, 0.6666666666666666, 0.5, 0.5555555555555556, 0.6, 0.5, 0.42857142857142855, 0.4666666666666667, 0.6, 0.625, 0.5555555555555556, 0.5789473684210527, 0.5238095238095238, 0.4782608695652174, 0.5652173913043478, 0.5833333333333334, 0.6, 0.6153846153846154, 0.6296296296296297, 0.5862068965517241, 0.5483870967741935, 0.5151515151515151, 0.5757575757575758, 0.5428571428571428, 0.5135135135135135, 0.48717948717948717, 0.4634146341463415, 0.47619047619047616, 0.4883720930232558, 0.5, 0.4782608695652174, 0.4583333333333333, 0.5, 0.48, 0.46153846153846156, 0.4716981132075472, 0.45454545454545453, 0.4642857142857143, 0.47368421052631576, 0.5087719298245614, 0.5172413793103449, 0.5, 0.4838709677419355, 0.49206349206349204, 0.5238095238095238, 0.5555555555555556, 0.5873015873015873, 0.59375, 0.6, 0.6060606060606061, 0.6363636363636364, 0.6417910447761194, 0.6470588235294118, 0.6521739130434783, 0.6811594202898551, 0.6619718309859155, 0.6666666666666666, 0.6944444444444444, 0.7222222222222222, 0.7027027027027027, 0.7297297297297297, 0.7567567567567568, 0.7837837837837838, 0.8108108108108109, 0.8378378378378378, 0.8648648648648649, 0.8918918918918919, 0.918918918918919, 0.9459459459459459, 0.972972972972973, 1.0], 0.5917872390796775]}}