{"rank_algo": "random_forest_score", "seed": 10, "subsampling_proportion": 0.0025, "exec_time": 1.0370903015136719, "results": {"features": ["feature82", "feature81", "feature22", "feature23", "feature33", "feature57", "feature21", "feature18", "feature2", "feature55", "feature1", "feature3", "feature0", "feature10", "feature19", "feature8", "feature44", "feature60", "feature20", "feature49", "feature58", "feature9", "feature7", "feature26", "feature67", "feature29", "feature50", "feature43", "feature64", "feature71", "feature11", "feature41", "feature59", "feature30", "feature46", "feature47", "feature17", "feature36", "feature51", "feature38", "feature52", "feature69", "feature15", "feature37", "feature54", "feature63", "feature40", "feature12", "feature39", "feature53", "feature5", "feature68", "feature66", "feature56", "feature42", "feature24", "feature61", "feature90", "feature45", "feature28", "feature62", "feature31", "feature65", "feature27", "feature13", "feature25", "feature35", "feature48", "feature16", "feature34", "feature4", "feature72", "feature6", "feature73"], "scores": [0.06679999147957587, 0.04830018046103227, 0.03412870069171722, 0.028077043370868634, 0.026723180175900425, 0.02555360136344354, 0.025323726047755242, 0.023383402548533248, 0.023048520676130366, 0.022964597084574875, 0.022791012972009934, 0.022682510680869676, 0.022209945894605794, 0.021417982055845913, 0.02113421940067525, 0.020234606242140105, 0.020081284282321647, 0.02002518282082234, 0.01926945271041801, 0.01865584179124087, 0.018512980375224485, 0.01788635056273349, 0.016672695763930382, 0.016333282273732222, 0.01575240845455295, 0.014509449743469547, 0.013838030164277329, 0.012980487713696613, 0.01281122578009285, 0.012542726755029482, 0.012522143514906141, 0.012352412109853293, 0.012287112999790663, 0.012101067430024261, 0.012023368231081135, 0.011721039936389094, 0.01136301921641059, 0.011307535778731349, 0.01089468808056688, 0.010880154545291565, 0.010122860091731599, 0.010026798225635021, 0.009710373208698012, 0.009692655346257783, 0.009437488799047577, 0.009257121190363687, 0.008994881054347585, 0.008099716878604852, 0.007440502125447381, 0.007404886272157444, 0.0073336923459856535, 0.007299825387869765, 0.007072109332770718, 0.006738141083743477, 0.0064713638642718025, 0.006450845616691105, 0.006365034507074153, 0.0058491701061166345, 0.005489599116424654, 0.005418694925579657, 0.0052601747485415675, 0.0050549428745961435, 0.004845323870116838, 0.004543738481137146, 0.0041749203734888695, 0.00415084524380205, 0.003300246799460211, 0.0032193354337891208, 0.00314730391827366, 0.002640686827436637, 0.002481923234672326, 0.00032229822546494597, 8.533831013618014e-05, 0.0]}, "evaluations": {"eval_method": "jaccard_full_score", "singles": [[0.0, 0.0, 0.0, 0.14285714285714285, 0.1111111111111111, 0.09090909090909091, 0.16666666666666666, 0.14285714285714285, 0.125, 0.1111111111111111, 0.15789473684210525, 0.14285714285714285, 0.13043478260869565, 0.16666666666666666, 0.2, 0.18518518518518517, 0.21428571428571427, 0.2413793103448276, 0.26666666666666666, 0.2903225806451613, 0.3125, 0.29411764705882354, 0.2777777777777778, 0.3333333333333333, 0.3157894736842105, 0.3333333333333333, 0.3170731707317073, 0.3333333333333333, 0.3181818181818182, 0.3333333333333333, 0.37777777777777777, 0.391304347826087, 0.40425531914893614, 0.3877551020408163, 0.4, 0.38461538461538464, 0.37037037037037035, 0.38181818181818183, 0.41818181818181815, 0.42857142857142855, 0.43859649122807015, 0.4482758620689655, 0.4827586206896552, 0.4915254237288136, 0.5254237288135594, 0.559322033898305, 0.5932203389830508, 0.6271186440677966, 0.6065573770491803, 0.6129032258064516, 0.6190476190476191, 0.6, 0.6060606060606061, 0.5882352941176471, 0.5942028985507246, 0.6231884057971014, 0.6521739130434783, 0.6811594202898551, 0.7101449275362319, 0.7391304347826086, 0.7681159420289855, 0.7714285714285715, 0.8, 0.8285714285714286, 0.8309859154929577, 0.8333333333333334, 0.8611111111111112, 0.863013698630137, 0.8904109589041096, 0.8918918918918919, 0.918918918918919, 0.9459459459459459, 0.972972972972973, 1.0], 0.4585667665414107], "first_gen": [[0.0, 0.0, 0.5, 1.0, 0.6666666666666666, 0.5, 0.4, 0.3333333333333333, 0.38461538461538464, 0.42857142857142855, 0.4666666666666667, 0.5, 0.5294117647058824, 0.5555555555555556, 0.5789473684210527, 0.6842105263157895, 0.7, 0.6363636363636364, 0.6521739130434783, 0.6666666666666666, 0.6153846153846154, 0.6296296296296297, 0.5862068965517241, 0.5483870967741935, 0.5151515151515151, 0.5294117647058824, 0.5, 0.5135135135135135, 0.48717948717948717, 0.5, 0.47619047619047616, 0.45454545454545453, 0.43478260869565216, 0.4166666666666667, 0.42857142857142855, 0.46938775510204084, 0.48, 0.49019607843137253, 0.5, 0.5094339622641509, 0.4909090909090909, 0.47368421052631576, 0.5087719298245614, 0.543859649122807, 0.5517241379310345, 0.5333333333333333, 0.5666666666666667, 0.6, 0.6333333333333333, 0.639344262295082, 0.6451612903225806, 0.625, 0.6060606060606061, 0.6363636363636364, 0.6666666666666666, 0.6716417910447762, 0.6521739130434783, 0.6811594202898551, 0.6619718309859155, 0.6666666666666666, 0.6944444444444444, 0.6986301369863014, 0.7027027027027027, 0.7297297297297297, 0.7567567567567568, 0.7837837837837838, 0.8108108108108109, 0.8378378378378378, 0.8648648648648649, 0.8918918918918919, 0.918918918918919, 0.9459459459459459, 0.972972972972973, 1.0], 0.5949534944289963]}}