{"rank_algo": "random_forest_score", "seed": 38, "subsampling_proportion": 0.0001, "exec_time": 0.12100625038146973, "results": {"features": ["feature0", "feature1", "feature3", "feature18", "feature10", "feature67", "feature23", "feature2", "feature8", "feature55", "feature21", "feature58", "feature82", "feature33", "feature60", "feature41", "feature7", "feature22", "feature39", "feature20", "feature59", "feature81", "feature69", "feature9", "feature44", "feature26", "feature15", "feature52", "feature19", "feature29", "feature5", "feature37", "feature68", "feature17", "feature50", "feature57", "feature30", "feature71", "feature24", "feature40", "feature51", "feature12", "feature11", "feature13", "feature36", "feature64", "feature49", "feature38", "feature47", "feature46", "feature42", "feature54", "feature35", "feature63", "feature56", "feature43", "feature28", "feature45", "feature61", "feature53", "feature34", "feature62", "feature27", "feature65", "feature16", "feature4", "feature25", "feature66", "feature31", "feature90", "feature48", "feature6", "feature72", "feature73"], "scores": [0.06014210981646634, 0.03851732062210414, 0.034993292157942044, 0.0349580889819841, 0.03341250144461793, 0.03095116002953556, 0.029864706803496684, 0.02982206453411108, 0.029817225132214825, 0.029434194705799454, 0.029091690899865935, 0.027072648062579665, 0.026247612010913846, 0.023735337813223154, 0.022689199669783174, 0.021887166637906744, 0.020197979428494387, 0.019186747947129955, 0.017789608208979783, 0.017678328627384016, 0.0174056886487269, 0.017394162062661322, 0.017152710669557522, 0.016919501129876897, 0.01654493302793917, 0.01632624503502475, 0.014659478493958206, 0.014224416022201975, 0.01330120347320612, 0.013198349230593667, 0.01280561544952974, 0.012318984668651431, 0.01220580254562611, 0.01188008702651495, 0.011538515357454024, 0.011199575352684349, 0.01110840130496272, 0.00981625301704172, 0.009261273941380245, 0.009088906682809511, 0.008739189847840912, 0.008291704997877966, 0.007999548186712302, 0.007961344860494811, 0.007604521704063183, 0.00736227025479622, 0.007217399994865845, 0.006715291601449332, 0.006596324782373447, 0.006581718149057102, 0.006392368330051631, 0.0060240628676214054, 0.0053574336363605155, 0.005347992775303272, 0.005250035149877269, 0.004910601644041476, 0.004882995318476745, 0.004773322869477625, 0.004764226537302426, 0.004754102881063889, 0.003800260202791275, 0.0034183460644947434, 0.0031470579556152406, 0.0026324472684449395, 0.002430505127991924, 0.0023769764702932005, 0.002189277641864475, 0.001990832261961536, 0.0018255169350653217, 0.0018247385809946179, 0.000998498426441193, 0.0, 0.0, 0.0]}, "evaluations": {"eval_method": "jaccard_full_score", "singles": [[0.0, 0.0, 0.0, 0.0, 0.1111111111111111, 0.09090909090909091, 0.16666666666666666, 0.14285714285714285, 0.125, 0.1111111111111111, 0.2222222222222222, 0.2, 0.18181818181818182, 0.16666666666666666, 0.15384615384615385, 0.14285714285714285, 0.13333333333333333, 0.2, 0.22580645161290322, 0.25, 0.3125, 0.29411764705882354, 0.2777777777777778, 0.2972972972972973, 0.28205128205128205, 0.3333333333333333, 0.35, 0.36585365853658536, 0.38095238095238093, 0.36363636363636365, 0.37777777777777777, 0.3617021276595745, 0.3469387755102041, 0.3333333333333333, 0.32075471698113206, 0.3090909090909091, 0.2982456140350877, 0.3103448275862069, 0.3448275862068966, 0.3793103448275862, 0.41379310344827586, 0.4482758620689655, 0.4827586206896552, 0.5172413793103449, 0.5517241379310345, 0.559322033898305, 0.5932203389830508, 0.6, 0.6065573770491803, 0.639344262295082, 0.6451612903225806, 0.6507936507936508, 0.65625, 0.6615384615384615, 0.6417910447761194, 0.6470588235294118, 0.6764705882352942, 0.7058823529411765, 0.7352941176470589, 0.7142857142857143, 0.7183098591549296, 0.7464788732394366, 0.75, 0.7777777777777778, 0.8055555555555556, 0.8333333333333334, 0.8356164383561644, 0.863013698630137, 0.8904109589041096, 0.8918918918918919, 0.918918918918919, 0.9459459459459459, 0.972972972972973, 1.0], 0.45015123853546324], "first_gen": [[0.0, 0.0, 0.0, 0.0, 0.1111111111111111, 0.2, 0.4, 0.45454545454545453, 0.38461538461538464, 0.3333333333333333, 0.4666666666666667, 0.5, 0.5294117647058824, 0.47368421052631576, 0.42857142857142855, 0.45454545454545453, 0.4166666666666667, 0.44, 0.4074074074074074, 0.42857142857142855, 0.4, 0.41935483870967744, 0.4375, 0.45454545454545453, 0.47058823529411764, 0.4857142857142857, 0.5, 0.47368421052631576, 0.48717948717948717, 0.4634146341463415, 0.47619047619047616, 0.45454545454545453, 0.43478260869565216, 0.44680851063829785, 0.42857142857142855, 0.44, 0.4230769230769231, 0.4339622641509434, 0.41818181818181815, 0.42857142857142855, 0.4642857142857143, 0.47368421052631576, 0.4827586206896552, 0.4915254237288136, 0.5, 0.4838709677419355, 0.5161290322580645, 0.5483870967741935, 0.5806451612903226, 0.6129032258064516, 0.6190476190476191, 0.625, 0.6307692307692307, 0.6363636363636364, 0.6417910447761194, 0.6716417910447762, 0.6764705882352942, 0.6811594202898551, 0.6619718309859155, 0.6666666666666666, 0.6944444444444444, 0.6986301369863014, 0.7027027027027027, 0.7297297297297297, 0.7567567567567568, 0.7837837837837838, 0.8108108108108109, 0.8378378378378378, 0.8648648648648649, 0.8918918918918919, 0.918918918918919, 0.9459459459459459, 0.972972972972973, 1.0], 0.5230159513552355]}}