{"rank_algo": "random_forest_score", "seed": 79, "subsampling_proportion": 0.00025, "exec_time": 0.15497040748596191, "results": {"features": ["feature81", "feature23", "feature82", "feature18", "feature2", "feature55", "feature3", "feature19", "feature33", "feature8", "feature50", "feature20", "feature1", "feature29", "feature10", "feature60", "feature22", "feature21", "feature58", "feature57", "feature49", "feature5", "feature44", "feature9", "feature17", "feature0", "feature66", "feature7", "feature30", "feature67", "feature59", "feature37", "feature26", "feature36", "feature43", "feature11", "feature71", "feature28", "feature41", "feature40", "feature54", "feature12", "feature63", "feature51", "feature64", "feature38", "feature42", "feature69", "feature47", "feature53", "feature46", "feature27", "feature52", "feature61", "feature62", "feature48", "feature68", "feature15", "feature31", "feature65", "feature39", "feature35", "feature24", "feature56", "feature45", "feature34", "feature16", "feature4", "feature25", "feature13", "feature90", "feature6", "feature72", "feature73"], "scores": [0.05331498351477348, 0.04468238923347276, 0.03853933676980268, 0.026216494240457314, 0.025027563898680372, 0.024534181133578355, 0.023549501391244013, 0.023351484792960273, 0.02241382574341679, 0.02167095296170713, 0.021320437083110485, 0.021107499180273617, 0.019918361050318745, 0.01964168817144895, 0.019136738929740386, 0.019104751988947483, 0.019009301244962914, 0.018864158460224472, 0.01856324890359335, 0.018233083127691042, 0.017422369842433127, 0.0169436616510809, 0.016187563425498243, 0.01586209088981361, 0.015306333965320322, 0.014647166400731337, 0.014506907625175676, 0.014306723819969976, 0.014089873947551616, 0.014062895335006266, 0.013821894007476306, 0.013260770472262396, 0.013193604151703252, 0.013120420723478032, 0.012525466671912207, 0.012513925757599296, 0.012429752377850376, 0.012337336061644775, 0.012032835917812337, 0.011440379483697695, 0.011125894744743119, 0.011046207159410716, 0.010846204265358695, 0.010714352425205999, 0.01038475367586393, 0.009927020085685571, 0.00985375151681354, 0.009295610914376714, 0.009289095790239536, 0.009182625054301818, 0.009177023157062755, 0.009173818983154168, 0.00898053134103209, 0.008481478468926239, 0.00781985818136699, 0.007629582212630456, 0.007626412259569273, 0.007461096408737802, 0.00638144519024915, 0.006321055820953128, 0.005699162892394851, 0.0056068155404786464, 0.004570318435062856, 0.003947164297128975, 0.003577148953675994, 0.003495778390543241, 0.0032828612506252356, 0.0027666408103663677, 0.0027540655197576536, 0.0027484243426262244, 0.002621847563235939, 0.0, 0.0, 0.0]}, "evaluations": {"eval_method": "jaccard_full_score", "singles": [[0.0, 0.3333333333333333, 0.2, 0.14285714285714285, 0.1111111111111111, 0.09090909090909091, 0.07692307692307693, 0.14285714285714285, 0.125, 0.1111111111111111, 0.1, 0.09090909090909091, 0.13043478260869565, 0.12, 0.15384615384615385, 0.18518518518518517, 0.21428571428571427, 0.2857142857142857, 0.26666666666666666, 0.25, 0.3125, 0.29411764705882354, 0.2777777777777778, 0.2972972972972973, 0.28205128205128205, 0.3, 0.2857142857142857, 0.3023255813953488, 0.28888888888888886, 0.2765957446808511, 0.3191489361702128, 0.30612244897959184, 0.32, 0.3076923076923077, 0.2962962962962963, 0.3090909090909091, 0.32142857142857145, 0.35714285714285715, 0.39285714285714285, 0.42857142857142855, 0.4642857142857143, 0.5, 0.5357142857142857, 0.5714285714285714, 0.5789473684210527, 0.559322033898305, 0.5932203389830508, 0.6, 0.6065573770491803, 0.6129032258064516, 0.6190476190476191, 0.625, 0.65625, 0.6615384615384615, 0.6666666666666666, 0.6470588235294118, 0.6521739130434783, 0.6811594202898551, 0.6857142857142857, 0.7142857142857143, 0.7183098591549296, 0.7222222222222222, 0.75, 0.7777777777777778, 0.8055555555555556, 0.8082191780821918, 0.8356164383561644, 0.8378378378378378, 0.8648648648648649, 0.8918918918918919, 0.918918918918919, 0.9459459459459459, 0.972972972972973, 1.0], 0.4518927475985623], "first_gen": [[0.0, 0.3333333333333333, 0.5, 0.6, 0.42857142857142855, 0.3333333333333333, 0.4, 0.45454545454545453, 0.38461538461538464, 0.3333333333333333, 0.375, 0.3333333333333333, 0.4444444444444444, 0.47368421052631576, 0.5, 0.5238095238095238, 0.5454545454545454, 0.5652173913043478, 0.52, 0.48148148148148145, 0.5, 0.4666666666666667, 0.4838709677419355, 0.5, 0.5151515151515151, 0.5294117647058824, 0.5, 0.5135135135135135, 0.48717948717948717, 0.4634146341463415, 0.4418604651162791, 0.4222222222222222, 0.43478260869565216, 0.4166666666666667, 0.4583333333333333, 0.46938775510204084, 0.48, 0.46153846153846156, 0.4444444444444444, 0.45454545454545453, 0.4909090909090909, 0.5272727272727272, 0.5357142857142857, 0.5714285714285714, 0.5517241379310345, 0.559322033898305, 0.5932203389830508, 0.5737704918032787, 0.6065573770491803, 0.6129032258064516, 0.6190476190476191, 0.625, 0.6307692307692307, 0.6363636363636364, 0.6666666666666666, 0.6716417910447762, 0.6764705882352942, 0.7058823529411765, 0.6857142857142857, 0.6901408450704225, 0.6944444444444444, 0.7222222222222222, 0.726027397260274, 0.7534246575342466, 0.7567567567567568, 0.7837837837837838, 0.8108108108108109, 0.8378378378378378, 0.8648648648648649, 0.8918918918918919, 0.918918918918919, 0.9459459459459459, 0.972972972972973, 1.0], 0.5668982049417836]}}