{"rank_algo": "random_forest_score", "seed": 20, "subsampling_proportion": 0.004, "exec_time": 1.7778944969177246, "results": {"features": ["feature82", "feature23", "feature81", "feature22", "feature33", "feature55", "feature21", "feature2", "feature1", "feature57", "feature10", "feature3", "feature60", "feature19", "feature58", "feature0", "feature9", "feature20", "feature49", "feature8", "feature7", "feature44", "feature18", "feature67", "feature29", "feature26", "feature71", "feature50", "feature30", "feature47", "feature64", "feature17", "feature59", "feature11", "feature36", "feature43", "feature51", "feature66", "feature52", "feature69", "feature5", "feature41", "feature54", "feature46", "feature63", "feature37", "feature38", "feature28", "feature24", "feature68", "feature15", "feature53", "feature42", "feature12", "feature40", "feature39", "feature61", "feature25", "feature90", "feature45", "feature31", "feature56", "feature62", "feature65", "feature27", "feature13", "feature48", "feature16", "feature35", "feature4", "feature34", "feature72", "feature6", "feature73"], "scores": [0.05552400899628185, 0.055465970872371775, 0.05498295098881976, 0.02736955870125201, 0.025698578640693664, 0.025342453186186973, 0.024551860572681192, 0.02426986925199092, 0.02405285363061747, 0.023967408172699458, 0.023489617237573736, 0.02237060766295797, 0.02171674896495824, 0.020814614313928285, 0.020726310080549294, 0.020665975923519427, 0.020279728294747033, 0.019863527430916864, 0.019816025189375374, 0.018917844068972164, 0.0184664620144223, 0.018341527256473405, 0.017338239188000957, 0.01564083682378157, 0.015273185861876433, 0.014395677675342219, 0.013892638316527046, 0.013427338461343245, 0.013134181753422732, 0.012680802014770981, 0.011737667784227116, 0.011614088856755016, 0.011555737493528189, 0.011341200435414932, 0.010608919716851156, 0.010356180358448382, 0.01034615464214747, 0.009725846424628466, 0.009704057771920058, 0.009562444474583692, 0.00935341755625836, 0.009291398040117383, 0.00921706726204123, 0.009047645167049867, 0.009017810616710411, 0.008417811464566513, 0.008066442333329713, 0.00784053582476967, 0.007771874621746231, 0.007595039534244293, 0.00752545952594802, 0.007430575469276107, 0.007287175694667152, 0.007278345681823309, 0.006557582578346152, 0.006347941288107133, 0.005737151061790478, 0.005590902221182963, 0.0054064382061071205, 0.0051939303220331235, 0.004836359291755796, 0.004786082210749967, 0.004708130289682396, 0.0041910812019906405, 0.004123671494080387, 0.003962224047968152, 0.00344937985001816, 0.0029851167509007096, 0.0026960000767185625, 0.0024745586880718195, 0.0023354246315201153, 0.00044772749086937144, 0.0, 0.0]}, "evaluations": {"eval_method": "jaccard_full_score", "singles": [[0.0, 0.3333333333333333, 0.2, 0.14285714285714285, 0.1111111111111111, 0.09090909090909091, 0.16666666666666666, 0.14285714285714285, 0.125, 0.1111111111111111, 0.2222222222222222, 0.2, 0.18181818181818182, 0.21739130434782608, 0.2, 0.18518518518518517, 0.21428571428571427, 0.2857142857142857, 0.3103448275862069, 0.2903225806451613, 0.3125, 0.29411764705882354, 0.2777777777777778, 0.2972972972972973, 0.28205128205128205, 0.3333333333333333, 0.3170731707317073, 0.3333333333333333, 0.3181818181818182, 0.3333333333333333, 0.34782608695652173, 0.3333333333333333, 0.3469387755102041, 0.36, 0.34615384615384615, 0.3333333333333333, 0.34545454545454546, 0.35714285714285715, 0.3684210526315789, 0.3793103448275862, 0.3898305084745763, 0.423728813559322, 0.4576271186440678, 0.4666666666666667, 0.5, 0.5333333333333333, 0.5409836065573771, 0.5737704918032787, 0.6065573770491803, 0.6129032258064516, 0.6190476190476191, 0.6, 0.6307692307692307, 0.6363636363636364, 0.6417910447761194, 0.6231884057971014, 0.6521739130434783, 0.6571428571428571, 0.6857142857142857, 0.7142857142857143, 0.7183098591549296, 0.7464788732394366, 0.7746478873239436, 0.8028169014084507, 0.8055555555555556, 0.8333333333333334, 0.8356164383561644, 0.863013698630137, 0.8904109589041096, 0.9178082191780822, 0.918918918918919, 0.9459459459459459, 0.972972972972973, 1.0], 0.4580787737102625], "first_gen": [[0.0, 0.3333333333333333, 0.5, 1.0, 0.6666666666666666, 0.5, 0.4, 0.45454545454545453, 0.5, 0.5384615384615384, 0.5714285714285714, 0.6, 0.5294117647058824, 0.5555555555555556, 0.5, 0.5238095238095238, 0.5454545454545454, 0.5652173913043478, 0.5833333333333334, 0.6, 0.5555555555555556, 0.5714285714285714, 0.5862068965517241, 0.5483870967741935, 0.5151515151515151, 0.5294117647058824, 0.5428571428571428, 0.5135135135135135, 0.48717948717948717, 0.5, 0.47619047619047616, 0.4883720930232558, 0.4666666666666667, 0.44680851063829785, 0.4583333333333333, 0.5, 0.5102040816326531, 0.49019607843137253, 0.4716981132075472, 0.45454545454545453, 0.4642857142857143, 0.4482758620689655, 0.4827586206896552, 0.5172413793103449, 0.5, 0.5081967213114754, 0.5409836065573771, 0.5737704918032787, 0.5806451612903226, 0.5873015873015873, 0.59375, 0.5757575757575758, 0.582089552238806, 0.6119402985074627, 0.6417910447761194, 0.6716417910447762, 0.6521739130434783, 0.6571428571428571, 0.6619718309859155, 0.6438356164383562, 0.6486486486486487, 0.6756756756756757, 0.7027027027027027, 0.7297297297297297, 0.7567567567567568, 0.7837837837837838, 0.8108108108108109, 0.8378378378378378, 0.8648648648648649, 0.8918918918918919, 0.918918918918919, 0.9459459459459459, 0.972972972972973, 1.0], 0.5906303862339727]}}