{"rank_algo": "random_forest_score", "seed": 92, "subsampling_proportion": 0.0016, "exec_time": 0.6579070091247559, "results": {"features": ["feature82", "feature81", "feature23", "feature22", "feature33", "feature57", "feature21", "feature2", "feature55", "feature1", "feature3", "feature20", "feature10", "feature18", "feature60", "feature19", "feature58", "feature67", "feature9", "feature47", "feature0", "feature49", "feature8", "feature7", "feature44", "feature26", "feature59", "feature46", "feature71", "feature50", "feature15", "feature29", "feature17", "feature41", "feature64", "feature30", "feature5", "feature11", "feature69", "feature43", "feature12", "feature51", "feature66", "feature36", "feature38", "feature37", "feature63", "feature39", "feature90", "feature40", "feature52", "feature53", "feature68", "feature42", "feature54", "feature61", "feature28", "feature24", "feature25", "feature56", "feature62", "feature65", "feature35", "feature45", "feature27", "feature31", "feature13", "feature48", "feature16", "feature34", "feature4", "feature72", "feature6", "feature73"], "scores": [0.058062224228939474, 0.04823367263595788, 0.034067035297248, 0.03193400236421407, 0.026983497961522187, 0.02697129648742217, 0.02543597778098103, 0.024024272363536166, 0.02399296482990124, 0.023572243793270286, 0.022012486046829684, 0.021756490956883753, 0.021362129524574766, 0.020552192700471483, 0.020213208505773652, 0.020204575084581355, 0.019466600492714398, 0.01827523226785536, 0.01815126843121306, 0.017375871307973013, 0.017367691803981154, 0.016836719471141653, 0.01645580878458424, 0.015728349270865874, 0.015273211023578046, 0.014677394552017567, 0.014112356356096598, 0.01345360903506505, 0.013175818439457723, 0.013125712756819913, 0.012888747144662127, 0.012258352406500712, 0.012240874179898083, 0.012179087361725198, 0.012070474297000488, 0.011816443053509072, 0.011592119980008763, 0.010940452908340796, 0.010897180589068056, 0.010751769712838345, 0.010739170166328185, 0.010484390445270482, 0.010337598163201359, 0.009805968201060762, 0.008954221917938961, 0.008866060798896075, 0.008848381176200442, 0.008758565333349112, 0.00874918961060374, 0.008602630351375462, 0.008414682994049752, 0.007996631786049709, 0.007838040782878778, 0.00741386669118529, 0.007178679977211356, 0.00706586873691627, 0.006586477322371568, 0.0061381769705842635, 0.005808535452159017, 0.005738741727188009, 0.005669083013620187, 0.005330090074298877, 0.004920382260026778, 0.004637755570197882, 0.004523562248263664, 0.004403023970566841, 0.0038408976190695086, 0.003494291180971253, 0.0033512885891635825, 0.0024454754891390837, 0.0023663350720152794, 0.00018324209954792624, 1.927801927801928e-05, 0.0]}, "evaluations": {"eval_method": "jaccard_full_score", "singles": [[0.0, 0.0, 0.2, 0.14285714285714285, 0.1111111111111111, 0.09090909090909091, 0.16666666666666666, 0.14285714285714285, 0.125, 0.1111111111111111, 0.15789473684210525, 0.14285714285714285, 0.18181818181818182, 0.16666666666666666, 0.15384615384615385, 0.23076923076923078, 0.25925925925925924, 0.2857142857142857, 0.26666666666666666, 0.25, 0.2727272727272727, 0.29411764705882354, 0.2777777777777778, 0.2972972972972973, 0.28205128205128205, 0.3333333333333333, 0.35, 0.4, 0.38095238095238093, 0.3953488372093023, 0.4418604651162791, 0.4222222222222222, 0.40425531914893614, 0.4166666666666667, 0.4, 0.38461538461538464, 0.37037037037037035, 0.38181818181818183, 0.39285714285714285, 0.40350877192982454, 0.43859649122807015, 0.47368421052631576, 0.4827586206896552, 0.4915254237288136, 0.5, 0.5081967213114754, 0.5409836065573771, 0.5483870967741935, 0.5806451612903226, 0.6129032258064516, 0.6190476190476191, 0.6, 0.6060606060606061, 0.6119402985074627, 0.6176470588235294, 0.6231884057971014, 0.6521739130434783, 0.6811594202898551, 0.6857142857142857, 0.7142857142857143, 0.7428571428571429, 0.7714285714285715, 0.75, 0.7777777777777778, 0.8055555555555556, 0.8333333333333334, 0.8611111111111112, 0.863013698630137, 0.8904109589041096, 0.8918918918918919, 0.918918918918919, 0.9459459459459459, 0.972972972972973, 1.0], 0.46030000961526335], "first_gen": [[0.0, 0.0, 0.5, 1.0, 0.6666666666666666, 0.5, 0.4, 0.45454545454545453, 0.38461538461538464, 0.5384615384615384, 0.5714285714285714, 0.5, 0.5294117647058824, 0.5555555555555556, 0.5, 0.6, 0.5454545454545454, 0.5, 0.52, 0.48148148148148145, 0.5, 0.5172413793103449, 0.5333333333333333, 0.5, 0.5151515151515151, 0.5294117647058824, 0.5, 0.47368421052631576, 0.48717948717948717, 0.5, 0.5121951219512195, 0.4883720930232558, 0.5348837209302325, 0.5111111111111111, 0.48936170212765956, 0.5, 0.5102040816326531, 0.49019607843137253, 0.4716981132075472, 0.48148148148148145, 0.4909090909090909, 0.5, 0.5087719298245614, 0.543859649122807, 0.5517241379310345, 0.559322033898305, 0.5666666666666667, 0.5737704918032787, 0.6065573770491803, 0.639344262295082, 0.6451612903225806, 0.625, 0.6060606060606061, 0.6363636363636364, 0.6666666666666666, 0.6716417910447762, 0.6764705882352942, 0.6811594202898551, 0.6619718309859155, 0.6666666666666666, 0.6944444444444444, 0.6986301369863014, 0.726027397260274, 0.7297297297297297, 0.7567567567567568, 0.7837837837837838, 0.8108108108108109, 0.8378378378378378, 0.8648648648648649, 0.8918918918918919, 0.918918918918919, 0.9459459459459459, 0.972972972972973, 1.0], 0.5890935587035483]}}