{"rank_algo": "random_forest_score", "seed": 12, "subsampling_proportion": 0.00025, "exec_time": 0.16000080108642578, "results": {"features": ["feature81", "feature82", "feature0", "feature10", "feature18", "feature23", "feature3", "feature60", "feature20", "feature22", "feature57", "feature1", "feature33", "feature21", "feature55", "feature7", "feature44", "feature42", "feature2", "feature26", "feature67", "feature17", "feature19", "feature28", "feature51", "feature58", "feature71", "feature47", "feature50", "feature49", "feature69", "feature46", "feature15", "feature59", "feature8", "feature29", "feature9", "feature41", "feature64", "feature30", "feature39", "feature11", "feature24", "feature63", "feature52", "feature54", "feature35", "feature61", "feature66", "feature36", "feature45", "feature53", "feature68", "feature56", "feature38", "feature12", "feature43", "feature37", "feature5", "feature40", "feature65", "feature90", "feature31", "feature27", "feature48", "feature34", "feature62", "feature13", "feature25", "feature4", "feature72", "feature16", "feature6", "feature73"], "scores": [0.040814744813092094, 0.03944503060520471, 0.027961152109014894, 0.027880940864197918, 0.02767806509856265, 0.02722179907473196, 0.025386403908761637, 0.024883569045114035, 0.024472032737638157, 0.02445693741963982, 0.024438541597424177, 0.023814024900040972, 0.023519770940539097, 0.022957644650845713, 0.02289485316882461, 0.022562194493332726, 0.022194397971002776, 0.020233933973977318, 0.01948881136221286, 0.018605464352719394, 0.01795633683396463, 0.017453876729153734, 0.017297172269124556, 0.01654371026345045, 0.015686055528532816, 0.015622997372303169, 0.014760122183465643, 0.014648576334855438, 0.01418456366105694, 0.013745465222757255, 0.013081435292550129, 0.013002965411424419, 0.012962278477150115, 0.012667877101224896, 0.012549007992985268, 0.012478143591631434, 0.012155481531571791, 0.012053445824270197, 0.011554247286165612, 0.011394319472724625, 0.011310477606886443, 0.011168557225876681, 0.010454556319699906, 0.009800746634071291, 0.008980743616320997, 0.008939571665521335, 0.008770205566712166, 0.008767669748530143, 0.008452867159853094, 0.008285240641300429, 0.008206940034894144, 0.007348990755675734, 0.006923224339331712, 0.006522568325024848, 0.00642621418529141, 0.006205886755203079, 0.006142647972158008, 0.005921733299265908, 0.005890793908677339, 0.005837251432782099, 0.005787428212504285, 0.005552562480959757, 0.005538634402603328, 0.0053675212977337405, 0.005259427623352851, 0.003981924347685782, 0.0038904958218528483, 0.0032931469340594325, 0.0028485924763931567, 0.002615763652865276, 0.0017678919084311206, 0.0010313321812411539, 0.0, 0.0]}, "evaluations": {"eval_method": "jaccard_full_score", "singles": [[0.0, 0.0, 0.0, 0.14285714285714285, 0.1111111111111111, 0.2, 0.16666666666666666, 0.14285714285714285, 0.125, 0.1111111111111111, 0.1, 0.14285714285714285, 0.13043478260869565, 0.16666666666666666, 0.15384615384615385, 0.18518518518518517, 0.21428571428571427, 0.2, 0.22580645161290322, 0.25, 0.23529411764705882, 0.2222222222222222, 0.24324324324324326, 0.2631578947368421, 0.28205128205128205, 0.3333333333333333, 0.3170731707317073, 0.3023255813953488, 0.3181818181818182, 0.36363636363636365, 0.37777777777777777, 0.391304347826087, 0.40425531914893614, 0.4166666666666667, 0.4, 0.38461538461538464, 0.4230769230769231, 0.4339622641509434, 0.4444444444444444, 0.45454545454545453, 0.4642857142857143, 0.5, 0.5357142857142857, 0.543859649122807, 0.5517241379310345, 0.5862068965517241, 0.5932203389830508, 0.6271186440677966, 0.6065573770491803, 0.639344262295082, 0.6451612903225806, 0.625, 0.6307692307692307, 0.6119402985074627, 0.5942028985507246, 0.6231884057971014, 0.6285714285714286, 0.6571428571428571, 0.6857142857142857, 0.7142857142857143, 0.7428571428571429, 0.7714285714285715, 0.7746478873239436, 0.8028169014084507, 0.8055555555555556, 0.8082191780821918, 0.8356164383561644, 0.8378378378378378, 0.8648648648648649, 0.8918918918918919, 0.918918918918919, 0.9459459459459459, 0.972972972972973, 1.0], 0.45640321512608195], "first_gen": [[0.0, 0.0, 0.2, 0.3333333333333333, 0.42857142857142855, 0.5, 0.5555555555555556, 0.45454545454545453, 0.38461538461538464, 0.42857142857142855, 0.375, 0.5, 0.4444444444444444, 0.5555555555555556, 0.5, 0.5238095238095238, 0.5454545454545454, 0.5, 0.52, 0.48148148148148145, 0.4482758620689655, 0.41935483870967744, 0.4375, 0.45454545454545453, 0.47058823529411764, 0.4857142857142857, 0.5428571428571428, 0.5135135135135135, 0.48717948717948717, 0.5384615384615384, 0.5121951219512195, 0.4883720930232558, 0.5348837209302325, 0.5111111111111111, 0.5217391304347826, 0.5319148936170213, 0.5416666666666666, 0.52, 0.5, 0.48148148148148145, 0.4909090909090909, 0.5, 0.5087719298245614, 0.5172413793103449, 0.5, 0.5081967213114754, 0.5409836065573771, 0.5483870967741935, 0.5555555555555556, 0.5873015873015873, 0.5692307692307692, 0.5522388059701493, 0.5362318840579711, 0.5652173913043478, 0.5942028985507246, 0.6231884057971014, 0.6285714285714286, 0.6571428571428571, 0.6619718309859155, 0.6666666666666666, 0.6944444444444444, 0.6986301369863014, 0.7027027027027027, 0.7297297297297297, 0.7567567567567568, 0.7837837837837838, 0.8108108108108109, 0.8378378378378378, 0.8648648648648649, 0.8918918918918919, 0.918918918918919, 0.9459459459459459, 0.972972972972973, 1.0], 0.5560766221502352]}}