{"rank_algo": "random_forest_score", "seed": 86, "subsampling_proportion": 0.01, "exec_time": 3.8007709980010986, "results": {"features": ["feature82", "feature81", "feature23", "feature22", "feature55", "feature33", "feature2", "feature57", "feature21", "feature3", "feature1", "feature10", "feature60", "feature19", "feature18", "feature58", "feature0", "feature8", "feature20", "feature49", "feature9", "feature44", "feature7", "feature26", "feature67", "feature71", "feature59", "feature29", "feature50", "feature30", "feature47", "feature11", "feature64", "feature17", "feature51", "feature36", "feature46", "feature52", "feature41", "feature66", "feature69", "feature63", "feature43", "feature38", "feature15", "feature37", "feature53", "feature28", "feature54", "feature12", "feature42", "feature40", "feature5", "feature39", "feature68", "feature24", "feature48", "feature61", "feature56", "feature31", "feature27", "feature45", "feature25", "feature62", "feature65", "feature90", "feature13", "feature35", "feature4", "feature16", "feature34", "feature72", "feature6", "feature70", "feature73", "feature92", "feature93", "feature94", "feature95", "feature96", "feature97"], "scores": [0.06470127018583999, 0.06461283982643419, 0.04910852785342504, 0.02926853769348941, 0.02547652863451928, 0.025423261691202063, 0.025022166630278855, 0.0249728411377379, 0.02362492221706244, 0.022841284987834533, 0.022551431284068696, 0.022391554138281474, 0.021430868660641828, 0.020360471536567788, 0.019386878183776976, 0.019338709728460458, 0.018986614106610677, 0.01889595335658268, 0.01876206088471516, 0.0187426094320982, 0.01842562805884576, 0.018385484342795414, 0.01699148865579141, 0.01550224286996652, 0.015207618904595972, 0.013929991558264222, 0.013684984406884704, 0.013339834118677124, 0.013315688618980432, 0.012467217040534145, 0.012236886442110963, 0.011571785508294057, 0.01156282191269056, 0.011207732400178092, 0.010675764563547985, 0.010092370538912316, 0.009853942122683389, 0.009852958871955086, 0.009773901409140168, 0.00969096903999197, 0.009496620065469651, 0.009459364026877543, 0.009105223985104938, 0.008292849320226203, 0.007978441162155077, 0.007798121912119523, 0.007767730179984798, 0.007746693797137908, 0.007486118861390122, 0.0074559096704224885, 0.007263342696686917, 0.007247752058590387, 0.007245208524411596, 0.00718655469672884, 0.006630546530283516, 0.005931218309701371, 0.005771443199472448, 0.005738206974506892, 0.005490696715429018, 0.004638602190891709, 0.0044629074673815, 0.0044551215539686845, 0.004273361954764795, 0.004250217919651585, 0.004119804717560387, 0.004108256231172749, 0.0037959506521753937, 0.0029324167608112527, 0.002806007901578708, 0.0027032443513370563, 0.0022030018643040897, 0.0004822511868980351, 8.169006336883635e-06, 0.0, 0.0, 0.0, 0.0, 0.0, 0.0, 0.0, 0.0]}, "evaluations": {"eval_method": "jaccard_full_score", "singles": [[0.0, 0.0, 0.2, 0.14285714285714285, 0.1111111111111111, 0.09090909090909091, 0.07692307692307693, 0.06666666666666667, 0.125, 0.1111111111111111, 0.15789473684210525, 0.2, 0.18181818181818182, 0.21739130434782608, 0.2, 0.18518518518518517, 0.21428571428571427, 0.2413793103448276, 0.26666666666666666, 0.2903225806451613, 0.3125, 0.29411764705882354, 0.2777777777777778, 0.3333333333333333, 0.3157894736842105, 0.3333333333333333, 0.35, 0.36585365853658536, 0.3488372093023256, 0.36363636363636365, 0.37777777777777777, 0.391304347826087, 0.375, 0.36, 0.37254901960784315, 0.3584905660377358, 0.37037037037037035, 0.35714285714285715, 0.3684210526315789, 0.3793103448275862, 0.3898305084745763, 0.423728813559322, 0.4098360655737705, 0.41935483870967744, 0.42857142857142855, 0.4375, 0.4461538461538462, 0.45454545454545453, 0.48484848484848486, 0.4925373134328358, 0.5223880597014925, 0.5294117647058824, 0.5362318840579711, 0.5428571428571428, 0.5492957746478874, 0.5774647887323944, 0.5833333333333334, 0.589041095890411, 0.5733333333333334, 0.5789473684210527, 0.5844155844155844, 0.5897435897435898, 0.5949367088607594, 0.620253164556962, 0.6455696202531646, 0.6708860759493671, 0.6962025316455697, 0.7, 0.725, 0.75, 0.7530864197530864, 0.7777777777777778, 0.8024691358024691, 0.8271604938271605, 0.8518518518518519, 0.8765432098765432, 0.9012345679012346, 0.9259259259259259, 0.9506172839506173, 0.9753086419753086, 1.0], 0.4471657612026966], "first_gen": [[0.0, 0.0, 0.5, 1.0, 0.6666666666666666, 0.5, 0.4, 0.45454545454545453, 0.38461538461538464, 0.5384615384615384, 0.5714285714285714, 0.6, 0.5294117647058824, 0.5555555555555556, 0.5, 0.5238095238095238, 0.5454545454545454, 0.5652173913043478, 0.5833333333333334, 0.6, 0.6153846153846154, 0.6296296296296297, 0.5862068965517241, 0.5483870967741935, 0.5151515151515151, 0.5757575757575758, 0.5428571428571428, 0.5135135135135135, 0.48717948717948717, 0.4634146341463415, 0.47619047619047616, 0.45454545454545453, 0.43478260869565216, 0.44680851063829785, 0.4583333333333333, 0.5, 0.5102040816326531, 0.49019607843137253, 0.4716981132075472, 0.45454545454545453, 0.43859649122807015, 0.423728813559322, 0.4576271186440678, 0.4915254237288136, 0.5, 0.5081967213114754, 0.5161290322580645, 0.5483870967741935, 0.5806451612903226, 0.6129032258064516, 0.6190476190476191, 0.625, 0.6307692307692307, 0.6363636363636364, 0.6176470588235294, 0.6, 0.6056338028169014, 0.589041095890411, 0.5945945945945946, 0.5789473684210527, 0.6052631578947368, 0.6103896103896104, 0.6153846153846154, 0.620253164556962, 0.6455696202531646, 0.65, 0.654320987654321, 0.6790123456790124, 0.7037037037037037, 0.7283950617283951, 0.7530864197530864, 0.7777777777777778, 0.8024691358024691, 0.8271604938271605, 0.8518518518518519, 0.8765432098765432, 0.9012345679012346, 0.9259259259259259, 0.9506172839506173, 0.9753086419753086, 1.0], 0.5877792126907628]}}