{"rank_algo": "random_forest_score", "seed": 53, "subsampling_proportion": 0.00063, "exec_time": 0.2901191711425781, "results": {"features": ["feature82", "feature81", "feature23", "feature20", "feature22", "feature57", "feature21", "feature18", "feature1", "feature2", "feature33", "feature58", "feature19", "feature10", "feature9", "feature8", "feature3", "feature55", "feature44", "feature60", "feature7", "feature49", "feature0", "feature26", "feature50", "feature59", "feature17", "feature67", "feature71", "feature30", "feature51", "feature11", "feature29", "feature54", "feature41", "feature64", "feature46", "feature43", "feature53", "feature69", "feature39", "feature52", "feature66", "feature38", "feature63", "feature47", "feature36", "feature15", "feature37", "feature12", "feature28", "feature42", "feature25", "feature40", "feature5", "feature61", "feature45", "feature68", "feature31", "feature56", "feature27", "feature34", "feature65", "feature62", "feature90", "feature13", "feature48", "feature35", "feature24", "feature4", "feature16", "feature72", "feature6", "feature73"], "scores": [0.06887405114357499, 0.05890090346774768, 0.049667508237163496, 0.028206500512481702, 0.025493369215000172, 0.024368196720651877, 0.023630757749937375, 0.023603945830875755, 0.022836677790722418, 0.0219233895593546, 0.021747640890025892, 0.021634680737140966, 0.02141475809223134, 0.020961974408821343, 0.020923758986068755, 0.020688012220814074, 0.020423628454103147, 0.02042076241314098, 0.02038318472458148, 0.01930001469902605, 0.019256893870210824, 0.018664246850160843, 0.017989508383826836, 0.017792824786373323, 0.015422398096170188, 0.015258460261505454, 0.01392410311624916, 0.013522960427526957, 0.012687155379459436, 0.01257724467906179, 0.012474811129435607, 0.012426465877984356, 0.01204923046651128, 0.010923560586462126, 0.010810795072264633, 0.010350888141864741, 0.010334089576634954, 0.010106735367674466, 0.00965727952767038, 0.00932831054120375, 0.008712637666655122, 0.008669239603755968, 0.008368957376979269, 0.008150689421546944, 0.008134149527472304, 0.007832582429450697, 0.007528927913962529, 0.007485100988331797, 0.007467459484050782, 0.007392398239720679, 0.007054292149293509, 0.006608933496670574, 0.0065828052696858, 0.006467218870407026, 0.006393152069175351, 0.006114375320465049, 0.006048701724158815, 0.005997284397302197, 0.005405863566326508, 0.005097715290264664, 0.004692352364566614, 0.004652077950008409, 0.004534546024921726, 0.003969034562070587, 0.0038157143348899634, 0.0031784853231945523, 0.002961959101065788, 0.0029308488095955596, 0.0026764728211962656, 0.0022601453723747073, 0.0015242187856048671, 0.0002142043400225995, 0.0001157774130977432, 0.0]}, "evaluations": {"eval_method": "jaccard_full_score", "singles": [[0.0, 0.0, 0.2, 0.14285714285714285, 0.1111111111111111, 0.09090909090909091, 0.16666666666666666, 0.14285714285714285, 0.125, 0.1111111111111111, 0.15789473684210525, 0.14285714285714285, 0.18181818181818182, 0.21739130434782608, 0.2, 0.23076923076923078, 0.25925925925925924, 0.2857142857142857, 0.26666666666666666, 0.25, 0.2727272727272727, 0.29411764705882354, 0.2777777777777778, 0.3333333333333333, 0.3157894736842105, 0.3684210526315789, 0.35, 0.36585365853658536, 0.3488372093023256, 0.36363636363636365, 0.4090909090909091, 0.4222222222222222, 0.40425531914893614, 0.4166666666666667, 0.42857142857142855, 0.4117647058823529, 0.4230769230769231, 0.4074074074074074, 0.41818181818181815, 0.42857142857142855, 0.43859649122807015, 0.4482758620689655, 0.4576271186440678, 0.4426229508196721, 0.47540983606557374, 0.4838709677419355, 0.5161290322580645, 0.5483870967741935, 0.5555555555555556, 0.5873015873015873, 0.59375, 0.6, 0.6060606060606061, 0.6119402985074627, 0.6176470588235294, 0.6231884057971014, 0.6521739130434783, 0.6571428571428571, 0.6619718309859155, 0.6901408450704225, 0.7183098591549296, 0.7222222222222222, 0.75, 0.7777777777777778, 0.7808219178082192, 0.8082191780821918, 0.8108108108108109, 0.8378378378378378, 0.8648648648648649, 0.8918918918918919, 0.918918918918919, 0.9459459459459459, 0.972972972972973, 1.0], 0.4563229068968899], "first_gen": [[0.0, 0.0, 0.5, 0.6, 0.6666666666666666, 0.5, 0.4, 0.3333333333333333, 0.38461538461538464, 0.5384615384615384, 0.4666666666666667, 0.4117647058823529, 0.4444444444444444, 0.5555555555555556, 0.5789473684210527, 0.6842105263157895, 0.7, 0.6363636363636364, 0.6521739130434783, 0.6, 0.5555555555555556, 0.5714285714285714, 0.5862068965517241, 0.5483870967741935, 0.5151515151515151, 0.5294117647058824, 0.5428571428571428, 0.5135135135135135, 0.5263157894736842, 0.5, 0.5121951219512195, 0.4883720930232558, 0.4666666666666667, 0.4782608695652174, 0.4583333333333333, 0.46938775510204084, 0.48, 0.49019607843137253, 0.4716981132075472, 0.45454545454545453, 0.4642857142857143, 0.4482758620689655, 0.4576271186440678, 0.4915254237288136, 0.47540983606557374, 0.4838709677419355, 0.5161290322580645, 0.5483870967741935, 0.5806451612903226, 0.6129032258064516, 0.6190476190476191, 0.625, 0.6060606060606061, 0.6363636363636364, 0.6666666666666666, 0.6470588235294118, 0.6285714285714286, 0.6571428571428571, 0.6388888888888888, 0.6438356164383562, 0.6486486486486487, 0.6756756756756757, 0.7027027027027027, 0.7297297297297297, 0.7567567567567568, 0.7837837837837838, 0.8108108108108109, 0.8378378378378378, 0.8648648648648649, 0.8918918918918919, 0.918918918918919, 0.9459459459459459, 0.972972972972973, 1.0], 0.5794510026509849]}}