{"rank_algo": "random_forest_score", "seed": 27, "subsampling_proportion": 0.0016, "exec_time": 0.6894757747650146, "results": {"features": ["feature82", "feature81", "feature23", "feature55", "feature22", "feature2", "feature3", "feature33", "feature1", "feature21", "feature57", "feature18", "feature10", "feature0", "feature19", "feature60", "feature9", "feature8", "feature44", "feature49", "feature7", "feature58", "feature20", "feature71", "feature67", "feature37", "feature36", "feature26", "feature59", "feature29", "feature64", "feature50", "feature30", "feature38", "feature51", "feature43", "feature11", "feature17", "feature66", "feature47", "feature41", "feature63", "feature54", "feature40", "feature46", "feature69", "feature42", "feature53", "feature15", "feature24", "feature52", "feature68", "feature12", "feature39", "feature28", "feature61", "feature45", "feature5", "feature27", "feature31", "feature48", "feature62", "feature56", "feature13", "feature35", "feature16", "feature25", "feature65", "feature34", "feature90", "feature4", "feature72", "feature6", "feature73"], "scores": [0.06005791482465256, 0.04335064167277722, 0.035135292013007295, 0.026734878253541483, 0.02639556933462353, 0.026052224545590374, 0.024681996649276092, 0.024348447198840106, 0.022861451053993995, 0.022770267251193018, 0.022518388950541222, 0.022278774656147617, 0.02140121499118402, 0.021397116914091057, 0.02135809493327996, 0.01997590766873276, 0.01973649467953105, 0.019421374497942703, 0.01836062500642032, 0.018197276788483877, 0.01806302811679886, 0.017912330983678466, 0.017849291443907244, 0.01735193109281425, 0.017203748014914432, 0.016389132818896167, 0.01595930341851831, 0.015803312020192438, 0.015538161653184033, 0.015479754785293067, 0.014009131415451183, 0.013916990294859067, 0.01330753891618622, 0.012938804845337359, 0.012695631224860345, 0.012166806225958234, 0.010911275153955522, 0.010877488685297509, 0.010282978200857964, 0.01005776947802476, 0.009882884084798753, 0.009822796489134963, 0.00928219526250681, 0.009276980527625593, 0.009131471681296065, 0.008658544970013364, 0.008609812047914039, 0.008604532002811636, 0.00858671501588368, 0.008374526886611852, 0.00817748098392163, 0.007858661929950184, 0.007756718336512353, 0.007522964592322605, 0.005969200271529318, 0.005955709881130152, 0.005583234648303569, 0.005014051362152721, 0.0047188228086339455, 0.004605844280682007, 0.0044365583709879836, 0.0043315012874757105, 0.0042636824169255015, 0.004229003192038428, 0.00417438296869159, 0.004098278648095206, 0.004066426916545293, 0.0034769439436681893, 0.0026873988319902737, 0.0025429951094055343, 0.0025298530455668796, 2.1466532038406604e-05, 0.0, 0.0]}, "evaluations": {"eval_method": "jaccard_full_score", "singles": [[0.0, 0.0, 0.2, 0.14285714285714285, 0.1111111111111111, 0.09090909090909091, 0.07692307692307693, 0.06666666666666667, 0.058823529411764705, 0.1111111111111111, 0.15789473684210525, 0.14285714285714285, 0.18181818181818182, 0.16666666666666666, 0.2, 0.18518518518518517, 0.21428571428571427, 0.2413793103448276, 0.22580645161290322, 0.25, 0.23529411764705882, 0.2571428571428571, 0.2777777777777778, 0.2972972972972973, 0.28205128205128205, 0.3, 0.2857142857142857, 0.3333333333333333, 0.3488372093023256, 0.36363636363636365, 0.37777777777777777, 0.3617021276595745, 0.3469387755102041, 0.3333333333333333, 0.34615384615384615, 0.3333333333333333, 0.34545454545454546, 0.35714285714285715, 0.3684210526315789, 0.3793103448275862, 0.41379310344827586, 0.4482758620689655, 0.4827586206896552, 0.5172413793103449, 0.5517241379310345, 0.5333333333333333, 0.5666666666666667, 0.5737704918032787, 0.5806451612903226, 0.6129032258064516, 0.6190476190476191, 0.6, 0.6307692307692307, 0.6119402985074627, 0.6176470588235294, 0.6231884057971014, 0.6521739130434783, 0.6811594202898551, 0.7101449275362319, 0.7142857142857143, 0.7183098591549296, 0.7464788732394366, 0.7746478873239436, 0.8028169014084507, 0.8055555555555556, 0.8333333333333334, 0.8356164383561644, 0.863013698630137, 0.8648648648648649, 0.8918918918918919, 0.918918918918919, 0.9459459459459459, 0.972972972972973, 1.0], 0.4461751143613015], "first_gen": [[0.0, 0.0, 0.5, 0.6, 0.6666666666666666, 0.5, 0.5555555555555556, 0.6, 0.6363636363636364, 0.6666666666666666, 0.5714285714285714, 0.5, 0.5294117647058824, 0.5555555555555556, 0.5789473684210527, 0.6, 0.6190476190476191, 0.6363636363636364, 0.6521739130434783, 0.6666666666666666, 0.6153846153846154, 0.5714285714285714, 0.5862068965517241, 0.6, 0.5625, 0.5294117647058824, 0.5, 0.5135135135135135, 0.48717948717948717, 0.4634146341463415, 0.4418604651162791, 0.4222222222222222, 0.40425531914893614, 0.3877551020408163, 0.42857142857142855, 0.46938775510204084, 0.45098039215686275, 0.46153846153846156, 0.4716981132075472, 0.48148148148148145, 0.4909090909090909, 0.47368421052631576, 0.5087719298245614, 0.543859649122807, 0.5517241379310345, 0.5333333333333333, 0.5666666666666667, 0.5483870967741935, 0.5806451612903226, 0.5873015873015873, 0.59375, 0.5757575757575758, 0.582089552238806, 0.6119402985074627, 0.6417910447761194, 0.6470588235294118, 0.6285714285714286, 0.6571428571428571, 0.6619718309859155, 0.6438356164383562, 0.6712328767123288, 0.6986301369863014, 0.7027027027027027, 0.7297297297297297, 0.7567567567567568, 0.7837837837837838, 0.8108108108108109, 0.8378378378378378, 0.8648648648648649, 0.8918918918918919, 0.918918918918919, 0.9459459459459459, 0.972972972972973, 1.0], 0.5917658762400534]}}