{"rank_algo": "random_forest_score", "seed": 61, "subsampling_proportion": 0.004, "exec_time": 1.746042013168335, "results": {"features": ["feature81", "feature82", "feature23", "feature22", "feature33", "feature57", "feature55", "feature1", "feature3", "feature2", "feature19", "feature21", "feature20", "feature10", "feature60", "feature0", "feature58", "feature8", "feature9", "feature49", "feature44", "feature18", "feature67", "feature7", "feature26", "feature59", "feature29", "feature47", "feature71", "feature50", "feature30", "feature64", "feature36", "feature17", "feature15", "feature11", "feature40", "feature51", "feature46", "feature41", "feature52", "feature37", "feature38", "feature69", "feature54", "feature66", "feature63", "feature43", "feature28", "feature53", "feature39", "feature68", "feature24", "feature12", "feature42", "feature5", "feature62", "feature61", "feature56", "feature31", "feature45", "feature48", "feature90", "feature65", "feature25", "feature27", "feature13", "feature4", "feature35", "feature16", "feature34", "feature72", "feature6", "feature73"], "scores": [0.06143385414662029, 0.056485293568825104, 0.04353071249993683, 0.027998231905195747, 0.025796398390348578, 0.025058361964056218, 0.0246261428482159, 0.02455757096712228, 0.023762283368275607, 0.023336182678574454, 0.02277832884117592, 0.021920076359856034, 0.02129513924177244, 0.020989483571980907, 0.020790205645191802, 0.02071124437115309, 0.019816247503814263, 0.019517773292018707, 0.01928232751510319, 0.019171558436148678, 0.01894003279866158, 0.017928542537189538, 0.016681625577468648, 0.016213153196850207, 0.016052885274966157, 0.014472197233240319, 0.014358851534368021, 0.01398686864666565, 0.013484782627052928, 0.012937448345435896, 0.012529191317345811, 0.011539708575589289, 0.011163644146921801, 0.010965350669822134, 0.010887914058509626, 0.010830076913603796, 0.010806306154268457, 0.01067903389738032, 0.010672579924253267, 0.010651360629232512, 0.00992956109617923, 0.009424702505556909, 0.009181386648144529, 0.009100556765694663, 0.009038582964283013, 0.00879889035120613, 0.008794791760878105, 0.008671901765024673, 0.00809822185950294, 0.0076118680676625465, 0.007288957673927009, 0.007090702988894632, 0.006977947283578347, 0.006906314220580698, 0.006853634758873094, 0.006418355257076347, 0.00546747387868588, 0.005397200739926505, 0.005276971605599158, 0.005237075342129683, 0.004799230865374457, 0.004730216368773005, 0.004714834974277705, 0.004492559725950907, 0.003995895032969511, 0.0034742107258853927, 0.003271315796208894, 0.0029071786393117453, 0.002904891914772873, 0.002327978093099721, 0.0018022695324012605, 0.00031339315325183296, 6.195647010664331e-05, 0.0]}, "evaluations": {"eval_method": "jaccard_full_score", "singles": [[0.0, 0.0, 0.2, 0.14285714285714285, 0.1111111111111111, 0.09090909090909091, 0.07692307692307693, 0.06666666666666667, 0.058823529411764705, 0.05263157894736842, 0.15789473684210525, 0.2, 0.18181818181818182, 0.21739130434782608, 0.2, 0.23076923076923078, 0.25925925925925924, 0.2857142857142857, 0.26666666666666666, 0.2903225806451613, 0.3125, 0.29411764705882354, 0.2777777777777778, 0.2972972972972973, 0.3157894736842105, 0.3684210526315789, 0.35, 0.36585365853658536, 0.3488372093023256, 0.36363636363636365, 0.37777777777777777, 0.3617021276595745, 0.3469387755102041, 0.3333333333333333, 0.34615384615384615, 0.3584905660377358, 0.37037037037037035, 0.4074074074074074, 0.4444444444444444, 0.48148148148148145, 0.4909090909090909, 0.5, 0.5087719298245614, 0.5172413793103449, 0.5517241379310345, 0.559322033898305, 0.5932203389830508, 0.6, 0.6065573770491803, 0.6129032258064516, 0.59375, 0.5757575757575758, 0.6060606060606061, 0.6119402985074627, 0.6176470588235294, 0.6231884057971014, 0.6521739130434783, 0.6811594202898551, 0.7101449275362319, 0.7142857142857143, 0.7428571428571429, 0.7464788732394366, 0.7746478873239436, 0.8028169014084507, 0.7808219178082192, 0.8082191780821918, 0.8356164383561644, 0.863013698630137, 0.8904109589041096, 0.9178082191780822, 0.918918918918919, 0.9459459459459459, 0.972972972972973, 1.0], 0.4608133635675255], "first_gen": [[0.0, 0.0, 0.5, 1.0, 0.6666666666666666, 0.5, 0.4, 0.45454545454545453, 0.5, 0.5384615384615384, 0.4666666666666667, 0.5, 0.5294117647058824, 0.6470588235294118, 0.5789473684210527, 0.6, 0.5454545454545454, 0.5652173913043478, 0.5833333333333334, 0.6, 0.6153846153846154, 0.6296296296296297, 0.5862068965517241, 0.5483870967741935, 0.5151515151515151, 0.5294117647058824, 0.5, 0.47368421052631576, 0.48717948717948717, 0.5, 0.47619047619047616, 0.45454545454545453, 0.43478260869565216, 0.44680851063829785, 0.48936170212765956, 0.5, 0.5102040816326531, 0.52, 0.5294117647058824, 0.5094339622641509, 0.4909090909090909, 0.5, 0.5357142857142857, 0.543859649122807, 0.5517241379310345, 0.5333333333333333, 0.5409836065573771, 0.5737704918032787, 0.6065573770491803, 0.6129032258064516, 0.6190476190476191, 0.6, 0.582089552238806, 0.6119402985074627, 0.6417910447761194, 0.6716417910447762, 0.6764705882352942, 0.6811594202898551, 0.6857142857142857, 0.6666666666666666, 0.6712328767123288, 0.6986301369863014, 0.7027027027027027, 0.7297297297297297, 0.7567567567567568, 0.7837837837837838, 0.8108108108108109, 0.8378378378378378, 0.8648648648648649, 0.8918918918918919, 0.918918918918919, 0.9459459459459459, 0.972972972972973, 1.0], 0.5951218222528091]}}