{"rank_algo": "random_forest_score", "seed": 64, "subsampling_proportion": 0.0004, "exec_time": 0.21103262901306152, "results": {"features": ["feature82", "feature81", "feature23", "feature21", "feature19", "feature57", "feature33", "feature55", "feature22", "feature2", "feature20", "feature44", "feature26", "feature71", "feature7", "feature49", "feature1", "feature3", "feature60", "feature9", "feature58", "feature8", "feature36", "feature0", "feature10", "feature43", "feature42", "feature50", "feature30", "feature18", "feature17", "feature29", "feature52", "feature67", "feature47", "feature28", "feature64", "feature11", "feature53", "feature54", "feature68", "feature46", "feature59", "feature40", "feature63", "feature51", "feature69", "feature38", "feature41", "feature15", "feature90", "feature12", "feature31", "feature37", "feature62", "feature66", "feature61", "feature45", "feature27", "feature24", "feature56", "feature39", "feature48", "feature65", "feature13", "feature5", "feature16", "feature25", "feature35", "feature34", "feature72", "feature4", "feature6", "feature73"], "scores": [0.06539792720756418, 0.05704459533752181, 0.03370523570457683, 0.028362738669019318, 0.02649219461798688, 0.026350639559123947, 0.02615494242569657, 0.025165050440792768, 0.02371115960536044, 0.023051533549387587, 0.021930494475890145, 0.0213881238656076, 0.02017504386550504, 0.02007242854471601, 0.01988792650238312, 0.019704966444795524, 0.019105759756491546, 0.01870659969588211, 0.018571762117323663, 0.017998080608318444, 0.01770719778388013, 0.017391688979378917, 0.01723447550376581, 0.016537848717269252, 0.015962549038319902, 0.01580028359070308, 0.01526626220421539, 0.014532508952598893, 0.014450310473346746, 0.014389732969033193, 0.014333526317212731, 0.013957279362666483, 0.012844062656033184, 0.012406985126192989, 0.012381925036729134, 0.012066677789099416, 0.011720362781743992, 0.010557237920407712, 0.010278199573966376, 0.010093066572026455, 0.010091936286045641, 0.010060021587826535, 0.009836130013323351, 0.00952252623716247, 0.008843137686893411, 0.008822173452894903, 0.008460735459772691, 0.008370411018919787, 0.007749397163970978, 0.007384329600111127, 0.007200369414047735, 0.006547726222719851, 0.0065370057278723555, 0.006530915714057804, 0.00625970115892241, 0.005946258167284045, 0.005272932425854424, 0.005194245680753813, 0.005113308165037351, 0.004926190099043548, 0.004780233075440035, 0.004778185922739953, 0.004470982869104607, 0.003941216651985799, 0.0037797141857239414, 0.003562670499635858, 0.003534330441888143, 0.00317865725705187, 0.0026960435243038746, 0.0016638386245886754, 0.0010291373232235474, 0.0010261539992661433, 0.0, 0.0]}, "evaluations": {"eval_method": "jaccard_full_score", "singles": [[0.0, 0.0, 0.2, 0.3333333333333333, 0.25, 0.3333333333333333, 0.2727272727272727, 0.23076923076923078, 0.2, 0.17647058823529413, 0.15789473684210525, 0.14285714285714285, 0.13043478260869565, 0.16666666666666666, 0.15384615384615385, 0.23076923076923078, 0.3076923076923077, 0.3333333333333333, 0.3103448275862069, 0.2903225806451613, 0.3125, 0.29411764705882354, 0.2777777777777778, 0.2972972972972973, 0.3157894736842105, 0.3333333333333333, 0.3170731707317073, 0.3333333333333333, 0.3488372093023256, 0.36363636363636365, 0.37777777777777777, 0.3617021276595745, 0.3469387755102041, 0.3333333333333333, 0.32075471698113206, 0.3090909090909091, 0.32142857142857145, 0.35714285714285715, 0.3684210526315789, 0.40350877192982454, 0.41379310344827586, 0.4482758620689655, 0.4827586206896552, 0.4915254237288136, 0.5254237288135594, 0.559322033898305, 0.5666666666666667, 0.5737704918032787, 0.5806451612903226, 0.6129032258064516, 0.6190476190476191, 0.625, 0.6307692307692307, 0.6363636363636364, 0.6417910447761194, 0.6231884057971014, 0.6521739130434783, 0.6811594202898551, 0.7101449275362319, 0.7391304347826086, 0.7681159420289855, 0.7714285714285715, 0.7746478873239436, 0.8028169014084507, 0.8055555555555556, 0.8333333333333334, 0.8611111111111112, 0.863013698630137, 0.8904109589041096, 0.8918918918918919, 0.918918918918919, 0.9459459459459459, 0.972972972972973, 1.0], 0.47025488576658225], "first_gen": [[0.0, 0.0, 0.5, 0.6, 0.42857142857142855, 0.3333333333333333, 0.2727272727272727, 0.23076923076923078, 0.2857142857142857, 0.42857142857142855, 0.375, 0.3333333333333333, 0.3684210526315789, 0.4, 0.42857142857142855, 0.391304347826087, 0.4166666666666667, 0.5, 0.46153846153846156, 0.48148148148148145, 0.4482758620689655, 0.5172413793103449, 0.4838709677419355, 0.5, 0.5151515151515151, 0.5757575757575758, 0.5882352941176471, 0.5555555555555556, 0.5263157894736842, 0.5384615384615384, 0.55, 0.5238095238095238, 0.5, 0.4782608695652174, 0.5217391304347826, 0.5, 0.48, 0.46153846153846156, 0.4444444444444444, 0.45454545454545453, 0.43859649122807015, 0.47368421052631576, 0.5087719298245614, 0.5172413793103449, 0.5, 0.5081967213114754, 0.5161290322580645, 0.5483870967741935, 0.5806451612903226, 0.6129032258064516, 0.6190476190476191, 0.625, 0.6060606060606061, 0.6363636363636364, 0.6417910447761194, 0.6716417910447762, 0.6521739130434783, 0.6571428571428571, 0.6619718309859155, 0.6438356164383562, 0.6712328767123288, 0.6986301369863014, 0.7027027027027027, 0.7297297297297297, 0.7567567567567568, 0.7837837837837838, 0.8108108108108109, 0.8378378378378378, 0.8648648648648649, 0.8918918918918919, 0.918918918918919, 0.9459459459459459, 0.972972972972973, 1.0], 0.5493817877652146]}}