{"rank_algo": "random_forest_score", "seed": 49, "subsampling_proportion": 0.00025, "exec_time": 0.15699982643127441, "results": {"features": ["feature23", "feature82", "feature81", "feature22", "feature55", "feature1", "feature49", "feature33", "feature3", "feature57", "feature9", "feature19", "feature60", "feature26", "feature21", "feature58", "feature44", "feature10", "feature15", "feature0", "feature7", "feature2", "feature20", "feature36", "feature11", "feature18", "feature67", "feature8", "feature52", "feature17", "feature29", "feature69", "feature64", "feature50", "feature43", "feature39", "feature51", "feature42", "feature38", "feature63", "feature54", "feature41", "feature90", "feature40", "feature71", "feature47", "feature46", "feature53", "feature37", "feature59", "feature30", "feature31", "feature66", "feature12", "feature28", "feature68", "feature5", "feature62", "feature45", "feature27", "feature61", "feature35", "feature24", "feature13", "feature56", "feature65", "feature48", "feature25", "feature4", "feature16", "feature34", "feature72", "feature6", "feature73"], "scores": [0.05192924365358112, 0.05104273352757001, 0.047405623789223535, 0.02964936341127343, 0.026205856386095697, 0.026161148237281696, 0.025794823739454395, 0.02561807848093284, 0.02431043841637556, 0.024193565240467743, 0.023311410568967975, 0.023234354675015143, 0.021711857342408963, 0.021665028074853057, 0.021427228534362647, 0.020131782871898735, 0.020033565179040445, 0.01982804654871125, 0.019500221473361688, 0.018257242828818, 0.018116032133833067, 0.017329406214565166, 0.01593574229653739, 0.015075657810785658, 0.015063222752485615, 0.014854541834780443, 0.014532119983542334, 0.014484149352967723, 0.013869052693531902, 0.01342430998345353, 0.013357047310442492, 0.013192712579939455, 0.012444035853374441, 0.012109320396797733, 0.011400824395672034, 0.01130482411875427, 0.011170496451532976, 0.010072499132263218, 0.010053327464924666, 0.009830015324591273, 0.009791590278308367, 0.009507368930665021, 0.009487437214941408, 0.00947186302067423, 0.009329996390831716, 0.008951728913934824, 0.00882032831646891, 0.008820275903858378, 0.008626331496391073, 0.008327744205411774, 0.007937080364669334, 0.007935492569005928, 0.007859807884058646, 0.007712627113321871, 0.007392597649526576, 0.006969994391268635, 0.006071344889703989, 0.005621193042218095, 0.005420734567147933, 0.004966877591405308, 0.00488640154292418, 0.004128601005514491, 0.003163115735001058, 0.003024956037907692, 0.002904253646129167, 0.002761293489329309, 0.002716152253683236, 0.0025463238458836644, 0.0025273901430690666, 0.0021934274294794346, 0.0009574672523772145, 0.00013725182042013733, 0.0, 0.0]}, "evaluations": {"eval_method": "jaccard_full_score", "singles": [[1.0, 0.3333333333333333, 0.2, 0.14285714285714285, 0.1111111111111111, 0.09090909090909091, 0.07692307692307693, 0.14285714285714285, 0.125, 0.1111111111111111, 0.15789473684210525, 0.2, 0.18181818181818182, 0.21739130434782608, 0.25, 0.23076923076923078, 0.25925925925925924, 0.2857142857142857, 0.3103448275862069, 0.2903225806451613, 0.3125, 0.3333333333333333, 0.35294117647058826, 0.37142857142857144, 0.3888888888888889, 0.40540540540540543, 0.38461538461538464, 0.4, 0.38095238095238093, 0.36363636363636365, 0.37777777777777777, 0.3617021276595745, 0.3469387755102041, 0.3333333333333333, 0.32075471698113206, 0.3090909090909091, 0.32142857142857145, 0.35714285714285715, 0.3684210526315789, 0.40350877192982454, 0.43859649122807015, 0.47368421052631576, 0.5087719298245614, 0.5172413793103449, 0.5517241379310345, 0.559322033898305, 0.5932203389830508, 0.6, 0.6065573770491803, 0.639344262295082, 0.6190476190476191, 0.6, 0.6060606060606061, 0.6119402985074627, 0.6176470588235294, 0.6, 0.6285714285714286, 0.6571428571428571, 0.6857142857142857, 0.7142857142857143, 0.7428571428571429, 0.7464788732394366, 0.7746478873239436, 0.8028169014084507, 0.8309859154929577, 0.8591549295774648, 0.8611111111111112, 0.863013698630137, 0.8904109589041096, 0.9178082191780822, 0.918918918918919, 0.9459459459459459, 0.972972972972973, 1.0], 0.47763578519261746], "first_gen": [[1.0, 0.3333333333333333, 0.5, 1.0, 0.6666666666666666, 0.7142857142857143, 0.5555555555555556, 0.45454545454545453, 0.5, 0.42857142857142855, 0.4666666666666667, 0.4117647058823529, 0.4444444444444444, 0.4, 0.42857142857142855, 0.391304347826087, 0.4166666666666667, 0.5, 0.52, 0.5384615384615384, 0.5, 0.5172413793103449, 0.5333333333333333, 0.5, 0.47058823529411764, 0.5294117647058824, 0.5, 0.5135135135135135, 0.48717948717948717, 0.5, 0.47619047619047616, 0.45454545454545453, 0.43478260869565216, 0.4166666666666667, 0.4583333333333333, 0.46938775510204084, 0.48, 0.49019607843137253, 0.5, 0.48148148148148145, 0.4909090909090909, 0.47368421052631576, 0.5087719298245614, 0.543859649122807, 0.5517241379310345, 0.559322033898305, 0.5932203389830508, 0.6, 0.6333333333333333, 0.6666666666666666, 0.6451612903225806, 0.625, 0.6060606060606061, 0.6363636363636364, 0.6666666666666666, 0.6716417910447762, 0.6764705882352942, 0.7058823529411765, 0.6857142857142857, 0.6901408450704225, 0.6712328767123288, 0.6986301369863014, 0.7027027027027027, 0.7297297297297297, 0.7567567567567568, 0.7837837837837838, 0.8108108108108109, 0.8378378378378378, 0.8648648648648649, 0.8918918918918919, 0.918918918918919, 0.9459459459459459, 0.972972972972973, 1.0], 0.5917857835998624]}}