{"rank_algo": "random_forest_score", "seed": 6, "subsampling_proportion": 0.0004, "exec_time": 0.20212292671203613, "results": {"features": ["feature82", "feature81", "feature33", "feature57", "feature22", "feature23", "feature2", "feature20", "feature21", "feature3", "feature55", "feature0", "feature7", "feature1", "feature58", "feature19", "feature9", "feature18", "feature26", "feature60", "feature49", "feature44", "feature10", "feature8", "feature67", "feature71", "feature41", "feature30", "feature17", "feature25", "feature29", "feature51", "feature59", "feature46", "feature50", "feature36", "feature63", "feature43", "feature39", "feature69", "feature5", "feature47", "feature64", "feature11", "feature12", "feature68", "feature52", "feature37", "feature38", "feature45", "feature54", "feature15", "feature28", "feature13", "feature61", "feature42", "feature40", "feature24", "feature66", "feature62", "feature35", "feature31", "feature53", "feature56", "feature4", "feature48", "feature16", "feature65", "feature90", "feature34", "feature27", "feature72", "feature6", "feature73"], "scores": [0.062087770893936065, 0.059698709730596204, 0.03077974583610445, 0.02988992119982735, 0.027178969710940522, 0.024776593557988145, 0.02444938123559326, 0.024164258771700444, 0.02367751462702513, 0.023073161841007828, 0.022902659235606446, 0.022197318195076882, 0.021837648901657233, 0.02120956305770624, 0.021000605476882556, 0.020900755990444185, 0.020784926343242995, 0.020062062448166124, 0.019713532920619406, 0.01970299933579211, 0.01956673282317771, 0.018813510697033155, 0.01832386839483035, 0.018018571754303023, 0.015851267282216565, 0.0146756620111558, 0.01458641241408571, 0.013731842461226223, 0.013272170948504344, 0.012957377716154017, 0.011860992339346742, 0.011820888570832744, 0.011755784339530779, 0.011462375796197702, 0.011417283680913617, 0.011300897679148183, 0.011224103476538263, 0.010963939540722292, 0.010931041788280966, 0.010756930213950789, 0.009783411519613823, 0.00975743785393284, 0.009688974865400312, 0.009580161574252854, 0.009144455365045193, 0.008774127808817488, 0.008220292947264786, 0.007796357033015974, 0.007580826535644074, 0.0074413996396783585, 0.007199839718708988, 0.006913782466050575, 0.006691294721900551, 0.00641091886384314, 0.006183609417542641, 0.006126366252315483, 0.005809978689368489, 0.0057404181503289175, 0.005495544865303367, 0.005044875275128776, 0.004904290830063, 0.004886367509659714, 0.0045443763772899095, 0.0033344458530437495, 0.003301288747124376, 0.0032995648922627824, 0.003172805332216757, 0.0027246435632613058, 0.0021278384074285514, 0.0020871814271398886, 0.0020203624945187193, 0.0008330077647720821, 0.0, 0.0]}, "evaluations": {"eval_method": "jaccard_full_score", "singles": [[0.0, 0.0, 0.0, 0.0, 0.0, 0.09090909090909091, 0.07692307692307693, 0.06666666666666667, 0.125, 0.1111111111111111, 0.1, 0.09090909090909091, 0.08333333333333333, 0.12, 0.1111111111111111, 0.18518518518518517, 0.21428571428571427, 0.2413793103448276, 0.26666666666666666, 0.25, 0.3125, 0.29411764705882354, 0.3142857142857143, 0.3333333333333333, 0.3157894736842105, 0.3333333333333333, 0.35, 0.36585365853658536, 0.3488372093023256, 0.36363636363636365, 0.37777777777777777, 0.391304347826087, 0.40425531914893614, 0.4166666666666667, 0.4, 0.38461538461538464, 0.39622641509433965, 0.4074074074074074, 0.41818181818181815, 0.42857142857142855, 0.43859649122807015, 0.4482758620689655, 0.4576271186440678, 0.4666666666666667, 0.5, 0.4838709677419355, 0.5161290322580645, 0.5483870967741935, 0.5555555555555556, 0.5873015873015873, 0.59375, 0.6, 0.6307692307692307, 0.6363636363636364, 0.6417910447761194, 0.6470588235294118, 0.6764705882352942, 0.7058823529411765, 0.7101449275362319, 0.7391304347826086, 0.7428571428571429, 0.7464788732394366, 0.75, 0.7777777777777778, 0.8055555555555556, 0.8082191780821918, 0.8356164383561644, 0.863013698630137, 0.8904109589041096, 0.8918918918918919, 0.918918918918919, 0.9459459459459459, 0.972972972972973, 1.0], 0.44552882775632163], "first_gen": [[0.0, 0.0, 0.2, 0.3333333333333333, 0.42857142857142855, 0.5, 0.4, 0.45454545454545453, 0.38461538461538464, 0.5384615384615384, 0.4666666666666667, 0.5, 0.4444444444444444, 0.5555555555555556, 0.5, 0.5238095238095238, 0.5454545454545454, 0.5652173913043478, 0.52, 0.48148148148148145, 0.5, 0.5172413793103449, 0.5333333333333333, 0.5483870967741935, 0.5151515151515151, 0.5757575757575758, 0.5428571428571428, 0.5135135135135135, 0.5263157894736842, 0.5, 0.47619047619047616, 0.4883720930232558, 0.4666666666666667, 0.4782608695652174, 0.4583333333333333, 0.5, 0.48, 0.49019607843137253, 0.5, 0.48148148148148145, 0.4909090909090909, 0.5, 0.5087719298245614, 0.5172413793103449, 0.5254237288135594, 0.5081967213114754, 0.5161290322580645, 0.5483870967741935, 0.5806451612903226, 0.5873015873015873, 0.59375, 0.6, 0.6060606060606061, 0.6119402985074627, 0.5942028985507246, 0.6231884057971014, 0.6285714285714286, 0.6338028169014085, 0.6388888888888888, 0.6666666666666666, 0.6944444444444444, 0.6986301369863014, 0.7027027027027027, 0.7297297297297297, 0.7567567567567568, 0.7837837837837838, 0.8108108108108109, 0.8378378378378378, 0.8648648648648649, 0.8918918918918919, 0.918918918918919, 0.9459459459459459, 0.972972972972973, 1.0], 0.5619668990204283]}}