{"rank_algo": "random_forest_score", "seed": 78, "subsampling_proportion": 0.001, "exec_time": 0.42185235023498535, "results": {"features": ["feature82", "feature81", "feature23", "feature22", "feature0", "feature1", "feature33", "feature21", "feature55", "feature60", "feature20", "feature19", "feature44", "feature10", "feature57", "feature18", "feature3", "feature2", "feature58", "feature7", "feature26", "feature9", "feature8", "feature67", "feature17", "feature49", "feature43", "feature59", "feature29", "feature64", "feature51", "feature30", "feature71", "feature36", "feature47", "feature50", "feature52", "feature40", "feature69", "feature63", "feature53", "feature37", "feature54", "feature11", "feature41", "feature46", "feature12", "feature38", "feature61", "feature39", "feature28", "feature66", "feature68", "feature24", "feature42", "feature15", "feature27", "feature13", "feature31", "feature25", "feature65", "feature62", "feature35", "feature5", "feature45", "feature56", "feature48", "feature16", "feature90", "feature34", "feature4", "feature6", "feature72", "feature73"], "scores": [0.06573374156363813, 0.06299126132890151, 0.03798148372487745, 0.027610324213857194, 0.02495719832001178, 0.024788852090761163, 0.02471296140259558, 0.02423404841462121, 0.023220127370772635, 0.022139228411641995, 0.02182196153402541, 0.0210698874081494, 0.020733497331075084, 0.020722382708448787, 0.02000060412633905, 0.019974602357481167, 0.019846046729578896, 0.019610312565913515, 0.018875904106506483, 0.017725055278756945, 0.017688108505565788, 0.016296616116020388, 0.01618266727212707, 0.01605707196738819, 0.015609163493438306, 0.015228348660508362, 0.014184784134511175, 0.013769107726063148, 0.013501551335291717, 0.01317580476635209, 0.012674133969970889, 0.012379132263434702, 0.012286136871024901, 0.012181788616852032, 0.011883094246967792, 0.011820037648156239, 0.011081535438447148, 0.010962360262110131, 0.010886253428162282, 0.010614302707140113, 0.010541626290180937, 0.009983977581420974, 0.009896637984097982, 0.009448389290662777, 0.009055090009301771, 0.009000350837449074, 0.0086014556808632, 0.007957995788290734, 0.007813637418905619, 0.00778429444292671, 0.007695782945961735, 0.007433701162541332, 0.007148885286184309, 0.006842979709605672, 0.0067043359018034605, 0.006297223635899638, 0.0054797594379725045, 0.005080305882618653, 0.004839283945623681, 0.004650839130724742, 0.004400449476071751, 0.0043952147962448415, 0.004319416031750607, 0.004219240906330384, 0.004172483233941048, 0.0038634306036989087, 0.0038597013999812422, 0.0038279283446702806, 0.002784738832263899, 0.0023722833943769332, 0.00231708020014874, 0.0, 0.0, 0.0]}, "evaluations": {"eval_method": "jaccard_full_score", "singles": [[0.0, 0.0, 0.2, 0.14285714285714285, 0.1111111111111111, 0.09090909090909091, 0.07692307692307693, 0.14285714285714285, 0.125, 0.1111111111111111, 0.15789473684210525, 0.2, 0.18181818181818182, 0.21739130434782608, 0.2, 0.23076923076923078, 0.25925925925925924, 0.2857142857142857, 0.26666666666666666, 0.25, 0.3125, 0.29411764705882354, 0.2777777777777778, 0.2972972972972973, 0.28205128205128205, 0.3333333333333333, 0.3170731707317073, 0.36585365853658536, 0.3488372093023256, 0.3333333333333333, 0.37777777777777777, 0.3617021276595745, 0.375, 0.36, 0.34615384615384615, 0.3333333333333333, 0.32142857142857145, 0.35714285714285715, 0.3684210526315789, 0.40350877192982454, 0.41379310344827586, 0.423728813559322, 0.4576271186440678, 0.4915254237288136, 0.5254237288135594, 0.559322033898305, 0.5932203389830508, 0.6, 0.6065573770491803, 0.6129032258064516, 0.6190476190476191, 0.6, 0.6060606060606061, 0.6119402985074627, 0.6176470588235294, 0.6231884057971014, 0.6521739130434783, 0.6811594202898551, 0.6857142857142857, 0.6901408450704225, 0.7183098591549296, 0.7464788732394366, 0.75, 0.7777777777777778, 0.8055555555555556, 0.8333333333333334, 0.8356164383561644, 0.863013698630137, 0.8904109589041096, 0.8918918918918919, 0.918918918918919, 0.9459459459459459, 0.972972972972973, 1.0], 0.4539496606798989], "first_gen": [[0.0, 0.0, 0.5, 1.0, 0.6666666666666666, 0.7142857142857143, 0.5555555555555556, 0.45454545454545453, 0.38461538461538464, 0.42857142857142855, 0.375, 0.4117647058823529, 0.4444444444444444, 0.5555555555555556, 0.5789473684210527, 0.6, 0.6190476190476191, 0.6363636363636364, 0.5833333333333334, 0.5384615384615384, 0.5, 0.5172413793103449, 0.5333333333333333, 0.5, 0.5151515151515151, 0.5757575757575758, 0.5882352941176471, 0.5555555555555556, 0.5263157894736842, 0.5, 0.5121951219512195, 0.4883720930232558, 0.5, 0.4782608695652174, 0.5217391304347826, 0.5319148936170213, 0.5102040816326531, 0.52, 0.5, 0.48148148148148145, 0.4642857142857143, 0.47368421052631576, 0.5087719298245614, 0.4915254237288136, 0.5, 0.5081967213114754, 0.5409836065573771, 0.5737704918032787, 0.5806451612903226, 0.6129032258064516, 0.6190476190476191, 0.6, 0.582089552238806, 0.5882352941176471, 0.6176470588235294, 0.6470588235294118, 0.6521739130434783, 0.6571428571428571, 0.6388888888888888, 0.6438356164383562, 0.6712328767123288, 0.6986301369863014, 0.726027397260274, 0.7534246575342466, 0.7567567567567568, 0.7837837837837838, 0.8108108108108109, 0.8378378378378378, 0.8648648648648649, 0.8918918918918919, 0.918918918918919, 0.9459459459459459, 0.972972972972973, 1.0], 0.5895465956279023]}}