{"rank_algo": "random_forest_score", "seed": 41, "subsampling_proportion": 0.0004, "exec_time": 0.20909953117370605, "results": {"features": ["feature82", "feature81", "feature23", "feature22", "feature19", "feature33", "feature18", "feature21", "feature1", "feature60", "feature3", "feature44", "feature58", "feature8", "feature10", "feature57", "feature20", "feature55", "feature67", "feature2", "feature17", "feature9", "feature43", "feature51", "feature49", "feature0", "feature54", "feature69", "feature7", "feature26", "feature29", "feature30", "feature71", "feature68", "feature11", "feature39", "feature50", "feature28", "feature15", "feature47", "feature64", "feature41", "feature66", "feature45", "feature59", "feature38", "feature52", "feature40", "feature63", "feature56", "feature46", "feature36", "feature37", "feature61", "feature42", "feature53", "feature48", "feature13", "feature12", "feature31", "feature65", "feature16", "feature27", "feature24", "feature90", "feature5", "feature25", "feature35", "feature4", "feature62", "feature34", "feature6", "feature72", "feature73"], "scores": [0.06596975983799568, 0.058624093464773715, 0.051931863537573564, 0.03040755142449928, 0.028027519145511413, 0.024966646324811888, 0.023530653190850927, 0.023048670088876476, 0.02222221979040856, 0.021246455623889354, 0.020478966600547887, 0.019682575686762294, 0.019293659536064767, 0.019187533247627803, 0.01903274581054542, 0.018883868045866992, 0.01818371129837057, 0.01779157984315506, 0.01760542793201693, 0.017072173456361774, 0.017020803943122973, 0.016978366682260448, 0.01694464142937498, 0.01635340019319095, 0.015547285169328141, 0.01499419940632594, 0.014749933042552201, 0.01459728564128214, 0.014331377400344888, 0.014203195160124688, 0.014046058714216155, 0.011908523782767988, 0.011160241174658185, 0.010985415507216021, 0.010854176007651446, 0.01046765146339082, 0.01021975978939806, 0.009901564645871384, 0.009776932588030057, 0.009646086391507906, 0.009559483912240572, 0.009351495912963281, 0.009317480644854485, 0.009124348584011779, 0.009059337853426741, 0.008993601721734586, 0.008892055823291589, 0.008382881003548233, 0.008047456111221945, 0.007862170511002988, 0.007729985872612608, 0.007608845452827398, 0.0071725626176063805, 0.007020064407947781, 0.006894446259880215, 0.006884635093264564, 0.006411067818358248, 0.0061239717913010566, 0.005982422428789314, 0.005734636811136171, 0.004951873975670904, 0.004832077771019843, 0.004796392225370736, 0.004268623894467728, 0.0041516424913679555, 0.004141583718114352, 0.0033374026102186457, 0.003283332061358064, 0.003045836589841692, 0.0025952188921413827, 0.002568493119283147, 0.0, 0.0, 0.0]}, "evaluations": {"eval_method": "jaccard_full_score", "singles": [[0.0, 0.0, 0.2, 0.14285714285714285, 0.1111111111111111, 0.2, 0.16666666666666666, 0.23076923076923078, 0.2, 0.17647058823529413, 0.2222222222222222, 0.2, 0.18181818181818182, 0.16666666666666666, 0.2, 0.18518518518518517, 0.25925925925925924, 0.2413793103448276, 0.22580645161290322, 0.25, 0.2727272727272727, 0.2571428571428571, 0.24324324324324326, 0.2972972972972973, 0.3157894736842105, 0.3333333333333333, 0.35, 0.36585365853658536, 0.3488372093023256, 0.36363636363636365, 0.37777777777777777, 0.3617021276595745, 0.375, 0.36, 0.37254901960784315, 0.3584905660377358, 0.34545454545454546, 0.35714285714285715, 0.39285714285714285, 0.40350877192982454, 0.41379310344827586, 0.4482758620689655, 0.4576271186440678, 0.4666666666666667, 0.5, 0.4838709677419355, 0.5161290322580645, 0.5483870967741935, 0.5555555555555556, 0.5625, 0.5692307692307692, 0.5757575757575758, 0.6060606060606061, 0.6119402985074627, 0.6176470588235294, 0.6231884057971014, 0.6285714285714286, 0.6571428571428571, 0.6857142857142857, 0.6901408450704225, 0.7183098591549296, 0.7464788732394366, 0.7746478873239436, 0.8028169014084507, 0.8055555555555556, 0.8333333333333334, 0.8356164383561644, 0.863013698630137, 0.8904109589041096, 0.9178082191780822, 0.918918918918919, 0.9459459459459459, 0.972972972972973, 1.0], 0.45419978946404405], "first_gen": [[0.0, 0.0, 0.5, 1.0, 0.6666666666666666, 0.5, 0.4, 0.3333333333333333, 0.38461538461538464, 0.42857142857142855, 0.4666666666666667, 0.4117647058823529, 0.4444444444444444, 0.47368421052631576, 0.5789473684210527, 0.6, 0.6190476190476191, 0.5652173913043478, 0.52, 0.5384615384615384, 0.5, 0.5172413793103449, 0.5333333333333333, 0.5483870967741935, 0.5625, 0.5757575757575758, 0.5882352941176471, 0.5555555555555556, 0.5263157894736842, 0.5384615384615384, 0.5121951219512195, 0.4883720930232558, 0.5, 0.5111111111111111, 0.48936170212765956, 0.5, 0.48, 0.46153846153846156, 0.4716981132075472, 0.48148148148148145, 0.4642857142857143, 0.47368421052631576, 0.4827586206896552, 0.4915254237288136, 0.5, 0.5081967213114754, 0.5161290322580645, 0.5483870967741935, 0.5555555555555556, 0.5873015873015873, 0.59375, 0.6, 0.6060606060606061, 0.6119402985074627, 0.6417910447761194, 0.6470588235294118, 0.6521739130434783, 0.6571428571428571, 0.6619718309859155, 0.6666666666666666, 0.6712328767123288, 0.6986301369863014, 0.7027027027027027, 0.7297297297297297, 0.7567567567567568, 0.7837837837837838, 0.8108108108108109, 0.8378378378378378, 0.8648648648648649, 0.8918918918918919, 0.918918918918919, 0.9459459459459459, 0.972972972972973, 1.0], 0.5798003512085549]}}