{"rank_algo": "random_forest_score", "seed": 90, "subsampling_proportion": 0.00063, "exec_time": 0.28600382804870605, "results": {"features": ["feature82", "feature81", "feature22", "feature0", "feature57", "feature55", "feature33", "feature3", "feature58", "feature10", "feature60", "feature2", "feature23", "feature21", "feature20", "feature1", "feature8", "feature9", "feature44", "feature19", "feature49", "feature26", "feature59", "feature64", "feature67", "feature50", "feature7", "feature36", "feature5", "feature18", "feature52", "feature71", "feature37", "feature43", "feature11", "feature29", "feature69", "feature47", "feature63", "feature54", "feature51", "feature38", "feature41", "feature17", "feature30", "feature27", "feature56", "feature46", "feature53", "feature40", "feature15", "feature66", "feature48", "feature39", "feature12", "feature68", "feature31", "feature42", "feature45", "feature28", "feature61", "feature62", "feature13", "feature24", "feature25", "feature35", "feature65", "feature16", "feature90", "feature4", "feature34", "feature6", "feature72", "feature73"], "scores": [0.06168133914618371, 0.046020036882269987, 0.029003519394550495, 0.028585617088116532, 0.02703519360318907, 0.025115877559380394, 0.023326642423366212, 0.022810464021614674, 0.022168010356809244, 0.02198350520296864, 0.021453290608285543, 0.021378377375875487, 0.021182273022342234, 0.021054767458444163, 0.020962189977274982, 0.020697895803018194, 0.020556372961680242, 0.01954329628219966, 0.01888482862889408, 0.018724995088167443, 0.018527901437443723, 0.01850565684656248, 0.01736636819260406, 0.017064056316573394, 0.01680202996571129, 0.016036453035563003, 0.014773230077752228, 0.013645053112807344, 0.013313436367355082, 0.013189814261543784, 0.012961095015772505, 0.012879827176785048, 0.012790461155064986, 0.012737259691674037, 0.012626741362812, 0.012612710728636168, 0.012297777394470695, 0.012149127405069494, 0.0116609787694481, 0.011126812448112422, 0.011038069988261462, 0.010974568442494313, 0.010964721063905045, 0.010866737924690777, 0.01026511415144194, 0.009572251626728872, 0.009303808333536546, 0.008449238332176633, 0.008327300492163053, 0.008169471745703543, 0.007654815818955246, 0.007214437499244207, 0.007059411112186068, 0.00681955341477637, 0.0067517267411604355, 0.0064741628158754795, 0.00626969908290555, 0.006227138062266563, 0.005867992907199668, 0.0057964524674353245, 0.005565893871676462, 0.005022606217353883, 0.004601301851109988, 0.004184181939163451, 0.003805467262444402, 0.0035444864008650923, 0.003480585620095556, 0.0028280156802499884, 0.0026022988781165546, 0.002221220549081129, 0.001477168026024934, 0.0007166495356910969, 0.0006481684986275455, 0.0]}, "evaluations": {"eval_method": "jaccard_full_score", "singles": [[0.0, 0.0, 0.0, 0.0, 0.0, 0.0, 0.0, 0.0, 0.0, 0.05263157894736842, 0.047619047619047616, 0.043478260869565216, 0.08333333333333333, 0.12, 0.1111111111111111, 0.18518518518518517, 0.21428571428571427, 0.2413793103448276, 0.22580645161290322, 0.25, 0.3125, 0.3333333333333333, 0.35294117647058826, 0.37142857142857144, 0.35135135135135137, 0.3684210526315789, 0.35, 0.36585365853658536, 0.3488372093023256, 0.3333333333333333, 0.34782608695652173, 0.3617021276595745, 0.3469387755102041, 0.3333333333333333, 0.34615384615384615, 0.3333333333333333, 0.32142857142857145, 0.3333333333333333, 0.3684210526315789, 0.40350877192982454, 0.43859649122807015, 0.4482758620689655, 0.4827586206896552, 0.4915254237288136, 0.5, 0.5333333333333333, 0.5409836065573771, 0.5737704918032787, 0.5806451612903226, 0.6129032258064516, 0.6190476190476191, 0.6, 0.6060606060606061, 0.5882352941176471, 0.5942028985507246, 0.6, 0.6056338028169014, 0.6338028169014085, 0.6619718309859155, 0.6901408450704225, 0.7183098591549296, 0.7464788732394366, 0.7746478873239436, 0.8028169014084507, 0.7808219178082192, 0.8082191780821918, 0.8356164383561644, 0.863013698630137, 0.8904109589041096, 0.9178082191780822, 0.918918918918919, 0.9459459459459459, 0.972972972972973, 1.0], 0.43063943304038166], "first_gen": [[0.0, 0.0, 0.5, 0.6, 0.42857142857142855, 0.3333333333333333, 0.2727272727272727, 0.3333333333333333, 0.2857142857142857, 0.3333333333333333, 0.29411764705882354, 0.4117647058823529, 0.4444444444444444, 0.47368421052631576, 0.5, 0.5238095238095238, 0.5454545454545454, 0.5652173913043478, 0.5833333333333334, 0.6, 0.6153846153846154, 0.5714285714285714, 0.5333333333333333, 0.5, 0.47058823529411764, 0.4857142857142857, 0.4594594594594595, 0.4358974358974359, 0.45, 0.4634146341463415, 0.4418604651162791, 0.45454545454545453, 0.43478260869565216, 0.44680851063829785, 0.4583333333333333, 0.46938775510204084, 0.45098039215686275, 0.46153846153846156, 0.4444444444444444, 0.45454545454545453, 0.4909090909090909, 0.5, 0.5087719298245614, 0.543859649122807, 0.5254237288135594, 0.5333333333333333, 0.5666666666666667, 0.6, 0.6065573770491803, 0.639344262295082, 0.6451612903225806, 0.625, 0.6307692307692307, 0.6615384615384615, 0.6923076923076923, 0.696969696969697, 0.6764705882352942, 0.7058823529411765, 0.6857142857142857, 0.6901408450704225, 0.6712328767123288, 0.6986301369863014, 0.7027027027027027, 0.7297297297297297, 0.7567567567567568, 0.7837837837837838, 0.8108108108108109, 0.8378378378378378, 0.8648648648648649, 0.8918918918918919, 0.918918918918919, 0.9459459459459459, 0.972972972972973, 1.0], 0.559481999334234]}}