{"rank_algo": "random_forest_score", "seed": 8, "subsampling_proportion": 0.0004, "exec_time": 0.2100203037261963, "results": {"features": ["feature82", "feature81", "feature23", "feature33", "feature20", "feature1", "feature2", "feature22", "feature21", "feature57", "feature18", "feature19", "feature55", "feature44", "feature8", "feature60", "feature0", "feature9", "feature49", "feature52", "feature7", "feature10", "feature47", "feature58", "feature3", "feature26", "feature46", "feature69", "feature50", "feature17", "feature51", "feature64", "feature43", "feature29", "feature54", "feature59", "feature11", "feature36", "feature41", "feature67", "feature28", "feature48", "feature71", "feature15", "feature66", "feature27", "feature30", "feature63", "feature37", "feature12", "feature40", "feature38", "feature68", "feature39", "feature42", "feature53", "feature62", "feature24", "feature35", "feature5", "feature61", "feature25", "feature65", "feature90", "feature56", "feature31", "feature45", "feature13", "feature34", "feature4", "feature16", "feature72", "feature6", "feature73"], "scores": [0.05107545528580309, 0.046303115166828925, 0.02493971368365986, 0.02410984982964439, 0.02410684016882602, 0.02388649798937458, 0.023808536849732536, 0.02304481214559548, 0.023009868925952335, 0.022998511929843497, 0.022297630897930656, 0.02166992447303683, 0.021581855095247276, 0.021454794358976605, 0.02075394581558298, 0.020127392218143435, 0.020056923762251395, 0.019967203421434966, 0.019603848124287906, 0.019411171362174285, 0.019090317783301065, 0.01891713128668839, 0.018177702477251905, 0.017773338081978004, 0.017486679969335815, 0.016551574436390985, 0.016162535342825825, 0.015670525837073783, 0.015436430330045322, 0.014627544540374453, 0.014609486716352678, 0.0143574541753859, 0.014166339058333522, 0.013551543076270883, 0.012992186865791363, 0.012392700385667874, 0.01135484311779875, 0.01108066623648776, 0.010959335783248024, 0.01095378412717997, 0.010518014591992446, 0.010140133102703208, 0.00996687631713816, 0.009858017533927786, 0.009831661365842051, 0.00981814562719334, 0.009762652970358304, 0.009627469536033467, 0.008791410757795978, 0.008664942423206591, 0.008372585077889856, 0.008371245851715345, 0.007683895560231358, 0.007645527888116121, 0.00731927168361299, 0.006636423203299505, 0.006325927324086174, 0.006229379263993288, 0.0057833116277363405, 0.005674296127096451, 0.0051271803488445135, 0.004992199789869871, 0.0049593630766939095, 0.004677582647335928, 0.004457978071639449, 0.0042536171582187865, 0.004146630462663214, 0.00302572928468651, 0.003023464133489972, 0.0018450562048569457, 0.0017937668774420088, 0.00015623297818091, 0.0, 0.0]}, "evaluations": {"eval_method": "jaccard_full_score", "singles": [[0.0, 0.0, 0.2, 0.14285714285714285, 0.1111111111111111, 0.09090909090909091, 0.07692307692307693, 0.06666666666666667, 0.125, 0.1111111111111111, 0.15789473684210525, 0.2, 0.18181818181818182, 0.16666666666666666, 0.15384615384615385, 0.18518518518518517, 0.21428571428571427, 0.2413793103448276, 0.26666666666666666, 0.25, 0.23529411764705882, 0.2571428571428571, 0.24324324324324326, 0.2972972972972973, 0.28205128205128205, 0.3333333333333333, 0.35, 0.36585365853658536, 0.3488372093023256, 0.3333333333333333, 0.37777777777777777, 0.3617021276595745, 0.3469387755102041, 0.3333333333333333, 0.34615384615384615, 0.3584905660377358, 0.37037037037037035, 0.38181818181818183, 0.41818181818181815, 0.42857142857142855, 0.4642857142857143, 0.47368421052631576, 0.5087719298245614, 0.5172413793103449, 0.5254237288135594, 0.559322033898305, 0.5666666666666667, 0.6, 0.6065573770491803, 0.639344262295082, 0.6451612903225806, 0.625, 0.6307692307692307, 0.6119402985074627, 0.6176470588235294, 0.6, 0.6285714285714286, 0.6571428571428571, 0.6619718309859155, 0.6901408450704225, 0.7183098591549296, 0.7222222222222222, 0.726027397260274, 0.7534246575342466, 0.7808219178082192, 0.8082191780821918, 0.8356164383561644, 0.863013698630137, 0.8648648648648649, 0.8918918918918919, 0.918918918918919, 0.9459459459459459, 0.972972972972973, 1.0], 0.4499169517676907], "first_gen": [[0.0, 0.0, 0.5, 0.6, 0.42857142857142855, 0.5, 0.4, 0.6, 0.5, 0.5384615384615384, 0.4666666666666667, 0.4117647058823529, 0.4444444444444444, 0.47368421052631576, 0.5789473684210527, 0.6, 0.6190476190476191, 0.6363636363636364, 0.6521739130434783, 0.6, 0.5555555555555556, 0.5714285714285714, 0.5333333333333333, 0.5, 0.5151515151515151, 0.5294117647058824, 0.5, 0.47368421052631576, 0.45, 0.5, 0.5121951219512195, 0.4883720930232558, 0.5348837209302325, 0.5111111111111111, 0.5217391304347826, 0.5319148936170213, 0.5102040816326531, 0.52, 0.5, 0.48148148148148145, 0.4642857142857143, 0.5, 0.5357142857142857, 0.5714285714285714, 0.5517241379310345, 0.559322033898305, 0.5666666666666667, 0.5737704918032787, 0.6065573770491803, 0.639344262295082, 0.6451612903225806, 0.6507936507936508, 0.6307692307692307, 0.6615384615384615, 0.6923076923076923, 0.696969696969697, 0.7014925373134329, 0.7058823529411765, 0.7101449275362319, 0.7142857142857143, 0.7183098591549296, 0.6986301369863014, 0.726027397260274, 0.7534246575342466, 0.7567567567567568, 0.7837837837837838, 0.8108108108108109, 0.8378378378378378, 0.8648648648648649, 0.8918918918918919, 0.918918918918919, 0.9459459459459459, 0.972972972972973, 1.0], 0.5938209184504244]}}