{"rank_algo": "random_forest_score", "seed": 25, "subsampling_proportion": 0.1, "exec_time": 47.901000022888184, "results": {"features": ["feature82", "feature23", "feature81", "feature22", "feature33", "feature57", "feature55", "feature2", "feature60", "feature21", "feature1", "feature3", "feature49", "feature58", "feature10", "feature18", "feature0", "feature20", "feature8", "feature9", "feature19", "feature67", "feature71", "feature50", "feature7", "feature44", "feature26", "feature59", "feature29", "feature47", "feature30", "feature11", "feature36", "feature64", "feature51", "feature17", "feature52", "feature41", "feature46", "feature43", "feature69", "feature66", "feature38", "feature63", "feature5", "feature54", "feature15", "feature12", "feature53", "feature37", "feature28", "feature40", "feature68", "feature42", "feature39", "feature24", "feature61", "feature90", "feature56", "feature62", "feature45", "feature25", "feature65", "feature31", "feature27", "feature48", "feature13", "feature35", "feature4", "feature16", "feature34", "feature72", "feature6", "feature73"], "scores": [0.06289137599302848, 0.05499773342952231, 0.05373339150895912, 0.029971477501352775, 0.028681567864575642, 0.026109112974099014, 0.02542671727669389, 0.02520144330962245, 0.02372355203052274, 0.02251457244997381, 0.022022709439504736, 0.021742943736412456, 0.021470053813375464, 0.021210392399674042, 0.020932641362055467, 0.019927898174695226, 0.01912397938322064, 0.01886711879510963, 0.018495861319790002, 0.01828450916826093, 0.017970061540264176, 0.016268872871217293, 0.016205901703057152, 0.015820693834891854, 0.01556478716920455, 0.015549813580133558, 0.014515539348688, 0.013870855174029117, 0.013749624814662943, 0.012594509228389658, 0.012577539180341038, 0.011277091960681435, 0.011227418449993712, 0.011106914115376476, 0.01105588156123956, 0.010860404038633566, 0.010338852832490525, 0.010311927851454208, 0.0096927188042871, 0.009620614343180692, 0.00940989677179489, 0.009101814734213653, 0.008919651377179693, 0.008790109052632342, 0.008579973105107745, 0.008357539924876745, 0.008209851574167624, 0.008202645869809354, 0.00808451108757064, 0.0077260953656121956, 0.00744606843505177, 0.006966003342542899, 0.006642134984547855, 0.006455037551624113, 0.006260862168125489, 0.0062018707907693935, 0.005647313061921075, 0.005062725237473373, 0.00504859904052442, 0.004973490269051668, 0.0047613500962158176, 0.004423697757007589, 0.004098153409551146, 0.003979216407167623, 0.003764039624429332, 0.0037174151922791036, 0.0034393647169116653, 0.0028331700084356054, 0.002644903204325889, 0.0023043888519999095, 0.002104400020802169, 0.0003125934209534315, 1.394321981599614e-05, 8.095992842393985e-06]}, "evaluations": {"eval_method": "jaccard_full_score", "singles": [[0.0, 0.3333333333333333, 0.2, 0.14285714285714285, 0.1111111111111111, 0.09090909090909091, 0.07692307692307693, 0.06666666666666667, 0.058823529411764705, 0.1111111111111111, 0.15789473684210525, 0.14285714285714285, 0.18181818181818182, 0.16666666666666666, 0.2, 0.18518518518518517, 0.21428571428571427, 0.2857142857142857, 0.26666666666666666, 0.25, 0.3125, 0.29411764705882354, 0.2777777777777778, 0.2972972972972973, 0.28205128205128205, 0.3, 0.3170731707317073, 0.36585365853658536, 0.3488372093023256, 0.36363636363636365, 0.37777777777777777, 0.391304347826087, 0.375, 0.36, 0.37254901960784315, 0.3584905660377358, 0.34545454545454546, 0.38181818181818183, 0.41818181818181815, 0.42857142857142855, 0.43859649122807015, 0.4482758620689655, 0.4576271186440678, 0.4666666666666667, 0.47540983606557374, 0.5081967213114754, 0.5409836065573771, 0.5737704918032787, 0.5806451612903226, 0.6129032258064516, 0.6190476190476191, 0.625, 0.6307692307692307, 0.6363636363636364, 0.6176470588235294, 0.6231884057971014, 0.6521739130434783, 0.6811594202898551, 0.7101449275362319, 0.7391304347826086, 0.7681159420289855, 0.7714285714285715, 0.7746478873239436, 0.8028169014084507, 0.8055555555555556, 0.8082191780821918, 0.8356164383561644, 0.863013698630137, 0.8904109589041096, 0.9178082191780822, 0.918918918918919, 0.9459459459459459, 0.972972972972973, 1.0], 0.4578669417898137], "first_gen": [[0.0, 0.3333333333333333, 0.5, 1.0, 0.6666666666666666, 0.5, 0.4, 0.45454545454545453, 0.38461538461538464, 0.42857142857142855, 0.4666666666666667, 0.5, 0.4444444444444444, 0.4, 0.42857142857142855, 0.45454545454545453, 0.4782608695652174, 0.5652173913043478, 0.5833333333333334, 0.6, 0.6153846153846154, 0.5714285714285714, 0.5862068965517241, 0.5483870967741935, 0.5151515151515151, 0.5294117647058824, 0.5428571428571428, 0.5135135135135135, 0.48717948717948717, 0.5, 0.47619047619047616, 0.45454545454545453, 0.43478260869565216, 0.4166666666666667, 0.4583333333333333, 0.5, 0.48, 0.46153846153846156, 0.4716981132075472, 0.48148148148148145, 0.4642857142857143, 0.4482758620689655, 0.4827586206896552, 0.4915254237288136, 0.5, 0.5081967213114754, 0.5409836065573771, 0.5737704918032787, 0.5806451612903226, 0.6129032258064516, 0.6190476190476191, 0.625, 0.6060606060606061, 0.6363636363636364, 0.6666666666666666, 0.6716417910447762, 0.6521739130434783, 0.6811594202898551, 0.6857142857142857, 0.6901408450704225, 0.6944444444444444, 0.6756756756756757, 0.7027027027027027, 0.7297297297297297, 0.7567567567567568, 0.7837837837837838, 0.8108108108108109, 0.8378378378378378, 0.8648648648648649, 0.8918918918918919, 0.918918918918919, 0.9459459459459459, 0.972972972972973, 1.0], 0.5816051918157346]}}