{"rank_algo": "random_forest_score", "seed": 77, "subsampling_proportion": 0.0004, "exec_time": 0.2066178321838379, "results": {"features": ["feature81", "feature82", "feature20", "feature19", "feature22", "feature23", "feature49", "feature21", "feature1", "feature33", "feature58", "feature57", "feature8", "feature10", "feature55", "feature18", "feature7", "feature60", "feature3", "feature44", "feature2", "feature0", "feature9", "feature46", "feature50", "feature29", "feature71", "feature47", "feature11", "feature67", "feature64", "feature59", "feature52", "feature26", "feature51", "feature5", "feature40", "feature30", "feature68", "feature17", "feature69", "feature41", "feature63", "feature54", "feature43", "feature53", "feature56", "feature66", "feature39", "feature28", "feature38", "feature36", "feature37", "feature42", "feature61", "feature27", "feature24", "feature15", "feature12", "feature31", "feature48", "feature13", "feature62", "feature65", "feature45", "feature25", "feature34", "feature35", "feature4", "feature90", "feature16", "feature72", "feature6", "feature73"], "scores": [0.059655495771584396, 0.04347788124451612, 0.02886406861686557, 0.028456553904160284, 0.02762644100347046, 0.025216166296598876, 0.024801214049859067, 0.023637026528547548, 0.023517254600102663, 0.02305386758844037, 0.021921689046204614, 0.021568620957364407, 0.02066133339086772, 0.020206072914266845, 0.01995087368608719, 0.019650539625014216, 0.0193952393307201, 0.01896717867922353, 0.018797052356422615, 0.01861012927345004, 0.01761660887289154, 0.01733944744218589, 0.01696457353066917, 0.016661483497923277, 0.01638102448085638, 0.015420969393764703, 0.015224486868678423, 0.015149141337399554, 0.014992045482490335, 0.014564948072679917, 0.014563209053444846, 0.01411684074178509, 0.01378990187085087, 0.013506034721360605, 0.01329138029846159, 0.012963870786631953, 0.012606378740123604, 0.012604185037350524, 0.011547119230185487, 0.011057582244470959, 0.01086810216391105, 0.010804866033592011, 0.010008696759070292, 0.009865517099266103, 0.009648819345406826, 0.00942865923231085, 0.009100917517207208, 0.008851297410601738, 0.008678518428195432, 0.008197933129880638, 0.008100709808638749, 0.007973240805941478, 0.007854427412554231, 0.007193445741348606, 0.007100356050560602, 0.0063259490523260645, 0.0062246789686161786, 0.006099362682456175, 0.006054410659428883, 0.005728192214417635, 0.005144864955882817, 0.005032582480142422, 0.005025431148546571, 0.004907656776347607, 0.003589556856305737, 0.0031652952654528704, 0.00247242534343467, 0.0023660714758701254, 0.002042201992521604, 0.0017122724841295161, 0.0015123365444393664, 0.000525273593224598, 0.0, 0.0]}, "evaluations": {"eval_method": "jaccard_full_score", "singles": [[0.0, 0.0, 0.0, 0.0, 0.0, 0.2, 0.16666666666666666, 0.3333333333333333, 0.2857142857142857, 0.25, 0.29411764705882354, 0.2631578947368421, 0.23809523809523808, 0.2727272727272727, 0.25, 0.28, 0.3076923076923077, 0.2857142857142857, 0.26666666666666666, 0.25, 0.3125, 0.29411764705882354, 0.2777777777777778, 0.3333333333333333, 0.3157894736842105, 0.3333333333333333, 0.3170731707317073, 0.3333333333333333, 0.3488372093023256, 0.36363636363636365, 0.37777777777777777, 0.391304347826087, 0.375, 0.3877551020408163, 0.4, 0.38461538461538464, 0.39622641509433965, 0.38181818181818183, 0.39285714285714285, 0.40350877192982454, 0.41379310344827586, 0.4482758620689655, 0.4827586206896552, 0.4915254237288136, 0.5, 0.5081967213114754, 0.5161290322580645, 0.5238095238095238, 0.53125, 0.5625, 0.5454545454545454, 0.5522388059701493, 0.582089552238806, 0.5882352941176471, 0.5942028985507246, 0.6231884057971014, 0.6521739130434783, 0.6811594202898551, 0.7101449275362319, 0.7142857142857143, 0.7183098591549296, 0.7464788732394366, 0.7746478873239436, 0.8028169014084507, 0.8055555555555556, 0.8082191780821918, 0.8108108108108109, 0.8378378378378378, 0.8648648648648649, 0.8918918918918919, 0.918918918918919, 0.9459459459459459, 0.972972972972973, 1.0], 0.46144059763237344], "first_gen": [[0.0, 0.0, 0.2, 0.3333333333333333, 0.42857142857142855, 0.5, 0.4, 0.3333333333333333, 0.38461538461538464, 0.42857142857142855, 0.375, 0.3333333333333333, 0.4444444444444444, 0.5555555555555556, 0.5, 0.5238095238095238, 0.4782608695652174, 0.5, 0.52, 0.5384615384615384, 0.5555555555555556, 0.5714285714285714, 0.5862068965517241, 0.5483870967741935, 0.5151515151515151, 0.4857142857142857, 0.5, 0.47368421052631576, 0.45, 0.4634146341463415, 0.4418604651162791, 0.4222222222222222, 0.43478260869565216, 0.44680851063829785, 0.4583333333333333, 0.5, 0.5102040816326531, 0.49019607843137253, 0.4716981132075472, 0.48148148148148145, 0.4642857142857143, 0.4482758620689655, 0.4576271186440678, 0.4915254237288136, 0.5, 0.4838709677419355, 0.5161290322580645, 0.5238095238095238, 0.5555555555555556, 0.5873015873015873, 0.59375, 0.6, 0.6060606060606061, 0.6363636363636364, 0.6417910447761194, 0.6716417910447762, 0.6521739130434783, 0.6811594202898551, 0.6857142857142857, 0.6666666666666666, 0.6944444444444444, 0.7222222222222222, 0.726027397260274, 0.7534246575342466, 0.7567567567567568, 0.7837837837837838, 0.8108108108108109, 0.8378378378378378, 0.8648648648648649, 0.8918918918918919, 0.918918918918919, 0.9459459459459459, 0.972972972972973, 1.0], 0.5510688286137054]}}