{"rank_algo": "random_forest_score", "seed": 72, "subsampling_proportion": 0.00063, "exec_time": 0.2930445671081543, "results": {"features": ["feature81", "feature82", "feature23", "feature22", "feature55", "feature33", "feature57", "feature8", "feature3", "feature10", "feature60", "feature1", "feature44", "feature21", "feature2", "feature0", "feature9", "feature18", "feature19", "feature58", "feature20", "feature26", "feature49", "feature7", "feature11", "feature67", "feature30", "feature51", "feature69", "feature29", "feature59", "feature36", "feature50", "feature28", "feature71", "feature38", "feature17", "feature5", "feature63", "feature43", "feature46", "feature64", "feature41", "feature37", "feature40", "feature52", "feature15", "feature39", "feature47", "feature66", "feature24", "feature42", "feature54", "feature65", "feature61", "feature13", "feature56", "feature27", "feature68", "feature31", "feature53", "feature35", "feature12", "feature45", "feature34", "feature48", "feature16", "feature62", "feature25", "feature4", "feature90", "feature6", "feature72", "feature73"], "scores": [0.07639196088696157, 0.06881187434545176, 0.058839344847042875, 0.02424026544114019, 0.02367919838614055, 0.023088314518473506, 0.022849021934351045, 0.021075544957955362, 0.020995763855917803, 0.020510737233342406, 0.020029931960382306, 0.019918109675419276, 0.019907579952414486, 0.01966103525094008, 0.019392304286444416, 0.018535297134717656, 0.018365739773578697, 0.01791185868192905, 0.017858581982059397, 0.01724183284837002, 0.017219936682976493, 0.01709762373083733, 0.01640791378647375, 0.015865682725192534, 0.014349160759163128, 0.013778996487795528, 0.013330325616306593, 0.013145546335770818, 0.012433328862468507, 0.012359146624175936, 0.01231114206082965, 0.012075215938711446, 0.011373332881604232, 0.010965440389111646, 0.010567271871330712, 0.010566387321951897, 0.010222972137084533, 0.00993821652566808, 0.009629912421952352, 0.009584222778865193, 0.00954858442082543, 0.009544446940132146, 0.009457790180527453, 0.009450662972866966, 0.008813795449202893, 0.0086928545720336, 0.008069472118183523, 0.007957226768421786, 0.007736138540802021, 0.0075968619057430655, 0.007595128388561818, 0.0074194480679609645, 0.007307106085907488, 0.0068024492372003855, 0.006602807083394873, 0.006514163438588034, 0.006509801273710973, 0.006444121509936781, 0.006197363408736339, 0.006137568420902196, 0.005516504912391457, 0.005315375396751041, 0.005222331109179583, 0.00514895707632023, 0.004433131541117158, 0.004324532890408371, 0.003758512661550484, 0.0028994579281855803, 0.0027387229303176275, 0.0020951552057640556, 0.0016234536730728765, 0.0, 0.0, 0.0]}, "evaluations": {"eval_method": "jaccard_full_score", "singles": [[0.0, 0.0, 0.2, 0.14285714285714285, 0.1111111111111111, 0.09090909090909091, 0.07692307692307693, 0.06666666666666667, 0.058823529411764705, 0.1111111111111111, 0.1, 0.14285714285714285, 0.13043478260869565, 0.16666666666666666, 0.15384615384615385, 0.14285714285714285, 0.1724137931034483, 0.2, 0.22580645161290322, 0.21212121212121213, 0.2727272727272727, 0.29411764705882354, 0.3142857142857143, 0.3333333333333333, 0.35135135135135137, 0.3684210526315789, 0.35, 0.4, 0.38095238095238093, 0.36363636363636365, 0.4090909090909091, 0.391304347826087, 0.375, 0.36, 0.37254901960784315, 0.3584905660377358, 0.37037037037037035, 0.38181818181818183, 0.41818181818181815, 0.42857142857142855, 0.4642857142857143, 0.47368421052631576, 0.5087719298245614, 0.5172413793103449, 0.5517241379310345, 0.559322033898305, 0.5932203389830508, 0.6, 0.6065573770491803, 0.6129032258064516, 0.6190476190476191, 0.625, 0.65625, 0.6363636363636364, 0.6666666666666666, 0.6716417910447762, 0.7014925373134329, 0.7058823529411765, 0.7352941176470589, 0.7391304347826086, 0.7428571428571429, 0.7464788732394366, 0.7746478873239436, 0.8028169014084507, 0.8055555555555556, 0.8082191780821918, 0.8356164383561644, 0.8378378378378378, 0.8648648648648649, 0.8918918918918919, 0.918918918918919, 0.9459459459459459, 0.972972972972973, 1.0], 0.45880425677838044], "first_gen": [[0.0, 0.0, 0.5, 1.0, 0.6666666666666666, 0.5, 0.4, 0.3333333333333333, 0.38461538461538464, 0.42857142857142855, 0.4666666666666667, 0.5, 0.4444444444444444, 0.47368421052631576, 0.5789473684210527, 0.6, 0.6190476190476191, 0.6363636363636364, 0.6521739130434783, 0.6, 0.6153846153846154, 0.5714285714285714, 0.5862068965517241, 0.5483870967741935, 0.5151515151515151, 0.5294117647058824, 0.5, 0.5135135135135135, 0.48717948717948717, 0.4634146341463415, 0.4418604651162791, 0.4222222222222222, 0.40425531914893614, 0.3877551020408163, 0.42857142857142855, 0.44, 0.45098039215686275, 0.46153846153846156, 0.4716981132075472, 0.48148148148148145, 0.4909090909090909, 0.5, 0.5087719298245614, 0.543859649122807, 0.5517241379310345, 0.5333333333333333, 0.5666666666666667, 0.6, 0.6333333333333333, 0.639344262295082, 0.6190476190476191, 0.625, 0.6307692307692307, 0.6363636363636364, 0.6417910447761194, 0.6231884057971014, 0.6521739130434783, 0.6811594202898551, 0.6857142857142857, 0.6901408450704225, 0.6944444444444444, 0.7222222222222222, 0.726027397260274, 0.7297297297297297, 0.7567567567567568, 0.7837837837837838, 0.8108108108108109, 0.8378378378378378, 0.8648648648648649, 0.8918918918918919, 0.918918918918919, 0.9459459459459459, 0.972972972972973, 1.0], 0.5851295086814797]}}