{"rank_algo": "random_forest_score", "seed": 12, "subsampling_proportion": 0.0016, "exec_time": 0.6699345111846924, "results": {"features": ["feature82", "feature81", "feature23", "feature2", "feature22", "feature1", "feature57", "feature3", "feature10", "feature21", "feature33", "feature55", "feature19", "feature9", "feature60", "feature18", "feature58", "feature26", "feature0", "feature7", "feature49", "feature20", "feature8", "feature44", "feature67", "feature71", "feature15", "feature50", "feature29", "feature59", "feature11", "feature17", "feature41", "feature30", "feature51", "feature69", "feature47", "feature43", "feature64", "feature46", "feature36", "feature42", "feature38", "feature37", "feature52", "feature5", "feature53", "feature63", "feature54", "feature28", "feature66", "feature68", "feature40", "feature12", "feature24", "feature56", "feature39", "feature90", "feature62", "feature61", "feature45", "feature31", "feature25", "feature65", "feature48", "feature13", "feature35", "feature27", "feature4", "feature34", "feature16", "feature72", "feature6", "feature73"], "scores": [0.07057878035580105, 0.05302640081058322, 0.0396506322382271, 0.026596637217274323, 0.02566139419220926, 0.024846660706770517, 0.024817756006277676, 0.02424968649139002, 0.023706970948977075, 0.023229449421509445, 0.023026857267100933, 0.020870597791316125, 0.01986582659371008, 0.019659969975657103, 0.019448926887386992, 0.01919979249625154, 0.019066964692173925, 0.018864026956742847, 0.018810911923374862, 0.01835693476305199, 0.017769630363247562, 0.01763099236484616, 0.017381099773904212, 0.016938612343157643, 0.016925345146135785, 0.016234202702586277, 0.015411897232130066, 0.013758791983389872, 0.013324103203324337, 0.013074636899084346, 0.012311129556703703, 0.01172691118917074, 0.011494035338672654, 0.011386208757940825, 0.010861758886088764, 0.010351562759180026, 0.010193275725884682, 0.01011277578613439, 0.010056826743565018, 0.009994331105927222, 0.009594134061923372, 0.009391459932821965, 0.009348273347003309, 0.009196532797921871, 0.009151002693232749, 0.009060283261157778, 0.009020749863369763, 0.008950598852849474, 0.008380315780046837, 0.008277119718910937, 0.007989466679414137, 0.007243095574882687, 0.006990723546158864, 0.006901796869522639, 0.006714016448412127, 0.006603261202736554, 0.006544792933333033, 0.005728705732551181, 0.005403523673593644, 0.005371105574684881, 0.005216472075736149, 0.004801791095301445, 0.0047836861926338495, 0.004721629050494037, 0.0047153888215923315, 0.003715283692615472, 0.003620178397377607, 0.0035645519419665707, 0.003384352541191279, 0.0022220089315425655, 0.0019950244529356245, 0.0007986414422778241, 0.00012672722294724038, 0.0]}, "evaluations": {"eval_method": "jaccard_full_score", "singles": [[0.0, 0.0, 0.2, 0.14285714285714285, 0.1111111111111111, 0.09090909090909091, 0.07692307692307693, 0.06666666666666667, 0.125, 0.17647058823529413, 0.2222222222222222, 0.2, 0.23809523809523808, 0.21739130434782608, 0.2, 0.18518518518518517, 0.21428571428571427, 0.2857142857142857, 0.26666666666666666, 0.25, 0.3125, 0.3333333333333333, 0.3142857142857143, 0.3333333333333333, 0.3157894736842105, 0.3333333333333333, 0.35, 0.36585365853658536, 0.3488372093023256, 0.3953488372093023, 0.4418604651162791, 0.4222222222222222, 0.43478260869565216, 0.4166666666666667, 0.42857142857142855, 0.4117647058823529, 0.39622641509433965, 0.38181818181818183, 0.39285714285714285, 0.42857142857142855, 0.4642857142857143, 0.5, 0.5087719298245614, 0.5172413793103449, 0.5254237288135594, 0.5333333333333333, 0.5409836065573771, 0.5737704918032787, 0.6065573770491803, 0.639344262295082, 0.6190476190476191, 0.6, 0.6307692307692307, 0.6363636363636364, 0.6417910447761194, 0.6470588235294118, 0.6521739130434783, 0.6811594202898551, 0.7101449275362319, 0.7391304347826086, 0.7681159420289855, 0.7714285714285715, 0.7746478873239436, 0.8028169014084507, 0.7808219178082192, 0.8082191780821918, 0.8356164383561644, 0.863013698630137, 0.8904109589041096, 0.8918918918918919, 0.918918918918919, 0.9459459459459459, 0.972972972972973, 1.0], 0.4701318705321162], "first_gen": [[0.0, 0.0, 0.5, 0.6, 0.6666666666666666, 0.7142857142857143, 0.5555555555555556, 0.7777777777777778, 0.8, 0.8181818181818182, 0.6923076923076923, 0.6, 0.625, 0.6470588235294118, 0.5789473684210527, 0.6, 0.5454545454545454, 0.5, 0.52, 0.48148148148148145, 0.5, 0.5172413793103449, 0.5333333333333333, 0.5483870967741935, 0.5151515151515151, 0.5757575757575758, 0.5882352941176471, 0.5555555555555556, 0.5263157894736842, 0.5, 0.47619047619047616, 0.4883720930232558, 0.4666666666666667, 0.44680851063829785, 0.4583333333333333, 0.46938775510204084, 0.48, 0.49019607843137253, 0.4716981132075472, 0.48148148148148145, 0.4909090909090909, 0.5, 0.5357142857142857, 0.5714285714285714, 0.5517241379310345, 0.559322033898305, 0.5666666666666667, 0.5737704918032787, 0.6065573770491803, 0.639344262295082, 0.6190476190476191, 0.6, 0.6060606060606061, 0.6363636363636364, 0.6417910447761194, 0.6716417910447762, 0.6764705882352942, 0.7058823529411765, 0.7101449275362319, 0.6901408450704225, 0.6944444444444444, 0.6986301369863014, 0.7027027027027027, 0.7297297297297297, 0.7567567567567568, 0.7837837837837838, 0.8108108108108109, 0.8378378378378378, 0.8648648648648649, 0.8918918918918919, 0.918918918918919, 0.9459459459459459, 0.972972972972973, 1.0], 0.6106041180497038]}}