{"rank_algo": "random_forest_score", "seed": 98, "subsampling_proportion": 0.0016, "exec_time": 0.6584277153015137, "results": {"features": ["feature82", "feature81", "feature23", "feature22", "feature33", "feature21", "feature1", "feature55", "feature57", "feature2", "feature60", "feature58", "feature10", "feature19", "feature9", "feature3", "feature18", "feature8", "feature0", "feature20", "feature49", "feature7", "feature44", "feature26", "feature67", "feature11", "feature51", "feature29", "feature71", "feature59", "feature64", "feature30", "feature47", "feature50", "feature17", "feature69", "feature43", "feature38", "feature41", "feature54", "feature36", "feature12", "feature46", "feature52", "feature37", "feature66", "feature63", "feature68", "feature5", "feature39", "feature28", "feature53", "feature40", "feature24", "feature61", "feature62", "feature15", "feature42", "feature31", "feature45", "feature56", "feature65", "feature27", "feature48", "feature25", "feature90", "feature16", "feature4", "feature34", "feature35", "feature13", "feature72", "feature73", "feature6"], "scores": [0.06769599049594636, 0.0507295480830502, 0.041081829781202464, 0.03414493939442502, 0.025684747608170983, 0.025503032272299105, 0.024564923266478734, 0.024496834247368288, 0.02413128244988313, 0.02292674403698702, 0.02209718016791629, 0.021636253124072233, 0.021350166639189358, 0.02083227811511931, 0.020192198705423228, 0.020134359747408938, 0.020069050694684412, 0.0197584758953982, 0.01914580869311653, 0.019133201502671487, 0.018385293592220596, 0.017294091569505978, 0.016906398301954086, 0.01583069506760075, 0.015406573306685182, 0.01512823721591777, 0.014412842699766018, 0.013581331223968554, 0.013294160361182665, 0.012954938328376573, 0.012735969193778458, 0.012549257561830215, 0.01167302301703247, 0.011441263177160273, 0.011161836169665897, 0.01059888018960476, 0.010597610060986267, 0.009953060044150917, 0.009638728780728101, 0.00955560011405438, 0.009290447581881706, 0.008988733517674527, 0.008870830875496418, 0.008800050652480062, 0.00877593511246657, 0.008751643590420436, 0.008675594343900911, 0.0083385658824883, 0.008286711619189754, 0.008243088286428599, 0.008054215877935164, 0.0074899388269719655, 0.00721426309876016, 0.00674339945508117, 0.005843339962660256, 0.00560620011258653, 0.0055632459880682, 0.005505655029288948, 0.005087585795391254, 0.004858452037737696, 0.004619651864413817, 0.004579289444706288, 0.004367786175260287, 0.004171788290702547, 0.003926655326252065, 0.0037418471646767267, 0.003515441104705487, 0.0034333633311814825, 0.003415707663728595, 0.00335287286767332, 0.0032327533733467083, 0.00020827031282881096, 3.8040536634103645e-05, 0.0]}, "evaluations": {"eval_method": "jaccard_full_score", "singles": [[0.0, 0.0, 0.2, 0.14285714285714285, 0.1111111111111111, 0.2, 0.16666666666666666, 0.14285714285714285, 0.125, 0.1111111111111111, 0.15789473684210525, 0.14285714285714285, 0.18181818181818182, 0.21739130434782608, 0.2, 0.18518518518518517, 0.21428571428571427, 0.2413793103448276, 0.22580645161290322, 0.25, 0.3125, 0.29411764705882354, 0.2777777777777778, 0.3333333333333333, 0.3157894736842105, 0.3684210526315789, 0.38461538461538464, 0.4, 0.38095238095238093, 0.42857142857142855, 0.4418604651162791, 0.4222222222222222, 0.40425531914893614, 0.3877551020408163, 0.37254901960784315, 0.3584905660377358, 0.34545454545454546, 0.3333333333333333, 0.3684210526315789, 0.40350877192982454, 0.43859649122807015, 0.47368421052631576, 0.5087719298245614, 0.4915254237288136, 0.5254237288135594, 0.5333333333333333, 0.5666666666666667, 0.5737704918032787, 0.5806451612903226, 0.5873015873015873, 0.59375, 0.5757575757575758, 0.6060606060606061, 0.6119402985074627, 0.6176470588235294, 0.6231884057971014, 0.6521739130434783, 0.6811594202898551, 0.6857142857142857, 0.7142857142857143, 0.7428571428571429, 0.7714285714285715, 0.8, 0.8028169014084507, 0.7808219178082192, 0.8082191780821918, 0.8356164383561644, 0.863013698630137, 0.8648648648648649, 0.8918918918918919, 0.918918918918919, 0.9459459459459459, 0.972972972972973, 1.0], 0.46151938115077645], "first_gen": [[0.0, 0.0, 0.5, 1.0, 0.6666666666666666, 0.5, 0.5555555555555556, 0.45454545454545453, 0.38461538461538464, 0.5384615384615384, 0.4666666666666667, 0.4117647058823529, 0.4444444444444444, 0.47368421052631576, 0.5, 0.5238095238095238, 0.5454545454545454, 0.5652173913043478, 0.5833333333333334, 0.6, 0.6153846153846154, 0.5714285714285714, 0.5862068965517241, 0.5483870967741935, 0.5151515151515151, 0.5294117647058824, 0.5428571428571428, 0.5135135135135135, 0.5263157894736842, 0.5, 0.47619047619047616, 0.45454545454545453, 0.4666666666666667, 0.44680851063829785, 0.4583333333333333, 0.46938775510204084, 0.48, 0.46153846153846156, 0.4716981132075472, 0.48148148148148145, 0.4909090909090909, 0.5, 0.5357142857142857, 0.543859649122807, 0.5517241379310345, 0.5333333333333333, 0.5409836065573771, 0.5483870967741935, 0.5806451612903226, 0.6129032258064516, 0.6190476190476191, 0.6, 0.6060606060606061, 0.6119402985074627, 0.6176470588235294, 0.6470588235294118, 0.6521739130434783, 0.6811594202898551, 0.6619718309859155, 0.6438356164383562, 0.6712328767123288, 0.6986301369863014, 0.7027027027027027, 0.7297297297297297, 0.7567567567567568, 0.7837837837837838, 0.8108108108108109, 0.8378378378378378, 0.8648648648648649, 0.8918918918918919, 0.918918918918919, 0.9459459459459459, 0.972972972972973, 1.0], 0.5848624737519277]}}