{"rank_algo": "random_forest_score", "seed": 86, "subsampling_proportion": 0.00016, "exec_time": 0.12400007247924805, "results": {"features": ["feature81", "feature82", "feature10", "feature20", "feature23", "feature18", "feature1", "feature3", "feature33", "feature30", "feature19", "feature22", "feature26", "feature60", "feature2", "feature40", "feature57", "feature41", "feature49", "feature44", "feature58", "feature7", "feature67", "feature43", "feature29", "feature55", "feature8", "feature50", "feature68", "feature42", "feature36", "feature21", "feature9", "feature38", "feature0", "feature39", "feature63", "feature51", "feature37", "feature17", "feature31", "feature71", "feature52", "feature59", "feature15", "feature64", "feature56", "feature5", "feature66", "feature47", "feature35", "feature11", "feature25", "feature54", "feature53", "feature46", "feature69", "feature24", "feature61", "feature90", "feature13", "feature45", "feature48", "feature28", "feature12", "feature62", "feature27", "feature65", "feature4", "feature16", "feature34", "feature6", "feature72", "feature73"], "scores": [0.08562728937913944, 0.06657872826684597, 0.029537302174680063, 0.028739031756511744, 0.027710987021361672, 0.02477872888985812, 0.024502287304584144, 0.022977638955277394, 0.022939311992220195, 0.02255007979362488, 0.020741520631388406, 0.02068937466580989, 0.02005882903873108, 0.01964589914583322, 0.01911888281956148, 0.018685172577975365, 0.018553805622741688, 0.018198125366395784, 0.018112492709998707, 0.01785054696900567, 0.017218010464971248, 0.016865372954985004, 0.015971822700603176, 0.015793724456484578, 0.015377854599842087, 0.014960885093558135, 0.01449532833082658, 0.013894201910714716, 0.01355695037547227, 0.013472737021847606, 0.013314020326725094, 0.012936196704745101, 0.012901577371583832, 0.01216219442908777, 0.012114780693037683, 0.011365374125790962, 0.011271650781600607, 0.010985374755083146, 0.010877732781692032, 0.010655313407674774, 0.010493359386088781, 0.01030550642071303, 0.00986693808520787, 0.009804249811664077, 0.009381720080594548, 0.00936880804000624, 0.009312894130790207, 0.008873455700037957, 0.008377821643767875, 0.00776751782349105, 0.007656287030858569, 0.007268576297720013, 0.00670568597992045, 0.00650458489020636, 0.006409181145862159, 0.0063054329607840935, 0.005732091370482278, 0.0055970515094525605, 0.004893166434504329, 0.004333851394583908, 0.004270122368661695, 0.004199540016607317, 0.0038377263828713783, 0.003726642935877969, 0.0031539389767800087, 0.0026984790463033957, 0.0019019517215984215, 0.0016562856291026584, 0.0011248316728688032, 0.0004875488881315339, 0.00019761385658914724, 0.0, 0.0, 0.0]}, "evaluations": {"eval_method": "jaccard_full_score", "singles": [[0.0, 0.0, 0.2, 0.14285714285714285, 0.25, 0.2, 0.16666666666666666, 0.14285714285714285, 0.125, 0.1111111111111111, 0.2222222222222222, 0.2, 0.18181818181818182, 0.21739130434782608, 0.2, 0.28, 0.3076923076923077, 0.3333333333333333, 0.4074074074074074, 0.3793103448275862, 0.4, 0.375, 0.35294117647058826, 0.37142857142857144, 0.35135135135135137, 0.3684210526315789, 0.35, 0.3333333333333333, 0.3181818181818182, 0.3333333333333333, 0.34782608695652173, 0.3617021276595745, 0.375, 0.36, 0.34615384615384615, 0.3333333333333333, 0.34545454545454546, 0.38181818181818183, 0.39285714285714285, 0.40350877192982454, 0.41379310344827586, 0.4482758620689655, 0.4576271186440678, 0.4915254237288136, 0.5254237288135594, 0.5333333333333333, 0.5409836065573771, 0.5483870967741935, 0.5555555555555556, 0.5625, 0.5454545454545454, 0.5522388059701493, 0.5588235294117647, 0.5652173913043478, 0.5492957746478874, 0.5774647887323944, 0.5833333333333334, 0.6111111111111112, 0.6388888888888888, 0.6666666666666666, 0.6944444444444444, 0.7222222222222222, 0.726027397260274, 0.7534246575342466, 0.7808219178082192, 0.8082191780821918, 0.8356164383561644, 0.863013698630137, 0.8904109589041096, 0.9178082191780822, 0.918918918918919, 0.9459459459459459, 0.972972972972973, 1.0], 0.4592473763388717], "first_gen": [[0.0, 0.0, 0.2, 0.3333333333333333, 0.6666666666666666, 0.5, 0.5555555555555556, 0.6, 0.5, 0.42857142857142855, 0.375, 0.4117647058823529, 0.4444444444444444, 0.47368421052631576, 0.5, 0.5238095238095238, 0.4782608695652174, 0.44, 0.46153846153846156, 0.5384615384615384, 0.5, 0.4666666666666667, 0.4375, 0.45454545454545453, 0.42857142857142855, 0.4444444444444444, 0.4594594594594595, 0.4358974358974359, 0.4146341463414634, 0.42857142857142855, 0.4090909090909091, 0.4222222222222222, 0.43478260869565216, 0.4166666666666667, 0.4583333333333333, 0.46938775510204084, 0.45098039215686275, 0.46153846153846156, 0.4716981132075472, 0.48148148148148145, 0.4909090909090909, 0.5, 0.5087719298245614, 0.543859649122807, 0.5517241379310345, 0.5333333333333333, 0.5666666666666667, 0.6, 0.6065573770491803, 0.6129032258064516, 0.6190476190476191, 0.6, 0.582089552238806, 0.6119402985074627, 0.6176470588235294, 0.6470588235294118, 0.6521739130434783, 0.6571428571428571, 0.6388888888888888, 0.6438356164383562, 0.6712328767123288, 0.6756756756756757, 0.7027027027027027, 0.7297297297297297, 0.7567567567567568, 0.7837837837837838, 0.8108108108108109, 0.8378378378378378, 0.8648648648648649, 0.8918918918918919, 0.918918918918919, 0.9459459459459459, 0.972972972972973, 1.0], 0.5510306568939117]}}