{"rank_algo": "random_forest_score", "seed": 1, "subsampling_proportion": 0.01, "exec_time": 3.6711411476135254, "results": {"features": ["feature82", "feature81", "feature23", "feature33", "feature55", "feature22", "feature57", "feature2", "feature21", "feature1", "feature0", "feature3", "feature10", "feature49", "feature60", "feature58", "feature20", "feature19", "feature8", "feature18", "feature9", "feature44", "feature7", "feature26", "feature67", "feature71", "feature29", "feature50", "feature59", "feature30", "feature47", "feature64", "feature51", "feature11", "feature17", "feature41", "feature36", "feature52", "feature46", "feature43", "feature69", "feature38", "feature63", "feature54", "feature53", "feature37", "feature39", "feature12", "feature15", "feature66", "feature5", "feature40", "feature68", "feature28", "feature42", "feature24", "feature27", "feature61", "feature31", "feature48", "feature56", "feature90", "feature62", "feature45", "feature25", "feature65", "feature13", "feature16", "feature35", "feature4", "feature34", "feature72", "feature6", "feature70", "feature73", "feature92", "feature93", "feature94", "feature95", "feature96", "feature97"], "scores": [0.06699289638307138, 0.05192261388829463, 0.0419604906728773, 0.026486852516719787, 0.02604883277480627, 0.02598236478428749, 0.02524579285368175, 0.024197873291240946, 0.023672753734155037, 0.023430417721418642, 0.022432187595305762, 0.02200689623555217, 0.02191451566699033, 0.021641302692232, 0.021215915355235437, 0.020853201470811426, 0.019471673437530316, 0.018852995855396567, 0.018783836719586625, 0.018751344101728656, 0.01833029370216063, 0.017547373263245153, 0.017275153966542178, 0.015944699776561683, 0.01593088688484923, 0.014997807145215038, 0.014770736992866997, 0.014676880444563507, 0.013857455440575877, 0.01301759378168379, 0.012052816974376178, 0.01191549210683486, 0.011748626534299676, 0.011327417541771793, 0.011226829392237878, 0.011217178871888838, 0.011162673827378303, 0.009831881740566192, 0.009829801067315284, 0.009693377390947841, 0.009664628196624158, 0.009366181121144233, 0.009148223312162963, 0.008781515588506771, 0.008490636065323819, 0.008381160613808001, 0.007936394335834037, 0.007869630228304376, 0.007815903194716122, 0.0076322160451829345, 0.007199491698639296, 0.007173978516445409, 0.0068453084422709295, 0.006739272253003931, 0.006714252043379445, 0.006592272219344152, 0.006519561993097928, 0.0060834305692824804, 0.005139785559940626, 0.005110600590765656, 0.005019879407092515, 0.004732350464365563, 0.004682206304113975, 0.004656475064192606, 0.004386833100077184, 0.004107453920827521, 0.003942590645389831, 0.0034376533888415555, 0.002855930283913789, 0.002304348053633036, 0.002184343836030568, 0.0002565824190285378, 9.175927912587472e-06, 0.0, 0.0, 0.0, 0.0, 0.0, 0.0, 0.0, 0.0]}, "evaluations": {"eval_method": "jaccard_full_score", "singles": [[0.0, 0.0, 0.2, 0.14285714285714285, 0.1111111111111111, 0.09090909090909091, 0.07692307692307693, 0.06666666666666667, 0.125, 0.1111111111111111, 0.15789473684210525, 0.14285714285714285, 0.18181818181818182, 0.21739130434782608, 0.2, 0.18518518518518517, 0.25925925925925924, 0.3333333333333333, 0.3103448275862069, 0.2903225806451613, 0.3125, 0.29411764705882354, 0.2777777777777778, 0.3333333333333333, 0.3157894736842105, 0.3333333333333333, 0.3170731707317073, 0.3333333333333333, 0.3488372093023256, 0.36363636363636365, 0.37777777777777777, 0.3617021276595745, 0.375, 0.3877551020408163, 0.37254901960784315, 0.38461538461538464, 0.37037037037037035, 0.35714285714285715, 0.3684210526315789, 0.3793103448275862, 0.3898305084745763, 0.4, 0.4098360655737705, 0.4426229508196721, 0.42857142857142855, 0.4375, 0.4461538461538462, 0.45454545454545453, 0.48484848484848486, 0.47058823529411764, 0.4782608695652174, 0.4857142857142857, 0.49295774647887325, 0.5211267605633803, 0.5492957746478874, 0.5774647887323944, 0.6056338028169014, 0.6111111111111112, 0.5945945945945946, 0.6, 0.5844155844155844, 0.5897435897435898, 0.6153846153846154, 0.6410256410256411, 0.6455696202531646, 0.6708860759493671, 0.6962025316455697, 0.7215189873417721, 0.725, 0.75, 0.7530864197530864, 0.7777777777777778, 0.8024691358024691, 0.8271604938271605, 0.8518518518518519, 0.8765432098765432, 0.9012345679012346, 0.9259259259259259, 0.9506172839506173, 0.9753086419753086, 1.0], 0.4478717386653108], "first_gen": [[0.0, 0.0, 0.5, 0.6, 0.42857142857142855, 0.5, 0.4, 0.45454545454545453, 0.38461538461538464, 0.5384615384615384, 0.4666666666666667, 0.6, 0.625, 0.5555555555555556, 0.5, 0.45454545454545453, 0.4782608695652174, 0.5652173913043478, 0.5833333333333334, 0.6, 0.6153846153846154, 0.6296296296296297, 0.5862068965517241, 0.5483870967741935, 0.5151515151515151, 0.5757575757575758, 0.5428571428571428, 0.5135135135135135, 0.48717948717948717, 0.4634146341463415, 0.47619047619047616, 0.45454545454545453, 0.4666666666666667, 0.44680851063829785, 0.4583333333333333, 0.46938775510204084, 0.48, 0.46153846153846156, 0.4716981132075472, 0.48148148148148145, 0.4642857142857143, 0.47368421052631576, 0.4827586206896552, 0.5172413793103449, 0.5, 0.5081967213114754, 0.5409836065573771, 0.5737704918032787, 0.6065573770491803, 0.6129032258064516, 0.6190476190476191, 0.625, 0.6060606060606061, 0.6119402985074627, 0.6176470588235294, 0.6, 0.6056338028169014, 0.589041095890411, 0.5733333333333334, 0.5789473684210527, 0.6052631578947368, 0.631578947368421, 0.6578947368421053, 0.6410256410256411, 0.6455696202531646, 0.65, 0.654320987654321, 0.6790123456790124, 0.7037037037037037, 0.7283950617283951, 0.7530864197530864, 0.7777777777777778, 0.8024691358024691, 0.8271604938271605, 0.8518518518518519, 0.8765432098765432, 0.9012345679012346, 0.9259259259259259, 0.9506172839506173, 0.9753086419753086, 1.0], 0.5803084684730757]}}