{"rank_algo": "random_forest_score", "seed": 10, "subsampling_proportion": 0.00016, "exec_time": 0.1263411045074463, "results": {"features": ["feature41", "feature19", "feature82", "feature33", "feature37", "feature81", "feature22", "feature20", "feature57", "feature38", "feature2", "feature47", "feature23", "feature10", "feature1", "feature0", "feature21", "feature55", "feature59", "feature17", "feature3", "feature44", "feature9", "feature18", "feature30", "feature67", "feature60", "feature7", "feature58", "feature15", "feature8", "feature29", "feature26", "feature46", "feature11", "feature49", "feature39", "feature42", "feature36", "feature52", "feature40", "feature50", "feature90", "feature51", "feature27", "feature54", "feature71", "feature31", "feature64", "feature69", "feature45", "feature43", "feature48", "feature56", "feature63", "feature61", "feature12", "feature66", "feature68", "feature53", "feature25", "feature16", "feature28", "feature62", "feature5", "feature24", "feature35", "feature4", "feature34", "feature13", "feature65", "feature6", "feature72", "feature73"], "scores": [0.036370232599072926, 0.032383185105083624, 0.029500089600254534, 0.029047717598285908, 0.02700900021845205, 0.026115411810364354, 0.025418764436467272, 0.025332028726985038, 0.024162938811628943, 0.02395685425658324, 0.02314129097805512, 0.021392587508901134, 0.021265387326066258, 0.020639327101672454, 0.020435629512008755, 0.01898027888226266, 0.018423718505452467, 0.01812399477230322, 0.018091077285727536, 0.017856759600968417, 0.017458207541531694, 0.0173026302418803, 0.017225864276572734, 0.017153785544064354, 0.017100783272168064, 0.01700203224592924, 0.016895013855091668, 0.016577192285138244, 0.016335439114173875, 0.015713344924450857, 0.015045565750367806, 0.01438716927170881, 0.01368656190000967, 0.013632618802341994, 0.01348436234407322, 0.013017734375303703, 0.0128275173821506, 0.012783224720918099, 0.012212308940049042, 0.011775050089181244, 0.0116576653125433, 0.011261531846724357, 0.011207951422505516, 0.011121727536665207, 0.01050637541084271, 0.010353464865795603, 0.009997005898336126, 0.009793417955131558, 0.009550187286845951, 0.009501301672361951, 0.009191413634252282, 0.008931605547726243, 0.008658190419600743, 0.008544711407986282, 0.008544609705509075, 0.007775833944182641, 0.006908340063521422, 0.006793370672549084, 0.006521983265970111, 0.006238391453840964, 0.006108742266434247, 0.005532894052032025, 0.0051181977490292584, 0.0038846748005325047, 0.0038628868295057257, 0.002480412022231713, 0.002446237803031318, 0.0023585865791844046, 0.002008604179927289, 0.0019648715590485323, 0.0019121313224508122, 0.0, 0.0, 0.0]}, "evaluations": {"eval_method": "jaccard_full_score", "singles": [[0.0, 0.0, 0.0, 0.0, 0.0, 0.09090909090909091, 0.07692307692307693, 0.06666666666666667, 0.058823529411764705, 0.05263157894736842, 0.047619047619047616, 0.043478260869565216, 0.08333333333333333, 0.12, 0.15384615384615385, 0.18518518518518517, 0.25925925925925924, 0.2857142857142857, 0.35714285714285715, 0.3333333333333333, 0.3125, 0.29411764705882354, 0.2777777777777778, 0.2631578947368421, 0.25, 0.2682926829268293, 0.2857142857142857, 0.3023255813953488, 0.3181818181818182, 0.3333333333333333, 0.34782608695652173, 0.3333333333333333, 0.3469387755102041, 0.36, 0.37254901960784315, 0.38461538461538464, 0.37037037037037035, 0.38181818181818183, 0.41818181818181815, 0.42857142857142855, 0.4642857142857143, 0.47368421052631576, 0.5087719298245614, 0.543859649122807, 0.5789473684210527, 0.6140350877192983, 0.6491228070175439, 0.6551724137931034, 0.6333333333333333, 0.639344262295082, 0.6451612903225806, 0.625, 0.6307692307692307, 0.6119402985074627, 0.6176470588235294, 0.6470588235294118, 0.6764705882352942, 0.6571428571428571, 0.6857142857142857, 0.6901408450704225, 0.6944444444444444, 0.7222222222222222, 0.75, 0.7777777777777778, 0.7808219178082192, 0.8082191780821918, 0.8356164383561644, 0.863013698630137, 0.8648648648648649, 0.8918918918918919, 0.918918918918919, 0.9459459459459459, 0.972972972972973, 1.0], 0.4443668959674078], "first_gen": [[0.0, 0.0, 0.2, 0.14285714285714285, 0.1111111111111111, 0.2, 0.2727272727272727, 0.23076923076923078, 0.2, 0.17647058823529413, 0.2222222222222222, 0.2, 0.3, 0.4, 0.42857142857142855, 0.45454545454545453, 0.4782608695652174, 0.44, 0.4074074074074074, 0.3793103448275862, 0.4, 0.41935483870967744, 0.4375, 0.5, 0.47058823529411764, 0.4444444444444444, 0.42105263157894735, 0.4, 0.38095238095238093, 0.42857142857142855, 0.4418604651162791, 0.4222222222222222, 0.43478260869565216, 0.44680851063829785, 0.42857142857142855, 0.46938775510204084, 0.48, 0.49019607843137253, 0.5294117647058824, 0.5094339622641509, 0.5471698113207547, 0.5272727272727272, 0.5636363636363636, 0.6, 0.6071428571428571, 0.6140350877192983, 0.6491228070175439, 0.6551724137931034, 0.6610169491525424, 0.6666666666666666, 0.6451612903225806, 0.6507936507936508, 0.65625, 0.6875, 0.6666666666666666, 0.6470588235294118, 0.6521739130434783, 0.6811594202898551, 0.6857142857142857, 0.6666666666666666, 0.6486486486486487, 0.6756756756756757, 0.7027027027027027, 0.7297297297297297, 0.7567567567567568, 0.7837837837837838, 0.8108108108108109, 0.8378378378378378, 0.8648648648648649, 0.8918918918918919, 0.918918918918919, 0.9459459459459459, 0.972972972972973, 1.0], 0.5201412708140641]}}