{"rank_algo": "random_forest_score", "seed": 78, "subsampling_proportion": 0.0004, "exec_time": 0.20539212226867676, "results": {"features": ["feature81", "feature82", "feature23", "feature17", "feature21", "feature33", "feature22", "feature55", "feature19", "feature20", "feature1", "feature44", "feature49", "feature60", "feature18", "feature0", "feature9", "feature3", "feature58", "feature57", "feature43", "feature26", "feature10", "feature8", "feature2", "feature51", "feature67", "feature40", "feature29", "feature37", "feature66", "feature27", "feature36", "feature69", "feature50", "feature52", "feature64", "feature7", "feature59", "feature47", "feature54", "feature38", "feature15", "feature11", "feature63", "feature28", "feature30", "feature48", "feature61", "feature53", "feature41", "feature71", "feature42", "feature39", "feature24", "feature68", "feature56", "feature13", "feature46", "feature12", "feature31", "feature62", "feature45", "feature16", "feature90", "feature5", "feature65", "feature25", "feature35", "feature4", "feature34", "feature72", "feature6", "feature73"], "scores": [0.07022591010722429, 0.06635748932929622, 0.036285806579675256, 0.027303675161378545, 0.023637615194554856, 0.02339222531235568, 0.022423522253670666, 0.022054920795115868, 0.02201907754789397, 0.021441587202301767, 0.020874360502744004, 0.020853670124534616, 0.020632179648787087, 0.020276514776245966, 0.02006861430939821, 0.01993116119724174, 0.01988078293701507, 0.0188728120423152, 0.018744233784433878, 0.018113781598206802, 0.017744065240559336, 0.01770593692755856, 0.017291325563182264, 0.017263703862239844, 0.016879660477312552, 0.01602397632952439, 0.015762801025483716, 0.015193389284229088, 0.01501225435872378, 0.013332824191339233, 0.012778191865550752, 0.012506960631687236, 0.012282466914126898, 0.012205612667450648, 0.011810333697548137, 0.01173411264756158, 0.011455103786920025, 0.01129562869746644, 0.010757043347682863, 0.010638459192681202, 0.010511394585036938, 0.010377379134401319, 0.009986126907292104, 0.009721639233782798, 0.009503046372017255, 0.008060193577078024, 0.007983836629261006, 0.007740755725371746, 0.007700199459426672, 0.007063223152920729, 0.007021196519284369, 0.0068480283432465865, 0.00663260314880097, 0.006607124808606913, 0.006570019635072002, 0.005810117641570792, 0.0056587874726022926, 0.005608215215746147, 0.005425615955692106, 0.0051222121214195395, 0.004980493330430706, 0.0048878069980444515, 0.004738902353470572, 0.00444236685192039, 0.0034355574672809324, 0.003197976728725262, 0.0030313185726264093, 0.0025354344614696737, 0.002457358727982166, 0.0021980651523547555, 0.0009470115990232052, 0.00013220100482290518, 0.0, 0.0]}, "evaluations": {"eval_method": "jaccard_full_score", "singles": [[0.0, 0.0, 0.2, 0.14285714285714285, 0.25, 0.2, 0.16666666666666666, 0.14285714285714285, 0.2, 0.17647058823529413, 0.2222222222222222, 0.2, 0.23809523809523808, 0.21739130434782608, 0.2, 0.23076923076923078, 0.25925925925925924, 0.2413793103448276, 0.22580645161290322, 0.21212121212121213, 0.23529411764705882, 0.2571428571428571, 0.2777777777777778, 0.2972972972972973, 0.3157894736842105, 0.3684210526315789, 0.35, 0.4, 0.38095238095238093, 0.36363636363636365, 0.37777777777777777, 0.3617021276595745, 0.375, 0.36, 0.34615384615384615, 0.3333333333333333, 0.32142857142857145, 0.3333333333333333, 0.3684210526315789, 0.3793103448275862, 0.41379310344827586, 0.423728813559322, 0.4576271186440678, 0.4915254237288136, 0.5254237288135594, 0.559322033898305, 0.5666666666666667, 0.5737704918032787, 0.5806451612903226, 0.5873015873015873, 0.59375, 0.6, 0.6307692307692307, 0.6119402985074627, 0.6176470588235294, 0.6, 0.6285714285714286, 0.6571428571428571, 0.6857142857142857, 0.7142857142857143, 0.7183098591549296, 0.7464788732394366, 0.7746478873239436, 0.8028169014084507, 0.8055555555555556, 0.8333333333333334, 0.8611111111111112, 0.863013698630137, 0.8904109589041096, 0.9178082191780822, 0.918918918918919, 0.9459459459459459, 0.972972972972973, 1.0], 0.46026872213629755], "first_gen": [[0.0, 0.0, 0.5, 0.6, 0.42857142857142855, 0.3333333333333333, 0.4, 0.3333333333333333, 0.2857142857142857, 0.3333333333333333, 0.375, 0.3333333333333333, 0.3684210526315789, 0.4, 0.42857142857142855, 0.5238095238095238, 0.5454545454545454, 0.6363636363636364, 0.5833333333333334, 0.5384615384615384, 0.5555555555555556, 0.5172413793103449, 0.5333333333333333, 0.6, 0.6129032258064516, 0.625, 0.6363636363636364, 0.6470588235294118, 0.6111111111111112, 0.5789473684210527, 0.55, 0.5609756097560976, 0.5348837209302325, 0.5111111111111111, 0.5217391304347826, 0.5, 0.48, 0.46153846153846156, 0.4716981132075472, 0.48148148148148145, 0.5185185185185185, 0.5272727272727272, 0.5636363636363636, 0.543859649122807, 0.5254237288135594, 0.5333333333333333, 0.5409836065573771, 0.5737704918032787, 0.5806451612903226, 0.5873015873015873, 0.59375, 0.6, 0.6060606060606061, 0.6363636363636364, 0.6417910447761194, 0.6470588235294118, 0.6521739130434783, 0.6571428571428571, 0.6619718309859155, 0.6901408450704225, 0.6944444444444444, 0.7222222222222222, 0.7027027027027027, 0.7297297297297297, 0.7567567567567568, 0.7837837837837838, 0.8108108108108109, 0.8378378378378378, 0.8648648648648649, 0.8918918918918919, 0.918918918918919, 0.9459459459459459, 0.972972972972973, 1.0], 0.5746857229539787]}}