{"rank_algo": "random_forest_score", "seed": 94, "subsampling_proportion": 0.0025, "exec_time": 1.0310027599334717, "results": {"features": ["feature82", "feature23", "feature81", "feature22", "feature55", "feature2", "feature1", "feature57", "feature33", "feature21", "feature10", "feature3", "feature19", "feature20", "feature60", "feature58", "feature8", "feature9", "feature0", "feature44", "feature49", "feature18", "feature26", "feature7", "feature71", "feature67", "feature29", "feature50", "feature51", "feature30", "feature47", "feature64", "feature59", "feature41", "feature43", "feature11", "feature63", "feature46", "feature52", "feature17", "feature38", "feature54", "feature69", "feature40", "feature42", "feature5", "feature15", "feature37", "feature66", "feature28", "feature36", "feature12", "feature53", "feature61", "feature68", "feature39", "feature56", "feature24", "feature31", "feature90", "feature48", "feature62", "feature27", "feature65", "feature25", "feature45", "feature13", "feature35", "feature16", "feature34", "feature4", "feature72", "feature73", "feature6"], "scores": [0.05801271540672881, 0.052729490107286545, 0.04900902422135166, 0.02552859083099711, 0.025376062907908375, 0.025231942332075853, 0.024661095017301883, 0.024480170688569086, 0.02392640285807506, 0.023525802194998367, 0.022444713035825615, 0.02122650433641371, 0.020969685509858595, 0.019823343784108185, 0.019813925959241967, 0.01977888659240119, 0.019722938093246132, 0.019722634267685835, 0.01962176795156618, 0.01842220023696884, 0.017683933582550295, 0.016877517292927628, 0.016260973660432387, 0.015617261376450744, 0.015159651965148969, 0.01462319863495028, 0.01430101316498726, 0.013946530460200961, 0.013855133996949098, 0.013686853658414388, 0.0130472689028933, 0.012925084845447406, 0.012916980391993883, 0.011860818986062364, 0.011799940452587424, 0.0111634955384819, 0.011017944634379521, 0.010867249903332642, 0.010406372917535477, 0.010389265390759853, 0.010220713991239342, 0.010178268479588528, 0.009932462397696292, 0.009272327720542987, 0.009002376480174375, 0.008990043432558834, 0.008349412324756842, 0.008199419727780627, 0.008162834398235539, 0.008074002867519926, 0.008051252020351509, 0.007544388125576015, 0.007410738392190837, 0.007057991954422515, 0.006413874675212587, 0.006401997770271123, 0.005781431360311674, 0.0056038598402016766, 0.005170499915824566, 0.005111951641706224, 0.0050569395323264675, 0.004848636017140054, 0.004839622702374958, 0.004777942673429955, 0.004494943801213117, 0.004422359593521366, 0.0035141882667030764, 0.0027940070768555877, 0.0026790662487950145, 0.002521623120224098, 0.002490683446096423, 0.00013127054558698234, 5.5653266108306395e-05, 8.830104367926106e-06]}, "evaluations": {"eval_method": "jaccard_full_score", "singles": [[0.0, 0.3333333333333333, 0.2, 0.14285714285714285, 0.1111111111111111, 0.09090909090909091, 0.07692307692307693, 0.06666666666666667, 0.058823529411764705, 0.1111111111111111, 0.2222222222222222, 0.2, 0.23809523809523808, 0.21739130434782608, 0.2, 0.23076923076923078, 0.25925925925925924, 0.2857142857142857, 0.26666666666666666, 0.25, 0.3125, 0.29411764705882354, 0.3142857142857143, 0.3333333333333333, 0.3157894736842105, 0.3333333333333333, 0.3170731707317073, 0.3333333333333333, 0.3488372093023256, 0.36363636363636365, 0.37777777777777777, 0.3617021276595745, 0.375, 0.3877551020408163, 0.37254901960784315, 0.38461538461538464, 0.39622641509433965, 0.4074074074074074, 0.41818181818181815, 0.42857142857142855, 0.43859649122807015, 0.47368421052631576, 0.4827586206896552, 0.4915254237288136, 0.5254237288135594, 0.5333333333333333, 0.5666666666666667, 0.6, 0.6065573770491803, 0.639344262295082, 0.6451612903225806, 0.6507936507936508, 0.65625, 0.6615384615384615, 0.6417910447761194, 0.6231884057971014, 0.6521739130434783, 0.6811594202898551, 0.6857142857142857, 0.7142857142857143, 0.7183098591549296, 0.7464788732394366, 0.7746478873239436, 0.8028169014084507, 0.7808219178082192, 0.8082191780821918, 0.8356164383561644, 0.863013698630137, 0.8904109589041096, 0.8918918918918919, 0.918918918918919, 0.9459459459459459, 0.972972972972973, 1.0], 0.46791631606277806], "first_gen": [[0.0, 0.3333333333333333, 0.5, 1.0, 0.6666666666666666, 0.5, 0.5555555555555556, 0.6, 0.5, 0.5384615384615384, 0.5714285714285714, 0.6, 0.625, 0.6470588235294118, 0.5789473684210527, 0.5238095238095238, 0.5454545454545454, 0.5652173913043478, 0.5833333333333334, 0.6, 0.6153846153846154, 0.6296296296296297, 0.5862068965517241, 0.5483870967741935, 0.5625, 0.5757575757575758, 0.5428571428571428, 0.5135135135135135, 0.5263157894736842, 0.5, 0.5121951219512195, 0.4883720930232558, 0.4666666666666667, 0.44680851063829785, 0.4583333333333333, 0.46938775510204084, 0.45098039215686275, 0.46153846153846156, 0.4444444444444444, 0.45454545454545453, 0.4642857142857143, 0.47368421052631576, 0.4827586206896552, 0.5172413793103449, 0.5254237288135594, 0.5333333333333333, 0.5666666666666667, 0.6, 0.6065573770491803, 0.639344262295082, 0.6451612903225806, 0.6507936507936508, 0.6307692307692307, 0.6363636363636364, 0.6417910447761194, 0.6716417910447762, 0.6764705882352942, 0.6811594202898551, 0.6619718309859155, 0.6666666666666666, 0.6944444444444444, 0.7222222222222222, 0.726027397260274, 0.7534246575342466, 0.7567567567567568, 0.7837837837837838, 0.8108108108108109, 0.8378378378378378, 0.8648648648648649, 0.8918918918918919, 0.918918918918919, 0.9459459459459459, 0.972972972972973, 1.0], 0.6087681930561992]}}