{"rank_algo": "random_forest_score", "seed": 96, "subsampling_proportion": 0.0025, "exec_time": 1.0620014667510986, "results": {"features": ["feature82", "feature81", "feature23", "feature22", "feature55", "feature33", "feature57", "feature21", "feature2", "feature1", "feature10", "feature20", "feature49", "feature3", "feature18", "feature58", "feature19", "feature60", "feature8", "feature9", "feature0", "feature7", "feature44", "feature59", "feature26", "feature67", "feature71", "feature29", "feature50", "feature47", "feature46", "feature17", "feature30", "feature51", "feature64", "feature36", "feature11", "feature69", "feature43", "feature40", "feature63", "feature52", "feature41", "feature15", "feature54", "feature53", "feature38", "feature37", "feature42", "feature5", "feature28", "feature66", "feature56", "feature24", "feature48", "feature39", "feature68", "feature12", "feature62", "feature61", "feature45", "feature27", "feature31", "feature65", "feature25", "feature90", "feature13", "feature35", "feature16", "feature34", "feature4", "feature72", "feature73", "feature6"], "scores": [0.058549743070367775, 0.048590942850103624, 0.033461142076351875, 0.02994710528237627, 0.027262577672039646, 0.025866904264317484, 0.025185130488663006, 0.024719650079858834, 0.02459331879919738, 0.02310972187142126, 0.022976081023003254, 0.022540284395956015, 0.020872317453297286, 0.02086965174404887, 0.020728482086792215, 0.020628250698291377, 0.0205471160134583, 0.020253780717035184, 0.018935902614760358, 0.018695968005275246, 0.018654969645687462, 0.017441360193797256, 0.017422381795149124, 0.017093030153647725, 0.016537426395810698, 0.01619414861927885, 0.01589129261646173, 0.014197188881993767, 0.013900435723161814, 0.012958424342772591, 0.012824807958497476, 0.012820272543275252, 0.012372105779155965, 0.012240127271055478, 0.012085730484865184, 0.010889559086698383, 0.010771461951776315, 0.010381044396030313, 0.010251255868364586, 0.009805195080155961, 0.00975805537394526, 0.009666323623961645, 0.009523867829123305, 0.00855612927576512, 0.008370231270411295, 0.008366436511304705, 0.00819119350680297, 0.007931678391659936, 0.007842039527402011, 0.007766603644472582, 0.007726728295584585, 0.007552912591741876, 0.0074736351275540135, 0.007444342370994878, 0.006903840017854626, 0.00678946274118172, 0.006753534634095286, 0.006447605323464244, 0.005976698838576986, 0.005908393866160516, 0.005007305949010483, 0.004796699057389934, 0.00462897727019924, 0.0044652038803940156, 0.0043482874983916875, 0.004140937736101881, 0.0038766785464383713, 0.0031755146027208875, 0.0027768873211752505, 0.0023933697381581308, 0.0020757769279720335, 0.0002750259558716384, 1.259394209605219e-05, 1.0738817771744916e-05]}, "evaluations": {"eval_method": "jaccard_full_score", "singles": [[0.0, 0.0, 0.2, 0.14285714285714285, 0.1111111111111111, 0.09090909090909091, 0.07692307692307693, 0.14285714285714285, 0.125, 0.1111111111111111, 0.2222222222222222, 0.2, 0.23809523809523808, 0.21739130434782608, 0.2, 0.23076923076923078, 0.3076923076923077, 0.3333333333333333, 0.3103448275862069, 0.2903225806451613, 0.3125, 0.29411764705882354, 0.2777777777777778, 0.3333333333333333, 0.35135135135135137, 0.3684210526315789, 0.35, 0.36585365853658536, 0.3488372093023256, 0.36363636363636365, 0.4090909090909091, 0.391304347826087, 0.375, 0.3877551020408163, 0.37254901960784315, 0.3584905660377358, 0.37037037037037035, 0.38181818181818183, 0.39285714285714285, 0.42857142857142855, 0.4642857142857143, 0.47368421052631576, 0.5087719298245614, 0.5172413793103449, 0.5517241379310345, 0.559322033898305, 0.5666666666666667, 0.6, 0.6065573770491803, 0.639344262295082, 0.6451612903225806, 0.625, 0.6307692307692307, 0.6363636363636364, 0.6176470588235294, 0.6231884057971014, 0.6285714285714286, 0.6571428571428571, 0.6857142857142857, 0.7142857142857143, 0.7428571428571429, 0.7714285714285715, 0.7746478873239436, 0.8028169014084507, 0.7808219178082192, 0.8082191780821918, 0.8356164383561644, 0.863013698630137, 0.8904109589041096, 0.8918918918918919, 0.918918918918919, 0.9459459459459459, 0.972972972972973, 1.0], 0.4689805373481518], "first_gen": [[0.0, 0.0, 0.5, 1.0, 0.6666666666666666, 0.5, 0.4, 0.3333333333333333, 0.38461538461538464, 0.5384615384615384, 0.5714285714285714, 0.5, 0.4444444444444444, 0.5555555555555556, 0.5, 0.5238095238095238, 0.5454545454545454, 0.5652173913043478, 0.5833333333333334, 0.6, 0.6153846153846154, 0.5714285714285714, 0.5862068965517241, 0.5483870967741935, 0.5151515151515151, 0.5294117647058824, 0.5428571428571428, 0.5135135135135135, 0.48717948717948717, 0.5, 0.47619047619047616, 0.4883720930232558, 0.5, 0.5111111111111111, 0.48936170212765956, 0.5319148936170213, 0.5102040816326531, 0.49019607843137253, 0.5, 0.5094339622641509, 0.4909090909090909, 0.47368421052631576, 0.4827586206896552, 0.5172413793103449, 0.5254237288135594, 0.5081967213114754, 0.5409836065573771, 0.5737704918032787, 0.6065573770491803, 0.639344262295082, 0.6451612903225806, 0.625, 0.6307692307692307, 0.6363636363636364, 0.6666666666666666, 0.6716417910447762, 0.6764705882352942, 0.7058823529411765, 0.7101449275362319, 0.6901408450704225, 0.6944444444444444, 0.6986301369863014, 0.7027027027027027, 0.7297297297297297, 0.7567567567567568, 0.7837837837837838, 0.8108108108108109, 0.8378378378378378, 0.8648648648648649, 0.8918918918918919, 0.918918918918919, 0.9459459459459459, 0.972972972972973, 1.0], 0.5925346151536155]}}