{"rank_algo": "random_forest_score", "seed": 41, "subsampling_proportion": 0.0025, "exec_time": 1.0227277278900146, "results": {"features": ["feature82", "feature81", "feature23", "feature22", "feature33", "feature1", "feature2", "feature21", "feature55", "feature3", "feature57", "feature10", "feature19", "feature49", "feature20", "feature60", "feature0", "feature58", "feature7", "feature8", "feature9", "feature18", "feature44", "feature50", "feature67", "feature26", "feature43", "feature71", "feature29", "feature64", "feature17", "feature11", "feature51", "feature30", "feature47", "feature36", "feature69", "feature38", "feature41", "feature52", "feature59", "feature46", "feature66", "feature54", "feature63", "feature53", "feature37", "feature40", "feature28", "feature39", "feature12", "feature15", "feature56", "feature68", "feature42", "feature61", "feature31", "feature90", "feature25", "feature24", "feature5", "feature65", "feature35", "feature45", "feature62", "feature27", "feature48", "feature13", "feature34", "feature4", "feature16", "feature72", "feature6", "feature73"], "scores": [0.07146884413399922, 0.06669613395284864, 0.03713033481509635, 0.033288322500415995, 0.024947553186290165, 0.024216825613327265, 0.024154618161368577, 0.023586892118352475, 0.023027111180047247, 0.022863091402395824, 0.022808022113382682, 0.02197679092344752, 0.02015980762160534, 0.019963857262869093, 0.019507562356862723, 0.019274959862582097, 0.018757457697461673, 0.01770019975167422, 0.017570140700038085, 0.017482741335865578, 0.017275192555212312, 0.01684519678594308, 0.016114701014948277, 0.015566310777222602, 0.01506222886596147, 0.014892926260460671, 0.014235563752475623, 0.013271560632066177, 0.012533735897712076, 0.012248127408047364, 0.0121583258687145, 0.0119674109915622, 0.011883811751072717, 0.011808045650997889, 0.011672991822279061, 0.011220029920599036, 0.010883078015127407, 0.01067767996388625, 0.010589535747145062, 0.010383759359131474, 0.010158312721085819, 0.009852897388254653, 0.00943683203628567, 0.009428142074616865, 0.00899250750537723, 0.008923352279659685, 0.008904442564134167, 0.008563859870113506, 0.007507307459298395, 0.007322047180426205, 0.007285370270384161, 0.00708157315318474, 0.006532939953360723, 0.006494746951036451, 0.006343039454920466, 0.005882815622502373, 0.005751439030191609, 0.005493815715994317, 0.005407887883557778, 0.005311983301128901, 0.00515377714633283, 0.004690904120609923, 0.004666243479555524, 0.004411124981915957, 0.0035903397294392695, 0.0035558540541887045, 0.003385975104218642, 0.003295732218110488, 0.002953441584394621, 0.002875688801329514, 0.0025460206119130306, 0.0003136843792479801, 1.4421642733836171e-05, 0.0]}, "evaluations": {"eval_method": "jaccard_full_score", "singles": [[0.0, 0.0, 0.2, 0.14285714285714285, 0.1111111111111111, 0.09090909090909091, 0.07692307692307693, 0.14285714285714285, 0.125, 0.1111111111111111, 0.15789473684210525, 0.2, 0.23809523809523808, 0.2727272727272727, 0.25, 0.28, 0.3076923076923077, 0.3333333333333333, 0.3103448275862069, 0.2903225806451613, 0.3125, 0.29411764705882354, 0.2777777777777778, 0.2972972972972973, 0.28205128205128205, 0.3333333333333333, 0.3170731707317073, 0.3333333333333333, 0.3181818181818182, 0.3333333333333333, 0.34782608695652173, 0.3617021276595745, 0.375, 0.36, 0.34615384615384615, 0.3333333333333333, 0.32142857142857145, 0.3333333333333333, 0.3684210526315789, 0.3793103448275862, 0.41379310344827586, 0.4482758620689655, 0.4576271186440678, 0.4666666666666667, 0.5, 0.5081967213114754, 0.5409836065573771, 0.5737704918032787, 0.5806451612903226, 0.5873015873015873, 0.59375, 0.6, 0.6060606060606061, 0.5882352941176471, 0.5942028985507246, 0.6231884057971014, 0.6285714285714286, 0.6571428571428571, 0.6619718309859155, 0.6901408450704225, 0.7183098591549296, 0.7464788732394366, 0.75, 0.7777777777777778, 0.8055555555555556, 0.8333333333333334, 0.8356164383561644, 0.863013698630137, 0.8648648648648649, 0.8918918918918919, 0.918918918918919, 0.9459459459459459, 0.972972972972973, 1.0], 0.4522176887416986], "first_gen": [[0.0, 0.0, 0.5, 1.0, 0.6666666666666666, 0.7142857142857143, 0.5555555555555556, 0.6, 0.5, 0.6666666666666666, 0.5714285714285714, 0.6, 0.625, 0.5555555555555556, 0.5789473684210527, 0.5238095238095238, 0.5454545454545454, 0.5652173913043478, 0.52, 0.5384615384615384, 0.5555555555555556, 0.5714285714285714, 0.5862068965517241, 0.5483870967741935, 0.5151515151515151, 0.5294117647058824, 0.5428571428571428, 0.5555555555555556, 0.5263157894736842, 0.5, 0.5121951219512195, 0.4883720930232558, 0.5, 0.4782608695652174, 0.48936170212765956, 0.5, 0.48, 0.46153846153846156, 0.4716981132075472, 0.45454545454545453, 0.4642857142857143, 0.47368421052631576, 0.4827586206896552, 0.5172413793103449, 0.5, 0.4838709677419355, 0.5161290322580645, 0.5483870967741935, 0.5806451612903226, 0.6129032258064516, 0.6190476190476191, 0.625, 0.6307692307692307, 0.6363636363636364, 0.6666666666666666, 0.6716417910447762, 0.6521739130434783, 0.6811594202898551, 0.6619718309859155, 0.6438356164383562, 0.6712328767123288, 0.6986301369863014, 0.726027397260274, 0.7297297297297297, 0.7567567567567568, 0.7837837837837838, 0.8108108108108109, 0.8378378378378378, 0.8648648648648649, 0.8918918918918919, 0.918918918918919, 0.9459459459459459, 0.972972972972973, 1.0], 0.6009839706770869]}}