{"rank_algo": "random_forest_score", "seed": 29, "subsampling_proportion": 0.0025, "exec_time": 1.0388188362121582, "results": {"features": ["feature82", "feature81", "feature23", "feature55", "feature22", "feature33", "feature57", "feature21", "feature2", "feature20", "feature10", "feature1", "feature60", "feature3", "feature18", "feature19", "feature58", "feature0", "feature8", "feature49", "feature44", "feature67", "feature9", "feature7", "feature26", "feature29", "feature71", "feature59", "feature51", "feature50", "feature30", "feature43", "feature17", "feature11", "feature47", "feature64", "feature46", "feature36", "feature52", "feature54", "feature69", "feature38", "feature41", "feature63", "feature5", "feature28", "feature24", "feature40", "feature37", "feature12", "feature66", "feature53", "feature42", "feature68", "feature61", "feature15", "feature39", "feature25", "feature31", "feature27", "feature45", "feature48", "feature62", "feature56", "feature13", "feature65", "feature90", "feature35", "feature34", "feature16", "feature4", "feature72", "feature6", "feature73"], "scores": [0.06571383689524445, 0.060830758778400426, 0.05412317430862863, 0.025808795559301035, 0.02574751269937655, 0.023879267714135576, 0.023822909759098794, 0.023541304208159794, 0.0224212341895629, 0.021552535267558296, 0.02105582699168908, 0.02090089036043482, 0.02066250051472331, 0.02064678418996645, 0.020422962524026884, 0.019602254045973818, 0.01959359157464349, 0.019286648990993856, 0.019137986047970398, 0.01794686202305001, 0.017823012615350856, 0.01758761429327245, 0.01743775143287907, 0.016689280192434913, 0.015633776908386784, 0.014455300457840475, 0.014377416800869536, 0.013442035381063297, 0.013151211820613908, 0.013086496564647767, 0.012788347213336897, 0.01205698157193275, 0.011948884936649118, 0.011937675668750702, 0.01175979570359791, 0.011019454504689085, 0.009993581040930174, 0.009897968274365988, 0.009660612823014869, 0.009520746232670397, 0.008966543319327572, 0.00879647518027803, 0.008714061531744404, 0.008630788582117261, 0.008356172586586575, 0.008275053185810453, 0.007987309820321378, 0.007860045964961197, 0.007810084534616464, 0.007455646625929887, 0.007245639848243795, 0.007234832912088488, 0.006854691716903069, 0.006831778705204892, 0.006662580560151239, 0.00666105700980985, 0.005510004044280539, 0.005248522564442891, 0.005163968749704828, 0.0051288212493703165, 0.0051074187807561644, 0.005027334707202589, 0.00492920254937509, 0.004638256362323509, 0.004457747602827425, 0.004104992227997166, 0.003694167695420481, 0.003441004815138289, 0.003236790546331303, 0.0025645316061672346, 0.0021752019971485645, 0.0002636913371835265, 0.0, 0.0]}, "evaluations": {"eval_method": "jaccard_full_score", "singles": [[0.0, 0.0, 0.2, 0.14285714285714285, 0.1111111111111111, 0.09090909090909091, 0.07692307692307693, 0.14285714285714285, 0.125, 0.1111111111111111, 0.15789473684210525, 0.2, 0.18181818181818182, 0.16666666666666666, 0.15384615384615385, 0.23076923076923078, 0.25925925925925924, 0.2857142857142857, 0.26666666666666666, 0.2903225806451613, 0.3125, 0.29411764705882354, 0.2777777777777778, 0.2972972972972973, 0.3157894736842105, 0.3333333333333333, 0.3170731707317073, 0.36585365853658536, 0.38095238095238093, 0.3953488372093023, 0.4090909090909091, 0.391304347826087, 0.375, 0.3877551020408163, 0.37254901960784315, 0.3584905660377358, 0.37037037037037035, 0.38181818181818183, 0.39285714285714285, 0.42857142857142855, 0.43859649122807015, 0.4482758620689655, 0.4827586206896552, 0.4915254237288136, 0.5, 0.5333333333333333, 0.5666666666666667, 0.6, 0.6333333333333333, 0.6666666666666666, 0.6451612903225806, 0.625, 0.65625, 0.6363636363636364, 0.6417910447761194, 0.6470588235294118, 0.6521739130434783, 0.6571428571428571, 0.6619718309859155, 0.6901408450704225, 0.7183098591549296, 0.7222222222222222, 0.75, 0.7777777777777778, 0.7808219178082192, 0.8082191780821918, 0.8356164383561644, 0.863013698630137, 0.8648648648648649, 0.8918918918918919, 0.918918918918919, 0.9459459459459459, 0.972972972972973, 1.0], 0.4599501836763628], "first_gen": [[0.0, 0.0, 0.5, 0.6, 0.6666666666666666, 0.5, 0.4, 0.3333333333333333, 0.38461538461538464, 0.42857142857142855, 0.4666666666666667, 0.5, 0.4444444444444444, 0.5555555555555556, 0.5, 0.6, 0.5454545454545454, 0.5652173913043478, 0.5833333333333334, 0.6, 0.6153846153846154, 0.5714285714285714, 0.5862068965517241, 0.5483870967741935, 0.5151515151515151, 0.5294117647058824, 0.5428571428571428, 0.5135135135135135, 0.5263157894736842, 0.5, 0.47619047619047616, 0.4883720930232558, 0.5, 0.4782608695652174, 0.48936170212765956, 0.5, 0.5102040816326531, 0.52, 0.5, 0.5094339622641509, 0.4909090909090909, 0.5, 0.5087719298245614, 0.5172413793103449, 0.5254237288135594, 0.5333333333333333, 0.5409836065573771, 0.5737704918032787, 0.6065573770491803, 0.639344262295082, 0.6190476190476191, 0.6, 0.6060606060606061, 0.6119402985074627, 0.6176470588235294, 0.6470588235294118, 0.6521739130434783, 0.6571428571428571, 0.6388888888888888, 0.6438356164383562, 0.6486486486486487, 0.6756756756756757, 0.7027027027027027, 0.7297297297297297, 0.7567567567567568, 0.7837837837837838, 0.8108108108108109, 0.8378378378378378, 0.8648648648648649, 0.8918918918918919, 0.918918918918919, 0.9459459459459459, 0.972972972972973, 1.0], 0.5803426063357331]}}