{"rank_algo": "random_forest_score", "seed": 7, "subsampling_proportion": 0.0016, "exec_time": 0.7114710807800293, "results": {"features": ["feature82", "feature23", "feature81", "feature33", "feature1", "feature2", "feature22", "feature21", "feature55", "feature57", "feature10", "feature3", "feature60", "feature19", "feature49", "feature8", "feature0", "feature26", "feature58", "feature9", "feature7", "feature20", "feature18", "feature44", "feature50", "feature29", "feature17", "feature51", "feature43", "feature59", "feature67", "feature71", "feature41", "feature11", "feature30", "feature47", "feature52", "feature39", "feature64", "feature54", "feature46", "feature63", "feature36", "feature69", "feature15", "feature28", "feature38", "feature37", "feature53", "feature68", "feature42", "feature66", "feature40", "feature61", "feature24", "feature56", "feature12", "feature5", "feature25", "feature90", "feature31", "feature16", "feature62", "feature65", "feature35", "feature45", "feature27", "feature48", "feature13", "feature34", "feature4", "feature72", "feature6", "feature73"], "scores": [0.05593078939710332, 0.05183216058552717, 0.051752126392558676, 0.030505876449756268, 0.02815794932735601, 0.025637021828000133, 0.024517364922933868, 0.023984455096817774, 0.02345171763511064, 0.022759725776778785, 0.022510681021366923, 0.0223092160138843, 0.02177039432945467, 0.020382376142875486, 0.02026309356236912, 0.020107375744514495, 0.020067961079979015, 0.01992920252922423, 0.019763113018872746, 0.01860628817801584, 0.018277854691136644, 0.017715602605608664, 0.01759419811992555, 0.01685974065302307, 0.014269763325520888, 0.01407050052634494, 0.012994034617676509, 0.012920587988676846, 0.01227804012858681, 0.012252235177895325, 0.012250328891639949, 0.011855359028705216, 0.011187974899285805, 0.011187252887370644, 0.010707963023426532, 0.010634026531323061, 0.010532235851084811, 0.010246905470763268, 0.010232800551683626, 0.009382749264166256, 0.009376749454722078, 0.009182385310061958, 0.009157188217560758, 0.009127928597291468, 0.008855657571639012, 0.008848795621621415, 0.008730854029136, 0.008522554591114003, 0.008457308424483214, 0.00777870906896513, 0.007237873514547065, 0.006899040917949957, 0.006522179269841607, 0.006455567993613751, 0.006425335990309628, 0.006295126570310269, 0.006246799509308901, 0.00616228431906003, 0.0060840769037579095, 0.005823172876124569, 0.0055002619044574735, 0.0054814933082015455, 0.005334795168548409, 0.004859381066224747, 0.004483254098823002, 0.0042195508152698576, 0.004029204881022476, 0.003854569886150756, 0.003574141159564143, 0.0028514337779162484, 0.0017255551356131313, 0.000185520162873723, 2.2206617572036476e-05, 0.0]}, "evaluations": {"eval_method": "jaccard_full_score", "singles": [[0.0, 0.3333333333333333, 0.2, 0.14285714285714285, 0.1111111111111111, 0.09090909090909091, 0.07692307692307693, 0.14285714285714285, 0.125, 0.1111111111111111, 0.2222222222222222, 0.2, 0.18181818181818182, 0.21739130434782608, 0.25, 0.23076923076923078, 0.25925925925925924, 0.3333333333333333, 0.3103448275862069, 0.2903225806451613, 0.3125, 0.3333333333333333, 0.3142857142857143, 0.3333333333333333, 0.3157894736842105, 0.3333333333333333, 0.3170731707317073, 0.36585365853658536, 0.3488372093023256, 0.36363636363636365, 0.37777777777777777, 0.391304347826087, 0.40425531914893614, 0.4166666666666667, 0.4, 0.38461538461538464, 0.37037037037037035, 0.35714285714285715, 0.3684210526315789, 0.40350877192982454, 0.43859649122807015, 0.47368421052631576, 0.5087719298245614, 0.4915254237288136, 0.5254237288135594, 0.559322033898305, 0.5666666666666667, 0.6, 0.5806451612903226, 0.5873015873015873, 0.59375, 0.5757575757575758, 0.6060606060606061, 0.6119402985074627, 0.6176470588235294, 0.6231884057971014, 0.6521739130434783, 0.6811594202898551, 0.6857142857142857, 0.7142857142857143, 0.7183098591549296, 0.7464788732394366, 0.7746478873239436, 0.8028169014084507, 0.8055555555555556, 0.8333333333333334, 0.8611111111111112, 0.863013698630137, 0.8904109589041096, 0.8918918918918919, 0.918918918918919, 0.9459459459459459, 0.972972972972973, 1.0], 0.46932360968929276], "first_gen": [[0.0, 0.3333333333333333, 0.5, 0.6, 0.42857142857142855, 0.5, 0.5555555555555556, 0.6, 0.5, 0.5384615384615384, 0.5714285714285714, 0.6, 0.5294117647058824, 0.5555555555555556, 0.5, 0.5238095238095238, 0.5454545454545454, 0.5652173913043478, 0.52, 0.5384615384615384, 0.5, 0.5172413793103449, 0.5333333333333333, 0.5483870967741935, 0.5151515151515151, 0.5294117647058824, 0.5428571428571428, 0.5555555555555556, 0.5675675675675675, 0.5384615384615384, 0.5121951219512195, 0.5238095238095238, 0.5, 0.4782608695652174, 0.4583333333333333, 0.5, 0.48, 0.49019607843137253, 0.4716981132075472, 0.48148148148148145, 0.4909090909090909, 0.47368421052631576, 0.5087719298245614, 0.5172413793103449, 0.5254237288135594, 0.5333333333333333, 0.5666666666666667, 0.6, 0.6065573770491803, 0.6129032258064516, 0.6190476190476191, 0.6, 0.6060606060606061, 0.6119402985074627, 0.6176470588235294, 0.6470588235294118, 0.6521739130434783, 0.6811594202898551, 0.6619718309859155, 0.6666666666666666, 0.6712328767123288, 0.6986301369863014, 0.726027397260274, 0.7534246575342466, 0.7567567567567568, 0.7837837837837838, 0.8108108108108109, 0.8378378378378378, 0.8648648648648649, 0.8918918918918919, 0.918918918918919, 0.9459459459459459, 0.972972972972973, 1.0], 0.5915276464878024]}}