{"rank_algo": "random_forest_score", "seed": 21, "subsampling_proportion": 0.0004, "exec_time": 0.20754337310791016, "results": {"features": ["feature81", "feature82", "feature23", "feature19", "feature20", "feature33", "feature57", "feature1", "feature21", "feature22", "feature44", "feature3", "feature10", "feature55", "feature2", "feature9", "feature18", "feature51", "feature58", "feature60", "feature8", "feature36", "feature26", "feature49", "feature0", "feature30", "feature7", "feature29", "feature50", "feature67", "feature43", "feature38", "feature64", "feature54", "feature17", "feature46", "feature59", "feature66", "feature47", "feature52", "feature37", "feature71", "feature53", "feature39", "feature41", "feature11", "feature69", "feature63", "feature15", "feature61", "feature28", "feature68", "feature31", "feature12", "feature65", "feature25", "feature42", "feature62", "feature40", "feature13", "feature27", "feature48", "feature45", "feature24", "feature34", "feature5", "feature56", "feature35", "feature90", "feature16", "feature4", "feature6", "feature72", "feature73"], "scores": [0.04849128886668727, 0.039256301908530224, 0.03785518391258653, 0.031031333168827394, 0.030606456604257072, 0.030076646969476338, 0.02911581066233661, 0.028854089801885596, 0.024988167566716825, 0.023175178469215404, 0.02285623702998391, 0.02076992842699381, 0.020683145078278158, 0.02027823938523675, 0.01990387397660671, 0.019359896668549485, 0.019027071698389356, 0.01867190357373433, 0.01842958612485702, 0.017842336055691924, 0.017800109807903718, 0.016801706683581646, 0.016632635458879795, 0.016515594354576314, 0.016326568985637294, 0.016299993206486754, 0.015984007920871002, 0.015464714669402614, 0.01545639730498051, 0.015434186787016566, 0.013934758227176209, 0.013930781475632138, 0.01370809765773878, 0.013304626299876405, 0.012873686798583694, 0.012440391568360116, 0.011740067492494243, 0.01144343390016692, 0.010271131553049217, 0.010163528863196224, 0.010048919363997632, 0.009964146402814685, 0.009912437417044473, 0.009783339592974121, 0.009619996422021049, 0.00928677569632555, 0.009196414363257138, 0.00905967857257991, 0.007728388970560774, 0.007602393712659663, 0.0072275637077092334, 0.006738726275291771, 0.006554165643181192, 0.006065790489578437, 0.005960814493293594, 0.005618683848748747, 0.005594677684537795, 0.005561546828921885, 0.005278819962128656, 0.005076069784052185, 0.004852585213986861, 0.004840021448206897, 0.004438144494762289, 0.004379095802804118, 0.003973982931798243, 0.003944304539915333, 0.003688557874363317, 0.003655100714062219, 0.0028677451127406377, 0.0025225805830520363, 0.0011594370881786676, 0.0, 0.0, 0.0]}, "evaluations": {"eval_method": "jaccard_full_score", "singles": [[0.0, 0.0, 0.2, 0.14285714285714285, 0.1111111111111111, 0.2, 0.16666666666666666, 0.14285714285714285, 0.2, 0.17647058823529413, 0.2222222222222222, 0.2, 0.23809523809523808, 0.21739130434782608, 0.2, 0.23076923076923078, 0.25925925925925924, 0.3333333333333333, 0.3103448275862069, 0.2903225806451613, 0.3125, 0.29411764705882354, 0.3142857142857143, 0.37142857142857144, 0.35135135135135137, 0.3684210526315789, 0.35, 0.36585365853658536, 0.3488372093023256, 0.3333333333333333, 0.34782608695652173, 0.3333333333333333, 0.32, 0.3333333333333333, 0.32075471698113206, 0.3333333333333333, 0.34545454545454546, 0.35714285714285715, 0.3684210526315789, 0.3793103448275862, 0.3898305084745763, 0.423728813559322, 0.43333333333333335, 0.4426229508196721, 0.47540983606557374, 0.5081967213114754, 0.5161290322580645, 0.5483870967741935, 0.5555555555555556, 0.5873015873015873, 0.59375, 0.5757575757575758, 0.582089552238806, 0.5882352941176471, 0.5942028985507246, 0.5774647887323944, 0.6056338028169014, 0.6338028169014085, 0.6619718309859155, 0.6901408450704225, 0.7183098591549296, 0.7222222222222222, 0.75, 0.7777777777777778, 0.7567567567567568, 0.7837837837837838, 0.8108108108108109, 0.8378378378378378, 0.8648648648648649, 0.8918918918918919, 0.918918918918919, 0.9459459459459459, 0.972972972972973, 1.0], 0.4510462640201672], "first_gen": [[0.0, 0.0, 0.5, 0.6, 0.42857142857142855, 0.3333333333333333, 0.2727272727272727, 0.3333333333333333, 0.2857142857142857, 0.42857142857142855, 0.375, 0.4117647058823529, 0.5294117647058824, 0.5555555555555556, 0.6666666666666666, 0.6842105263157895, 0.7, 0.6363636363636364, 0.5833333333333334, 0.5384615384615384, 0.5555555555555556, 0.5172413793103449, 0.4838709677419355, 0.5, 0.5151515151515151, 0.5294117647058824, 0.5428571428571428, 0.5135135135135135, 0.48717948717948717, 0.4634146341463415, 0.47619047619047616, 0.45454545454545453, 0.43478260869565216, 0.44680851063829785, 0.48936170212765956, 0.5, 0.5102040816326531, 0.49019607843137253, 0.5294117647058824, 0.5094339622641509, 0.5185185185185185, 0.5272727272727272, 0.5357142857142857, 0.543859649122807, 0.5517241379310345, 0.5333333333333333, 0.5409836065573771, 0.5483870967741935, 0.5806451612903226, 0.5873015873015873, 0.59375, 0.5757575757575758, 0.5588235294117647, 0.5882352941176471, 0.5942028985507246, 0.6, 0.6285714285714286, 0.6571428571428571, 0.6619718309859155, 0.6666666666666666, 0.6712328767123288, 0.6986301369863014, 0.7027027027027027, 0.7297297297297297, 0.7567567567567568, 0.7837837837837838, 0.8108108108108109, 0.8378378378378378, 0.8648648648648649, 0.8918918918918919, 0.918918918918919, 0.9459459459459459, 0.972972972972973, 1.0], 0.5683711071762296]}}