{"rank_algo": "random_forest_score", "seed": 16, "subsampling_proportion": 0.004, "exec_time": 1.7450649738311768, "results": {"features": ["feature82", "feature81", "feature23", "feature1", "feature22", "feature2", "feature33", "feature57", "feature55", "feature21", "feature3", "feature10", "feature20", "feature19", "feature18", "feature60", "feature58", "feature49", "feature8", "feature9", "feature7", "feature0", "feature44", "feature26", "feature71", "feature59", "feature67", "feature29", "feature50", "feature47", "feature30", "feature64", "feature11", "feature17", "feature36", "feature51", "feature46", "feature38", "feature43", "feature41", "feature69", "feature52", "feature54", "feature5", "feature63", "feature37", "feature15", "feature40", "feature53", "feature28", "feature66", "feature12", "feature39", "feature68", "feature42", "feature24", "feature48", "feature61", "feature27", "feature31", "feature56", "feature62", "feature45", "feature65", "feature25", "feature35", "feature16", "feature90", "feature13", "feature4", "feature34", "feature72", "feature6", "feature73"], "scores": [0.07319449201184908, 0.05447601909940448, 0.03552936642819384, 0.0329249355390645, 0.027380488108626748, 0.024870268368630245, 0.02451179097711882, 0.0236460536016579, 0.02356183656049993, 0.02325231469149402, 0.023096324274116453, 0.022321253124225456, 0.020770377111282115, 0.020540679218262366, 0.020415242213964513, 0.0198157343806119, 0.019352950515488528, 0.018963493566080222, 0.018379250450526824, 0.01828739249407088, 0.018085088140571876, 0.017884315129055202, 0.017117362203224303, 0.016151768645404675, 0.01487785294131613, 0.014295855188779875, 0.014111243505313991, 0.013200855511426666, 0.013039618934172402, 0.012290166702980805, 0.011974314966674926, 0.011619936479539135, 0.011392329383598158, 0.011299439303803558, 0.01124787142406829, 0.010950687719414251, 0.010153313715731232, 0.010063531379257053, 0.00998460203126247, 0.009891441728655814, 0.009718731712442918, 0.009474182630367234, 0.00934751865006802, 0.00933533793953046, 0.008807848648727638, 0.008654707506019283, 0.008209763090022746, 0.008149614847601745, 0.008132376534311142, 0.00804588536322997, 0.008042627509222083, 0.007793220111967426, 0.007547472482715612, 0.007186765358741462, 0.006466252497156084, 0.0060740712375235385, 0.0055370974166592405, 0.005508982242860742, 0.005463517259895353, 0.005409518558258625, 0.005150524916191192, 0.005068590294463394, 0.004276086481612473, 0.004154310189932631, 0.003868263527756413, 0.003758550714146325, 0.003389968380385722, 0.0032675639558734943, 0.003175963086925841, 0.002937415277767154, 0.002833838038279222, 0.00028293373274852263, 8.642037176667474e-06, 0.0]}, "evaluations": {"eval_method": "jaccard_full_score", "singles": [[0.0, 0.0, 0.2, 0.14285714285714285, 0.1111111111111111, 0.09090909090909091, 0.07692307692307693, 0.06666666666666667, 0.058823529411764705, 0.1111111111111111, 0.15789473684210525, 0.2, 0.18181818181818182, 0.21739130434782608, 0.2, 0.23076923076923078, 0.25925925925925924, 0.3333333333333333, 0.3103448275862069, 0.2903225806451613, 0.3125, 0.29411764705882354, 0.2777777777777778, 0.3333333333333333, 0.3157894736842105, 0.3684210526315789, 0.35, 0.36585365853658536, 0.3488372093023256, 0.36363636363636365, 0.37777777777777777, 0.3617021276595745, 0.375, 0.36, 0.34615384615384615, 0.3584905660377358, 0.37037037037037035, 0.38181818181818183, 0.39285714285714285, 0.42857142857142855, 0.43859649122807015, 0.4482758620689655, 0.4827586206896552, 0.4666666666666667, 0.5, 0.5333333333333333, 0.5666666666666667, 0.6, 0.6065573770491803, 0.639344262295082, 0.6190476190476191, 0.625, 0.6307692307692307, 0.6119402985074627, 0.6176470588235294, 0.6231884057971014, 0.6285714285714286, 0.6571428571428571, 0.6857142857142857, 0.6901408450704225, 0.7183098591549296, 0.7464788732394366, 0.7746478873239436, 0.8028169014084507, 0.7808219178082192, 0.8082191780821918, 0.8356164383561644, 0.863013698630137, 0.8904109589041096, 0.9178082191780822, 0.918918918918919, 0.9459459459459459, 0.972972972972973, 1.0], 0.4584915920570326], "first_gen": [[0.0, 0.0, 0.5, 0.6, 0.6666666666666666, 0.7142857142857143, 0.5555555555555556, 0.6, 0.5, 0.5384615384615384, 0.5714285714285714, 0.6, 0.5294117647058824, 0.6470588235294118, 0.5789473684210527, 0.6, 0.5454545454545454, 0.5652173913043478, 0.5833333333333334, 0.6, 0.5555555555555556, 0.5714285714285714, 0.5862068965517241, 0.5483870967741935, 0.5625, 0.5757575757575758, 0.5428571428571428, 0.5135135135135135, 0.48717948717948717, 0.5, 0.47619047619047616, 0.45454545454545453, 0.43478260869565216, 0.44680851063829785, 0.4583333333333333, 0.5, 0.5102040816326531, 0.49019607843137253, 0.5294117647058824, 0.5094339622641509, 0.4909090909090909, 0.47368421052631576, 0.5087719298245614, 0.543859649122807, 0.5254237288135594, 0.5333333333333333, 0.5666666666666667, 0.6, 0.6065573770491803, 0.639344262295082, 0.6190476190476191, 0.625, 0.6307692307692307, 0.6363636363636364, 0.6666666666666666, 0.6716417910447762, 0.6764705882352942, 0.6811594202898551, 0.6857142857142857, 0.6666666666666666, 0.6944444444444444, 0.7222222222222222, 0.7027027027027027, 0.7297297297297297, 0.7567567567567568, 0.7837837837837838, 0.8108108108108109, 0.8378378378378378, 0.8648648648648649, 0.8918918918918919, 0.918918918918919, 0.9459459459459459, 0.972972972972973, 1.0], 0.6017814578003174]}}