{"rank_algo": "random_forest_score", "seed": 57, "subsampling_proportion": 0.00063, "exec_time": 0.30052614212036133, "results": {"features": ["feature81", "feature82", "feature23", "feature33", "feature57", "feature22", "feature2", "feature18", "feature0", "feature55", "feature21", "feature60", "feature19", "feature3", "feature1", "feature58", "feature8", "feature9", "feature20", "feature46", "feature67", "feature43", "feature44", "feature7", "feature10", "feature49", "feature26", "feature17", "feature24", "feature47", "feature36", "feature71", "feature51", "feature39", "feature59", "feature28", "feature29", "feature11", "feature41", "feature5", "feature64", "feature38", "feature30", "feature52", "feature63", "feature50", "feature37", "feature40", "feature69", "feature15", "feature12", "feature54", "feature56", "feature42", "feature66", "feature53", "feature16", "feature27", "feature68", "feature62", "feature48", "feature61", "feature31", "feature13", "feature90", "feature25", "feature45", "feature35", "feature65", "feature4", "feature34", "feature72", "feature6", "feature73"], "scores": [0.04853491263264538, 0.04495975614959898, 0.033441987772927714, 0.03171363973791692, 0.028858463149565642, 0.02800353737355135, 0.023733388740810248, 0.02288892314449664, 0.022551753341122405, 0.02239007281538736, 0.021153885444258648, 0.020732861500318684, 0.02072496154302156, 0.020378925434970822, 0.020047178984601295, 0.01977173622653922, 0.019149534890640606, 0.01884901798357185, 0.018613749267584252, 0.018374967594702182, 0.01821593822456535, 0.01820684831217564, 0.018112562870424218, 0.018109691710219162, 0.017843112817855614, 0.01679104884588063, 0.016337875245165487, 0.015981732842738745, 0.014296442712610052, 0.013482082400165426, 0.01344769852875292, 0.013047212570811163, 0.012932453545271068, 0.012664326061331006, 0.012378929514545348, 0.01231110807604136, 0.011859995384603729, 0.011786600081498937, 0.011078100036336382, 0.010704889178086117, 0.010639720893641577, 0.010539192937314146, 0.010168241768549543, 0.00998162538302286, 0.009777320909322687, 0.009265546480900267, 0.009008069767139828, 0.008610711931808398, 0.008332182234710946, 0.008257996901725536, 0.008076729543656787, 0.008066112553317434, 0.007550011688534129, 0.007351959758527231, 0.007255502304013338, 0.006620070554599649, 0.006440471766608079, 0.006144162262949058, 0.005664901533573402, 0.005627784057644778, 0.00562212234630214, 0.005059097230262456, 0.0047078015830781085, 0.004631803045096888, 0.0042756896745142076, 0.0036293383594721063, 0.0032032351679041633, 0.002936830216446195, 0.0028194602448855265, 0.0023599776762284336, 0.0023469700651024793, 0.000567456471837311, 0.0, 0.0]}, "evaluations": {"eval_method": "jaccard_full_score", "singles": [[0.0, 0.0, 0.2, 0.14285714285714285, 0.1111111111111111, 0.09090909090909091, 0.07692307692307693, 0.06666666666666667, 0.058823529411764705, 0.05263157894736842, 0.1, 0.09090909090909091, 0.13043478260869565, 0.12, 0.15384615384615385, 0.14285714285714285, 0.1724137931034483, 0.2, 0.22580645161290322, 0.25, 0.2727272727272727, 0.2571428571428571, 0.24324324324324326, 0.2631578947368421, 0.28205128205128205, 0.3333333333333333, 0.35, 0.36585365853658536, 0.3488372093023256, 0.3333333333333333, 0.34782608695652173, 0.391304347826087, 0.40425531914893614, 0.3877551020408163, 0.4, 0.38461538461538464, 0.39622641509433965, 0.4339622641509434, 0.4716981132075472, 0.48148148148148145, 0.4909090909090909, 0.47368421052631576, 0.4827586206896552, 0.4666666666666667, 0.5, 0.5333333333333333, 0.5666666666666667, 0.6, 0.6065573770491803, 0.639344262295082, 0.6451612903225806, 0.6507936507936508, 0.65625, 0.6615384615384615, 0.6417910447761194, 0.6470588235294118, 0.6764705882352942, 0.6811594202898551, 0.7101449275362319, 0.7391304347826086, 0.7428571428571429, 0.7714285714285715, 0.7746478873239436, 0.8028169014084507, 0.8055555555555556, 0.8082191780821918, 0.8356164383561644, 0.863013698630137, 0.8904109589041096, 0.9178082191780822, 0.918918918918919, 0.9459459459459459, 0.972972972972973, 1.0], 0.4541729516465093], "first_gen": [[0.0, 0.0, 0.5, 0.6, 0.42857142857142855, 0.5, 0.4, 0.45454545454545453, 0.38461538461538464, 0.3333333333333333, 0.375, 0.4117647058823529, 0.4444444444444444, 0.47368421052631576, 0.5, 0.5238095238095238, 0.5454545454545454, 0.5652173913043478, 0.5833333333333334, 0.5384615384615384, 0.5, 0.5172413793103449, 0.5333333333333333, 0.5, 0.5151515151515151, 0.5294117647058824, 0.5428571428571428, 0.5555555555555556, 0.5263157894736842, 0.5384615384615384, 0.5121951219512195, 0.5238095238095238, 0.5714285714285714, 0.5813953488372093, 0.5909090909090909, 0.6, 0.574468085106383, 0.5510204081632653, 0.5294117647058824, 0.5384615384615384, 0.5185185185185185, 0.5555555555555556, 0.5636363636363636, 0.5714285714285714, 0.5517241379310345, 0.5333333333333333, 0.5666666666666667, 0.6, 0.6065573770491803, 0.639344262295082, 0.6451612903225806, 0.6507936507936508, 0.65625, 0.6875, 0.6923076923076923, 0.6716417910447762, 0.6764705882352942, 0.7058823529411765, 0.7101449275362319, 0.7142857142857143, 0.7428571428571429, 0.7222222222222222, 0.726027397260274, 0.7534246575342466, 0.7567567567567568, 0.7837837837837838, 0.8108108108108109, 0.8378378378378378, 0.8648648648648649, 0.8918918918918919, 0.918918918918919, 0.9459459459459459, 0.972972972972973, 1.0], 0.5909476816992161]}}