{"rank_algo": "random_forest_score", "seed": 30, "subsampling_proportion": 0.00016, "exec_time": 0.12900018692016602, "results": {"features": ["feature81", "feature82", "feature22", "feature8", "feature21", "feature7", "feature55", "feature1", "feature10", "feature3", "feature57", "feature33", "feature59", "feature2", "feature9", "feature43", "feature60", "feature37", "feature23", "feature39", "feature20", "feature19", "feature58", "feature18", "feature11", "feature0", "feature29", "feature69", "feature49", "feature38", "feature30", "feature36", "feature26", "feature40", "feature42", "feature44", "feature71", "feature46", "feature17", "feature15", "feature12", "feature52", "feature67", "feature41", "feature63", "feature47", "feature53", "feature64", "feature51", "feature31", "feature50", "feature66", "feature61", "feature68", "feature54", "feature28", "feature27", "feature24", "feature25", "feature48", "feature16", "feature4", "feature5", "feature56", "feature34", "feature45", "feature35", "feature62", "feature90", "feature13", "feature65", "feature6", "feature72", "feature73"], "scores": [0.0425869396651708, 0.03327328948309419, 0.029313934276096507, 0.026261077275160964, 0.026027158253169834, 0.025951041018426966, 0.02441719002844062, 0.02308084604616655, 0.022872925471880325, 0.022662675951471783, 0.022438368289754887, 0.02186022005677023, 0.021722428313912953, 0.021236344853989925, 0.02086186981646935, 0.020847662406025803, 0.019803054071506673, 0.019492118336605857, 0.01928438076065234, 0.019246494891898055, 0.019186920075064166, 0.01869489604061826, 0.0176616749353056, 0.017359652361242296, 0.016811120350986485, 0.016612339555735607, 0.016529356152121435, 0.01642775672712153, 0.01560879315109021, 0.014969550980927488, 0.014668434171342252, 0.014638530361062375, 0.014356912235438715, 0.013946338772507864, 0.013556553392737695, 0.012957882968957264, 0.012051564888396532, 0.010706228170199344, 0.00986264894349228, 0.009853357363446998, 0.00975649099052048, 0.009465630055610762, 0.009409053061837265, 0.00940082785041281, 0.00927634394391602, 0.009192927521303167, 0.008970239521286491, 0.008711390981154827, 0.008581511394750245, 0.00845617967623144, 0.008145283637479649, 0.008135908729322013, 0.007994688244449506, 0.007715863429752485, 0.007572852018286612, 0.007419408395460499, 0.007274406388175766, 0.0072662353540426374, 0.007205054336760643, 0.007157231884960822, 0.006534831385917084, 0.006423757922125002, 0.006195655016622569, 0.00568084179700486, 0.005656992099698113, 0.00508086836988931, 0.004549203156089252, 0.003917061699654814, 0.0037375772354854915, 0.0029375068824561974, 0.0024776461548841966, 0.0, 0.0, 0.0]}, "evaluations": {"eval_method": "jaccard_full_score", "singles": [[0.0, 0.0, 0.0, 0.0, 0.1111111111111111, 0.09090909090909091, 0.07692307692307693, 0.06666666666666667, 0.125, 0.1111111111111111, 0.15789473684210525, 0.14285714285714285, 0.13043478260869565, 0.12, 0.15384615384615385, 0.14285714285714285, 0.1724137931034483, 0.2, 0.22580645161290322, 0.21212121212121213, 0.23529411764705882, 0.2571428571428571, 0.2777777777777778, 0.2972972972972973, 0.3157894736842105, 0.3333333333333333, 0.3170731707317073, 0.3333333333333333, 0.3488372093023256, 0.3333333333333333, 0.34782608695652173, 0.3333333333333333, 0.3469387755102041, 0.36, 0.37254901960784315, 0.3584905660377358, 0.37037037037037035, 0.4074074074074074, 0.41818181818181815, 0.45454545454545453, 0.4909090909090909, 0.47368421052631576, 0.4827586206896552, 0.5172413793103449, 0.5517241379310345, 0.559322033898305, 0.5666666666666667, 0.5737704918032787, 0.5806451612903226, 0.5873015873015873, 0.59375, 0.5757575757575758, 0.6060606060606061, 0.5882352941176471, 0.5942028985507246, 0.6, 0.6285714285714286, 0.6571428571428571, 0.6619718309859155, 0.6666666666666666, 0.6944444444444444, 0.7222222222222222, 0.75, 0.7777777777777778, 0.7567567567567568, 0.7837837837837838, 0.8108108108108109, 0.8378378378378378, 0.8648648648648649, 0.8918918918918919, 0.918918918918919, 0.9459459459459459, 0.972972972972973, 1.0], 0.4362112051303019], "first_gen": [[0.0, 0.0, 0.5, 0.6, 0.42857142857142855, 0.3333333333333333, 0.2727272727272727, 0.3333333333333333, 0.38461538461538464, 0.5384615384615384, 0.5714285714285714, 0.5, 0.4444444444444444, 0.47368421052631576, 0.5, 0.45454545454545453, 0.4782608695652174, 0.44, 0.46153846153846156, 0.42857142857142855, 0.4482758620689655, 0.4666666666666667, 0.4838709677419355, 0.5, 0.47058823529411764, 0.4857142857142857, 0.4594594594594595, 0.4358974358974359, 0.45, 0.42857142857142855, 0.4090909090909091, 0.391304347826087, 0.40425531914893614, 0.4166666666666667, 0.4583333333333333, 0.5, 0.5102040816326531, 0.52, 0.56, 0.5686274509803921, 0.6078431372549019, 0.5849056603773585, 0.5925925925925926, 0.6, 0.5789473684210527, 0.5862068965517241, 0.5932203389830508, 0.6, 0.6065573770491803, 0.6129032258064516, 0.6190476190476191, 0.6, 0.582089552238806, 0.5882352941176471, 0.6176470588235294, 0.6470588235294118, 0.6521739130434783, 0.6571428571428571, 0.6388888888888888, 0.6438356164383562, 0.6712328767123288, 0.6986301369863014, 0.726027397260274, 0.7534246575342466, 0.7567567567567568, 0.7837837837837838, 0.8108108108108109, 0.8378378378378378, 0.8648648648648649, 0.8918918918918919, 0.918918918918919, 0.9459459459459459, 0.972972972972973, 1.0], 0.5596361267717712]}}