{"rank_algo": "random_forest_score", "seed": 4, "subsampling_proportion": 0.0004, "exec_time": 0.2054901123046875, "results": {"features": ["feature82", "feature81", "feature23", "feature33", "feature2", "feature58", "feature44", "feature22", "feature0", "feature57", "feature19", "feature21", "feature55", "feature9", "feature49", "feature1", "feature3", "feature26", "feature8", "feature51", "feature67", "feature54", "feature7", "feature10", "feature60", "feature20", "feature18", "feature50", "feature71", "feature29", "feature17", "feature15", "feature43", "feature41", "feature30", "feature47", "feature42", "feature11", "feature59", "feature38", "feature52", "feature46", "feature68", "feature63", "feature28", "feature37", "feature40", "feature36", "feature5", "feature24", "feature53", "feature69", "feature25", "feature66", "feature64", "feature39", "feature16", "feature12", "feature27", "feature61", "feature65", "feature35", "feature48", "feature45", "feature13", "feature62", "feature56", "feature90", "feature34", "feature31", "feature4", "feature72", "feature6", "feature73"], "scores": [0.05082316507778094, 0.0444984543081441, 0.029034450889318556, 0.027073322332038043, 0.026487226895128696, 0.02523056243651586, 0.024945046711586042, 0.024617270286630112, 0.024500494290125192, 0.022805849618709562, 0.02257622209606935, 0.02185579282445804, 0.021283460682287023, 0.020644567891560016, 0.02054564419141913, 0.020424672144918762, 0.020298720994318575, 0.019913358185198314, 0.01958447257736663, 0.018375551719099655, 0.018206053454768393, 0.01819548915783668, 0.01745161183069131, 0.01639866235764054, 0.016326730319027268, 0.016138614307837, 0.015945284849290572, 0.015409219711010301, 0.014766461394466862, 0.014574642602414947, 0.014421511277188144, 0.013901657845638403, 0.013719907021478937, 0.013372190094768597, 0.013300623431194883, 0.01219963233202137, 0.011948912446259315, 0.01178853304824946, 0.011299519029604195, 0.010411680718314656, 0.01008135779537739, 0.009965788356197748, 0.009909495501818699, 0.009598790046617324, 0.009592116822118156, 0.009484878132908709, 0.009349363358265503, 0.009217325315907344, 0.009176430716591239, 0.009164958544885183, 0.008250885606707966, 0.007805117634119428, 0.007703219086706359, 0.007164791930034556, 0.007103324121637658, 0.00693275307357457, 0.0065496501348260875, 0.006329078822542535, 0.005929786995291437, 0.005459157744176455, 0.005377194503411582, 0.005100623872065062, 0.0045974918160922576, 0.004262007078048168, 0.003532237980792634, 0.00340344508660566, 0.0031509619216527973, 0.0031407593672184487, 0.0031137407124495987, 0.0026026761576901174, 0.0013287761787146087, 0.00032657220258033013, 0.0, 0.0]}, "evaluations": {"eval_method": "jaccard_full_score", "singles": [[0.0, 0.0, 0.2, 0.14285714285714285, 0.1111111111111111, 0.09090909090909091, 0.07692307692307693, 0.06666666666666667, 0.058823529411764705, 0.05263157894736842, 0.1, 0.14285714285714285, 0.13043478260869565, 0.12, 0.15384615384615385, 0.18518518518518517, 0.21428571428571427, 0.2857142857142857, 0.26666666666666666, 0.2903225806451613, 0.3125, 0.29411764705882354, 0.2777777777777778, 0.2972972972972973, 0.3157894736842105, 0.3684210526315789, 0.38461538461538464, 0.4, 0.38095238095238093, 0.3953488372093023, 0.4090909090909091, 0.4222222222222222, 0.40425531914893614, 0.4166666666666667, 0.4, 0.38461538461538464, 0.39622641509433965, 0.4074074074074074, 0.4444444444444444, 0.45454545454545453, 0.4642857142857143, 0.5, 0.5087719298245614, 0.5172413793103449, 0.5517241379310345, 0.5862068965517241, 0.6206896551724138, 0.6551724137931034, 0.6610169491525424, 0.6949152542372882, 0.6721311475409836, 0.6507936507936508, 0.65625, 0.6363636363636364, 0.6176470588235294, 0.6, 0.6285714285714286, 0.6571428571428571, 0.6857142857142857, 0.7142857142857143, 0.7428571428571429, 0.7464788732394366, 0.726027397260274, 0.7534246575342466, 0.7808219178082192, 0.8082191780821918, 0.8356164383561644, 0.863013698630137, 0.8648648648648649, 0.8918918918918919, 0.918918918918919, 0.9459459459459459, 0.972972972972973, 1.0], 0.46418502453362964], "first_gen": [[0.0, 0.0, 0.5, 0.6, 0.42857142857142855, 0.3333333333333333, 0.2727272727272727, 0.45454545454545453, 0.38461538461538464, 0.3333333333333333, 0.29411764705882354, 0.4117647058823529, 0.4444444444444444, 0.47368421052631576, 0.5, 0.5238095238095238, 0.5454545454545454, 0.5652173913043478, 0.5833333333333334, 0.5384615384615384, 0.5, 0.4666666666666667, 0.4375, 0.45454545454545453, 0.42857142857142855, 0.4857142857142857, 0.5428571428571428, 0.5135135135135135, 0.5263157894736842, 0.5, 0.5121951219512195, 0.5238095238095238, 0.5348837209302325, 0.5454545454545454, 0.5217391304347826, 0.5319148936170213, 0.5416666666666666, 0.52, 0.5294117647058824, 0.5384615384615384, 0.5185185185185185, 0.5272727272727272, 0.5357142857142857, 0.543859649122807, 0.5517241379310345, 0.559322033898305, 0.5932203389830508, 0.6271186440677966, 0.6610169491525424, 0.639344262295082, 0.6190476190476191, 0.625, 0.6060606060606061, 0.6119402985074627, 0.6176470588235294, 0.6470588235294118, 0.6521739130434783, 0.6811594202898551, 0.6857142857142857, 0.6666666666666666, 0.6944444444444444, 0.6986301369863014, 0.726027397260274, 0.7297297297297297, 0.7567567567567568, 0.7837837837837838, 0.8108108108108109, 0.8378378378378378, 0.8648648648648649, 0.8918918918918919, 0.918918918918919, 0.9459459459459459, 0.972972972972973, 1.0], 0.5704771296660086]}}