{"rank_algo": "random_forest_score", "seed": 67, "subsampling_proportion": 0.00063, "exec_time": 0.30499887466430664, "results": {"features": ["feature81", "feature82", "feature23", "feature1", "feature55", "feature57", "feature33", "feature22", "feature21", "feature10", "feature0", "feature2", "feature18", "feature44", "feature58", "feature60", "feature19", "feature7", "feature20", "feature3", "feature67", "feature9", "feature26", "feature49", "feature29", "feature8", "feature39", "feature71", "feature43", "feature50", "feature51", "feature41", "feature59", "feature17", "feature30", "feature52", "feature69", "feature36", "feature37", "feature54", "feature28", "feature38", "feature11", "feature47", "feature46", "feature64", "feature63", "feature40", "feature15", "feature45", "feature56", "feature53", "feature24", "feature42", "feature5", "feature13", "feature12", "feature35", "feature61", "feature68", "feature31", "feature66", "feature25", "feature62", "feature27", "feature65", "feature34", "feature48", "feature4", "feature90", "feature72", "feature16", "feature6", "feature73"], "scores": [0.05687472440476851, 0.05461880367300018, 0.03326255271384429, 0.028797628547253623, 0.028701548492388852, 0.028002917946432525, 0.02631319955963187, 0.025910351216002988, 0.024311215630483128, 0.02317950993806971, 0.02281280068907202, 0.022461009798042463, 0.02238397249169195, 0.02204507976840984, 0.02203773150985016, 0.02113642378763606, 0.02017072762769226, 0.01889315945496741, 0.01886622515332546, 0.018512416348621077, 0.017939422243599977, 0.017889766345943456, 0.017700376740655565, 0.017156237512409685, 0.016282629751242995, 0.015436002323853925, 0.01510850706760853, 0.013943055113806866, 0.013916944720810781, 0.01228319768300609, 0.012093338949187637, 0.012055551551868817, 0.01171867271836704, 0.0116533756740529, 0.011647963481094106, 0.011505197245150678, 0.011437172632106484, 0.011264493426716544, 0.010266595701555638, 0.010030494516034591, 0.009723673490907936, 0.009674171405013476, 0.009459986992703262, 0.009453081327741, 0.008634574468732198, 0.00857525779270449, 0.008463838547651963, 0.008116151801701733, 0.007754724233861361, 0.0073587491859159046, 0.007320353202015901, 0.007149559078174434, 0.007132453956315406, 0.0070111603871027585, 0.006569875258880746, 0.0059236205645046966, 0.005830968849753653, 0.005723990347724094, 0.00528604286815355, 0.00504880889019709, 0.004883531856162633, 0.004716503245920217, 0.004501384245537397, 0.004181716232450286, 0.003646826396326166, 0.0035388014509485015, 0.0031590307481534573, 0.003139136122765205, 0.0027424067633068073, 0.0020133175335852707, 0.0017551846541673153, 0.000890123950664399, 0.0, 0.0]}, "evaluations": {"eval_method": "jaccard_full_score", "singles": [[0.0, 0.0, 0.2, 0.14285714285714285, 0.1111111111111111, 0.09090909090909091, 0.07692307692307693, 0.06666666666666667, 0.125, 0.17647058823529413, 0.2222222222222222, 0.2, 0.18181818181818182, 0.16666666666666666, 0.15384615384615385, 0.14285714285714285, 0.21428571428571427, 0.2413793103448276, 0.26666666666666666, 0.25, 0.2727272727272727, 0.2571428571428571, 0.2777777777777778, 0.3333333333333333, 0.3157894736842105, 0.3333333333333333, 0.3170731707317073, 0.3333333333333333, 0.3181818181818182, 0.3333333333333333, 0.37777777777777777, 0.391304347826087, 0.40425531914893614, 0.3877551020408163, 0.37254901960784315, 0.3584905660377358, 0.34545454545454546, 0.35714285714285715, 0.3684210526315789, 0.40350877192982454, 0.43859649122807015, 0.4482758620689655, 0.4827586206896552, 0.4915254237288136, 0.5254237288135594, 0.5333333333333333, 0.5666666666666667, 0.6, 0.6065573770491803, 0.639344262295082, 0.6190476190476191, 0.6, 0.6307692307692307, 0.6363636363636364, 0.6417910447761194, 0.6716417910447762, 0.7014925373134329, 0.6811594202898551, 0.7101449275362319, 0.7142857142857143, 0.7183098591549296, 0.7464788732394366, 0.75, 0.7777777777777778, 0.8055555555555556, 0.8333333333333334, 0.8356164383561644, 0.8378378378378378, 0.8648648648648649, 0.8918918918918919, 0.918918918918919, 0.9459459459459459, 0.972972972972973, 1.0], 0.4551650240511851], "first_gen": [[0.0, 0.0, 0.5, 0.6, 0.42857142857142855, 0.5, 0.4, 0.45454545454545453, 0.38461538461538464, 0.5384615384615384, 0.4666666666666667, 0.6, 0.5294117647058824, 0.47368421052631576, 0.5, 0.5238095238095238, 0.5454545454545454, 0.5, 0.52, 0.5384615384615384, 0.5, 0.5172413793103449, 0.4838709677419355, 0.5, 0.47058823529411764, 0.5294117647058824, 0.5428571428571428, 0.5555555555555556, 0.5675675675675675, 0.5384615384615384, 0.55, 0.5238095238095238, 0.5, 0.5111111111111111, 0.48936170212765956, 0.5, 0.48, 0.49019607843137253, 0.4716981132075472, 0.48148148148148145, 0.4909090909090909, 0.5272727272727272, 0.5357142857142857, 0.5714285714285714, 0.5789473684210527, 0.559322033898305, 0.5666666666666667, 0.6, 0.6333333333333333, 0.639344262295082, 0.6451612903225806, 0.625, 0.6060606060606061, 0.6363636363636364, 0.6417910447761194, 0.6231884057971014, 0.6285714285714286, 0.6571428571428571, 0.6388888888888888, 0.6666666666666666, 0.6712328767123288, 0.6986301369863014, 0.7027027027027027, 0.7297297297297297, 0.7567567567567568, 0.7837837837837838, 0.8108108108108109, 0.8378378378378378, 0.8648648648648649, 0.8918918918918919, 0.918918918918919, 0.9459459459459459, 0.972972972972973, 1.0], 0.5803389946839028]}}