{"rank_algo": "random_forest_score", "seed": 73, "subsampling_proportion": 0.004, "exec_time": 1.6876137256622314, "results": {"features": ["feature82", "feature81", "feature23", "feature22", "feature33", "feature55", "feature57", "feature1", "feature2", "feature21", "feature3", "feature10", "feature20", "feature0", "feature60", "feature18", "feature19", "feature58", "feature9", "feature8", "feature49", "feature44", "feature26", "feature7", "feature67", "feature71", "feature50", "feature29", "feature47", "feature17", "feature64", "feature51", "feature59", "feature30", "feature11", "feature41", "feature5", "feature36", "feature43", "feature69", "feature52", "feature38", "feature63", "feature54", "feature46", "feature66", "feature12", "feature40", "feature53", "feature39", "feature28", "feature42", "feature37", "feature15", "feature68", "feature24", "feature61", "feature25", "feature31", "feature27", "feature62", "feature45", "feature56", "feature65", "feature48", "feature35", "feature13", "feature90", "feature16", "feature34", "feature4", "feature72", "feature6", "feature73"], "scores": [0.06035867437142008, 0.05489734020248263, 0.04816092082157822, 0.032201106037387815, 0.02721830772868777, 0.026596689165704856, 0.025999785213245034, 0.024648935450822983, 0.02441448013553202, 0.024083329728956545, 0.02340204674800422, 0.021740881791809594, 0.021639682660308662, 0.020951470440426265, 0.0206117225998352, 0.019946389400462793, 0.01986739146507918, 0.01981151692102136, 0.019042430057673653, 0.018729592021035732, 0.018209648913986087, 0.017665506659797485, 0.017016307278908013, 0.016788900597722402, 0.01641432559727778, 0.014340919234978648, 0.013536525519202279, 0.013322672484579808, 0.01177578454711976, 0.011698301333584899, 0.01149594500110134, 0.011413094000623259, 0.01128369945246561, 0.011242948656004637, 0.010690895741985998, 0.010339689930894918, 0.010207722873319962, 0.009853806073842689, 0.009801307442900737, 0.009634405309679803, 0.009563691434956813, 0.009172214384549788, 0.009009454217409668, 0.008893927248172707, 0.008882220096488307, 0.008799359973310984, 0.00817955591049508, 0.007783923816972412, 0.007588111724845826, 0.007567233378301261, 0.007523092723091477, 0.00748061238668203, 0.007053115160809897, 0.007014987816308837, 0.006499972508149947, 0.006430520973362393, 0.005557486746935239, 0.005542832016649523, 0.005008143973618199, 0.004874247181699964, 0.004855384013390686, 0.004530578791059214, 0.004307042858772805, 0.004299078968739749, 0.0037555007227712033, 0.0037479707244836248, 0.0034969917468576344, 0.0032387537705360443, 0.003154005942640448, 0.002503794965590413, 0.002440846768847167, 0.00019024744204991682, 0.0, 0.0]}, "evaluations": {"eval_method": "jaccard_full_score", "singles": [[0.0, 0.0, 0.2, 0.14285714285714285, 0.1111111111111111, 0.09090909090909091, 0.07692307692307693, 0.06666666666666667, 0.058823529411764705, 0.1111111111111111, 0.15789473684210525, 0.2, 0.18181818181818182, 0.16666666666666666, 0.15384615384615385, 0.18518518518518517, 0.25925925925925924, 0.2857142857142857, 0.26666666666666666, 0.25, 0.3125, 0.29411764705882354, 0.3142857142857143, 0.3333333333333333, 0.3157894736842105, 0.3333333333333333, 0.3170731707317073, 0.3333333333333333, 0.3181818181818182, 0.3333333333333333, 0.34782608695652173, 0.3617021276595745, 0.375, 0.36, 0.37254901960784315, 0.38461538461538464, 0.37037037037037035, 0.38181818181818183, 0.39285714285714285, 0.40350877192982454, 0.41379310344827586, 0.423728813559322, 0.4576271186440678, 0.4666666666666667, 0.5, 0.5081967213114754, 0.5409836065573771, 0.5737704918032787, 0.5806451612903226, 0.5873015873015873, 0.59375, 0.6, 0.6307692307692307, 0.6363636363636364, 0.6176470588235294, 0.6231884057971014, 0.6521739130434783, 0.6571428571428571, 0.6619718309859155, 0.6901408450704225, 0.7183098591549296, 0.7464788732394366, 0.7746478873239436, 0.8028169014084507, 0.7808219178082192, 0.8082191780821918, 0.8356164383561644, 0.863013698630137, 0.8904109589041096, 0.8918918918918919, 0.918918918918919, 0.9459459459459459, 0.972972972972973, 1.0], 0.44913572053828466], "first_gen": [[0.0, 0.0, 0.5, 1.0, 0.6666666666666666, 0.5, 0.4, 0.45454545454545453, 0.5, 0.5384615384615384, 0.5714285714285714, 0.6, 0.5294117647058824, 0.6470588235294118, 0.5789473684210527, 0.6, 0.6190476190476191, 0.5652173913043478, 0.5833333333333334, 0.6, 0.6153846153846154, 0.6296296296296297, 0.5862068965517241, 0.5483870967741935, 0.5151515151515151, 0.5757575757575758, 0.5428571428571428, 0.5135135135135135, 0.48717948717948717, 0.5384615384615384, 0.5121951219512195, 0.5238095238095238, 0.5, 0.4782608695652174, 0.4583333333333333, 0.46938775510204084, 0.48, 0.49019607843137253, 0.5, 0.48148148148148145, 0.4642857142857143, 0.47368421052631576, 0.4827586206896552, 0.5172413793103449, 0.5254237288135594, 0.5081967213114754, 0.5409836065573771, 0.5737704918032787, 0.5806451612903226, 0.6129032258064516, 0.6190476190476191, 0.625, 0.6307692307692307, 0.6615384615384615, 0.6666666666666666, 0.6716417910447762, 0.6521739130434783, 0.6571428571428571, 0.6388888888888888, 0.6438356164383562, 0.6712328767123288, 0.6756756756756757, 0.7027027027027027, 0.7297297297297297, 0.7567567567567568, 0.7837837837837838, 0.8108108108108109, 0.8378378378378378, 0.8648648648648649, 0.8918918918918919, 0.918918918918919, 0.9459459459459459, 0.972972972972973, 1.0], 0.5987675942460008]}}