{"rank_algo": "random_forest_score", "seed": 12, "subsampling_proportion": 0.00063, "exec_time": 0.3000979423522949, "results": {"features": ["feature81", "feature82", "feature57", "feature23", "feature22", "feature33", "feature60", "feature2", "feature21", "feature55", "feature1", "feature18", "feature3", "feature10", "feature67", "feature9", "feature20", "feature19", "feature71", "feature8", "feature58", "feature49", "feature26", "feature7", "feature0", "feature44", "feature50", "feature29", "feature11", "feature47", "feature46", "feature17", "feature12", "feature51", "feature43", "feature30", "feature69", "feature52", "feature36", "feature41", "feature42", "feature59", "feature64", "feature37", "feature24", "feature53", "feature63", "feature54", "feature15", "feature38", "feature68", "feature28", "feature40", "feature66", "feature90", "feature39", "feature61", "feature31", "feature56", "feature5", "feature45", "feature62", "feature65", "feature27", "feature25", "feature34", "feature13", "feature35", "feature48", "feature4", "feature16", "feature72", "feature6", "feature73"], "scores": [0.05305736918117348, 0.04760539834289772, 0.0336231226740148, 0.03259256399037183, 0.026662687325556322, 0.025192927547506117, 0.024426557672759266, 0.023881923820914242, 0.022674153126203758, 0.022211805489623898, 0.02170174242986343, 0.021281502739585855, 0.020866335915590273, 0.02071787201263342, 0.02063355016470327, 0.02055676268589987, 0.020429700986512703, 0.019926222242962765, 0.01956153930543166, 0.018617398343906955, 0.01784555862999587, 0.017811002612905177, 0.01766567759117764, 0.016843726657958136, 0.016579643209058935, 0.01565167126593466, 0.015225518016971508, 0.014293739247115864, 0.01418881198940914, 0.014046139993556956, 0.01294314806412943, 0.012870863681070543, 0.012441486375095163, 0.012380670868307837, 0.01187571442574215, 0.011553091651817875, 0.011273104763972995, 0.011066308487773987, 0.010983414332206945, 0.010843570793421221, 0.010279966892500787, 0.010211087795442267, 0.010042068331892449, 0.009897567443091298, 0.009508377830963756, 0.00902138159767806, 0.008906316186848257, 0.008856255938978496, 0.008833568931915097, 0.00870003636167115, 0.008485638900390982, 0.008168592663159481, 0.008098082412207426, 0.00723565518781075, 0.007097462556421094, 0.0065150430458145595, 0.006254245521863334, 0.006208198300450876, 0.005831105624405381, 0.005809334385300604, 0.005724771479963125, 0.005577318136972959, 0.00481625540983126, 0.004117150026639805, 0.004110378288921767, 0.0040635234110228844, 0.0030863719783347236, 0.0030638612255747795, 0.0024762597030763395, 0.0023955030764802724, 0.0013890426697156647, 0.0006155800289266706, 0.0, 0.0]}, "evaluations": {"eval_method": "jaccard_full_score", "singles": [[0.0, 0.0, 0.0, 0.14285714285714285, 0.1111111111111111, 0.09090909090909091, 0.07692307692307693, 0.06666666666666667, 0.125, 0.1111111111111111, 0.15789473684210525, 0.14285714285714285, 0.13043478260869565, 0.16666666666666666, 0.15384615384615385, 0.14285714285714285, 0.21428571428571427, 0.2857142857142857, 0.26666666666666666, 0.25, 0.2727272727272727, 0.29411764705882354, 0.3142857142857143, 0.3333333333333333, 0.3157894736842105, 0.3333333333333333, 0.3170731707317073, 0.3333333333333333, 0.3488372093023256, 0.36363636363636365, 0.4090909090909091, 0.391304347826087, 0.40425531914893614, 0.4166666666666667, 0.4, 0.38461538461538464, 0.37037037037037035, 0.35714285714285715, 0.39285714285714285, 0.42857142857142855, 0.4642857142857143, 0.5, 0.5087719298245614, 0.5172413793103449, 0.5517241379310345, 0.559322033898305, 0.5932203389830508, 0.6271186440677966, 0.6333333333333333, 0.639344262295082, 0.6190476190476191, 0.625, 0.65625, 0.6363636363636364, 0.6417910447761194, 0.6231884057971014, 0.6521739130434783, 0.6571428571428571, 0.6857142857142857, 0.7142857142857143, 0.7428571428571429, 0.7714285714285715, 0.8, 0.8285714285714286, 0.8055555555555556, 0.8082191780821918, 0.8356164383561644, 0.863013698630137, 0.8648648648648649, 0.8918918918918919, 0.918918918918919, 0.9459459459459459, 0.972972972972973, 1.0], 0.4585249127097916], "first_gen": [[0.0, 0.0, 0.2, 0.6, 0.6666666666666666, 0.5, 0.4, 0.45454545454545453, 0.38461538461538464, 0.42857142857142855, 0.4666666666666667, 0.4117647058823529, 0.4444444444444444, 0.47368421052631576, 0.42857142857142855, 0.5238095238095238, 0.5454545454545454, 0.5652173913043478, 0.52, 0.5384615384615384, 0.5, 0.5714285714285714, 0.5333333333333333, 0.5, 0.5151515151515151, 0.5757575757575758, 0.5428571428571428, 0.5135135135135135, 0.48717948717948717, 0.5, 0.47619047619047616, 0.4883720930232558, 0.5, 0.5111111111111111, 0.5217391304347826, 0.5, 0.5102040816326531, 0.49019607843137253, 0.5, 0.48148148148148145, 0.4909090909090909, 0.5, 0.5087719298245614, 0.543859649122807, 0.5254237288135594, 0.5081967213114754, 0.5161290322580645, 0.5483870967741935, 0.5806451612903226, 0.6129032258064516, 0.59375, 0.6, 0.6060606060606061, 0.6119402985074627, 0.6417910447761194, 0.6716417910447762, 0.6521739130434783, 0.6571428571428571, 0.6619718309859155, 0.6666666666666666, 0.6712328767123288, 0.6986301369863014, 0.7027027027027027, 0.7297297297297297, 0.7567567567567568, 0.7837837837837838, 0.8108108108108109, 0.8378378378378378, 0.8648648648648649, 0.8918918918918919, 0.918918918918919, 0.9459459459459459, 0.972972972972973, 1.0], 0.5692525048671183]}}