{"rank_algo": "random_forest_score", "seed": 32, "subsampling_proportion": 0.0025, "exec_time": 1.0821118354797363, "results": {"features": ["feature82", "feature81", "feature23", "feature22", "feature33", "feature55", "feature3", "feature2", "feature1", "feature60", "feature21", "feature57", "feature18", "feature0", "feature10", "feature20", "feature9", "feature58", "feature49", "feature19", "feature26", "feature8", "feature44", "feature7", "feature67", "feature71", "feature50", "feature47", "feature29", "feature17", "feature59", "feature30", "feature51", "feature11", "feature64", "feature36", "feature41", "feature46", "feature63", "feature52", "feature69", "feature43", "feature66", "feature38", "feature54", "feature53", "feature37", "feature5", "feature15", "feature28", "feature42", "feature12", "feature39", "feature40", "feature24", "feature68", "feature27", "feature48", "feature61", "feature45", "feature62", "feature31", "feature56", "feature13", "feature25", "feature65", "feature90", "feature35", "feature4", "feature34", "feature16", "feature72", "feature6", "feature73"], "scores": [0.06303234055106985, 0.05177071887343172, 0.03607333472901603, 0.03414682412930119, 0.026419725646854193, 0.025510666013131015, 0.0249877304212705, 0.02410406634304714, 0.024053835243488652, 0.023986555132855077, 0.022777377708571907, 0.02231503713262171, 0.02187285333364551, 0.021262478354105968, 0.020912730215700746, 0.020716184599542716, 0.019788649905828445, 0.019738519924727468, 0.01944150428427437, 0.0192917815346712, 0.017933111421829174, 0.017353330670442525, 0.017231445265150483, 0.015915024049020395, 0.015612108878647396, 0.013965456753321493, 0.013937299743590299, 0.01365001884670359, 0.01302010586635331, 0.012728283866199038, 0.012049101448249935, 0.012003631805117584, 0.01180730939806908, 0.01176904898517096, 0.011607029061609353, 0.011546135833145975, 0.010920648635670287, 0.010782194973850669, 0.010425179931272207, 0.009782167727222055, 0.009541403389397922, 0.009347988312137772, 0.009050894001279527, 0.009003166134160854, 0.008762676846318115, 0.008302362374215437, 0.008063728407057864, 0.008017435797850239, 0.00789197370712084, 0.007567214894546131, 0.007473825830265823, 0.007203714812614544, 0.007202745245606134, 0.007104947233025678, 0.00675562111991831, 0.0065160376385163645, 0.006459116957604628, 0.006216129422214727, 0.005846487023064965, 0.0053989108144415765, 0.005099716609436641, 0.005011143664346033, 0.004854076365820978, 0.0048005004941991634, 0.004531176197429496, 0.003934003147346427, 0.0035851140670040906, 0.0033170456200888017, 0.0026999780756000245, 0.0022768461419244985, 0.001767895687265854, 0.00015457673038936587, 0.0, 0.0]}, "evaluations": {"eval_method": "jaccard_full_score", "singles": [[0.0, 0.0, 0.2, 0.14285714285714285, 0.1111111111111111, 0.09090909090909091, 0.07692307692307693, 0.06666666666666667, 0.058823529411764705, 0.05263157894736842, 0.15789473684210525, 0.14285714285714285, 0.13043478260869565, 0.12, 0.15384615384615385, 0.18518518518518517, 0.21428571428571427, 0.2413793103448276, 0.26666666666666666, 0.2903225806451613, 0.3548387096774194, 0.3333333333333333, 0.3142857142857143, 0.3333333333333333, 0.3157894736842105, 0.3333333333333333, 0.3170731707317073, 0.3333333333333333, 0.3181818181818182, 0.3333333333333333, 0.37777777777777777, 0.3617021276595745, 0.375, 0.3877551020408163, 0.37254901960784315, 0.3584905660377358, 0.37037037037037035, 0.4074074074074074, 0.4444444444444444, 0.45454545454545453, 0.4642857142857143, 0.47368421052631576, 0.4827586206896552, 0.4666666666666667, 0.5, 0.5081967213114754, 0.5409836065573771, 0.5483870967741935, 0.5806451612903226, 0.6129032258064516, 0.6190476190476191, 0.625, 0.6307692307692307, 0.6363636363636364, 0.6417910447761194, 0.6231884057971014, 0.6521739130434783, 0.6571428571428571, 0.6857142857142857, 0.7142857142857143, 0.7428571428571429, 0.7464788732394366, 0.7746478873239436, 0.8028169014084507, 0.7808219178082192, 0.8082191780821918, 0.8356164383561644, 0.863013698630137, 0.8904109589041096, 0.8918918918918919, 0.918918918918919, 0.9459459459459459, 0.972972972972973, 1.0], 0.45257907877280235], "first_gen": [[0.0, 0.0, 0.5, 1.0, 0.6666666666666666, 0.5, 0.5555555555555556, 0.6, 0.6363636363636364, 0.5384615384615384, 0.5714285714285714, 0.5, 0.4444444444444444, 0.47368421052631576, 0.5, 0.6, 0.6190476190476191, 0.5652173913043478, 0.5833333333333334, 0.6, 0.5555555555555556, 0.5714285714285714, 0.5862068965517241, 0.5483870967741935, 0.5151515151515151, 0.5757575757575758, 0.5428571428571428, 0.5135135135135135, 0.48717948717948717, 0.5384615384615384, 0.5121951219512195, 0.4883720930232558, 0.5, 0.4782608695652174, 0.4583333333333333, 0.5, 0.48, 0.49019607843137253, 0.4716981132075472, 0.45454545454545453, 0.43859649122807015, 0.4482758620689655, 0.4576271186440678, 0.4915254237288136, 0.5, 0.4838709677419355, 0.5161290322580645, 0.5483870967741935, 0.5806451612903226, 0.6129032258064516, 0.6190476190476191, 0.625, 0.6307692307692307, 0.6615384615384615, 0.6666666666666666, 0.6716417910447762, 0.6764705882352942, 0.7058823529411765, 0.6857142857142857, 0.6666666666666666, 0.6944444444444444, 0.6986301369863014, 0.7027027027027027, 0.7297297297297297, 0.7567567567567568, 0.7837837837837838, 0.8108108108108109, 0.8378378378378378, 0.8648648648648649, 0.8918918918918919, 0.918918918918919, 0.9459459459459459, 0.972972972972973, 1.0], 0.5961500241675655]}}