{"rank_algo": "random_forest_score", "seed": 46, "subsampling_proportion": 0.01, "exec_time": 3.579683780670166, "results": {"features": ["feature82", "feature81", "feature23", "feature22", "feature33", "feature57", "feature2", "feature21", "feature55", "feature1", "feature10", "feature3", "feature60", "feature0", "feature20", "feature58", "feature8", "feature19", "feature49", "feature9", "feature18", "feature44", "feature7", "feature67", "feature26", "feature50", "feature29", "feature71", "feature59", "feature30", "feature47", "feature51", "feature17", "feature64", "feature36", "feature11", "feature43", "feature41", "feature52", "feature69", "feature46", "feature38", "feature63", "feature66", "feature54", "feature37", "feature12", "feature5", "feature68", "feature53", "feature28", "feature15", "feature42", "feature40", "feature24", "feature39", "feature90", "feature61", "feature56", "feature27", "feature62", "feature31", "feature48", "feature45", "feature25", "feature13", "feature65", "feature35", "feature4", "feature16", "feature34", "feature72", "feature6", "feature73"], "scores": [0.06839439680960532, 0.05365662669396299, 0.05027204425746615, 0.027500659035826186, 0.027184363573762457, 0.024988392640976683, 0.02496951109966207, 0.02416073474351094, 0.02361045685268806, 0.022895233295403064, 0.02168767635028599, 0.021682319148850708, 0.021565327763422026, 0.020138989741185127, 0.019901634826617567, 0.019807186875148836, 0.019218132097230528, 0.019138290191886738, 0.019047623382337203, 0.01876035829942595, 0.01851742177444343, 0.017541659331761075, 0.016940780187670357, 0.016236499510433638, 0.015811583834205233, 0.014786495244942193, 0.013991746951850525, 0.013384310679870162, 0.013222221832251482, 0.012769060101357765, 0.01247962118146117, 0.011239331310156411, 0.011207285651599057, 0.011076969719128494, 0.011066371515747277, 0.01077081780057497, 0.010591885042386834, 0.0104904432402355, 0.010145971398867278, 0.010064553066593727, 0.01002571926211287, 0.009276801531319124, 0.00913657891285594, 0.00866303366388204, 0.008290165358041167, 0.008199605442182062, 0.00798399953670239, 0.007844589941490614, 0.00766957477853298, 0.007420688994229086, 0.00732798939310052, 0.007112273626254353, 0.0068623249924194, 0.006738105760023315, 0.006654164399368212, 0.005960639162645749, 0.0057889094705077275, 0.005680209703273898, 0.005654553824965024, 0.005542775310138331, 0.005021662972463243, 0.004798888053354024, 0.0045247506920619105, 0.004334130583291953, 0.0041477707661853915, 0.003736325155428429, 0.0036023497700389488, 0.003271981416876234, 0.0028578554889669206, 0.0025548952290031135, 0.0019812694284829842, 0.00040845911006532937, 1.1971214945567385e-05, 0.0]}, "evaluations": {"eval_method": "jaccard_full_score", "singles": [[0.0, 0.0, 0.2, 0.14285714285714285, 0.1111111111111111, 0.09090909090909091, 0.07692307692307693, 0.14285714285714285, 0.125, 0.1111111111111111, 0.2222222222222222, 0.2, 0.18181818181818182, 0.16666666666666666, 0.15384615384615385, 0.18518518518518517, 0.21428571428571427, 0.2857142857142857, 0.3103448275862069, 0.2903225806451613, 0.3125, 0.29411764705882354, 0.2777777777777778, 0.2972972972972973, 0.3157894736842105, 0.3333333333333333, 0.3170731707317073, 0.3333333333333333, 0.3488372093023256, 0.36363636363636365, 0.37777777777777777, 0.391304347826087, 0.375, 0.36, 0.34615384615384615, 0.3584905660377358, 0.34545454545454546, 0.38181818181818183, 0.39285714285714285, 0.40350877192982454, 0.43859649122807015, 0.4482758620689655, 0.4827586206896552, 0.4666666666666667, 0.5, 0.5333333333333333, 0.5666666666666667, 0.5737704918032787, 0.5806451612903226, 0.5873015873015873, 0.59375, 0.6, 0.6307692307692307, 0.6363636363636364, 0.6417910447761194, 0.6231884057971014, 0.6521739130434783, 0.6811594202898551, 0.7101449275362319, 0.7391304347826086, 0.7681159420289855, 0.7714285714285715, 0.7746478873239436, 0.8028169014084507, 0.7808219178082192, 0.8082191780821918, 0.8356164383561644, 0.863013698630137, 0.8904109589041096, 0.9178082191780822, 0.918918918918919, 0.9459459459459459, 0.972972972972973, 1.0], 0.4571843660978392], "first_gen": [[0.0, 0.0, 0.5, 1.0, 0.6666666666666666, 0.5, 0.4, 0.45454545454545453, 0.38461538461538464, 0.5384615384615384, 0.5714285714285714, 0.6, 0.5294117647058824, 0.5555555555555556, 0.5789473684210527, 0.5238095238095238, 0.5454545454545454, 0.5652173913043478, 0.5833333333333334, 0.6, 0.6153846153846154, 0.6296296296296297, 0.5862068965517241, 0.5483870967741935, 0.5151515151515151, 0.5294117647058824, 0.5, 0.5135135135135135, 0.48717948717948717, 0.4634146341463415, 0.47619047619047616, 0.4883720930232558, 0.5, 0.4782608695652174, 0.48936170212765956, 0.5, 0.5102040816326531, 0.49019607843137253, 0.4716981132075472, 0.45454545454545453, 0.4642857142857143, 0.47368421052631576, 0.4827586206896552, 0.4915254237288136, 0.5, 0.5081967213114754, 0.5409836065573771, 0.5737704918032787, 0.5806451612903226, 0.5873015873015873, 0.59375, 0.6, 0.6060606060606061, 0.6363636363636364, 0.6417910447761194, 0.6716417910447762, 0.6764705882352942, 0.6811594202898551, 0.6857142857142857, 0.6901408450704225, 0.7183098591549296, 0.7222222222222222, 0.726027397260274, 0.7297297297297297, 0.7567567567567568, 0.7837837837837838, 0.8108108108108109, 0.8378378378378378, 0.8648648648648649, 0.8918918918918919, 0.918918918918919, 0.9459459459459459, 0.972972972972973, 1.0], 0.5919297516063409]}}