{"rank_algo": "random_forest_score", "seed": 21, "subsampling_proportion": 0.00016, "exec_time": 0.1269998550415039, "results": {"features": ["feature82", "feature1", "feature23", "feature81", "feature57", "feature21", "feature20", "feature33", "feature38", "feature60", "feature44", "feature55", "feature22", "feature54", "feature8", "feature3", "feature58", "feature10", "feature19", "feature0", "feature26", "feature7", "feature2", "feature43", "feature49", "feature36", "feature18", "feature9", "feature51", "feature67", "feature52", "feature50", "feature47", "feature71", "feature17", "feature59", "feature37", "feature41", "feature29", "feature63", "feature40", "feature56", "feature69", "feature35", "feature30", "feature28", "feature13", "feature46", "feature66", "feature64", "feature27", "feature11", "feature39", "feature68", "feature15", "feature12", "feature61", "feature42", "feature48", "feature25", "feature31", "feature62", "feature16", "feature5", "feature90", "feature53", "feature24", "feature65", "feature45", "feature34", "feature4", "feature6", "feature72", "feature73"], "scores": [0.0525002928718895, 0.042461589187996474, 0.03525730923754304, 0.0325657069655117, 0.026762771087529003, 0.026526279994657558, 0.025885265571946814, 0.02545236189021294, 0.02499632846431264, 0.023941151081392477, 0.02272761788522275, 0.022193772808504306, 0.021998967212884923, 0.020877922415214255, 0.020853224036613126, 0.02067983244460017, 0.02045274906196235, 0.02038849951536047, 0.020040211335688785, 0.017915794641381214, 0.01783342695013212, 0.01773806282062124, 0.01758310363376905, 0.017164181331476628, 0.0168006555880955, 0.01653716270332, 0.016356203783352948, 0.015536851597029444, 0.015524843772089831, 0.015301037096553305, 0.015077108947459079, 0.014607864612850654, 0.01415323998791118, 0.013402295001660638, 0.012930469703525104, 0.012630403476819598, 0.012458979891851159, 0.01235672773682978, 0.012071990675865922, 0.011928504427560199, 0.01079313788656348, 0.009672502315204383, 0.009209641978181726, 0.008564048421411046, 0.008397890741135443, 0.007833154265540765, 0.007755878149782158, 0.007194700254427956, 0.007100963960137398, 0.006840414802741721, 0.006612368567609839, 0.006556051864688028, 0.006433509296547838, 0.006294609906742659, 0.005873283539871987, 0.005616586080763696, 0.005545114994264863, 0.00539958682972363, 0.004949330564398389, 0.004915573289015417, 0.0040324568543889374, 0.003888901711860874, 0.0038437766668457836, 0.0037794866817403455, 0.0036092856567400107, 0.0035911488176000018, 0.003576198224389647, 0.0035298790761892616, 0.0024866633918917943, 0.002416900592673311, 0.0012161931677297632, 0.0, 0.0, 0.0]}, "evaluations": {"eval_method": "jaccard_full_score", "singles": [[0.0, 0.0, 0.2, 0.14285714285714285, 0.1111111111111111, 0.2, 0.16666666666666666, 0.14285714285714285, 0.125, 0.1111111111111111, 0.15789473684210525, 0.14285714285714285, 0.13043478260869565, 0.12, 0.1111111111111111, 0.14285714285714285, 0.1724137931034483, 0.2, 0.22580645161290322, 0.21212121212121213, 0.2727272727272727, 0.2571428571428571, 0.2777777777777778, 0.2972972972972973, 0.3157894736842105, 0.3333333333333333, 0.35, 0.36585365853658536, 0.38095238095238093, 0.36363636363636365, 0.37777777777777777, 0.3617021276595745, 0.3469387755102041, 0.36, 0.34615384615384615, 0.3584905660377358, 0.34545454545454546, 0.38181818181818183, 0.39285714285714285, 0.42857142857142855, 0.4642857142857143, 0.47368421052631576, 0.4827586206896552, 0.4915254237288136, 0.5, 0.5333333333333333, 0.5666666666666667, 0.6, 0.5806451612903226, 0.5873015873015873, 0.59375, 0.6, 0.6060606060606061, 0.5882352941176471, 0.5942028985507246, 0.6231884057971014, 0.6521739130434783, 0.6811594202898551, 0.6857142857142857, 0.6901408450704225, 0.6944444444444444, 0.7222222222222222, 0.75, 0.7777777777777778, 0.8055555555555556, 0.8082191780821918, 0.8356164383561644, 0.863013698630137, 0.8904109589041096, 0.8918918918918919, 0.918918918918919, 0.9459459459459459, 0.972972972972973, 1.0], 0.44796151705225096], "first_gen": [[0.0, 0.0, 0.5, 0.6, 0.42857142857142855, 0.5, 0.4, 0.3333333333333333, 0.2857142857142857, 0.3333333333333333, 0.29411764705882354, 0.2631578947368421, 0.3, 0.3333333333333333, 0.42857142857142855, 0.45454545454545453, 0.4166666666666667, 0.44, 0.46153846153846156, 0.48148148148148145, 0.4482758620689655, 0.41935483870967744, 0.4375, 0.45454545454545453, 0.47058823529411764, 0.4857142857142857, 0.5, 0.5135135135135135, 0.5263157894736842, 0.5, 0.47619047619047616, 0.45454545454545453, 0.4666666666666667, 0.5111111111111111, 0.5555555555555556, 0.5652173913043478, 0.5416666666666666, 0.52, 0.5294117647058824, 0.5094339622641509, 0.5471698113207547, 0.5555555555555556, 0.5636363636363636, 0.5714285714285714, 0.5517241379310345, 0.5862068965517241, 0.5932203389830508, 0.6271186440677966, 0.6333333333333333, 0.639344262295082, 0.6451612903225806, 0.625, 0.6307692307692307, 0.6363636363636364, 0.6666666666666666, 0.696969696969697, 0.6764705882352942, 0.7058823529411765, 0.7101449275362319, 0.7142857142857143, 0.6944444444444444, 0.7222222222222222, 0.75, 0.7777777777777778, 0.7808219178082192, 0.7837837837837838, 0.8108108108108109, 0.8378378378378378, 0.8648648648648649, 0.8918918918918919, 0.918918918918919, 0.9459459459459459, 0.972972972972973, 1.0], 0.5612153039135351]}}