{"rank_algo": "random_forest_score", "seed": 56, "subsampling_proportion": 0.001, "exec_time": 0.41329431533813477, "results": {"features": ["feature82", "feature23", "feature81", "feature21", "feature33", "feature1", "feature22", "feature57", "feature55", "feature3", "feature60", "feature2", "feature10", "feature18", "feature20", "feature44", "feature58", "feature47", "feature19", "feature0", "feature8", "feature9", "feature7", "feature49", "feature26", "feature67", "feature17", "feature41", "feature29", "feature51", "feature50", "feature71", "feature46", "feature69", "feature59", "feature64", "feature42", "feature43", "feature30", "feature11", "feature38", "feature5", "feature37", "feature24", "feature56", "feature54", "feature36", "feature40", "feature52", "feature63", "feature53", "feature16", "feature61", "feature15", "feature28", "feature39", "feature66", "feature68", "feature12", "feature62", "feature27", "feature25", "feature65", "feature13", "feature45", "feature48", "feature35", "feature31", "feature90", "feature4", "feature34", "feature72", "feature6", "feature73"], "scores": [0.064228492744713, 0.04597067454173897, 0.04343198432948674, 0.02601916844171777, 0.026016446004127416, 0.02590588457555313, 0.02500701029091598, 0.024213665280227534, 0.02392659745518374, 0.021744970690678635, 0.02169770614804316, 0.02146843245709055, 0.02073593267865903, 0.020549968298012325, 0.020515330393442513, 0.02047767706943052, 0.020042930286842123, 0.01866029387166946, 0.018595683479338113, 0.017984565245208584, 0.017219224511653232, 0.017215366096890238, 0.015898939959015087, 0.015759517297010757, 0.014270858319329307, 0.014239136076577926, 0.01386835961489422, 0.01302941556110967, 0.012790020770294688, 0.012775219737774613, 0.012737429046848261, 0.012683716366022453, 0.011641977668318976, 0.011558212110770379, 0.011185178786570778, 0.011152949902584627, 0.011131446045350617, 0.011037683666741975, 0.01055117449543652, 0.0098711670245868, 0.009795747804993154, 0.009769642988653012, 0.009764476249478606, 0.00974201563802073, 0.009594951179282659, 0.009459100962027171, 0.009387369666363374, 0.009275301020030994, 0.009261354122733524, 0.009245532218208811, 0.009048694311192252, 0.00860224264243415, 0.008336531457807321, 0.008286872905884524, 0.007928756643213469, 0.007894862283753502, 0.007644477185886174, 0.006854396517231638, 0.006084185345142794, 0.005626896499837675, 0.00493627957827482, 0.004661751832687945, 0.004405395498872298, 0.003968582974792649, 0.0038875036415759205, 0.003720811183799541, 0.003663851104549303, 0.0033912263049080678, 0.003051523255137071, 0.00286054573061262, 0.0015485256135919865, 0.0004901882991618817, 0.0, 0.0]}, "evaluations": {"eval_method": "jaccard_full_score", "singles": [[0.0, 0.3333333333333333, 0.2, 0.3333333333333333, 0.25, 0.2, 0.16666666666666666, 0.14285714285714285, 0.125, 0.1111111111111111, 0.15789473684210525, 0.14285714285714285, 0.18181818181818182, 0.16666666666666666, 0.15384615384615385, 0.18518518518518517, 0.21428571428571427, 0.2413793103448276, 0.26666666666666666, 0.25, 0.2727272727272727, 0.2571428571428571, 0.24324324324324326, 0.2972972972972973, 0.3157894736842105, 0.3333333333333333, 0.3170731707317073, 0.36585365853658536, 0.3488372093023256, 0.36363636363636365, 0.37777777777777777, 0.391304347826087, 0.40425531914893614, 0.3877551020408163, 0.4, 0.38461538461538464, 0.39622641509433965, 0.38181818181818183, 0.39285714285714285, 0.42857142857142855, 0.43859649122807015, 0.4482758620689655, 0.4576271186440678, 0.4915254237288136, 0.5, 0.5081967213114754, 0.5409836065573771, 0.5737704918032787, 0.6065573770491803, 0.639344262295082, 0.6190476190476191, 0.625, 0.65625, 0.6615384615384615, 0.6666666666666666, 0.6716417910447762, 0.6764705882352942, 0.6811594202898551, 0.7101449275362319, 0.7391304347826086, 0.7681159420289855, 0.7714285714285715, 0.7746478873239436, 0.8028169014084507, 0.8055555555555556, 0.8082191780821918, 0.8356164383561644, 0.863013698630137, 0.8904109589041096, 0.9178082191780822, 0.918918918918919, 0.9459459459459459, 0.972972972972973, 1.0], 0.4708275996953613], "first_gen": [[0.0, 0.3333333333333333, 0.5, 0.6, 0.42857142857142855, 0.5, 0.5555555555555556, 0.45454545454545453, 0.38461538461538464, 0.5384615384615384, 0.4666666666666667, 0.5, 0.5294117647058824, 0.47368421052631576, 0.5, 0.6, 0.5454545454545454, 0.5, 0.52, 0.5384615384615384, 0.5555555555555556, 0.5714285714285714, 0.5333333333333333, 0.5483870967741935, 0.5151515151515151, 0.5294117647058824, 0.5428571428571428, 0.5135135135135135, 0.48717948717948717, 0.5384615384615384, 0.5121951219512195, 0.5238095238095238, 0.5348837209302325, 0.5111111111111111, 0.48936170212765956, 0.5, 0.5102040816326531, 0.52, 0.5, 0.48148148148148145, 0.4909090909090909, 0.5, 0.5357142857142857, 0.543859649122807, 0.5517241379310345, 0.559322033898305, 0.5932203389830508, 0.6, 0.6333333333333333, 0.639344262295082, 0.6190476190476191, 0.625, 0.6060606060606061, 0.6363636363636364, 0.6417910447761194, 0.6470588235294118, 0.6521739130434783, 0.6811594202898551, 0.6857142857142857, 0.6901408450704225, 0.7183098591549296, 0.6986301369863014, 0.726027397260274, 0.7534246575342466, 0.7567567567567568, 0.7837837837837838, 0.8108108108108109, 0.8378378378378378, 0.8648648648648649, 0.8918918918918919, 0.918918918918919, 0.9459459459459459, 0.972972972972973, 1.0], 0.5917698745712907]}}