{"rank_algo": "random_forest_score", "seed": 6, "subsampling_proportion": 0.00016, "exec_time": 0.13118958473205566, "results": {"features": ["feature81", "feature82", "feature57", "feature44", "feature22", "feature33", "feature21", "feature23", "feature60", "feature19", "feature20", "feature8", "feature0", "feature1", "feature9", "feature2", "feature39", "feature26", "feature52", "feature55", "feature30", "feature58", "feature49", "feature59", "feature17", "feature7", "feature24", "feature18", "feature10", "feature29", "feature15", "feature67", "feature3", "feature37", "feature11", "feature41", "feature69", "feature50", "feature68", "feature36", "feature64", "feature63", "feature28", "feature38", "feature45", "feature16", "feature46", "feature71", "feature47", "feature43", "feature54", "feature53", "feature56", "feature51", "feature40", "feature12", "feature27", "feature31", "feature62", "feature35", "feature48", "feature61", "feature25", "feature5", "feature66", "feature13", "feature42", "feature90", "feature65", "feature4", "feature34", "feature6", "feature72", "feature73"], "scores": [0.04723801418828072, 0.044291502964716824, 0.03150574060600019, 0.02872403481198339, 0.02777680556750719, 0.026680743257487663, 0.02650276084998899, 0.02567895698683855, 0.023341125659656684, 0.022730664467254916, 0.021020670410028613, 0.020418504564141928, 0.020113089906514028, 0.019868460069721962, 0.019627340323515412, 0.019123086878050855, 0.019085723508546502, 0.01904084339597318, 0.01893566231740912, 0.018763629311200614, 0.018128185252801146, 0.01758007422352394, 0.017528901164536453, 0.017438924776976828, 0.016952734377359342, 0.016919265348860804, 0.016105768653656035, 0.015188095910926963, 0.015011591007231937, 0.014806147493878262, 0.0147136198614613, 0.014596275984529694, 0.01401727286365728, 0.013723665325394398, 0.013206506967936394, 0.013061565274297774, 0.013046239426039954, 0.01238037099519218, 0.011105198810208636, 0.01094288564091837, 0.010232741020676861, 0.010129768714322841, 0.009969499429299701, 0.009789025702149423, 0.009644275626508448, 0.009351178631330854, 0.009326460495307033, 0.009084824823992876, 0.008880277232476985, 0.008460555626539152, 0.008452272801099099, 0.007992787518184313, 0.007889931393452102, 0.0076249251637867995, 0.0072693144591170445, 0.007191319974154371, 0.006628507098910507, 0.006522403356749221, 0.0056865411716869, 0.005192275392700936, 0.005190514684105184, 0.005129696691939623, 0.0047702381495978805, 0.004713407277804515, 0.004537209771302999, 0.004062869852130471, 0.003627032602536121, 0.002166407493751025, 0.0014857213460432715, 0.0010425762941757455, 0.0010347907999626734, 0.0, 0.0, 0.0]}, "evaluations": {"eval_method": "jaccard_full_score", "singles": [[0.0, 0.0, 0.0, 0.0, 0.0, 0.0, 0.07692307692307693, 0.14285714285714285, 0.125, 0.17647058823529413, 0.15789473684210525, 0.14285714285714285, 0.13043478260869565, 0.16666666666666666, 0.15384615384615385, 0.18518518518518517, 0.21428571428571427, 0.2857142857142857, 0.26666666666666666, 0.25, 0.23529411764705882, 0.2571428571428571, 0.2777777777777778, 0.3333333333333333, 0.3157894736842105, 0.3333333333333333, 0.3170731707317073, 0.3333333333333333, 0.3488372093023256, 0.3333333333333333, 0.37777777777777777, 0.391304347826087, 0.375, 0.36, 0.37254901960784315, 0.38461538461538464, 0.37037037037037035, 0.35714285714285715, 0.3684210526315789, 0.40350877192982454, 0.41379310344827586, 0.4482758620689655, 0.4827586206896552, 0.4915254237288136, 0.5254237288135594, 0.559322033898305, 0.5932203389830508, 0.6271186440677966, 0.6065573770491803, 0.6129032258064516, 0.6190476190476191, 0.6, 0.6060606060606061, 0.6119402985074627, 0.6176470588235294, 0.6470588235294118, 0.6764705882352942, 0.6811594202898551, 0.7101449275362319, 0.6901408450704225, 0.6944444444444444, 0.7222222222222222, 0.726027397260274, 0.7534246575342466, 0.7808219178082192, 0.8082191780821918, 0.8356164383561644, 0.863013698630137, 0.8904109589041096, 0.9178082191780822, 0.918918918918919, 0.9459459459459459, 0.972972972972973, 1.0], 0.44481034493317173], "first_gen": [[0.0, 0.0, 0.2, 0.3333333333333333, 0.42857142857142855, 0.3333333333333333, 0.2727272727272727, 0.3333333333333333, 0.2857142857142857, 0.3333333333333333, 0.29411764705882354, 0.3333333333333333, 0.4444444444444444, 0.5555555555555556, 0.6666666666666666, 0.6842105263157895, 0.6190476190476191, 0.5652173913043478, 0.52, 0.48148148148148145, 0.4482758620689655, 0.41935483870967744, 0.4838709677419355, 0.45454545454545453, 0.47058823529411764, 0.4857142857142857, 0.4594594594594595, 0.47368421052631576, 0.48717948717948717, 0.4634146341463415, 0.47619047619047616, 0.45454545454545453, 0.4666666666666667, 0.44680851063829785, 0.42857142857142855, 0.44, 0.4230769230769231, 0.4074074074074074, 0.39285714285714285, 0.40350877192982454, 0.41379310344827586, 0.4, 0.43333333333333335, 0.4666666666666667, 0.45161290322580644, 0.4603174603174603, 0.49206349206349204, 0.5238095238095238, 0.5555555555555556, 0.5873015873015873, 0.59375, 0.5757575757575758, 0.582089552238806, 0.6119402985074627, 0.6176470588235294, 0.6470588235294118, 0.6521739130434783, 0.6571428571428571, 0.6619718309859155, 0.6666666666666666, 0.6944444444444444, 0.6986301369863014, 0.7027027027027027, 0.7297297297297297, 0.7567567567567568, 0.7837837837837838, 0.8108108108108109, 0.8378378378378378, 0.8648648648648649, 0.8918918918918919, 0.918918918918919, 0.9459459459459459, 0.972972972972973, 1.0], 0.5319189616834029]}}