{"rank_algo": "random_forest_score", "seed": 6, "subsampling_proportion": 0.00025, "exec_time": 0.15305066108703613, "results": {"features": ["feature81", "feature82", "feature57", "feature33", "feature20", "feature58", "feature49", "feature1", "feature0", "feature19", "feature2", "feature3", "feature55", "feature21", "feature23", "feature22", "feature60", "feature9", "feature36", "feature44", "feature38", "feature30", "feature10", "feature37", "feature11", "feature7", "feature41", "feature67", "feature8", "feature69", "feature50", "feature26", "feature18", "feature59", "feature51", "feature17", "feature54", "feature53", "feature43", "feature29", "feature63", "feature24", "feature64", "feature47", "feature52", "feature71", "feature39", "feature45", "feature31", "feature56", "feature68", "feature25", "feature46", "feature15", "feature27", "feature61", "feature40", "feature5", "feature12", "feature34", "feature28", "feature42", "feature66", "feature16", "feature48", "feature35", "feature4", "feature13", "feature62", "feature65", "feature90", "feature6", "feature72", "feature73"], "scores": [0.054765934408100486, 0.04688868151557058, 0.027555771783056047, 0.026046242505836138, 0.025822906004711172, 0.02415303777198379, 0.02410114587143116, 0.023647148438332776, 0.022768597274484038, 0.022546058787449818, 0.02250801106771524, 0.021637331159726624, 0.02113303392043019, 0.02107753530017958, 0.020940490462949057, 0.02073296013408847, 0.018242387658949116, 0.01784745600213558, 0.017726368496166916, 0.017723251400746248, 0.01761108095520833, 0.01745255259857055, 0.017180929309301686, 0.017037677713303702, 0.016329191397512564, 0.01623639580005581, 0.015966599743120882, 0.015546979890977405, 0.01547123600957293, 0.015307137477541793, 0.015222566834448604, 0.015119932711374164, 0.015069124437080951, 0.014253137565716292, 0.01420271861160692, 0.014070364769550864, 0.012216688931081202, 0.011773580761666742, 0.011678020531053166, 0.011107604524853834, 0.010845042735232575, 0.010534686809754031, 0.009825050662785774, 0.009789282518586242, 0.009768529048695797, 0.009635533169735174, 0.009455930068048443, 0.008505788740973672, 0.008294130735983382, 0.008090947769348584, 0.008050051286641583, 0.007808746693434819, 0.0075353421505089425, 0.007083021555963076, 0.007011473823166946, 0.00667216127218214, 0.006554659152940374, 0.006248479630743335, 0.0060388497292556235, 0.005793280346031902, 0.005403128515715919, 0.004710459644483535, 0.004445443846817073, 0.004379191940561272, 0.004078073155852939, 0.004054317820667985, 0.003587079611150926, 0.0035691028072058952, 0.0020951185748838462, 0.0020207717407595732, 0.001398453904247194, 0.0, 0.0, 0.0]}, "evaluations": {"eval_method": "jaccard_full_score", "singles": [[0.0, 0.0, 0.0, 0.0, 0.0, 0.0, 0.0, 0.06666666666666667, 0.058823529411764705, 0.1111111111111111, 0.15789473684210525, 0.14285714285714285, 0.13043478260869565, 0.16666666666666666, 0.2, 0.23076923076923078, 0.25925925925925924, 0.2857142857142857, 0.26666666666666666, 0.25, 0.2727272727272727, 0.2571428571428571, 0.2777777777777778, 0.2972972972972973, 0.3157894736842105, 0.3333333333333333, 0.35, 0.36585365853658536, 0.3488372093023256, 0.3333333333333333, 0.3191489361702128, 0.3333333333333333, 0.3469387755102041, 0.36, 0.37254901960784315, 0.3584905660377358, 0.37037037037037035, 0.38181818181818183, 0.39285714285714285, 0.40350877192982454, 0.43859649122807015, 0.47368421052631576, 0.4827586206896552, 0.4915254237288136, 0.5, 0.5333333333333333, 0.5409836065573771, 0.5737704918032787, 0.5555555555555556, 0.5625, 0.5454545454545454, 0.5294117647058824, 0.5588235294117647, 0.5652173913043478, 0.5714285714285714, 0.6, 0.6285714285714286, 0.6571428571428571, 0.6857142857142857, 0.6666666666666666, 0.6944444444444444, 0.7222222222222222, 0.75, 0.7777777777777778, 0.7567567567567568, 0.7837837837837838, 0.8108108108108109, 0.8378378378378378, 0.8648648648648649, 0.8918918918918919, 0.918918918918919, 0.9459459459459459, 0.972972972972973, 1.0], 0.43160737522458104], "first_gen": [[0.0, 0.0, 0.2, 0.3333333333333333, 0.25, 0.2, 0.16666666666666666, 0.23076923076923078, 0.2, 0.17647058823529413, 0.2222222222222222, 0.3333333333333333, 0.3684210526315789, 0.47368421052631576, 0.5, 0.5238095238095238, 0.4782608695652174, 0.5652173913043478, 0.52, 0.5384615384615384, 0.5, 0.4666666666666667, 0.4838709677419355, 0.45454545454545453, 0.42857142857142855, 0.40540540540540543, 0.38461538461538464, 0.36585365853658536, 0.38095238095238093, 0.36363636363636365, 0.34782608695652173, 0.3617021276595745, 0.375, 0.36, 0.4, 0.44, 0.45098039215686275, 0.4339622641509434, 0.4716981132075472, 0.45454545454545453, 0.4642857142857143, 0.4482758620689655, 0.4576271186440678, 0.4915254237288136, 0.47540983606557374, 0.4838709677419355, 0.5161290322580645, 0.5238095238095238, 0.53125, 0.5625, 0.5454545454545454, 0.5294117647058824, 0.5362318840579711, 0.5652173913043478, 0.5714285714285714, 0.5774647887323944, 0.5833333333333334, 0.6111111111111112, 0.6164383561643836, 0.6216216216216216, 0.6486486486486487, 0.6756756756756757, 0.7027027027027027, 0.7297297297297297, 0.7567567567567568, 0.7837837837837838, 0.8108108108108109, 0.8378378378378378, 0.8648648648648649, 0.8918918918918919, 0.918918918918919, 0.9459459459459459, 0.972972972972973, 1.0], 0.4981290342091024]}}