{"rank_algo": "random_forest_score", "seed": 97, "subsampling_proportion": 0.00025, "exec_time": 0.15599918365478516, "results": {"features": ["feature82", "feature81", "feature23", "feature57", "feature0", "feature1", "feature22", "feature18", "feature3", "feature55", "feature19", "feature33", "feature2", "feature7", "feature8", "feature60", "feature20", "feature21", "feature25", "feature26", "feature10", "feature9", "feature58", "feature54", "feature49", "feature44", "feature43", "feature67", "feature51", "feature71", "feature53", "feature29", "feature15", "feature30", "feature50", "feature28", "feature59", "feature11", "feature52", "feature36", "feature47", "feature63", "feature17", "feature38", "feature69", "feature64", "feature66", "feature5", "feature37", "feature41", "feature56", "feature40", "feature16", "feature24", "feature46", "feature12", "feature42", "feature13", "feature68", "feature45", "feature39", "feature35", "feature65", "feature61", "feature31", "feature90", "feature27", "feature62", "feature48", "feature4", "feature34", "feature72", "feature6", "feature73"], "scores": [0.05334698118982173, 0.052199271442838445, 0.04273672493995845, 0.027822202321249843, 0.026150530023450407, 0.02611827189488893, 0.02471271526805269, 0.024083532433222588, 0.023307414353146903, 0.022741092006036547, 0.021398471566886467, 0.021010210724241186, 0.020831623367417937, 0.01929230371861759, 0.01922682646547298, 0.01868586349644248, 0.018235537867379834, 0.01744438296453858, 0.016965691241412107, 0.016915824617729284, 0.016356348642967183, 0.016248833188938355, 0.01592965637723739, 0.015869883056375066, 0.01571857542923212, 0.015565038503024306, 0.015333964955539665, 0.015261540139255096, 0.01522535519819038, 0.014935432184155599, 0.01392202605583697, 0.013614969650367929, 0.0135880230310192, 0.013450205354651057, 0.01257761949394348, 0.012562554719144943, 0.012518566229706951, 0.011667963221529387, 0.011227845821459503, 0.011202489741337515, 0.010645689169607737, 0.010586929388415106, 0.009330199088977342, 0.009285701179426164, 0.00926540760077179, 0.009236453413902826, 0.008779839950260994, 0.008543803718235047, 0.008498958099424987, 0.00842234357901157, 0.008404193225183335, 0.008333810345664987, 0.008199870778022767, 0.008183191747604823, 0.008169268713989842, 0.007026105355142643, 0.006529086385899858, 0.006522810202333158, 0.005583293205052059, 0.005572314444816805, 0.005498147573329948, 0.005004092360284467, 0.004840511205376742, 0.004042358540326235, 0.0038765411784964436, 0.0037429141715288983, 0.003095119188655656, 0.002951997991881855, 0.002227995492012322, 0.0014968954328135253, 0.0014906162575171365, 0.0006111781193158766, 0.0, 0.0]}, "evaluations": {"eval_method": "jaccard_full_score", "singles": [[0.0, 0.0, 0.2, 0.14285714285714285, 0.1111111111111111, 0.09090909090909091, 0.07692307692307693, 0.06666666666666667, 0.058823529411764705, 0.05263157894736842, 0.15789473684210525, 0.14285714285714285, 0.13043478260869565, 0.12, 0.1111111111111111, 0.10344827586206896, 0.1724137931034483, 0.2413793103448276, 0.22580645161290322, 0.25, 0.2727272727272727, 0.2571428571428571, 0.2777777777777778, 0.2972972972972973, 0.3157894736842105, 0.3333333333333333, 0.35, 0.36585365853658536, 0.38095238095238093, 0.3953488372093023, 0.4090909090909091, 0.391304347826087, 0.40425531914893614, 0.3877551020408163, 0.37254901960784315, 0.3584905660377358, 0.39622641509433965, 0.4074074074074074, 0.41818181818181815, 0.45454545454545453, 0.4642857142857143, 0.5, 0.5087719298245614, 0.4915254237288136, 0.5, 0.5081967213114754, 0.5161290322580645, 0.5238095238095238, 0.5555555555555556, 0.5873015873015873, 0.5692307692307692, 0.5757575757575758, 0.6060606060606061, 0.6119402985074627, 0.6176470588235294, 0.6470588235294118, 0.6764705882352942, 0.6811594202898551, 0.7101449275362319, 0.7391304347826086, 0.7428571428571429, 0.7464788732394366, 0.75, 0.7777777777777778, 0.8055555555555556, 0.8333333333333334, 0.8611111111111112, 0.8888888888888888, 0.8904109589041096, 0.9178082191780822, 0.918918918918919, 0.9459459459459459, 0.972972972972973, 1.0], 0.44991140737428503], "first_gen": [[0.0, 0.0, 0.5, 0.6, 0.42857142857142855, 0.5, 0.5555555555555556, 0.45454545454545453, 0.5, 0.42857142857142855, 0.375, 0.4117647058823529, 0.5294117647058824, 0.47368421052631576, 0.5, 0.5238095238095238, 0.5454545454545454, 0.5652173913043478, 0.52, 0.48148148148148145, 0.5, 0.5172413793103449, 0.4838709677419355, 0.45454545454545453, 0.47058823529411764, 0.5294117647058824, 0.5428571428571428, 0.5135135135135135, 0.5263157894736842, 0.5384615384615384, 0.5121951219512195, 0.4883720930232558, 0.5, 0.5111111111111111, 0.48936170212765956, 0.46938775510204084, 0.48, 0.46153846153846156, 0.4444444444444444, 0.45454545454545453, 0.4642857142857143, 0.47368421052631576, 0.5087719298245614, 0.5172413793103449, 0.5, 0.4838709677419355, 0.49206349206349204, 0.5238095238095238, 0.5555555555555556, 0.5873015873015873, 0.59375, 0.6, 0.6060606060606061, 0.6119402985074627, 0.6417910447761194, 0.6470588235294118, 0.6521739130434783, 0.6571428571428571, 0.6619718309859155, 0.6666666666666666, 0.6944444444444444, 0.6986301369863014, 0.726027397260274, 0.7297297297297297, 0.7567567567567568, 0.7837837837837838, 0.8108108108108109, 0.8378378378378378, 0.8648648648648649, 0.8918918918918919, 0.918918918918919, 0.9459459459459459, 0.972972972972973, 1.0], 0.566555963198516]}}