{"rank_algo": "random_forest_score", "seed": 25, "subsampling_proportion": 0.00025, "exec_time": 0.16033577919006348, "results": {"features": ["feature81", "feature82", "feature23", "feature57", "feature2", "feature0", "feature20", "feature33", "feature19", "feature49", "feature43", "feature58", "feature7", "feature3", "feature37", "feature55", "feature1", "feature47", "feature10", "feature22", "feature8", "feature21", "feature18", "feature50", "feature51", "feature46", "feature60", "feature26", "feature17", "feature53", "feature66", "feature44", "feature24", "feature63", "feature9", "feature67", "feature40", "feature30", "feature52", "feature11", "feature59", "feature29", "feature64", "feature15", "feature54", "feature71", "feature39", "feature38", "feature42", "feature90", "feature28", "feature41", "feature35", "feature61", "feature36", "feature68", "feature69", "feature31", "feature25", "feature12", "feature5", "feature45", "feature34", "feature65", "feature13", "feature56", "feature16", "feature4", "feature62", "feature27", "feature48", "feature6", "feature72", "feature73"], "scores": [0.053464285745759225, 0.047636736376931506, 0.039031050861292146, 0.028284495629104064, 0.02827665200053666, 0.02690307320001955, 0.02585080001136336, 0.02430349691737096, 0.023609558930280664, 0.02333851513590993, 0.023180809313345017, 0.022780033063350948, 0.02266534862336473, 0.021117680077110578, 0.020025180211189982, 0.020008218540509895, 0.019965672053250734, 0.018578093554089355, 0.01853718670597606, 0.01781782308801306, 0.017371531600314235, 0.01704646237336273, 0.016908312234658215, 0.01635125236558676, 0.016271432700816917, 0.015626764352556718, 0.01545321949206873, 0.014909525660372616, 0.014803613410977811, 0.01445636699094511, 0.013869533663960178, 0.013330068057570355, 0.013177343133144758, 0.01308304295358082, 0.011890670484091986, 0.011503106741109707, 0.011156767461357858, 0.010931124843625732, 0.010921993291513032, 0.01089396317463849, 0.010604598335342054, 0.010351896104658444, 0.010202162754012726, 0.010150023716300685, 0.010143890986579846, 0.00955981803383978, 0.00929263141435588, 0.008590734775346599, 0.008413682591940164, 0.008410326741556697, 0.007952907597596088, 0.007375758788363037, 0.0068033220847807776, 0.006681680604156308, 0.006521047273892994, 0.006058770465971672, 0.005320607777750729, 0.004983587512598764, 0.004655384823172207, 0.004540990979116126, 0.004410190956774158, 0.004405136048678867, 0.004319602513659271, 0.004134532261591851, 0.00386530553524662, 0.003748354546180998, 0.0032080898884334712, 0.0025750739401282567, 0.0025701446424454557, 0.002548059399176541, 0.0022708818813316728, 0.0, 0.0, 0.0]}, "evaluations": {"eval_method": "jaccard_full_score", "singles": [[0.0, 0.0, 0.2, 0.14285714285714285, 0.1111111111111111, 0.09090909090909091, 0.07692307692307693, 0.06666666666666667, 0.125, 0.17647058823529413, 0.15789473684210525, 0.14285714285714285, 0.13043478260869565, 0.12, 0.1111111111111111, 0.14285714285714285, 0.1724137931034483, 0.2, 0.22580645161290322, 0.25, 0.2727272727272727, 0.29411764705882354, 0.2777777777777778, 0.2631578947368421, 0.28205128205128205, 0.3333333333333333, 0.35, 0.36585365853658536, 0.3488372093023256, 0.3333333333333333, 0.34782608695652173, 0.3333333333333333, 0.3469387755102041, 0.36, 0.37254901960784315, 0.3584905660377358, 0.37037037037037035, 0.35714285714285715, 0.3684210526315789, 0.40350877192982454, 0.43859649122807015, 0.4482758620689655, 0.4576271186440678, 0.4915254237288136, 0.5254237288135594, 0.559322033898305, 0.5666666666666667, 0.5737704918032787, 0.5806451612903226, 0.6129032258064516, 0.6190476190476191, 0.625, 0.6307692307692307, 0.6363636363636364, 0.6417910447761194, 0.6231884057971014, 0.6285714285714286, 0.6338028169014085, 0.6388888888888888, 0.6666666666666666, 0.6944444444444444, 0.7222222222222222, 0.726027397260274, 0.7534246575342466, 0.7808219178082192, 0.8082191780821918, 0.8356164383561644, 0.863013698630137, 0.8904109589041096, 0.8918918918918919, 0.918918918918919, 0.9459459459459459, 0.972972972972973, 1.0], 0.44227205020239885], "first_gen": [[0.0, 0.0, 0.5, 0.6, 0.42857142857142855, 0.3333333333333333, 0.2727272727272727, 0.3333333333333333, 0.2857142857142857, 0.25, 0.2222222222222222, 0.2631578947368421, 0.3, 0.4, 0.36363636363636365, 0.3333333333333333, 0.4166666666666667, 0.44, 0.46153846153846156, 0.48148148148148145, 0.5, 0.5172413793103449, 0.5333333333333333, 0.5, 0.47058823529411764, 0.4444444444444444, 0.4594594594594595, 0.47368421052631576, 0.48717948717948717, 0.5, 0.47619047619047616, 0.4883720930232558, 0.5, 0.4782608695652174, 0.48936170212765956, 0.46938775510204084, 0.48, 0.46153846153846156, 0.4444444444444444, 0.42857142857142855, 0.4642857142857143, 0.4482758620689655, 0.4576271186440678, 0.4666666666666667, 0.47540983606557374, 0.4838709677419355, 0.5161290322580645, 0.5483870967741935, 0.5806451612903226, 0.5873015873015873, 0.59375, 0.6, 0.6060606060606061, 0.6119402985074627, 0.6417910447761194, 0.6470588235294118, 0.6521739130434783, 0.6571428571428571, 0.6388888888888888, 0.6438356164383562, 0.6712328767123288, 0.6756756756756757, 0.7027027027027027, 0.7297297297297297, 0.7567567567567568, 0.7837837837837838, 0.8108108108108109, 0.8378378378378378, 0.8648648648648649, 0.8918918918918919, 0.918918918918919, 0.9459459459459459, 0.972972972972973, 1.0], 0.5297553385958083]}}