{"rank_algo": "random_forest_score", "seed": 9, "subsampling_proportion": 0.0063, "exec_time": 2.8092429637908936, "results": {"features": ["feature82", "feature23", "feature81", "feature22", "feature33", "feature1", "feature57", "feature2", "feature55", "feature21", "feature3", "feature60", "feature10", "feature20", "feature58", "feature19", "feature44", "feature0", "feature49", "feature8", "feature9", "feature18", "feature26", "feature7", "feature67", "feature50", "feature71", "feature29", "feature59", "feature51", "feature30", "feature64", "feature11", "feature47", "feature17", "feature36", "feature41", "feature52", "feature69", "feature43", "feature46", "feature54", "feature63", "feature38", "feature66", "feature37", "feature12", "feature15", "feature53", "feature68", "feature28", "feature39", "feature27", "feature40", "feature24", "feature61", "feature42", "feature62", "feature5", "feature56", "feature31", "feature45", "feature48", "feature65", "feature25", "feature13", "feature90", "feature16", "feature35", "feature4", "feature34", "feature72", "feature73", "feature6"], "scores": [0.06322669362813085, 0.05493245816557619, 0.05087521273099447, 0.032476997440246895, 0.027756259141300026, 0.025411065207910002, 0.024649000771947586, 0.024238744537908863, 0.02363351804714501, 0.023389280328785955, 0.02278460842447404, 0.021201402032983607, 0.021169281406858257, 0.01988014784481385, 0.019347884842018492, 0.019221913591784465, 0.0191696083509285, 0.01898902318463203, 0.018789491885429152, 0.018416082330945164, 0.017840198071321964, 0.017521343355102706, 0.01657830116365257, 0.016378150119033454, 0.01466591189605461, 0.014248983926256946, 0.014135810177865917, 0.01350058176741195, 0.013418317122671075, 0.012961998457464536, 0.01216936634645952, 0.011713796960278607, 0.011638356545643255, 0.011594395792278072, 0.01152389061881713, 0.011188462780928983, 0.011051080562155693, 0.010675409069878483, 0.010344261880905275, 0.01025502588488031, 0.010052599349757269, 0.009447561989871359, 0.009355340778697641, 0.00928711368181253, 0.008139153114334797, 0.008016371242854791, 0.007577669958007814, 0.007445436750473017, 0.007356148543350448, 0.00720917430741253, 0.0071339208801559075, 0.007115298086188596, 0.006977112566197498, 0.006759513459037708, 0.006520061709128474, 0.006441735066193926, 0.006256429323113194, 0.005959325695774767, 0.005795777662166142, 0.0052667459254087945, 0.004417971133163323, 0.004396518625712968, 0.0042248460504151954, 0.0040493692968113885, 0.003924674284975232, 0.0035912942996217585, 0.0033005119912841935, 0.0031487835286172897, 0.002708910213298245, 0.0026941335879840066, 0.0020850632223960346, 0.0003684290091852021, 1.4688272723518174e-05, 0.0]}, "evaluations": {"eval_method": "jaccard_full_score", "singles": [[0.0, 0.3333333333333333, 0.2, 0.14285714285714285, 0.1111111111111111, 0.09090909090909091, 0.07692307692307693, 0.06666666666666667, 0.058823529411764705, 0.1111111111111111, 0.15789473684210525, 0.14285714285714285, 0.18181818181818182, 0.16666666666666666, 0.15384615384615385, 0.23076923076923078, 0.25925925925925924, 0.2857142857142857, 0.3103448275862069, 0.2903225806451613, 0.3125, 0.29411764705882354, 0.3142857142857143, 0.3333333333333333, 0.3157894736842105, 0.3333333333333333, 0.3170731707317073, 0.3333333333333333, 0.3488372093023256, 0.3953488372093023, 0.4090909090909091, 0.391304347826087, 0.40425531914893614, 0.3877551020408163, 0.37254901960784315, 0.3584905660377358, 0.37037037037037035, 0.38181818181818183, 0.39285714285714285, 0.40350877192982454, 0.43859649122807015, 0.47368421052631576, 0.5087719298245614, 0.4915254237288136, 0.5, 0.5333333333333333, 0.5666666666666667, 0.6, 0.5806451612903226, 0.5873015873015873, 0.59375, 0.5757575757575758, 0.6060606060606061, 0.6119402985074627, 0.6176470588235294, 0.6231884057971014, 0.6521739130434783, 0.6811594202898551, 0.7101449275362319, 0.7391304347826086, 0.7428571428571429, 0.7714285714285715, 0.7746478873239436, 0.8028169014084507, 0.7808219178082192, 0.8082191780821918, 0.8356164383561644, 0.863013698630137, 0.8904109589041096, 0.9178082191780822, 0.918918918918919, 0.9459459459459459, 0.972972972972973, 1.0], 0.4624402206526108], "first_gen": [[0.0, 0.3333333333333333, 0.5, 1.0, 0.6666666666666666, 0.7142857142857143, 0.5555555555555556, 0.6, 0.5, 0.5384615384615384, 0.5714285714285714, 0.5, 0.5294117647058824, 0.5555555555555556, 0.5, 0.5238095238095238, 0.5454545454545454, 0.5652173913043478, 0.5833333333333334, 0.6, 0.6153846153846154, 0.6296296296296297, 0.5862068965517241, 0.5483870967741935, 0.5151515151515151, 0.5294117647058824, 0.5428571428571428, 0.5135135135135135, 0.48717948717948717, 0.5, 0.47619047619047616, 0.45454545454545453, 0.43478260869565216, 0.44680851063829785, 0.4583333333333333, 0.5, 0.48, 0.46153846153846156, 0.4444444444444444, 0.45454545454545453, 0.4642857142857143, 0.47368421052631576, 0.4827586206896552, 0.5172413793103449, 0.5, 0.5081967213114754, 0.5409836065573771, 0.5737704918032787, 0.5806451612903226, 0.5873015873015873, 0.59375, 0.6, 0.6060606060606061, 0.6363636363636364, 0.6417910447761194, 0.6470588235294118, 0.6521739130434783, 0.6811594202898551, 0.6857142857142857, 0.6901408450704225, 0.6944444444444444, 0.6986301369863014, 0.7027027027027027, 0.7297297297297297, 0.7567567567567568, 0.7837837837837838, 0.8108108108108109, 0.8378378378378378, 0.8648648648648649, 0.8918918918918919, 0.918918918918919, 0.9459459459459459, 0.972972972972973, 1.0], 0.599093078974585]}}