{"rank_algo": "random_forest_score", "seed": 55, "subsampling_proportion": 0.004, "exec_time": 1.7509980201721191, "results": {"features": ["feature82", "feature81", "feature23", "feature22", "feature33", "feature55", "feature21", "feature18", "feature2", "feature57", "feature1", "feature10", "feature3", "feature20", "feature60", "feature19", "feature49", "feature9", "feature58", "feature8", "feature7", "feature0", "feature44", "feature26", "feature67", "feature47", "feature50", "feature59", "feature71", "feature29", "feature30", "feature36", "feature69", "feature17", "feature64", "feature51", "feature11", "feature46", "feature52", "feature40", "feature63", "feature38", "feature66", "feature43", "feature41", "feature37", "feature28", "feature54", "feature12", "feature15", "feature53", "feature42", "feature39", "feature68", "feature24", "feature5", "feature61", "feature31", "feature56", "feature90", "feature27", "feature48", "feature62", "feature25", "feature45", "feature65", "feature16", "feature13", "feature35", "feature4", "feature34", "feature72", "feature6", "feature73"], "scores": [0.07479214634773192, 0.06724496585868969, 0.03878847867284684, 0.02815131349934206, 0.024653697273727633, 0.024118746633236435, 0.023370199023510785, 0.023137876634905196, 0.022908611330216645, 0.0222734062090565, 0.022021018138799846, 0.021653363208179163, 0.021275872570408846, 0.020509204066070184, 0.020281812521653234, 0.02003075845208394, 0.019105788115518302, 0.018968132629793966, 0.018754652154843194, 0.018242870489346818, 0.017137294075541366, 0.01705175467861092, 0.017010481754267958, 0.016086669522858053, 0.015429785279321533, 0.014043979159879911, 0.013543263782792046, 0.013465833418039565, 0.01249504398910857, 0.011922534762217694, 0.011334604464808289, 0.011240290620791802, 0.01119579633234155, 0.011177541249004814, 0.011035093674218446, 0.010968388242503548, 0.010833155600564692, 0.010506456287780004, 0.010013722690419289, 0.009661872833323143, 0.009622006799590853, 0.009370151851990112, 0.009163723868218942, 0.009051927603930275, 0.008966352174335578, 0.00868041834469533, 0.00851486605743643, 0.008024626887349668, 0.008011363531511101, 0.007578809090372602, 0.007507639429374987, 0.007169688549072709, 0.0070190275483544605, 0.00682703071517176, 0.006698377366922522, 0.006583752041772997, 0.005853243913731195, 0.0056440779047975, 0.005372170711882336, 0.005227525059700455, 0.005086669079464565, 0.005072360638405135, 0.00489234495708247, 0.0045046537576243885, 0.0041020104063875015, 0.003762463663757933, 0.003332159045852322, 0.0032978342649541944, 0.002838835733086569, 0.0028380556271020885, 0.00219108458458757, 0.0005279542203107002, 0.00023031832281835522, 0.0]}, "evaluations": {"eval_method": "jaccard_full_score", "singles": [[0.0, 0.0, 0.2, 0.14285714285714285, 0.1111111111111111, 0.09090909090909091, 0.16666666666666666, 0.14285714285714285, 0.125, 0.1111111111111111, 0.15789473684210525, 0.2, 0.18181818181818182, 0.16666666666666666, 0.15384615384615385, 0.23076923076923078, 0.3076923076923077, 0.3333333333333333, 0.3103448275862069, 0.2903225806451613, 0.3125, 0.29411764705882354, 0.2777777777777778, 0.3333333333333333, 0.3157894736842105, 0.3333333333333333, 0.3170731707317073, 0.36585365853658536, 0.3488372093023256, 0.36363636363636365, 0.37777777777777777, 0.3617021276595745, 0.3469387755102041, 0.3333333333333333, 0.32075471698113206, 0.3333333333333333, 0.34545454545454546, 0.38181818181818183, 0.39285714285714285, 0.42857142857142855, 0.4642857142857143, 0.47368421052631576, 0.4827586206896552, 0.4666666666666667, 0.5, 0.5333333333333333, 0.5666666666666667, 0.6, 0.6065573770491803, 0.639344262295082, 0.6190476190476191, 0.625, 0.6307692307692307, 0.6119402985074627, 0.6176470588235294, 0.6231884057971014, 0.6521739130434783, 0.6571428571428571, 0.6857142857142857, 0.7142857142857143, 0.7428571428571429, 0.7464788732394366, 0.7746478873239436, 0.7777777777777778, 0.7808219178082192, 0.8082191780821918, 0.8356164383561644, 0.863013698630137, 0.8904109589041096, 0.9178082191780822, 0.918918918918919, 0.9459459459459459, 0.972972972972973, 1.0], 0.459639586027968], "first_gen": [[0.0, 0.0, 0.5, 1.0, 0.6666666666666666, 0.5, 0.4, 0.3333333333333333, 0.38461538461538464, 0.42857142857142855, 0.4666666666666667, 0.5, 0.5294117647058824, 0.5555555555555556, 0.5, 0.6, 0.5454545454545454, 0.6363636363636364, 0.5833333333333334, 0.6, 0.5555555555555556, 0.5714285714285714, 0.5862068965517241, 0.5483870967741935, 0.5151515151515151, 0.5294117647058824, 0.5, 0.47368421052631576, 0.48717948717948717, 0.5, 0.47619047619047616, 0.45454545454545453, 0.43478260869565216, 0.44680851063829785, 0.4583333333333333, 0.5, 0.48, 0.49019607843137253, 0.4716981132075472, 0.48148148148148145, 0.4642857142857143, 0.47368421052631576, 0.4827586206896552, 0.4915254237288136, 0.5, 0.5081967213114754, 0.5409836065573771, 0.5737704918032787, 0.6065573770491803, 0.639344262295082, 0.6190476190476191, 0.625, 0.6307692307692307, 0.6363636363636364, 0.6417910447761194, 0.6716417910447762, 0.6521739130434783, 0.6571428571428571, 0.6619718309859155, 0.6666666666666666, 0.6944444444444444, 0.7222222222222222, 0.726027397260274, 0.7534246575342466, 0.7567567567567568, 0.7837837837837838, 0.8108108108108109, 0.8378378378378378, 0.8648648648648649, 0.8918918918918919, 0.918918918918919, 0.9459459459459459, 0.972972972972973, 1.0], 0.5837615204519926]}}