{"rank_algo": "random_forest_score", "seed": 80, "subsampling_proportion": 0.00025, "exec_time": 0.1600804328918457, "results": {"features": ["feature82", "feature81", "feature23", "feature2", "feature3", "feature36", "feature10", "feature19", "feature57", "feature55", "feature1", "feature33", "feature60", "feature18", "feature58", "feature8", "feature37", "feature38", "feature21", "feature20", "feature44", "feature17", "feature15", "feature51", "feature43", "feature22", "feature49", "feature54", "feature9", "feature26", "feature29", "feature59", "feature7", "feature67", "feature11", "feature0", "feature69", "feature50", "feature64", "feature12", "feature28", "feature30", "feature47", "feature46", "feature39", "feature41", "feature52", "feature71", "feature63", "feature90", "feature61", "feature24", "feature5", "feature27", "feature40", "feature62", "feature45", "feature56", "feature53", "feature66", "feature42", "feature35", "feature68", "feature13", "feature34", "feature16", "feature48", "feature25", "feature65", "feature31", "feature4", "feature72", "feature6", "feature73"], "scores": [0.05488159683500822, 0.053414068197934005, 0.050241278000026215, 0.030676416067026334, 0.03025060048780963, 0.028787053654832088, 0.027554767257402416, 0.023819766521062647, 0.02347466518495449, 0.023320975744257105, 0.02331834486929741, 0.02022636076692493, 0.02019250533844353, 0.019905730296307204, 0.019633438579078837, 0.018979315002257243, 0.018708903274477846, 0.018600994896590284, 0.017443249197891093, 0.017440138714546867, 0.017137747971529182, 0.01680220919460272, 0.015611064429139752, 0.015609629254735292, 0.015429738814534993, 0.015364331612791552, 0.014979163457951097, 0.014891993080620095, 0.014504835892055454, 0.014188598975288192, 0.013411691241292987, 0.013362544407371614, 0.012967099097606067, 0.012241572781084495, 0.012194689614988583, 0.011271148409447406, 0.010892724228927746, 0.010455580250629851, 0.009973517063189509, 0.009877143613582407, 0.0095575793455141, 0.009550217413882504, 0.00944124482203992, 0.008872402336725302, 0.008820202686907787, 0.008818793982884005, 0.008717229567049406, 0.008508830410092188, 0.008236697200774298, 0.007986262383534854, 0.007634427967239143, 0.007426508262733569, 0.0063853667146333785, 0.006173851291724901, 0.006052519757096439, 0.006039441488838859, 0.005848174127771604, 0.005626894580986229, 0.005225527109716171, 0.0048443263650832106, 0.004496133712307585, 0.004384157744301479, 0.004077207657189752, 0.003748279430361524, 0.003651433845869126, 0.00355251943898183, 0.0031516633603515245, 0.0031433592306664908, 0.00309184472920988, 0.002624664675600013, 0.001148561364696185, 0.0011264847177391013, 0.0, 0.0]}, "evaluations": {"eval_method": "jaccard_full_score", "singles": [[0.0, 0.0, 0.2, 0.14285714285714285, 0.1111111111111111, 0.09090909090909091, 0.16666666666666666, 0.23076923076923078, 0.2, 0.17647058823529413, 0.2222222222222222, 0.2, 0.18181818181818182, 0.16666666666666666, 0.15384615384615385, 0.14285714285714285, 0.13333333333333333, 0.16129032258064516, 0.1875, 0.21212121212121213, 0.23529411764705882, 0.2222222222222222, 0.24324324324324326, 0.2972972972972973, 0.28205128205128205, 0.3333333333333333, 0.35, 0.36585365853658536, 0.38095238095238093, 0.3953488372093023, 0.4090909090909091, 0.4222222222222222, 0.40425531914893614, 0.3877551020408163, 0.4, 0.38461538461538464, 0.37037037037037035, 0.38181818181818183, 0.39285714285714285, 0.42857142857142855, 0.4642857142857143, 0.47368421052631576, 0.4827586206896552, 0.5172413793103449, 0.5254237288135594, 0.5333333333333333, 0.5666666666666667, 0.6, 0.6065573770491803, 0.639344262295082, 0.6451612903225806, 0.6507936507936508, 0.6825396825396826, 0.6875, 0.6923076923076923, 0.696969696969697, 0.7272727272727273, 0.7313432835820896, 0.7352941176470589, 0.7391304347826086, 0.7681159420289855, 0.7714285714285715, 0.7746478873239436, 0.8028169014084507, 0.8055555555555556, 0.8333333333333334, 0.8356164383561644, 0.8378378378378378, 0.8648648648648649, 0.8918918918918919, 0.918918918918919, 0.9459459459459459, 0.972972972972973, 1.0], 0.4669746086339352], "first_gen": [[0.0, 0.0, 0.5, 0.6, 0.42857142857142855, 0.3333333333333333, 0.5555555555555556, 0.6, 0.5, 0.42857142857142855, 0.4666666666666667, 0.4117647058823529, 0.4444444444444444, 0.4, 0.36363636363636365, 0.45454545454545453, 0.4166666666666667, 0.38461538461538464, 0.4074074074074074, 0.42857142857142855, 0.4482758620689655, 0.41935483870967744, 0.4375, 0.45454545454545453, 0.47058823529411764, 0.4857142857142857, 0.5428571428571428, 0.5135135135135135, 0.5263157894736842, 0.5384615384615384, 0.5121951219512195, 0.4883720930232558, 0.4666666666666667, 0.4782608695652174, 0.48936170212765956, 0.5319148936170213, 0.5102040816326531, 0.49019607843137253, 0.5, 0.5094339622641509, 0.5185185185185185, 0.5272727272727272, 0.5636363636363636, 0.5714285714285714, 0.5789473684210527, 0.5862068965517241, 0.5932203389830508, 0.6271186440677966, 0.6333333333333333, 0.6666666666666666, 0.6451612903225806, 0.625, 0.6307692307692307, 0.6615384615384615, 0.6666666666666666, 0.6716417910447762, 0.6521739130434783, 0.6811594202898551, 0.6619718309859155, 0.6666666666666666, 0.6944444444444444, 0.6986301369863014, 0.7027027027027027, 0.7297297297297297, 0.7567567567567568, 0.7837837837837838, 0.8108108108108109, 0.8378378378378378, 0.8648648648648649, 0.8918918918918919, 0.918918918918919, 0.9459459459459459, 0.972972972972973, 1.0], 0.5681708478936974]}}