{"rank_algo": "xgboost_score", "seed": 14, "subsampling_proportion": 0.01, "exec_time": 0.17299628257751465, "results": {"features": ["feature98", "feature83", "feature85", "feature81", "feature49", "feature50", "feature10", "feature0", "feature1", "feature11", "feature12", "feature13", "feature14", "feature15", "feature16", "feature17", "feature18", "feature19", "feature2", "feature20", "feature21", "feature22", "feature23", "feature24", "feature25", "feature26", "feature27", "feature28", "feature29", "feature3", "feature30", "feature31", "feature32", "feature33", "feature34", "feature35", "feature36", "feature37", "feature38", "feature39", "feature4", "feature40", "feature41", "feature42", "feature43", "feature44", "feature45", "feature46", "feature47", "feature48", "feature5", "feature51", "feature52", "feature53", "feature54", "feature55", "feature56", "feature57", "feature58", "feature59", "feature6", "feature60", "feature61", "feature62", "feature63", "feature64", "feature65", "feature66", "feature67", "feature68", "feature69", "feature7", "feature70", "feature71", "feature72", "feature73", "feature74", "feature75", "feature76", "feature77", "feature78", "feature79", "feature8", "feature80", "feature82", "feature84", "feature86", "feature87", "feature88", "feature89", "feature9", "feature90", "feature91", "feature92", "feature93", "feature94", "feature95", "feature96", "feature97", "feature99"], "scores": [0.9998437762260437, 4.594682832248509e-05, 4.243263174430467e-05, 4.167119550402276e-05, 9.055781447386835e-06, 8.75096066010883e-06, 8.393357347813435e-06, 0.0, 0.0, 0.0, 0.0, 0.0, 0.0, 0.0, 0.0, 0.0, 0.0, 0.0, 0.0, 0.0, 0.0, 0.0, 0.0, 0.0, 0.0, 0.0, 0.0, 0.0, 0.0, 0.0, 0.0, 0.0, 0.0, 0.0, 0.0, 0.0, 0.0, 0.0, 0.0, 0.0, 0.0, 0.0, 0.0, 0.0, 0.0, 0.0, 0.0, 0.0, 0.0, 0.0, 0.0, 0.0, 0.0, 0.0, 0.0, 0.0, 0.0, 0.0, 0.0, 0.0, 0.0, 0.0, 0.0, 0.0, 0.0, 0.0, 0.0, 0.0, 0.0, 0.0, 0.0, 0.0, 0.0, 0.0, 0.0, 0.0, 0.0, 0.0, 0.0, 0.0, 0.0, 0.0, 0.0, 0.0, 0.0, 0.0, 0.0, 0.0, 0.0, 0.0, 0.0, 0.0, 0.0, 0.0, 0.0, 0.0, 0.0, 0.0, 0.0, 0.0]}, "evaluations": {"eval_method": "jaccard_full_score", "singles": [[1.0, 0.3333333333333333, 0.2, 0.14285714285714285, 0.1111111111111111, 0.09090909090909091, 0.16666666666666666, 0.14285714285714285, 0.125, 0.17647058823529413, 0.29411764705882354, 0.2631578947368421, 0.3, 0.3333333333333333, 0.36363636363636365, 0.3333333333333333, 0.3076923076923077, 0.3333333333333333, 0.3103448275862069, 0.3793103448275862, 0.4, 0.41935483870967744, 0.4375, 0.45454545454545453, 0.42857142857142855, 0.4444444444444444, 0.42105263157894735, 0.4, 0.38095238095238093, 0.36363636363636365, 0.34782608695652173, 0.3333333333333333, 0.32, 0.3333333333333333, 0.34615384615384615, 0.3333333333333333, 0.34545454545454546, 0.35714285714285715, 0.3448275862068966, 0.3333333333333333, 0.3225806451612903, 0.3548387096774194, 0.36507936507936506, 0.375, 0.36363636363636365, 0.35294117647058826, 0.38235294117647056, 0.391304347826087, 0.4, 0.3888888888888889, 0.3783783783783784, 0.38666666666666666, 0.39473684210526316, 0.38461538461538464, 0.3924050632911392, 0.4, 0.4074074074074074, 0.39759036144578314, 0.42168674698795183, 0.4457831325301205, 0.43529411764705883, 0.4588235294117647, 0.46511627906976744, 0.47126436781609193, 0.4772727272727273, 0.48314606741573035, 0.4725274725274725, 0.46236559139784944, 0.4838709677419355, 0.48936170212765956, 0.4791666666666667, 0.5, 0.5208333333333334, 0.5416666666666666, 0.5306122448979592, 0.5353535353535354, 0.5555555555555556, 0.5757575757575758, 0.58, 0.6, 0.62, 0.64, 0.66, 0.68, 0.7, 0.72, 0.74, 0.76, 0.78, 0.8, 0.82, 0.84, 0.86, 0.88, 0.9, 0.92, 0.94, 0.96, 0.98, 1.0], 0.46743576849695473], "first_gen": [[1.0, 0.3333333333333333, 0.2, 0.14285714285714285, 0.1111111111111111, 0.2, 0.16666666666666666, 0.14285714285714285, 0.125, 0.1111111111111111, 0.15789473684210525, 0.14285714285714285, 0.18181818181818182, 0.21739130434782608, 0.25, 0.23076923076923078, 0.21428571428571427, 0.2, 0.22580645161290322, 0.21212121212121213, 0.2727272727272727, 0.3333333333333333, 0.3939393939393939, 0.37142857142857144, 0.3888888888888889, 0.3684210526315789, 0.38461538461538464, 0.4, 0.38095238095238093, 0.3953488372093023, 0.37777777777777777, 0.3617021276595745, 0.40425531914893614, 0.3877551020408163, 0.37254901960784315, 0.38461538461538464, 0.37037037037037035, 0.38181818181818183, 0.3684210526315789, 0.3793103448275862, 0.36666666666666664, 0.3770491803278688, 0.3870967741935484, 0.3968253968253968, 0.40625, 0.4153846153846154, 0.42424242424242425, 0.43283582089552236, 0.4626865671641791, 0.47058823529411764, 0.5, 0.5294117647058824, 0.5362318840579711, 0.5428571428571428, 0.5492957746478874, 0.5555555555555556, 0.5833333333333334, 0.589041095890411, 0.5945945945945946, 0.6216216216216216, 0.6266666666666667, 0.6103896103896104, 0.6153846153846154, 0.620253164556962, 0.6049382716049383, 0.5903614457831325, 0.5764705882352941, 0.5632183908045977, 0.550561797752809, 0.5384615384615384, 0.5434782608695652, 0.5483870967741935, 0.5531914893617021, 0.5578947368421052, 0.5463917525773195, 0.5510204081632653, 0.5555555555555556, 0.56, 0.58, 0.6, 0.62, 0.64, 0.66, 0.68, 0.7, 0.72, 0.74, 0.76, 0.78, 0.8, 0.82, 0.84, 0.86, 0.88, 0.9, 0.92, 0.94, 0.96, 0.98, 1.0], 0.48967983956421796]}}