{"rank_algo": "mrmr_score", "seed": 79, "subsampling_proportion": 0.01, "exec_time": 9.615001440048218, "results": {"features": ["feature98", "feature85", "feature99", "feature87", "feature88", "feature89", "feature86", "feature83", "feature84", "feature82", "feature81", "feature5", "feature23", "feature14", "feature71", "feature0", "feature32", "feature48", "feature90", "feature91", "feature44", "feature27", "feature50", "feature12", "feature59", "feature15", "feature22", "feature56", "feature30", "feature39", "feature37", "feature2", "feature40", "feature51", "feature49", "feature42", "feature43", "feature16", "feature52", "feature28", "feature46", "feature34", "feature67", "feature47", "feature4", "feature9", "feature38", "feature61", "feature24", "feature54", "feature29", "feature68", "feature3", "feature41", "feature36", "feature57", "feature10", "feature64", "feature58", "feature6", "feature35", "feature66", "feature8", "feature13", "feature17", "feature69", "feature62", "feature21", "feature55", "feature31", "feature53", "feature26", "feature63", "feature20", "feature7", "feature18", "feature11", "feature60", "feature1", "feature65", "feature25", "feature45", "feature19", "feature33", "feature72", "feature70", "feature73", "feature74", "feature75", "feature76", "feature77", "feature78", "feature79", "feature80", "feature92", "feature93", "feature94", "feature95", "feature96", "feature97"], "scores": [99, 98, 97, 96, 95, 94, 93, 92, 91, 90, 89, 88, 87, 86, 85, 84, 83, 82, 81, 80, 79, 78, 77, 76, 75, 74, 73, 72, 71, 70, 69, 68, 67, 66, 65, 64, 63, 62, 61, 60, 59, 58, 57, 56, 55, 54, 53, 52, 51, 50, 49, 48, 47, 46, 45, 44, 43, 42, 41, 40, 39, 38, 37, 36, 35, 34, 33, 32, 31, 30, 29, 28, 27, 26, 25, 24, 23, 22, 21, 20, 19, 18, 17, 16, 15, 0, 0, 0, 0, 0, 0, 0, 0, 0, 0, 0, 0, 0, 0, 0]}, "evaluations": {"eval_method": "jaccard_full_score", "singles": [[1.0, 0.3333333333333333, 0.5, 0.3333333333333333, 0.25, 0.2, 0.16666666666666666, 0.14285714285714285, 0.125, 0.1111111111111111, 0.1, 0.09090909090909091, 0.13043478260869565, 0.12, 0.1111111111111111, 0.10344827586206896, 0.0967741935483871, 0.09090909090909091, 0.08571428571428572, 0.08108108108108109, 0.07692307692307693, 0.07317073170731707, 0.06976744186046512, 0.09090909090909091, 0.1111111111111111, 0.13043478260869565, 0.14893617021276595, 0.14285714285714285, 0.13725490196078433, 0.15384615384615385, 0.14814814814814814, 0.16363636363636364, 0.2, 0.23636363636363636, 0.25, 0.2631578947368421, 0.2542372881355932, 0.288135593220339, 0.2786885245901639, 0.2698412698412698, 0.30158730158730157, 0.3125, 0.3230769230769231, 0.31343283582089554, 0.30434782608695654, 0.3142857142857143, 0.323943661971831, 0.3333333333333333, 0.3424657534246575, 0.35135135135135137, 0.36, 0.35064935064935066, 0.358974358974359, 0.38461538461538464, 0.3924050632911392, 0.4, 0.425, 0.4146341463414634, 0.43902439024390244, 0.4457831325301205, 0.43529411764705883, 0.4418604651162791, 0.4318181818181818, 0.45454545454545453, 0.4444444444444444, 0.45054945054945056, 0.4725274725274725, 0.4945054945054945, 0.5, 0.5053763440860215, 0.49473684210526314, 0.5157894736842106, 0.5368421052631579, 0.5578947368421052, 0.5789473684210527, 0.5833333333333334, 0.6041666666666666, 0.6082474226804123, 0.6122448979591837, 0.6161616161616161, 0.62, 0.64, 0.66, 0.68, 0.7, 0.72, 0.74, 0.76, 0.78, 0.8, 0.82, 0.84, 0.86, 0.88, 0.9, 0.92, 0.94, 0.96, 0.98, 1.0], 0.40798787108743334], "first_gen": [[1.0, 0.3333333333333333, 0.5, 0.3333333333333333, 0.25, 0.3333333333333333, 0.5555555555555556, 0.6, 0.6363636363636364, 0.6666666666666666, 0.6923076923076923, 0.7142857142857143, 0.8571428571428571, 0.75, 0.6666666666666666, 0.6, 0.5454545454545454, 0.5, 0.46153846153846156, 0.42857142857142855, 0.4482758620689655, 0.41935483870967744, 0.3939393939393939, 0.4117647058823529, 0.3888888888888889, 0.3684210526315789, 0.38461538461538464, 0.4, 0.38095238095238093, 0.3953488372093023, 0.4090909090909091, 0.45454545454545453, 0.5, 0.5111111111111111, 0.5555555555555556, 0.5319148936170213, 0.574468085106383, 0.5510204081632653, 0.56, 0.5686274509803921, 0.5769230769230769, 0.5555555555555556, 0.5636363636363636, 0.6, 0.6071428571428571, 0.6140350877192983, 0.5932203389830508, 0.6, 0.6065573770491803, 0.6129032258064516, 0.6190476190476191, 0.625, 0.65625, 0.6615384615384615, 0.6666666666666666, 0.6716417910447762, 0.7014925373134329, 0.6811594202898551, 0.6619718309859155, 0.6666666666666666, 0.6944444444444444, 0.6756756756756757, 0.7027027027027027, 0.6842105263157895, 0.6883116883116883, 0.6923076923076923, 0.6962025316455697, 0.7, 0.7037037037037037, 0.6867469879518072, 0.6705882352941176, 0.6744186046511628, 0.6590909090909091, 0.6629213483146067, 0.6666666666666666, 0.6703296703296703, 0.6559139784946236, 0.6421052631578947, 0.6458333333333334, 0.6494845360824743, 0.6530612244897959, 0.6565656565656566, 0.6767676767676768, 0.68, 0.7, 0.72, 0.74, 0.76, 0.78, 0.8, 0.82, 0.84, 0.86, 0.88, 0.9, 0.92, 0.94, 0.96, 0.98, 1.0], 0.6258778825281629]}}