{"rank_algo": "mrmr_score", "seed": 32, "subsampling_proportion": 0.01, "exec_time": 9.380001783370972, "results": {"features": ["feature98", "feature85", "feature99", "feature83", "feature87", "feature88", "feature89", "feature86", "feature5", "feature84", "feature82", "feature81", "feature14", "feature32", "feature56", "feature27", "feature12", "feature90", "feature71", "feature91", "feature59", "feature23", "feature0", "feature40", "feature44", "feature62", "feature2", "feature50", "feature29", "feature42", "feature22", "feature39", "feature48", "feature15", "feature9", "feature30", "feature51", "feature10", "feature24", "feature49", "feature17", "feature11", "feature34", "feature65", "feature38", "feature43", "feature72", "feature47", "feature8", "feature36", "feature46", "feature21", "feature35", "feature28", "feature16", "feature54", "feature68", "feature66", "feature52", "feature53", "feature67", "feature3", "feature41", "feature4", "feature20", "feature57", "feature31", "feature25", "feature7", "feature1", "feature63", "feature18", "feature64", "feature69", "feature37", "feature45", "feature13", "feature73", "feature58", "feature61", "feature55", "feature74", "feature19", "feature75", "feature6", "feature26", "feature76", "feature60", "feature77", "feature78", "feature79", "feature33", "feature80", "feature70", "feature92", "feature93", "feature94", "feature95", "feature96", "feature97"], "scores": [99, 98, 97, 96, 95, 94, 93, 92, 91, 90, 89, 88, 87, 86, 85, 84, 83, 82, 81, 80, 79, 78, 77, 76, 75, 74, 73, 72, 71, 70, 69, 68, 67, 66, 65, 64, 63, 62, 61, 60, 59, 58, 57, 56, 55, 54, 53, 52, 51, 50, 49, 48, 47, 46, 45, 44, 43, 42, 41, 40, 39, 38, 37, 36, 35, 34, 33, 32, 31, 30, 29, 28, 27, 26, 25, 24, 23, 22, 21, 20, 19, 18, 17, 16, 15, 14, 13, 12, 11, 10, 9, 8, 7, 0, 0, 0, 0, 0, 0, 0]}, "evaluations": {"eval_method": "jaccard_full_score", "singles": [[1.0, 0.3333333333333333, 0.5, 0.3333333333333333, 0.25, 0.2, 0.16666666666666666, 0.14285714285714285, 0.125, 0.1111111111111111, 0.1, 0.09090909090909091, 0.08333333333333333, 0.07692307692307693, 0.07142857142857142, 0.06666666666666667, 0.0967741935483871, 0.09090909090909091, 0.08571428571428572, 0.08108108108108109, 0.10526315789473684, 0.1282051282051282, 0.12195121951219512, 0.14285714285714285, 0.13636363636363635, 0.15555555555555556, 0.17391304347826086, 0.16666666666666666, 0.16, 0.17647058823529413, 0.19230769230769232, 0.20754716981132076, 0.2222222222222222, 0.25925925925925924, 0.2727272727272727, 0.2631578947368421, 0.27586206896551724, 0.3103448275862069, 0.3220338983050847, 0.3333333333333333, 0.3442622950819672, 0.3770491803278688, 0.3870967741935484, 0.375, 0.36363636363636365, 0.35294117647058826, 0.34285714285714286, 0.3333333333333333, 0.32432432432432434, 0.3333333333333333, 0.36, 0.3684210526315789, 0.358974358974359, 0.38461538461538464, 0.3924050632911392, 0.4177215189873418, 0.425, 0.4146341463414634, 0.42168674698795183, 0.42857142857142855, 0.4186046511627907, 0.42528735632183906, 0.4318181818181818, 0.43820224719101125, 0.4444444444444444, 0.45054945054945056, 0.45652173913043476, 0.46236559139784944, 0.4838709677419355, 0.5053763440860215, 0.5106382978723404, 0.5319148936170213, 0.5208333333333334, 0.5257731958762887, 0.5463917525773195, 0.5510204081632653, 0.5714285714285714, 0.5918367346938775, 0.5959595959595959, 0.6161616161616161, 0.62, 0.64, 0.66, 0.68, 0.7, 0.72, 0.74, 0.76, 0.78, 0.8, 0.82, 0.84, 0.86, 0.88, 0.9, 0.92, 0.94, 0.96, 0.98, 1.0], 0.4133024823568166], "first_gen": [[1.0, 0.3333333333333333, 0.5, 0.3333333333333333, 0.25, 0.3333333333333333, 0.4, 0.6, 0.6363636363636364, 0.6666666666666666, 0.6923076923076923, 0.7142857142857143, 0.7333333333333333, 0.6470588235294118, 0.5789473684210527, 0.5238095238095238, 0.4782608695652174, 0.44, 0.4074074074074074, 0.3793103448275862, 0.3548387096774194, 0.375, 0.3939393939393939, 0.37142857142857144, 0.3888888888888889, 0.3684210526315789, 0.38461538461538464, 0.36585365853658536, 0.38095238095238093, 0.3953488372093023, 0.4418604651162791, 0.45454545454545453, 0.4666666666666667, 0.5111111111111111, 0.5555555555555556, 0.5319148936170213, 0.5416666666666666, 0.5510204081632653, 0.56, 0.6, 0.64, 0.6153846153846154, 0.6226415094339622, 0.6296296296296297, 0.6071428571428571, 0.6140350877192983, 0.5932203389830508, 0.6271186440677966, 0.6610169491525424, 0.6949152542372882, 0.7288135593220338, 0.7333333333333333, 0.7096774193548387, 0.7142857142857143, 0.71875, 0.7230769230769231, 0.7272727272727273, 0.7313432835820896, 0.7101449275362319, 0.7142857142857143, 0.7183098591549296, 0.7222222222222222, 0.726027397260274, 0.7066666666666667, 0.7105263157894737, 0.6923076923076923, 0.675, 0.6585365853658537, 0.6626506024096386, 0.6666666666666666, 0.6511627906976745, 0.6551724137931034, 0.6404494382022472, 0.6444444444444445, 0.6483516483516484, 0.6344086021505376, 0.6210526315789474, 0.625, 0.6288659793814433, 0.6326530612244898, 0.6530612244897959, 0.673469387755102, 0.6938775510204082, 0.7142857142857143, 0.7346938775510204, 0.7551020408163265, 0.7755102040816326, 0.7777777777777778, 0.797979797979798, 0.8181818181818182, 0.8383838383838383, 0.84, 0.86, 0.88, 0.9, 0.92, 0.94, 0.96, 0.98, 1.0], 0.6261643052285921]}}