{"rank_algo": "mrmr_score", "seed": 50, "subsampling_proportion": 0.01, "exec_time": 9.442978382110596, "results": {"features": ["feature98", "feature99", "feature85", "feature87", "feature88", "feature89", "feature86", "feature82", "feature84", "feature83", "feature5", "feature81", "feature14", "feature71", "feature27", "feature12", "feature17", "feature32", "feature48", "feature90", "feature2", "feature40", "feature23", "feature59", "feature91", "feature18", "feature62", "feature28", "feature39", "feature49", "feature42", "feature44", "feature15", "feature52", "feature30", "feature37", "feature50", "feature22", "feature51", "feature47", "feature24", "feature9", "feature16", "feature36", "feature26", "feature35", "feature10", "feature29", "feature56", "feature41", "feature43", "feature4", "feature8", "feature54", "feature38", "feature34", "feature68", "feature11", "feature46", "feature13", "feature3", "feature21", "feature61", "feature20", "feature7", "feature57", "feature55", "feature66", "feature45", "feature31", "feature25", "feature69", "feature64", "feature0", "feature67", "feature73", "feature53", "feature65", "feature19", "feature72", "feature1", "feature60", "feature74", "feature6", "feature75", "feature76", "feature77", "feature78", "feature79", "feature63", "feature80", "feature58", "feature33", "feature70", "feature92", "feature93", "feature94", "feature95", "feature96", "feature97"], "scores": [99, 98, 97, 96, 95, 94, 93, 92, 91, 90, 89, 88, 87, 86, 85, 84, 83, 82, 81, 80, 79, 78, 77, 76, 75, 74, 73, 72, 71, 70, 69, 68, 67, 66, 65, 64, 63, 62, 61, 60, 59, 58, 57, 56, 55, 54, 53, 52, 51, 50, 49, 48, 47, 46, 45, 44, 43, 42, 41, 40, 39, 38, 37, 36, 35, 34, 33, 32, 31, 30, 29, 28, 27, 26, 25, 24, 23, 22, 21, 20, 19, 18, 17, 16, 15, 14, 13, 12, 11, 10, 9, 8, 7, 0, 0, 0, 0, 0, 0, 0]}, "evaluations": {"eval_method": "jaccard_full_score", "singles": [[1.0, 1.0, 0.5, 0.3333333333333333, 0.25, 0.2, 0.16666666666666666, 0.14285714285714285, 0.125, 0.1111111111111111, 0.1, 0.09090909090909091, 0.08333333333333333, 0.07692307692307693, 0.07142857142857142, 0.10344827586206896, 0.0967741935483871, 0.09090909090909091, 0.08571428571428572, 0.08108108108108109, 0.10526315789473684, 0.1282051282051282, 0.15, 0.17073170731707318, 0.16279069767441862, 0.15555555555555556, 0.17391304347826086, 0.16666666666666666, 0.16, 0.2, 0.19230769230769232, 0.20754716981132076, 0.24528301886792453, 0.25925925925925924, 0.2727272727272727, 0.2631578947368421, 0.2542372881355932, 0.288135593220339, 0.3, 0.2903225806451613, 0.3225806451612903, 0.3548387096774194, 0.3870967741935484, 0.375, 0.38461538461538464, 0.373134328358209, 0.40298507462686567, 0.391304347826087, 0.4, 0.4084507042253521, 0.4166666666666667, 0.40540540540540543, 0.39473684210526316, 0.42105263157894735, 0.41025641025641024, 0.4177215189873418, 0.425, 0.43209876543209874, 0.4567901234567901, 0.48148148148148145, 0.4878048780487805, 0.5121951219512195, 0.5180722891566265, 0.5238095238095238, 0.5294117647058824, 0.5348837209302325, 0.5402298850574713, 0.5454545454545454, 0.550561797752809, 0.5555555555555556, 0.5434782608695652, 0.5483870967741935, 0.5368421052631579, 0.5578947368421052, 0.5789473684210527, 0.5833333333333334, 0.5876288659793815, 0.5757575757575758, 0.58, 0.6, 0.62, 0.64, 0.66, 0.68, 0.7, 0.72, 0.74, 0.76, 0.78, 0.8, 0.82, 0.84, 0.86, 0.88, 0.9, 0.92, 0.94, 0.96, 0.98, 1.0], 0.4354248204030107], "first_gen": [[1.0, 1.0, 0.5, 0.3333333333333333, 0.25, 0.3333333333333333, 0.5555555555555556, 0.6, 0.6363636363636364, 0.6666666666666666, 0.6923076923076923, 0.7142857142857143, 0.7333333333333333, 0.6470588235294118, 0.5789473684210527, 0.5238095238095238, 0.4782608695652174, 0.44, 0.4074074074074074, 0.3793103448275862, 0.4, 0.375, 0.3939393939393939, 0.37142857142857144, 0.35135135135135137, 0.3684210526315789, 0.35, 0.3333333333333333, 0.3488372093023256, 0.3953488372093023, 0.4090909090909091, 0.45454545454545453, 0.5, 0.5111111111111111, 0.5217391304347826, 0.5319148936170213, 0.5416666666666666, 0.5510204081632653, 0.56, 0.5686274509803921, 0.5471698113207547, 0.5849056603773585, 0.5925925925925926, 0.6, 0.6071428571428571, 0.5862068965517241, 0.6206896551724138, 0.6271186440677966, 0.6610169491525424, 0.6666666666666666, 0.6721311475409836, 0.6774193548387096, 0.7096774193548387, 0.7419354838709677, 0.746031746031746, 0.75, 0.7538461538461538, 0.7575757575757576, 0.7611940298507462, 0.7647058823529411, 0.7941176470588235, 0.7971014492753623, 0.7746478873239436, 0.7777777777777778, 0.7808219178082192, 0.76, 0.7631578947368421, 0.7435897435897436, 0.725, 0.7073170731707317, 0.6904761904761905, 0.6941176470588235, 0.6781609195402298, 0.6818181818181818, 0.6666666666666666, 0.6703296703296703, 0.6559139784946236, 0.6421052631578947, 0.6458333333333334, 0.6666666666666666, 0.6875, 0.6907216494845361, 0.711340206185567, 0.7319587628865979, 0.7525773195876289, 0.7731958762886598, 0.7938144329896907, 0.8144329896907216, 0.8350515463917526, 0.8367346938775511, 0.8571428571428571, 0.8585858585858586, 0.86, 0.88, 0.9, 0.92, 0.94, 0.96, 0.98, 1.0], 0.6447884059216927]}}