{"rank_algo": "mrmr_score", "seed": 47, "subsampling_proportion": 0.01, "exec_time": 9.008000373840332, "results": {"features": ["feature98", "feature86", "feature99", "feature85", "feature87", "feature88", "feature89", "feature84", "feature83", "feature82", "feature81", "feature5", "feature14", "feature40", "feature90", "feature56", "feature71", "feature12", "feature32", "feature0", "feature91", "feature59", "feature62", "feature39", "feature27", "feature50", "feature42", "feature30", "feature2", "feature37", "feature15", "feature49", "feature48", "feature9", "feature43", "feature17", "feature69", "feature36", "feature11", "feature29", "feature41", "feature8", "feature46", "feature52", "feature51", "feature16", "feature10", "feature44", "feature38", "feature35", "feature47", "feature24", "feature28", "feature34", "feature4", "feature66", "feature13", "feature19", "feature3", "feature53", "feature54", "feature31", "feature64", "feature67", "feature55", "feature21", "feature61", "feature26", "feature7", "feature6", "feature45", "feature63", "feature23", "feature33", "feature18", "feature20", "feature60", "feature1", "feature25", "feature57", "feature65", "feature22", "feature58", "feature68", "feature72", "feature70", "feature73", "feature74", "feature75", "feature76", "feature77", "feature78", "feature79", "feature80", "feature92", "feature93", "feature94", "feature95", "feature96", "feature97"], "scores": [99, 98, 97, 96, 95, 94, 93, 92, 91, 90, 89, 88, 87, 86, 85, 84, 83, 82, 81, 80, 79, 78, 77, 76, 75, 74, 73, 72, 71, 70, 69, 68, 67, 66, 65, 64, 63, 62, 61, 60, 59, 58, 57, 56, 55, 54, 53, 52, 51, 50, 49, 48, 47, 46, 45, 44, 43, 42, 41, 40, 39, 38, 37, 36, 35, 34, 33, 32, 31, 30, 29, 28, 27, 26, 25, 24, 23, 22, 21, 20, 19, 18, 17, 16, 15, 0, 0, 0, 0, 0, 0, 0, 0, 0, 0, 0, 0, 0, 0, 0]}, "evaluations": {"eval_method": "jaccard_full_score", "singles": [[1.0, 0.3333333333333333, 0.5, 0.3333333333333333, 0.25, 0.2, 0.16666666666666666, 0.14285714285714285, 0.125, 0.1111111111111111, 0.1, 0.09090909090909091, 0.08333333333333333, 0.07692307692307693, 0.1111111111111111, 0.10344827586206896, 0.0967741935483871, 0.125, 0.11764705882352941, 0.1111111111111111, 0.10526315789473684, 0.1282051282051282, 0.15, 0.14285714285714285, 0.13636363636363635, 0.13043478260869565, 0.125, 0.12, 0.13725490196078433, 0.15384615384615385, 0.16981132075471697, 0.20754716981132076, 0.2222222222222222, 0.25925925925925924, 0.25, 0.2413793103448276, 0.23333333333333334, 0.2459016393442623, 0.25806451612903225, 0.25, 0.28125, 0.2923076923076923, 0.3230769230769231, 0.31343283582089554, 0.3235294117647059, 0.3333333333333333, 0.34285714285714286, 0.3333333333333333, 0.3424657534246575, 0.3333333333333333, 0.34210526315789475, 0.35064935064935066, 0.358974358974359, 0.3670886075949367, 0.35802469135802467, 0.36585365853658536, 0.3902439024390244, 0.39759036144578314, 0.42168674698795183, 0.42857142857142855, 0.43529411764705883, 0.4418604651162791, 0.4318181818181818, 0.43820224719101125, 0.42857142857142855, 0.45054945054945056, 0.4725274725274725, 0.4945054945054945, 0.5164835164835165, 0.5217391304347826, 0.5268817204301075, 0.5483870967741935, 0.5698924731182796, 0.5913978494623656, 0.6129032258064516, 0.6170212765957447, 0.6210526315789474, 0.625, 0.6122448979591837, 0.6161616161616161, 0.6363636363636364, 0.6565656565656566, 0.66, 0.68, 0.7, 0.72, 0.74, 0.76, 0.78, 0.8, 0.82, 0.84, 0.86, 0.88, 0.9, 0.92, 0.94, 0.96, 0.98, 1.0], 0.41061044675239156], "first_gen": [[1.0, 0.3333333333333333, 0.5, 0.3333333333333333, 0.42857142857142855, 0.5, 0.5555555555555556, 0.6, 0.6363636363636364, 0.6666666666666666, 0.6923076923076923, 0.7142857142857143, 0.7333333333333333, 0.6470588235294118, 0.5789473684210527, 0.5238095238095238, 0.4782608695652174, 0.44, 0.4074074074074074, 0.3793103448275862, 0.4, 0.375, 0.35294117647058826, 0.3333333333333333, 0.3157894736842105, 0.3, 0.2857142857142857, 0.2727272727272727, 0.3181818181818182, 0.3333333333333333, 0.37777777777777777, 0.4222222222222222, 0.43478260869565216, 0.4782608695652174, 0.5217391304347826, 0.5319148936170213, 0.5416666666666666, 0.52, 0.5, 0.5094339622641509, 0.5185185185185185, 0.5272727272727272, 0.5357142857142857, 0.543859649122807, 0.5789473684210527, 0.559322033898305, 0.5932203389830508, 0.6271186440677966, 0.6333333333333333, 0.639344262295082, 0.6721311475409836, 0.6774193548387096, 0.6825396825396826, 0.6875, 0.6666666666666666, 0.6716417910447762, 0.6764705882352942, 0.7058823529411765, 0.7101449275362319, 0.7142857142857143, 0.7428571428571429, 0.7464788732394366, 0.726027397260274, 0.7066666666666667, 0.7105263157894737, 0.7142857142857143, 0.6962025316455697, 0.7, 0.7037037037037037, 0.7073170731707317, 0.6904761904761905, 0.6744186046511628, 0.6781609195402298, 0.6629213483146067, 0.6666666666666666, 0.6703296703296703, 0.6559139784946236, 0.6595744680851063, 0.6458333333333334, 0.6494845360824743, 0.6530612244897959, 0.6565656565656566, 0.66, 0.68, 0.7, 0.72, 0.74, 0.76, 0.78, 0.8, 0.82, 0.84, 0.86, 0.88, 0.9, 0.92, 0.94, 0.96, 0.98, 1.0], 0.6156784773626631]}}