{"rank_algo": "mrmr_score", "seed": 85, "subsampling_proportion": 0.01, "exec_time": 11.767279863357544, "results": {"features": ["feature98", "feature86", "feature99", "feature85", "feature87", "feature88", "feature89", "feature84", "feature83", "feature82", "feature5", "feature81", "feature14", "feature48", "feature71", "feature56", "feature32", "feature12", "feature59", "feature90", "feature27", "feature37", "feature91", "feature30", "feature2", "feature50", "feature42", "feature39", "feature62", "feature9", "feature15", "feature52", "feature49", "feature29", "feature51", "feature10", "feature40", "feature4", "feature28", "feature38", "feature8", "feature72", "feature43", "feature24", "feature34", "feature54", "feature73", "feature36", "feature66", "feature16", "feature57", "feature47", "feature31", "feature44", "feature11", "feature6", "feature3", "feature46", "feature21", "feature67", "feature45", "feature0", "feature55", "feature13", "feature74", "feature7", "feature22", "feature41", "feature61", "feature35", "feature25", "feature68", "feature75", "feature64", "feature26", "feature1", "feature76", "feature58", "feature77", "feature53", "feature78", "feature79", "feature80", "feature60", "feature18", "feature17", "feature19", "feature65", "feature69", "feature33", "feature20", "feature63", "feature23", "feature70", "feature92", "feature93", "feature94", "feature95", "feature96", "feature97"], "scores": [99, 98, 97, 96, 95, 94, 93, 92, 91, 90, 89, 88, 87, 86, 85, 84, 83, 82, 81, 80, 79, 78, 77, 76, 75, 74, 73, 72, 71, 70, 69, 68, 67, 66, 65, 64, 63, 62, 61, 60, 59, 58, 57, 56, 55, 54, 53, 52, 51, 50, 49, 48, 47, 46, 45, 44, 43, 42, 41, 40, 39, 38, 37, 36, 35, 34, 33, 32, 31, 30, 29, 28, 27, 26, 25, 24, 23, 22, 21, 20, 19, 18, 17, 16, 15, 14, 13, 12, 11, 10, 9, 8, 7, 0, 0, 0, 0, 0, 0, 0]}, "evaluations": {"eval_method": "jaccard_full_score", "singles": [[1.0, 0.3333333333333333, 0.5, 0.3333333333333333, 0.25, 0.2, 0.16666666666666666, 0.14285714285714285, 0.125, 0.1111111111111111, 0.1, 0.09090909090909091, 0.08333333333333333, 0.07692307692307693, 0.07142857142857142, 0.06666666666666667, 0.0625, 0.09090909090909091, 0.11764705882352941, 0.1111111111111111, 0.10526315789473684, 0.1, 0.09523809523809523, 0.09090909090909091, 0.1111111111111111, 0.10638297872340426, 0.10204081632653061, 0.09803921568627451, 0.11538461538461539, 0.1320754716981132, 0.16981132075471697, 0.18518518518518517, 0.2222222222222222, 0.23636363636363636, 0.25, 0.2631578947368421, 0.27586206896551724, 0.288135593220339, 0.2786885245901639, 0.2698412698412698, 0.28125, 0.2923076923076923, 0.30303030303030304, 0.31343283582089554, 0.30434782608695654, 0.3142857142857143, 0.34285714285714286, 0.3333333333333333, 0.3424657534246575, 0.35135135135135137, 0.36, 0.35064935064935066, 0.34177215189873417, 0.35, 0.35802469135802467, 0.36585365853658536, 0.3902439024390244, 0.39759036144578314, 0.42168674698795183, 0.42857142857142855, 0.43529411764705883, 0.4418604651162791, 0.4318181818181818, 0.45454545454545453, 0.4606741573033708, 0.48314606741573035, 0.5056179775280899, 0.5280898876404494, 0.550561797752809, 0.5555555555555556, 0.5434782608695652, 0.5483870967741935, 0.5698924731182796, 0.574468085106383, 0.5957446808510638, 0.6, 0.6041666666666666, 0.625, 0.6458333333333334, 0.6326530612244898, 0.6530612244897959, 0.673469387755102, 0.6938775510204082, 0.7142857142857143, 0.7346938775510204, 0.7373737373737373, 0.7575757575757576, 0.7777777777777778, 0.78, 0.8, 0.82, 0.84, 0.86, 0.88, 0.9, 0.92, 0.94, 0.96, 0.98, 1.0], 0.41092321665393045], "first_gen": [[1.0, 0.3333333333333333, 0.5, 0.3333333333333333, 0.42857142857142855, 0.5, 0.5555555555555556, 0.6, 0.6363636363636364, 0.6666666666666666, 0.6923076923076923, 0.7142857142857143, 0.7333333333333333, 0.6470588235294118, 0.5789473684210527, 0.5238095238095238, 0.4782608695652174, 0.44, 0.4074074074074074, 0.3793103448275862, 0.3548387096774194, 0.3333333333333333, 0.3142857142857143, 0.2972972972972973, 0.3157894736842105, 0.3, 0.2857142857142857, 0.2727272727272727, 0.2608695652173913, 0.30434782608695654, 0.34782608695652173, 0.3617021276595745, 0.40425531914893614, 0.4166666666666667, 0.42857142857142855, 0.44, 0.48, 0.46153846153846156, 0.4716981132075472, 0.48148148148148145, 0.5185185185185185, 0.5, 0.5357142857142857, 0.543859649122807, 0.5254237288135594, 0.5333333333333333, 0.5161290322580645, 0.5483870967741935, 0.5555555555555556, 0.5625, 0.5692307692307692, 0.6, 0.6060606060606061, 0.6363636363636364, 0.6176470588235294, 0.6, 0.6285714285714286, 0.6338028169014085, 0.6388888888888888, 0.6438356164383562, 0.6486486486486487, 0.6533333333333333, 0.68, 0.6623376623376623, 0.6455696202531646, 0.65, 0.654320987654321, 0.6585365853658537, 0.6428571428571429, 0.6470588235294118, 0.632183908045977, 0.6363636363636364, 0.6590909090909091, 0.6444444444444445, 0.6483516483516484, 0.6521739130434783, 0.6559139784946236, 0.6421052631578947, 0.6631578947368421, 0.6666666666666666, 0.6875, 0.7083333333333334, 0.711340206185567, 0.7142857142857143, 0.7346938775510204, 0.7551020408163265, 0.7755102040816326, 0.7959183673469388, 0.8163265306122449, 0.8181818181818182, 0.8383838383838383, 0.84, 0.86, 0.88, 0.9, 0.92, 0.94, 0.96, 0.98, 1.0], 0.5926666789200853]}}