{"rank_algo": "mrmr_score", "seed": 29, "subsampling_proportion": 0.01, "exec_time": 9.387999296188354, "results": {"features": ["feature98", "feature86", "feature99", "feature85", "feature87", "feature88", "feature89", "feature84", "feature83", "feature82", "feature81", "feature5", "feature23", "feature14", "feature71", "feature90", "feature56", "feature12", "feature32", "feature0", "feature2", "feature91", "feature22", "feature59", "feature30", "feature39", "feature24", "feature50", "feature48", "feature8", "feature16", "feature40", "feature37", "feature4", "feature27", "feature28", "feature15", "feature49", "feature9", "feature67", "feature51", "feature11", "feature42", "feature36", "feature44", "feature29", "feature62", "feature47", "feature18", "feature10", "feature26", "feature68", "feature43", "feature17", "feature41", "feature58", "feature52", "feature38", "feature3", "feature72", "feature7", "feature31", "feature46", "feature54", "feature69", "feature66", "feature34", "feature64", "feature6", "feature61", "feature45", "feature53", "feature21", "feature35", "feature63", "feature19", "feature73", "feature13", "feature65", "feature33", "feature1", "feature74", "feature25", "feature75", "feature60", "feature20", "feature76", "feature77", "feature78", "feature79", "feature80", "feature57", "feature55", "feature70", "feature92", "feature93", "feature94", "feature95", "feature96", "feature97"], "scores": [99, 98, 97, 96, 95, 94, 93, 92, 91, 90, 89, 88, 87, 86, 85, 84, 83, 82, 81, 80, 79, 78, 77, 76, 75, 74, 73, 72, 71, 70, 69, 68, 67, 66, 65, 64, 63, 62, 61, 60, 59, 58, 57, 56, 55, 54, 53, 52, 51, 50, 49, 48, 47, 46, 45, 44, 43, 42, 41, 40, 39, 38, 37, 36, 35, 34, 33, 32, 31, 30, 29, 28, 27, 26, 25, 24, 23, 22, 21, 20, 19, 18, 17, 16, 15, 14, 13, 12, 11, 10, 9, 8, 7, 0, 0, 0, 0, 0, 0, 0]}, "evaluations": {"eval_method": "jaccard_full_score", "singles": [[1.0, 0.3333333333333333, 0.5, 0.3333333333333333, 0.25, 0.2, 0.16666666666666666, 0.14285714285714285, 0.125, 0.1111111111111111, 0.1, 0.09090909090909091, 0.13043478260869565, 0.12, 0.1111111111111111, 0.10344827586206896, 0.0967741935483871, 0.125, 0.11764705882352941, 0.1111111111111111, 0.13513513513513514, 0.1282051282051282, 0.15, 0.17073170731707318, 0.16279069767441862, 0.15555555555555556, 0.14893617021276595, 0.14285714285714285, 0.13725490196078433, 0.15384615384615385, 0.16981132075471697, 0.18518518518518517, 0.2, 0.21428571428571427, 0.20689655172413793, 0.2, 0.23333333333333334, 0.26666666666666666, 0.2786885245901639, 0.2698412698412698, 0.30158730158730157, 0.3333333333333333, 0.36507936507936506, 0.35384615384615387, 0.34328358208955223, 0.3333333333333333, 0.36231884057971014, 0.352112676056338, 0.38028169014084506, 0.3888888888888889, 0.4166666666666667, 0.40540540540540543, 0.39473684210526316, 0.4025974025974026, 0.41025641025641024, 0.4358974358974359, 0.4430379746835443, 0.43209876543209874, 0.4567901234567901, 0.4634146341463415, 0.46987951807228917, 0.47619047619047616, 0.4823529411764706, 0.5058823529411764, 0.4942528735632184, 0.5, 0.5056179775280899, 0.5111111111111111, 0.5164835164835165, 0.5384615384615384, 0.5434782608695652, 0.5483870967741935, 0.5698924731182796, 0.574468085106383, 0.5957446808510638, 0.6, 0.6041666666666666, 0.625, 0.6122448979591837, 0.6326530612244898, 0.6530612244897959, 0.673469387755102, 0.6767676767676768, 0.696969696969697, 0.7171717171717171, 0.7373737373737373, 0.74, 0.76, 0.78, 0.8, 0.82, 0.84, 0.86, 0.88, 0.9, 0.92, 0.94, 0.96, 0.98, 1.0], 0.42418996125887426], "first_gen": [[1.0, 0.3333333333333333, 0.5, 0.3333333333333333, 0.42857142857142855, 0.5, 0.5555555555555556, 0.6, 0.6363636363636364, 0.6666666666666666, 0.6923076923076923, 0.7142857142857143, 0.8571428571428571, 0.75, 0.6666666666666666, 0.6, 0.5454545454545454, 0.5, 0.46153846153846156, 0.42857142857142855, 0.5, 0.4666666666666667, 0.4838709677419355, 0.45454545454545453, 0.42857142857142855, 0.40540540540540543, 0.38461538461538464, 0.36585365853658536, 0.3488372093023256, 0.3953488372093023, 0.4090909090909091, 0.45454545454545453, 0.4666666666666667, 0.4782608695652174, 0.48936170212765956, 0.46938775510204084, 0.48, 0.49019607843137253, 0.5, 0.5094339622641509, 0.5471698113207547, 0.5272727272727272, 0.5636363636363636, 0.5714285714285714, 0.5789473684210527, 0.559322033898305, 0.5666666666666667, 0.6, 0.6333333333333333, 0.6666666666666666, 0.6721311475409836, 0.6774193548387096, 0.7096774193548387, 0.7419354838709677, 0.71875, 0.7230769230769231, 0.7014925373134329, 0.7058823529411765, 0.7101449275362319, 0.7142857142857143, 0.7428571428571429, 0.7222222222222222, 0.726027397260274, 0.7297297297297297, 0.7333333333333333, 0.7142857142857143, 0.717948717948718, 0.7, 0.7037037037037037, 0.6867469879518072, 0.6705882352941176, 0.6551724137931034, 0.6590909090909091, 0.6629213483146067, 0.6483516483516484, 0.6521739130434783, 0.6559139784946236, 0.6421052631578947, 0.6458333333333334, 0.6494845360824743, 0.6701030927835051, 0.6907216494845361, 0.6938775510204082, 0.7142857142857143, 0.7171717171717171, 0.7373737373737373, 0.7575757575757576, 0.7777777777777778, 0.797979797979798, 0.8181818181818182, 0.8383838383838383, 0.84, 0.86, 0.88, 0.9, 0.92, 0.94, 0.96, 0.98, 1.0], 0.6348647688267693]}}