{"rank_algo": "mrmr_score", "seed": 21, "subsampling_proportion": 0.01, "exec_time": 9.353002071380615, "results": {"features": ["feature98", "feature85", "feature99", "feature87", "feature88", "feature89", "feature86", "feature84", "feature83", "feature82", "feature5", "feature81", "feature12", "feature14", "feature48", "feature71", "feature32", "feature50", "feature27", "feature39", "feature90", "feature59", "feature0", "feature91", "feature43", "feature37", "feature15", "feature2", "feature30", "feature40", "feature49", "feature42", "feature62", "feature52", "feature34", "feature36", "feature9", "feature28", "feature51", "feature16", "feature68", "feature38", "feature29", "feature54", "feature10", "feature47", "feature4", "feature11", "feature8", "feature41", "feature67", "feature44", "feature3", "feature46", "feature66", "feature21", "feature6", "feature26", "feature53", "feature35", "feature72", "feature24", "feature56", "feature13", "feature20", "feature69", "feature31", "feature17", "feature65", "feature19", "feature22", "feature23", "feature7", "feature63", "feature73", "feature58", "feature55", "feature45", "feature60", "feature25", "feature33", "feature74", "feature75", "feature1", "feature76", "feature57", "feature77", "feature78", "feature79", "feature80", "feature64", "feature61", "feature18", "feature70", "feature92", "feature93", "feature94", "feature95", "feature96", "feature97"], "scores": [99, 98, 97, 96, 95, 94, 93, 92, 91, 90, 89, 88, 87, 86, 85, 84, 83, 82, 81, 80, 79, 78, 77, 76, 75, 74, 73, 72, 71, 70, 69, 68, 67, 66, 65, 64, 63, 62, 61, 60, 59, 58, 57, 56, 55, 54, 53, 52, 51, 50, 49, 48, 47, 46, 45, 44, 43, 42, 41, 40, 39, 38, 37, 36, 35, 34, 33, 32, 31, 30, 29, 28, 27, 26, 25, 24, 23, 22, 21, 20, 19, 18, 17, 16, 15, 14, 13, 12, 11, 10, 9, 8, 7, 0, 0, 0, 0, 0, 0, 0]}, "evaluations": {"eval_method": "jaccard_full_score", "singles": [[1.0, 0.3333333333333333, 0.5, 0.3333333333333333, 0.25, 0.2, 0.16666666666666666, 0.14285714285714285, 0.125, 0.1111111111111111, 0.1, 0.09090909090909091, 0.13043478260869565, 0.12, 0.1111111111111111, 0.10344827586206896, 0.0967741935483871, 0.09090909090909091, 0.08571428571428572, 0.08108108108108109, 0.07692307692307693, 0.1, 0.09523809523809523, 0.09090909090909091, 0.08695652173913043, 0.08333333333333333, 0.10204081632653061, 0.12, 0.11538461538461539, 0.15384615384615385, 0.16981132075471697, 0.18518518518518517, 0.2222222222222222, 0.23636363636363636, 0.22807017543859648, 0.22033898305084745, 0.23333333333333334, 0.2459016393442623, 0.25806451612903225, 0.2698412698412698, 0.28125, 0.2923076923076923, 0.30303030303030304, 0.31343283582089554, 0.3235294117647059, 0.3142857142857143, 0.323943661971831, 0.3333333333333333, 0.3424657534246575, 0.35135135135135137, 0.36, 0.35064935064935066, 0.358974358974359, 0.38461538461538464, 0.375, 0.4, 0.4074074074074074, 0.4146341463414634, 0.42168674698795183, 0.42857142857142855, 0.4186046511627907, 0.4418604651162791, 0.4318181818181818, 0.45454545454545453, 0.4606741573033708, 0.4666666666666667, 0.4725274725274725, 0.4782608695652174, 0.4838709677419355, 0.5053763440860215, 0.5106382978723404, 0.5319148936170213, 0.5531914893617021, 0.574468085106383, 0.5957446808510638, 0.6, 0.5876288659793815, 0.6082474226804123, 0.6122448979591837, 0.6161616161616161, 0.6363636363636364, 0.6565656565656566, 0.6767676767676768, 0.696969696969697, 0.7171717171717171, 0.7373737373737373, 0.7575757575757576, 0.7777777777777778, 0.797979797979798, 0.8181818181818182, 0.82, 0.84, 0.86, 0.88, 0.9, 0.92, 0.94, 0.96, 0.98, 1.0], 0.40731403149592044], "first_gen": [[1.0, 0.3333333333333333, 0.5, 0.3333333333333333, 0.25, 0.3333333333333333, 0.5555555555555556, 0.6, 0.6363636363636364, 0.6666666666666666, 0.6923076923076923, 0.7142857142857143, 0.7333333333333333, 0.6470588235294118, 0.5789473684210527, 0.5238095238095238, 0.4782608695652174, 0.44, 0.4074074074074074, 0.3793103448275862, 0.3548387096774194, 0.3333333333333333, 0.35294117647058826, 0.3333333333333333, 0.3157894736842105, 0.3333333333333333, 0.3170731707317073, 0.36585365853658536, 0.3488372093023256, 0.3953488372093023, 0.4418604651162791, 0.45454545454545453, 0.4666666666666667, 0.4782608695652174, 0.48936170212765956, 0.46938775510204084, 0.5102040816326531, 0.49019607843137253, 0.5, 0.5094339622641509, 0.4909090909090909, 0.47368421052631576, 0.4827586206896552, 0.4915254237288136, 0.5, 0.5333333333333333, 0.5409836065573771, 0.5483870967741935, 0.5806451612903226, 0.5873015873015873, 0.59375, 0.625, 0.65625, 0.6875, 0.6666666666666666, 0.696969696969697, 0.7014925373134329, 0.7058823529411765, 0.6857142857142857, 0.7142857142857143, 0.7183098591549296, 0.6986301369863014, 0.726027397260274, 0.7066666666666667, 0.7105263157894737, 0.7142857142857143, 0.6962025316455697, 0.7, 0.6829268292682927, 0.6867469879518072, 0.6904761904761905, 0.6941176470588235, 0.6976744186046512, 0.6818181818181818, 0.6853932584269663, 0.6703296703296703, 0.6739130434782609, 0.6595744680851063, 0.6631578947368421, 0.6666666666666666, 0.6701030927835051, 0.6907216494845361, 0.711340206185567, 0.7319587628865979, 0.7525773195876289, 0.7551020408163265, 0.7755102040816326, 0.7959183673469388, 0.8163265306122449, 0.8181818181818182, 0.82, 0.84, 0.86, 0.88, 0.9, 0.92, 0.94, 0.96, 0.98, 1.0], 0.6107891864928816]}}