{"rank_algo": "mrmr_score", "seed": 61, "subsampling_proportion": 0.01, "exec_time": 9.366439819335938, "results": {"features": ["feature98", "feature87", "feature99", "feature84", "feature88", "feature89", "feature85", "feature86", "feature83", "feature5", "feature81", "feature82", "feature14", "feature71", "feature12", "feature32", "feature23", "feature90", "feature49", "feature59", "feature91", "feature40", "feature0", "feature39", "feature37", "feature42", "feature44", "feature15", "feature62", "feature2", "feature28", "feature24", "feature48", "feature36", "feature30", "feature50", "feature58", "feature34", "feature47", "feature38", "feature29", "feature9", "feature45", "feature26", "feature16", "feature10", "feature43", "feature41", "feature51", "feature4", "feature46", "feature52", "feature53", "feature8", "feature66", "feature72", "feature67", "feature57", "feature35", "feature3", "feature54", "feature25", "feature31", "feature56", "feature21", "feature13", "feature27", "feature18", "feature65", "feature74", "feature22", "feature68", "feature69", "feature61", "feature55", "feature63", "feature75", "feature6", "feature20", "feature11", "feature73", "feature60", "feature76", "feature77", "feature7", "feature19", "feature78", "feature79", "feature17", "feature80", "feature33", "feature1", "feature64", "feature70", "feature92", "feature93", "feature94", "feature95", "feature96", "feature97"], "scores": [99, 98, 97, 96, 95, 94, 93, 92, 91, 90, 89, 88, 87, 86, 85, 84, 83, 82, 81, 80, 79, 78, 77, 76, 75, 74, 73, 72, 71, 70, 69, 68, 67, 66, 65, 64, 63, 62, 61, 60, 59, 58, 57, 56, 55, 54, 53, 52, 51, 50, 49, 48, 47, 46, 45, 44, 43, 42, 41, 40, 39, 38, 37, 36, 35, 34, 33, 32, 31, 30, 29, 28, 27, 26, 25, 24, 23, 22, 21, 20, 19, 18, 17, 16, 15, 14, 13, 12, 11, 10, 9, 8, 7, 0, 0, 0, 0, 0, 0, 0]}, "evaluations": {"eval_method": "jaccard_full_score", "singles": [[1.0, 0.3333333333333333, 0.5, 0.3333333333333333, 0.25, 0.2, 0.16666666666666666, 0.14285714285714285, 0.125, 0.1111111111111111, 0.1, 0.09090909090909091, 0.08333333333333333, 0.07692307692307693, 0.1111111111111111, 0.10344827586206896, 0.13333333333333333, 0.125, 0.15151515151515152, 0.17647058823529413, 0.16666666666666666, 0.1891891891891892, 0.1794871794871795, 0.17073170731707318, 0.16279069767441862, 0.15555555555555556, 0.14893617021276595, 0.16666666666666666, 0.1836734693877551, 0.22448979591836735, 0.21568627450980393, 0.23076923076923078, 0.24528301886792453, 0.25925925925925924, 0.25, 0.2413793103448276, 0.27586206896551724, 0.26666666666666666, 0.25806451612903225, 0.25, 0.26153846153846155, 0.2923076923076923, 0.3230769230769231, 0.3333333333333333, 0.34328358208955223, 0.35294117647058826, 0.36231884057971014, 0.37142857142857144, 0.4, 0.3888888888888889, 0.4166666666666667, 0.40540540540540543, 0.39473684210526316, 0.4025974025974026, 0.3924050632911392, 0.4, 0.4074074074074074, 0.39759036144578314, 0.40476190476190477, 0.42857142857142855, 0.43529411764705883, 0.4418604651162791, 0.4318181818181818, 0.43820224719101125, 0.4444444444444444, 0.4666666666666667, 0.4888888888888889, 0.5111111111111111, 0.5164835164835165, 0.5384615384615384, 0.5434782608695652, 0.5483870967741935, 0.5368421052631579, 0.5578947368421052, 0.5625, 0.5670103092783505, 0.5876288659793815, 0.6082474226804123, 0.6122448979591837, 0.6326530612244898, 0.6530612244897959, 0.673469387755102, 0.6938775510204082, 0.7142857142857143, 0.7346938775510204, 0.7551020408163265, 0.7755102040816326, 0.7959183673469388, 0.797979797979798, 0.8181818181818182, 0.8383838383838383, 0.8585858585858586, 0.86, 0.88, 0.9, 0.92, 0.94, 0.96, 0.98, 1.0], 0.4247871773662209], "first_gen": [[1.0, 0.3333333333333333, 0.5, 0.3333333333333333, 0.25, 0.2, 0.4, 0.6, 0.6363636363636364, 0.6666666666666666, 0.6923076923076923, 0.7142857142857143, 0.7333333333333333, 0.6470588235294118, 0.5789473684210527, 0.5238095238095238, 0.5454545454545454, 0.5, 0.46153846153846156, 0.42857142857142855, 0.4, 0.375, 0.3939393939393939, 0.37142857142857144, 0.35135135135135137, 0.3333333333333333, 0.38461538461538464, 0.4, 0.4146341463414634, 0.4634146341463415, 0.47619047619047616, 0.4883720930232558, 0.5, 0.5111111111111111, 0.5217391304347826, 0.5, 0.5102040816326531, 0.49019607843137253, 0.4716981132075472, 0.48148148148148145, 0.4642857142857143, 0.5, 0.4827586206896552, 0.5172413793103449, 0.5, 0.5081967213114754, 0.5409836065573771, 0.5483870967741935, 0.5806451612903226, 0.5873015873015873, 0.6190476190476191, 0.625, 0.6307692307692307, 0.6615384615384615, 0.6417910447761194, 0.6470588235294118, 0.6521739130434783, 0.6338028169014085, 0.6388888888888888, 0.6666666666666666, 0.6944444444444444, 0.6756756756756757, 0.6578947368421053, 0.6623376623376623, 0.6666666666666666, 0.65, 0.654320987654321, 0.6585365853658537, 0.6428571428571429, 0.627906976744186, 0.632183908045977, 0.6363636363636364, 0.6404494382022472, 0.6263736263736264, 0.6304347826086957, 0.6170212765957447, 0.6210526315789474, 0.625, 0.6458333333333334, 0.6494845360824743, 0.6701030927835051, 0.673469387755102, 0.6938775510204082, 0.7142857142857143, 0.7346938775510204, 0.7551020408163265, 0.7755102040816326, 0.7959183673469388, 0.8163265306122449, 0.8367346938775511, 0.8383838383838383, 0.8585858585858586, 0.86, 0.88, 0.9, 0.92, 0.94, 0.96, 0.98, 1.0], 0.6035159575673888]}}