{"rank_algo": "random_forest_score", "seed": 25, "subsampling_proportion": 0.1, "exec_time": 16.586000680923462, "results": {"features": ["feature98", "feature99", "feature88", "feature89", "feature86", "feature85", "feature83", "feature84", "feature87", "feature23", "feature82", "feature81", "feature22", "feature49", "feature71", "feature0", "feature5", "feature2", "feature1", "feature18", "feature91", "feature3", "feature15", "feature14", "feature33", "feature10", "feature20", "feature55", "feature57", "feature43", "feature60", "feature21", "feature50", "feature8", "feature9", "feature36", "feature12", "feature19", "feature58", "feature44", "feature48", "feature7", "feature26", "feature56", "feature59", "feature62", "feature67", "feature41", "feature38", "feature42", "feature32", "feature29", "feature51", "feature47", "feature46", "feature17", "feature30", "feature52", "feature11", "feature64", "feature90", "feature66", "feature54", "feature27", "feature37", "feature53", "feature69", "feature63", "feature28", "feature40", "feature39", "feature16", "feature68", "feature61", "feature24", "feature4", "feature35", "feature45", "feature25", "feature31", "feature65", "feature34", "feature13", "feature72", "feature6", "feature70", "feature73", "feature74", "feature75", "feature76", "feature77", "feature78", "feature79", "feature80", "feature92", "feature93", "feature94", "feature95", "feature96", "feature97"], "scores": [0.4405038855999634, 0.4126941308186974, 0.017220162285772857, 0.016068777765789806, 0.010998459267207876, 0.010412964534367578, 0.009548253712624128, 0.009229678096320455, 0.00854865428062456, 0.008423503049719148, 0.007195338428095563, 0.005645561121762137, 0.0033980100186990834, 0.0021890264819146017, 0.0012950949431569522, 0.0012466968490653407, 0.0012411002389641065, 0.0010691397441900772, 0.0010198479342338454, 0.0010153194107378704, 0.0009929881181358251, 0.00093174486729029, 0.0009267918475143916, 0.0009164931314115678, 0.0009109578521305701, 0.0008859752739217217, 0.000876406245049727, 0.000855799594921684, 0.0008453438167227162, 0.0008440297196663459, 0.0008044672605548365, 0.000798618078452744, 0.0007667603803074989, 0.000766358139829914, 0.0007649000443743063, 0.0007017370605276936, 0.0006832210189626362, 0.0006744749831748333, 0.000628334615603797, 0.000610025338283111, 0.000593594268441158, 0.0005840589918694673, 0.0005787646395860495, 0.0005282544318116036, 0.0005258166219425888, 0.0005146910840840256, 0.0004849693218922125, 0.0004770421893260929, 0.00047599231843349795, 0.0004676448837621509, 0.00045165665833041485, 0.0004463406964819142, 0.00044249407177607806, 0.0004288518557888681, 0.0004215407643479695, 0.0004213919399769807, 0.00040918531950309017, 0.0004091334624837727, 0.00040041391666374444, 0.00039221603676203165, 0.0003747583827093807, 0.00035722115707899403, 0.00033261099150495594, 0.0003287017256428228, 0.0003139535578616387, 0.00030876612334047984, 0.00029287838149099, 0.00029255174332356237, 0.00028067858842629047, 0.00026722146166651366, 0.00026699833619742955, 0.0002490501020189943, 0.00022117545539126977, 0.00021439486101296865, 0.00021433498856800211, 0.00016075290544675185, 0.00014893979407670045, 0.0001416994741367374, 0.00014119734400550098, 0.0001262860470625651, 0.00012402245690822336, 0.00012275689314449992, 0.00010166546166227809, 1.429832531587752e-05, 0.0, 0.0, 0.0, 0.0, 0.0, 0.0, 0.0, 0.0, 0.0, 0.0, 0.0, 0.0, 0.0, 0.0, 0.0, 0.0]}, "evaluations": {"eval_method": "jaccard_full_score", "singles": [[1.0, 1.0, 0.5, 0.3333333333333333, 0.25, 0.2, 0.16666666666666666, 0.14285714285714285, 0.125, 0.17647058823529413, 0.15789473684210525, 0.14285714285714285, 0.13043478260869565, 0.16666666666666666, 0.15384615384615385, 0.14285714285714285, 0.13333333333333333, 0.125, 0.1875, 0.21212121212121213, 0.2, 0.1891891891891892, 0.21052631578947367, 0.2, 0.19047619047619047, 0.20930232558139536, 0.22727272727272727, 0.24444444444444444, 0.23404255319148937, 0.25, 0.2653061224489796, 0.28, 0.29411764705882354, 0.3076923076923077, 0.34615384615384615, 0.3333333333333333, 0.34545454545454546, 0.35714285714285715, 0.3684210526315789, 0.3559322033898305, 0.36666666666666664, 0.3770491803278688, 0.3870967741935484, 0.375, 0.38461538461538464, 0.3939393939393939, 0.38235294117647056, 0.391304347826087, 0.4, 0.42857142857142855, 0.43661971830985913, 0.4246575342465753, 0.4520547945205479, 0.4594594594594595, 0.4666666666666667, 0.47368421052631576, 0.4805194805194805, 0.46835443037974683, 0.4936708860759494, 0.5, 0.5061728395061729, 0.4939759036144578, 0.5, 0.5238095238095238, 0.5294117647058824, 0.5348837209302325, 0.5402298850574713, 0.5632183908045977, 0.5862068965517241, 0.6091954022988506, 0.5955056179775281, 0.6179775280898876, 0.6043956043956044, 0.6086956521739131, 0.6304347826086957, 0.6344086021505376, 0.6382978723404256, 0.6421052631578947, 0.6288659793814433, 0.6161616161616161, 0.6363636363636364, 0.64, 0.66, 0.68, 0.7, 0.72, 0.74, 0.76, 0.78, 0.8, 0.82, 0.84, 0.86, 0.88, 0.9, 0.92, 0.94, 0.96, 0.98, 1.0], 0.46685097316744895], "first_gen": [[1.0, 1.0, 0.5, 0.3333333333333333, 0.42857142857142855, 0.5, 0.5555555555555556, 0.6, 0.6363636363636364, 0.8181818181818182, 0.8333333333333334, 0.8461538461538461, 1.0, 0.8666666666666667, 0.7647058823529411, 0.6842105263157895, 0.6190476190476191, 0.6363636363636364, 0.6521739130434783, 0.6, 0.6153846153846154, 0.6296296296296297, 0.5862068965517241, 0.5483870967741935, 0.5625, 0.5757575757575758, 0.6363636363636364, 0.6470588235294118, 0.6111111111111112, 0.6216216216216216, 0.5897435897435898, 0.6410256410256411, 0.65, 0.7, 0.7073170731707317, 0.6744186046511628, 0.6444444444444445, 0.6521739130434783, 0.625, 0.6666666666666666, 0.64, 0.6153846153846154, 0.6226415094339622, 0.660377358490566, 0.6363636363636364, 0.6140350877192983, 0.6206896551724138, 0.6271186440677966, 0.6333333333333333, 0.6666666666666666, 0.7, 0.6774193548387096, 0.6825396825396826, 0.6875, 0.71875, 0.75, 0.7272727272727273, 0.7058823529411765, 0.7101449275362319, 0.7142857142857143, 0.7428571428571429, 0.7222222222222222, 0.726027397260274, 0.7297297297297297, 0.7333333333333333, 0.7142857142857143, 0.717948717948718, 0.7, 0.7037037037037037, 0.7073170731707317, 0.7108433734939759, 0.7142857142857143, 0.6976744186046512, 0.6818181818181818, 0.6666666666666666, 0.6521739130434783, 0.6559139784946236, 0.6421052631578947, 0.6288659793814433, 0.6326530612244898, 0.6363636363636364, 0.6565656565656566, 0.66, 0.68, 0.7, 0.72, 0.74, 0.76, 0.78, 0.8, 0.82, 0.84, 0.86, 0.88, 0.9, 0.92, 0.94, 0.96, 0.98, 1.0], 0.6968003260445538]}}