{"rank_algo": "random_forest_score", "seed": 98, "subsampling_proportion": 0.1, "exec_time": 15.328999757766724, "results": {"features": ["feature99", "feature98", "feature88", "feature85", "feature87", "feature89", "feature84", "feature86", "feature82", "feature23", "feature83", "feature81", "feature22", "feature49", "feature0", "feature1", "feature71", "feature2", "feature33", "feature10", "feature55", "feature5", "feature15", "feature57", "feature19", "feature9", "feature3", "feature60", "feature21", "feature8", "feature20", "feature90", "feature18", "feature14", "feature58", "feature12", "feature50", "feature27", "feature36", "feature44", "feature43", "feature42", "feature67", "feature59", "feature26", "feature7", "feature51", "feature62", "feature38", "feature32", "feature47", "feature29", "feature91", "feature40", "feature41", "feature11", "feature17", "feature52", "feature66", "feature64", "feature30", "feature46", "feature63", "feature54", "feature69", "feature53", "feature37", "feature56", "feature28", "feature24", "feature39", "feature68", "feature16", "feature61", "feature25", "feature35", "feature31", "feature65", "feature45", "feature48", "feature34", "feature13", "feature4", "feature72", "feature6", "feature79", "feature70", "feature73", "feature74", "feature75", "feature76", "feature77", "feature78", "feature80", "feature92", "feature93", "feature94", "feature95", "feature96", "feature97"], "scores": [0.4400153635107725, 0.4206094085912595, 0.01374569374064041, 0.012662053650241159, 0.012372026152408004, 0.011802116774552342, 0.010678340457341591, 0.010212747617288487, 0.008414737588886521, 0.008119643036000754, 0.006844583234056272, 0.004257620002314578, 0.0023130303778382175, 0.001974659526666624, 0.0015190719181370504, 0.001141072011227675, 0.001048739707992129, 0.0009503354441004357, 0.0009395970656952957, 0.0009332933501888054, 0.0008744485446241408, 0.0008710772400841378, 0.0008685371455106032, 0.0008620382864472645, 0.0008124065129000263, 0.0008115788356396854, 0.0008108660663170815, 0.0007883808854734903, 0.0007863926768825087, 0.0007529923938976499, 0.0007060500696706509, 0.0007014256483887837, 0.0006629669616859051, 0.0006474706687091344, 0.0006403436116960464, 0.0006233990952571038, 0.0006224192307367873, 0.000620501483752359, 0.0006161358980913064, 0.0006055069156045861, 0.0005966829464685018, 0.0005813163245816913, 0.0005728882647709178, 0.0005568931040025694, 0.000551701067450137, 0.000550305553656919, 0.0005273575622055785, 0.000495769597631511, 0.0004940080797912191, 0.00048663833688397835, 0.00047585189747766674, 0.0004538317702792313, 0.00044757626449437577, 0.000419374069386713, 0.0004149251601051891, 0.00040854961020988866, 0.00040543979079634107, 0.0003982397979017401, 0.00039546276836314515, 0.0003827025402498744, 0.00038095686664693624, 0.0003790262620372144, 0.00034088079491966314, 0.00032959812985126143, 0.0003091200795582907, 0.00030235570174879636, 0.00029569897246816513, 0.00027504682110876386, 0.00026461412210811803, 0.00025563445694354607, 0.0002433908290419343, 0.0002130716239048962, 0.00020513598869636472, 0.00018547475240304892, 0.00015494079386759992, 0.00015213956995545824, 0.0001418486218945238, 0.00013951881570757797, 0.00013835948763735214, 0.00012677749699477645, 0.00011441210197733284, 0.00010569640837285703, 8.135340269331284e-05, 8.976863941851148e-06, 7.954918590775642e-07, 5.891079765451967e-07, 0.0, 0.0, 0.0, 0.0, 0.0, 0.0, 0.0, 0.0, 0.0, 0.0, 0.0, 0.0, 0.0, 0.0]}, "evaluations": {"eval_method": "jaccard_full_score", "singles": [[1.0, 1.0, 0.5, 0.3333333333333333, 0.25, 0.2, 0.16666666666666666, 0.14285714285714285, 0.125, 0.17647058823529413, 0.15789473684210525, 0.14285714285714285, 0.13043478260869565, 0.16666666666666666, 0.15384615384615385, 0.18518518518518517, 0.1724137931034483, 0.16129032258064516, 0.1875, 0.25, 0.23529411764705882, 0.2222222222222222, 0.24324324324324326, 0.23076923076923078, 0.25, 0.23809523809523808, 0.22727272727272727, 0.2727272727272727, 0.28888888888888886, 0.30434782608695654, 0.34782608695652173, 0.3333333333333333, 0.3469387755102041, 0.36, 0.4, 0.4117647058823529, 0.39622641509433965, 0.4074074074074074, 0.39285714285714285, 0.3793103448275862, 0.3898305084745763, 0.423728813559322, 0.43333333333333335, 0.4426229508196721, 0.45161290322580644, 0.4375, 0.4461538461538462, 0.45454545454545453, 0.4626865671641791, 0.47058823529411764, 0.4782608695652174, 0.4647887323943662, 0.4722222222222222, 0.5, 0.5068493150684932, 0.5342465753424658, 0.5405405405405406, 0.5263157894736842, 0.5324675324675324, 0.5384615384615384, 0.525, 0.5308641975308642, 0.5365853658536586, 0.5609756097560976, 0.5476190476190477, 0.5529411764705883, 0.5764705882352941, 0.5813953488372093, 0.6046511627906976, 0.627906976744186, 0.6136363636363636, 0.6179775280898876, 0.6222222222222222, 0.6263736263736264, 0.6304347826086957, 0.6170212765957447, 0.6210526315789474, 0.6082474226804123, 0.6122448979591837, 0.6161616161616161, 0.62, 0.64, 0.66, 0.68, 0.7, 0.72, 0.74, 0.76, 0.78, 0.8, 0.82, 0.84, 0.86, 0.88, 0.9, 0.92, 0.94, 0.96, 0.98, 1.0], 0.48916645518641333], "first_gen": [[1.0, 1.0, 0.5, 0.3333333333333333, 0.25, 0.3333333333333333, 0.4, 0.6, 0.6363636363636364, 0.8181818181818182, 0.8333333333333334, 0.8461538461538461, 1.0, 0.8666666666666667, 0.7647058823529411, 0.7777777777777778, 0.7, 0.7142857142857143, 0.6521739130434783, 0.6666666666666666, 0.68, 0.6296296296296297, 0.5862068965517241, 0.5483870967741935, 0.5625, 0.5757575757575758, 0.6363636363636364, 0.6470588235294118, 0.6571428571428571, 0.6666666666666666, 0.6756756756756757, 0.6842105263157895, 0.6923076923076923, 0.7435897435897436, 0.7073170731707317, 0.6744186046511628, 0.6444444444444445, 0.6170212765957447, 0.5918367346938775, 0.6326530612244898, 0.64, 0.6470588235294118, 0.6538461538461539, 0.6296296296296297, 0.6363636363636364, 0.6140350877192983, 0.6491228070175439, 0.6551724137931034, 0.6610169491525424, 0.6949152542372882, 0.7288135593220338, 0.7049180327868853, 0.7096774193548387, 0.7142857142857143, 0.71875, 0.7230769230769231, 0.7272727272727273, 0.7058823529411765, 0.7101449275362319, 0.7142857142857143, 0.7183098591549296, 0.7222222222222222, 0.7027027027027027, 0.7066666666666667, 0.7105263157894737, 0.6923076923076923, 0.6962025316455697, 0.7, 0.7037037037037037, 0.6867469879518072, 0.6904761904761905, 0.6744186046511628, 0.6781609195402298, 0.6629213483146067, 0.6483516483516484, 0.6521739130434783, 0.6382978723404256, 0.625, 0.6122448979591837, 0.6326530612244898, 0.6530612244897959, 0.6565656565656566, 0.66, 0.68, 0.7, 0.72, 0.74, 0.76, 0.78, 0.8, 0.82, 0.84, 0.86, 0.88, 0.9, 0.92, 0.94, 0.96, 0.98, 1.0], 0.6968499604225261]}}