{"rank_algo": "random_forest_score", "seed": 14, "subsampling_proportion": 0.1, "exec_time": 16.32300329208374, "results": {"features": ["feature99", "feature98", "feature87", "feature85", "feature88", "feature86", "feature89", "feature81", "feature23", "feature83", "feature84", "feature82", "feature22", "feature15", "feature0", "feature20", "feature49", "feature2", "feature32", "feature1", "feature5", "feature42", "feature33", "feature71", "feature21", "feature18", "feature3", "feature14", "feature57", "feature55", "feature10", "feature9", "feature60", "feature8", "feature19", "feature12", "feature56", "feature36", "feature50", "feature58", "feature67", "feature44", "feature37", "feature47", "feature7", "feature91", "feature59", "feature26", "feature51", "feature62", "feature29", "feature27", "feature38", "feature40", "feature30", "feature64", "feature46", "feature39", "feature11", "feature41", "feature48", "feature52", "feature66", "feature54", "feature17", "feature43", "feature69", "feature53", "feature63", "feature90", "feature28", "feature61", "feature24", "feature16", "feature68", "feature31", "feature35", "feature4", "feature65", "feature25", "feature34", "feature45", "feature13", "feature72", "feature78", "feature79", "feature73", "feature77", "feature6", "feature70", "feature74", "feature75", "feature76", "feature80", "feature92", "feature93", "feature94", "feature95", "feature96", "feature97"], "scores": [0.44656879267215505, 0.41880644008597845, 0.015909167804045086, 0.01506477358695753, 0.012502353731853865, 0.011345493820933868, 0.010395615605955139, 0.007145012459228353, 0.006924809514348861, 0.005989957814926998, 0.0055407427647625575, 0.005246965072965649, 0.002160031657220797, 0.0014553144833082696, 0.001344335804070957, 0.0012854571866404662, 0.0012247026537463546, 0.0009873887269204924, 0.0009521916942094598, 0.0009430313332826348, 0.0008707014822883112, 0.0008687086403305152, 0.0008255268931712324, 0.0008187180014269109, 0.0007774571215587157, 0.0007731819962500126, 0.0007663809482445078, 0.0007616300284733143, 0.0007503216473863623, 0.000739539315828177, 0.0007381923039259938, 0.0007088774248003757, 0.0006837286748954561, 0.0006374558679876555, 0.0006338596699837284, 0.0006194879211199692, 0.0005961208015222235, 0.0005849391708864372, 0.0005709793006288708, 0.0005614359057094903, 0.0005326463949765462, 0.0005279142937983342, 0.0005238163889563181, 0.0005107168990316432, 0.0005099866182788476, 0.0004785450016657654, 0.00046370609530712003, 0.00045974636223927224, 0.00043167846000908595, 0.0004307607424345048, 0.00043001018685992113, 0.0004233445909128049, 0.0004191383089758343, 0.00041649568024564737, 0.0003853276292399051, 0.0003825849597594244, 0.00037771835118875525, 0.00036238736269188796, 0.0003616539859070864, 0.00035397428067732937, 0.0003438692746536504, 0.0003392733929097795, 0.0003381480948001713, 0.00032488085788403274, 0.00032122736292300924, 0.00031010843016186925, 0.00030138733061952955, 0.00027864087640402544, 0.0002688876386531586, 0.0002588237821006076, 0.0002188301653790093, 0.00021606073815819525, 0.0002159194886722379, 0.00021337828673889238, 0.00021056306706549312, 0.00013614835395166347, 0.0001333600611826665, 0.0001308023978548736, 0.00011921793513601771, 0.0001166854487857095, 0.00011625216807463835, 0.00011517317544548475, 9.793896721060563e-05, 1.0407817296553423e-05, 7.786958602662707e-07, 5.818811910901953e-07, 3.7430545930829216e-07, 3.0582234229738384e-07, 0.0, 0.0, 0.0, 0.0, 0.0, 0.0, 0.0, 0.0, 0.0, 0.0, 0.0, 0.0]}, "evaluations": {"eval_method": "jaccard_full_score", "singles": [[1.0, 1.0, 0.5, 0.3333333333333333, 0.25, 0.2, 0.16666666666666666, 0.14285714285714285, 0.2, 0.17647058823529413, 0.15789473684210525, 0.14285714285714285, 0.13043478260869565, 0.16666666666666666, 0.15384615384615385, 0.14285714285714285, 0.1724137931034483, 0.2, 0.22580645161290322, 0.2903225806451613, 0.2727272727272727, 0.2571428571428571, 0.24324324324324326, 0.23076923076923078, 0.25, 0.23809523809523808, 0.22727272727272727, 0.24444444444444444, 0.23404255319148937, 0.25, 0.2653061224489796, 0.30612244897959184, 0.3469387755102041, 0.36, 0.4, 0.4117647058823529, 0.39622641509433965, 0.38181818181818183, 0.3684210526315789, 0.3793103448275862, 0.3898305084745763, 0.4, 0.3870967741935484, 0.375, 0.36363636363636365, 0.35294117647058826, 0.36231884057971014, 0.37142857142857144, 0.4, 0.42857142857142855, 0.43661971830985913, 0.4444444444444444, 0.4520547945205479, 0.4794520547945205, 0.4666666666666667, 0.47368421052631576, 0.5, 0.48717948717948717, 0.5128205128205128, 0.5384615384615384, 0.525, 0.5308641975308642, 0.5180722891566265, 0.5421686746987951, 0.5294117647058824, 0.5348837209302325, 0.5402298850574713, 0.5454545454545454, 0.5681818181818182, 0.5909090909090909, 0.5955056179775281, 0.6179775280898876, 0.6222222222222222, 0.6263736263736264, 0.6304347826086957, 0.6170212765957447, 0.6210526315789474, 0.625, 0.6122448979591837, 0.6161616161616161, 0.62, 0.64, 0.66, 0.68, 0.7, 0.72, 0.74, 0.76, 0.78, 0.8, 0.82, 0.84, 0.86, 0.88, 0.9, 0.92, 0.94, 0.96, 0.98, 1.0], 0.4772469704392185], "first_gen": [[1.0, 1.0, 0.5, 0.3333333333333333, 0.25, 0.5, 0.5555555555555556, 0.6, 0.8, 0.6666666666666666, 0.8333333333333334, 0.8461538461538461, 1.0, 0.8666666666666667, 0.7647058823529411, 0.6842105263157895, 0.6190476190476191, 0.6363636363636364, 0.5833333333333334, 0.6, 0.6153846153846154, 0.5714285714285714, 0.5862068965517241, 0.5483870967741935, 0.5625, 0.5757575757575758, 0.6363636363636364, 0.6470588235294118, 0.6111111111111112, 0.6216216216216216, 0.631578947368421, 0.6410256410256411, 0.65, 0.7, 0.7073170731707317, 0.6744186046511628, 0.6818181818181818, 0.6521739130434783, 0.625, 0.6326530612244898, 0.64, 0.6470588235294118, 0.6226415094339622, 0.6296296296296297, 0.6071428571428571, 0.6140350877192983, 0.6206896551724138, 0.6551724137931034, 0.6896551724137931, 0.6949152542372882, 0.6721311475409836, 0.6774193548387096, 0.7096774193548387, 0.7142857142857143, 0.71875, 0.696969696969697, 0.7014925373134329, 0.7058823529411765, 0.7101449275362319, 0.7142857142857143, 0.7428571428571429, 0.7464788732394366, 0.726027397260274, 0.7297297297297297, 0.7333333333333333, 0.7368421052631579, 0.7402597402597403, 0.7215189873417721, 0.7037037037037037, 0.7073170731707317, 0.7108433734939759, 0.6941176470588235, 0.6781609195402298, 0.6818181818181818, 0.6666666666666666, 0.6521739130434783, 0.6559139784946236, 0.6421052631578947, 0.6288659793814433, 0.6326530612244898, 0.6530612244897959, 0.6565656565656566, 0.66, 0.68, 0.7, 0.72, 0.74, 0.76, 0.78, 0.8, 0.82, 0.84, 0.86, 0.88, 0.9, 0.92, 0.94, 0.96, 0.98, 1.0], 0.6952946362543417]}}