{"rank_algo": "xgboost_score", "seed": 47, "subsampling_proportion": 0.1, "exec_time": 5.526997327804565, "results": {"features": ["feature82", "feature23", "feature5", "feature4", "feature81", "feature22", "feature16", "feature12", "feature71", "feature15", "feature27", "feature43", "feature0", "feature9", "feature31", "feature26", "feature1", "feature62", "feature54", "feature3", "feature18", "feature69", "feature42", "feature11", "feature2", "feature45", "feature44", "feature56", "feature10", "feature59", "feature24", "feature25", "feature50", "feature40", "feature29", "feature17", "feature13", "feature66", "feature65", "feature36", "feature52", "feature39", "feature61", "feature64", "feature20", "feature8", "feature60", "feature41", "feature7", "feature38", "feature57", "feature28", "feature55", "feature67", "feature19", "feature30", "feature68", "feature33", "feature63", "feature21", "feature46", "feature49", "feature53", "feature37", "feature34", "feature47", "feature48", "feature51", "feature35", "feature58", "feature90", "feature73", "feature6", "feature72"], "scores": [0.1814180165529251, 0.07721128314733505, 0.04850887507200241, 0.045903466641902924, 0.03628116846084595, 0.035748712718486786, 0.019742311909794807, 0.017465045675635338, 0.01574281044304371, 0.015285438857972622, 0.013100620359182358, 0.012920636683702469, 0.012534582056105137, 0.011268427595496178, 0.010892271995544434, 0.010222169570624828, 0.010167502798140049, 0.009708949364721775, 0.009685683995485306, 0.00945524126291275, 0.009256125427782536, 0.009137681685388088, 0.008934026584029198, 0.008825171738862991, 0.008697185665369034, 0.008681337349116802, 0.008577496744692326, 0.008553480729460716, 0.008509610779583454, 0.008278097957372665, 0.008249368518590927, 0.008235366083681583, 0.00803415197879076, 0.008030444383621216, 0.008018294349312782, 0.008001166395843029, 0.007982505485415459, 0.007981110364198685, 0.007965786382555962, 0.007954149506986141, 0.007944466546177864, 0.00794434454292059, 0.007850434631109238, 0.007831043563783169, 0.007813606411218643, 0.007797171827405691, 0.007784965913742781, 0.00778208626434207, 0.007715638726949692, 0.00757024297490716, 0.007547059562057257, 0.007507320959120989, 0.007504546083509922, 0.0075027528218925, 0.007469945587217808, 0.007421430665999651, 0.007394413463771343, 0.007366489619016647, 0.007361933588981628, 0.007358136121183634, 0.00730076152831316, 0.007283542305231094, 0.0072822547517716885, 0.007119962014257908, 0.00665407394990325, 0.00658138282597065, 0.006371999625116587, 0.006273075472563505, 0.006233631633222103, 0.006038322579115629, 0.005657934118062258, 0.003569298656657338, 0.0, 0.0]}, "evaluations": {"eval_method": "jaccard_full_score", "singles": [[0.0, 0.3333333333333333, 0.2, 0.14285714285714285, 0.1111111111111111, 0.09090909090909091, 0.16666666666666666, 0.23076923076923078, 0.2, 0.25, 0.2222222222222222, 0.2, 0.18181818181818182, 0.16666666666666666, 0.15384615384615385, 0.18518518518518517, 0.25925925925925924, 0.2413793103448276, 0.22580645161290322, 0.25, 0.23529411764705882, 0.2222222222222222, 0.21052631578947367, 0.23076923076923078, 0.25, 0.2682926829268293, 0.2857142857142857, 0.3023255813953488, 0.3488372093023256, 0.3953488372093023, 0.4090909090909091, 0.4222222222222222, 0.43478260869565216, 0.44680851063829785, 0.42857142857142855, 0.4117647058823529, 0.4230769230769231, 0.4074074074074074, 0.39285714285714285, 0.42857142857142855, 0.43859649122807015, 0.4482758620689655, 0.4827586206896552, 0.4666666666666667, 0.47540983606557374, 0.4838709677419355, 0.5161290322580645, 0.5483870967741935, 0.5806451612903226, 0.5873015873015873, 0.5692307692307692, 0.6, 0.6060606060606061, 0.6119402985074627, 0.6417910447761194, 0.6470588235294118, 0.6521739130434783, 0.6811594202898551, 0.7101449275362319, 0.7391304347826086, 0.7681159420289855, 0.7971014492753623, 0.8, 0.8028169014084507, 0.7808219178082192, 0.8082191780821918, 0.8108108108108109, 0.8378378378378378, 0.8648648648648649, 0.8918918918918919, 0.918918918918919, 0.9459459459459459, 0.972972972972973, 1.0], 0.46237484888054586], "first_gen": [[0.0, 0.3333333333333333, 0.5, 0.3333333333333333, 0.42857142857142855, 0.5, 0.4, 0.3333333333333333, 0.2857142857142857, 0.25, 0.2222222222222222, 0.2, 0.23809523809523808, 0.2727272727272727, 0.25, 0.23076923076923078, 0.3076923076923077, 0.2857142857142857, 0.3103448275862069, 0.3333333333333333, 0.3548387096774194, 0.375, 0.35294117647058826, 0.3333333333333333, 0.3888888888888889, 0.40540540540540543, 0.42105263157894735, 0.4358974358974359, 0.48717948717948717, 0.4634146341463415, 0.47619047619047616, 0.45454545454545453, 0.43478260869565216, 0.4782608695652174, 0.4583333333333333, 0.5, 0.5102040816326531, 0.52, 0.5, 0.5384615384615384, 0.5185185185185185, 0.5272727272727272, 0.5087719298245614, 0.4915254237288136, 0.5, 0.5081967213114754, 0.49206349206349204, 0.5238095238095238, 0.5555555555555556, 0.5873015873015873, 0.5692307692307692, 0.5757575757575758, 0.582089552238806, 0.5882352941176471, 0.6176470588235294, 0.6, 0.6285714285714286, 0.6338028169014085, 0.6388888888888888, 0.6666666666666666, 0.6944444444444444, 0.7222222222222222, 0.726027397260274, 0.7534246575342466, 0.7808219178082192, 0.8082191780821918, 0.8356164383561644, 0.863013698630137, 0.8648648648648649, 0.8918918918918919, 0.918918918918919, 0.9459459459459459, 0.972972972972973, 1.0], 0.5136466380403213]}}