{"rank_algo": "xgboost_score", "seed": 24, "subsampling_proportion": 0.1, "exec_time": 5.464996576309204, "results": {"features": ["feature82", "feature81", "feature23", "feature22", "feature5", "feature4", "feature16", "feature12", "feature1", "feature0", "feature69", "feature15", "feature62", "feature48", "feature71", "feature43", "feature27", "feature31", "feature10", "feature18", "feature11", "feature17", "feature63", "feature3", "feature19", "feature2", "feature44", "feature54", "feature65", "feature56", "feature24", "feature90", "feature20", "feature53", "feature7", "feature49", "feature45", "feature59", "feature26", "feature8", "feature52", "feature67", "feature46", "feature51", "feature50", "feature29", "feature25", "feature42", "feature21", "feature35", "feature41", "feature37", "feature30", "feature64", "feature60", "feature33", "feature34", "feature9", "feature61", "feature47", "feature66", "feature13", "feature55", "feature28", "feature38", "feature57", "feature39", "feature68", "feature40", "feature58", "feature36", "feature72", "feature6", "feature70", "feature73", "feature92", "feature93", "feature94", "feature95", "feature96", "feature97"], "scores": [0.17126969993114471, 0.06885269284248352, 0.06597939133644104, 0.046257950365543365, 0.045950498431921005, 0.032120320945978165, 0.022664783522486687, 0.021123265847563744, 0.0136965811252594, 0.013510246761143208, 0.01109902560710907, 0.010968908667564392, 0.010660864412784576, 0.010618532076478004, 0.010492952540516853, 0.009658683091402054, 0.009382662363350391, 0.009202251210808754, 0.009121909737586975, 0.008813245221972466, 0.00872263964265585, 0.008697867393493652, 0.008685062639415264, 0.00859758909791708, 0.008591783232986927, 0.008579099550843239, 0.008563345298171043, 0.008429495617747307, 0.008380061015486717, 0.008317026309669018, 0.008225783705711365, 0.008195252157747746, 0.008183007128536701, 0.008164274506270885, 0.008110088296234608, 0.008078092709183693, 0.007909748703241348, 0.007896019145846367, 0.0077903312630951405, 0.007737002335488796, 0.007736429572105408, 0.0077002933248877525, 0.00769066670909524, 0.007647194433957338, 0.007636610418558121, 0.007625258062034845, 0.007621660828590393, 0.007618267089128494, 0.007611352950334549, 0.007581248413771391, 0.007535421755164862, 0.007455235812813044, 0.007446640636771917, 0.007432546932250261, 0.007417628541588783, 0.007372439373284578, 0.007348375860601664, 0.007339749019593, 0.007287944201380014, 0.007269938942044973, 0.007234277203679085, 0.00720598828047514, 0.007112101651728153, 0.00704950699582696, 0.006999568548053503, 0.006939353421330452, 0.006907310336828232, 0.006824546959251165, 0.006766009610146284, 0.006653628312051296, 0.006360368803143501, 0.006274465937167406, 0.0, 0.0, 0.0, 0.0, 0.0, 0.0, 0.0, 0.0, 0.0]}, "evaluations": {"eval_method": "jaccard_full_score", "singles": [[0.0, 0.0, 0.2, 0.14285714285714285, 0.1111111111111111, 0.09090909090909091, 0.16666666666666666, 0.23076923076923078, 0.2, 0.17647058823529413, 0.2222222222222222, 0.2631578947368421, 0.23809523809523808, 0.21739130434782608, 0.2, 0.18518518518518517, 0.21428571428571427, 0.2, 0.22580645161290322, 0.25, 0.2727272727272727, 0.2571428571428571, 0.2777777777777778, 0.2631578947368421, 0.28205128205128205, 0.3, 0.2857142857142857, 0.3023255813953488, 0.28888888888888886, 0.30434782608695654, 0.3191489361702128, 0.3333333333333333, 0.375, 0.36, 0.37254901960784315, 0.38461538461538464, 0.39622641509433965, 0.4074074074074074, 0.41818181818181815, 0.40350877192982454, 0.41379310344827586, 0.423728813559322, 0.43333333333333335, 0.4666666666666667, 0.45161290322580644, 0.4603174603174603, 0.46875, 0.47692307692307695, 0.48484848484848486, 0.47058823529411764, 0.5, 0.5072463768115942, 0.5142857142857142, 0.5211267605633803, 0.5492957746478874, 0.5774647887323944, 0.5833333333333334, 0.589041095890411, 0.6164383561643836, 0.6, 0.5844155844155844, 0.6103896103896104, 0.6153846153846154, 0.6410256410256411, 0.625, 0.65, 0.654320987654321, 0.6790123456790124, 0.7037037037037037, 0.7283950617283951, 0.7530864197530864, 0.7777777777777778, 0.8024691358024691, 0.8271604938271605, 0.8518518518518519, 0.8765432098765432, 0.9012345679012346, 0.9259259259259259, 0.9506172839506173, 0.9753086419753086, 1.0], 0.448518121632058], "first_gen": [[0.0, 0.0, 0.5, 1.0, 0.6666666666666666, 0.5, 0.4, 0.3333333333333333, 0.38461538461538464, 0.3333333333333333, 0.29411764705882354, 0.3333333333333333, 0.3, 0.2727272727272727, 0.25, 0.23076923076923078, 0.25925925925925924, 0.2413793103448276, 0.3103448275862069, 0.3333333333333333, 0.3125, 0.3333333333333333, 0.3142857142857143, 0.37142857142857144, 0.3888888888888889, 0.40540540540540543, 0.42105263157894735, 0.4358974358974359, 0.4146341463414634, 0.42857142857142855, 0.4418604651162791, 0.4883720930232558, 0.5, 0.5111111111111111, 0.48936170212765956, 0.5, 0.5102040816326531, 0.5510204081632653, 0.56, 0.6, 0.5769230769230769, 0.5555555555555556, 0.5925925925925926, 0.6, 0.5789473684210527, 0.559322033898305, 0.5409836065573771, 0.5737704918032787, 0.6065573770491803, 0.639344262295082, 0.6451612903225806, 0.6507936507936508, 0.6307692307692307, 0.6119402985074627, 0.5942028985507246, 0.5774647887323944, 0.5833333333333334, 0.589041095890411, 0.5733333333333334, 0.5789473684210527, 0.5844155844155844, 0.5897435897435898, 0.5949367088607594, 0.620253164556962, 0.6455696202531646, 0.65, 0.675, 0.7, 0.725, 0.7283950617283951, 0.7530864197530864, 0.7777777777777778, 0.8024691358024691, 0.8271604938271605, 0.8518518518518519, 0.8765432098765432, 0.9012345679012346, 0.9259259259259259, 0.9506172839506173, 0.9753086419753086, 1.0], 0.5429426630152063]}}