{"rank_algo": "xgboost_score", "seed": 39, "subsampling_proportion": 0.1, "exec_time": 5.786926746368408, "results": {"features": ["feature82", "feature23", "feature81", "feature5", "feature22", "feature4", "feature12", "feature16", "feature48", "feature0", "feature62", "feature71", "feature15", "feature1", "feature69", "feature31", "feature28", "feature61", "feature17", "feature56", "feature43", "feature10", "feature3", "feature18", "feature45", "feature9", "feature19", "feature44", "feature11", "feature42", "feature59", "feature49", "feature25", "feature51", "feature53", "feature36", "feature54", "feature20", "feature33", "feature52", "feature46", "feature21", "feature55", "feature27", "feature24", "feature72", "feature50", "feature40", "feature29", "feature41", "feature37", "feature66", "feature39", "feature7", "feature38", "feature26", "feature60", "feature47", "feature57", "feature2", "feature30", "feature63", "feature67", "feature58", "feature64", "feature8", "feature35", "feature34", "feature65", "feature13", "feature68", "feature6", "feature70", "feature73", "feature90", "feature92", "feature93", "feature94", "feature95", "feature96", "feature97"], "scores": [0.1788339465856552, 0.07423580437898636, 0.061822500079870224, 0.051496706902980804, 0.039964303374290466, 0.022759370505809784, 0.02073817141354084, 0.019639471545815468, 0.017637621611356735, 0.015952378511428833, 0.015283729881048203, 0.012662824243307114, 0.012473834678530693, 0.012384595349431038, 0.010474706999957561, 0.009763269685208797, 0.009740572422742844, 0.009714432992041111, 0.009683793410658836, 0.009639902040362358, 0.009464189410209656, 0.00931475218385458, 0.008809095248579979, 0.008672680705785751, 0.008661762811243534, 0.008590644225478172, 0.008428020402789116, 0.008351393043994904, 0.008328021503984928, 0.008275337517261505, 0.008208069950342178, 0.00820342916995287, 0.008188546635210514, 0.008072605356574059, 0.007881317287683487, 0.007811215706169605, 0.007684403099119663, 0.007588586304336786, 0.007562602404505014, 0.007550971116870642, 0.007530333008617163, 0.0075109172612428665, 0.007493108045309782, 0.007487705443054438, 0.007440921850502491, 0.007433434948325157, 0.007416779641062021, 0.007399070542305708, 0.0073920744471251965, 0.007391487248241901, 0.007375378627330065, 0.007280883379280567, 0.007150294259190559, 0.0071473089046776295, 0.007124482654035091, 0.007070118561387062, 0.007067294791340828, 0.007049940526485443, 0.006988925859332085, 0.006923926994204521, 0.006894540973007679, 0.006789967883378267, 0.006754440255463123, 0.0067396992817521095, 0.006618635728955269, 0.006427736021578312, 0.00626109866425395, 0.006215155124664307, 0.006179163698107004, 0.005844823084771633, 0.004777604714035988, 0.0042731380090117455, 0.0, 0.0, 0.0, 0.0, 0.0, 0.0, 0.0, 0.0, 0.0]}, "evaluations": {"eval_method": "jaccard_full_score", "singles": [[0.0, 0.3333333333333333, 0.2, 0.14285714285714285, 0.1111111111111111, 0.09090909090909091, 0.16666666666666666, 0.23076923076923078, 0.2, 0.17647058823529413, 0.15789473684210525, 0.14285714285714285, 0.18181818181818182, 0.21739130434782608, 0.2, 0.18518518518518517, 0.21428571428571427, 0.2, 0.1875, 0.21212121212121213, 0.2, 0.2222222222222222, 0.21052631578947367, 0.2, 0.21951219512195122, 0.20930232558139536, 0.22727272727272727, 0.24444444444444444, 0.2608695652173913, 0.30434782608695654, 0.34782608695652173, 0.3617021276595745, 0.3469387755102041, 0.36, 0.34615384615384615, 0.3584905660377358, 0.37037037037037035, 0.4074074074074074, 0.41818181818181815, 0.42857142857142855, 0.43859649122807015, 0.47368421052631576, 0.4576271186440678, 0.4915254237288136, 0.5, 0.4838709677419355, 0.5161290322580645, 0.5238095238095238, 0.5076923076923077, 0.5151515151515151, 0.5223880597014925, 0.5072463768115942, 0.5142857142857142, 0.5211267605633803, 0.5277777777777778, 0.5555555555555556, 0.5833333333333334, 0.5675675675675675, 0.5733333333333334, 0.6, 0.6052631578947368, 0.6103896103896104, 0.6363636363636364, 0.6623376623376623, 0.6455696202531646, 0.6708860759493671, 0.675, 0.6790123456790124, 0.7037037037037037, 0.7283950617283951, 0.7530864197530864, 0.7777777777777778, 0.8024691358024691, 0.8271604938271605, 0.8518518518518519, 0.8765432098765432, 0.9012345679012346, 0.9259259259259259, 0.9506172839506173, 0.9753086419753086, 1.0], 0.4466863492822041], "first_gen": [[0.0, 0.3333333333333333, 0.5, 0.6, 0.6666666666666666, 0.5, 0.4, 0.3333333333333333, 0.2857142857142857, 0.25, 0.2222222222222222, 0.2631578947368421, 0.23809523809523808, 0.2727272727272727, 0.25, 0.23076923076923078, 0.21428571428571427, 0.2, 0.22580645161290322, 0.21212121212121213, 0.23529411764705882, 0.29411764705882354, 0.3142857142857143, 0.37142857142857144, 0.35135135135135137, 0.3684210526315789, 0.38461538461538464, 0.4358974358974359, 0.45, 0.4634146341463415, 0.4418604651162791, 0.4883720930232558, 0.4666666666666667, 0.4782608695652174, 0.4583333333333333, 0.5, 0.5416666666666666, 0.5833333333333334, 0.56, 0.5686274509803921, 0.5769230769230769, 0.6153846153846154, 0.5925925925925926, 0.6, 0.5789473684210527, 0.559322033898305, 0.5666666666666667, 0.6, 0.6065573770491803, 0.639344262295082, 0.6451612903225806, 0.625, 0.6307692307692307, 0.6363636363636364, 0.6417910447761194, 0.6470588235294118, 0.6285714285714286, 0.6338028169014085, 0.6164383561643836, 0.6438356164383562, 0.6266666666666667, 0.631578947368421, 0.6363636363636364, 0.620253164556962, 0.625, 0.65, 0.654320987654321, 0.6790123456790124, 0.7037037037037037, 0.7283950617283951, 0.7530864197530864, 0.7777777777777778, 0.8024691358024691, 0.8271604938271605, 0.8518518518518519, 0.8765432098765432, 0.9012345679012346, 0.9259259259259259, 0.9506172839506173, 0.9753086419753086, 1.0], 0.5366997462849484]}}