{"rank_algo": "xgboost_score", "seed": 32, "subsampling_proportion": 0.1, "exec_time": 6.500284671783447, "results": {"features": ["feature82", "feature23", "feature5", "feature81", "feature4", "feature16", "feature62", "feature22", "feature12", "feature1", "feature71", "feature27", "feature15", "feature69", "feature17", "feature0", "feature3", "feature49", "feature9", "feature2", "feature18", "feature7", "feature44", "feature24", "feature10", "feature54", "feature20", "feature26", "feature19", "feature51", "feature45", "feature46", "feature11", "feature31", "feature35", "feature48", "feature66", "feature90", "feature59", "feature50", "feature60", "feature53", "feature37", "feature39", "feature21", "feature8", "feature67", "feature68", "feature72", "feature55", "feature33", "feature43", "feature30", "feature28", "feature29", "feature65", "feature47", "feature13", "feature58", "feature64", "feature41", "feature52", "feature56", "feature36", "feature42", "feature57", "feature38", "feature40", "feature25", "feature63", "feature61", "feature34", "feature6", "feature73"], "scores": [0.19092242419719696, 0.07121463865041733, 0.06429706513881683, 0.05289839208126068, 0.025623399764299393, 0.02278856746852398, 0.02037067338824272, 0.020146308466792107, 0.018112044781446457, 0.01529699843376875, 0.015017800964415073, 0.013956618495285511, 0.012881913222372532, 0.011075644753873348, 0.01001770794391632, 0.009721213020384312, 0.009310719557106495, 0.009227605536580086, 0.009169541299343109, 0.009112637490034103, 0.008925159461796284, 0.008835299871861935, 0.008510935120284557, 0.008468392305076122, 0.008443085476756096, 0.008430404588580132, 0.008308859542012215, 0.008280125446617603, 0.00827269721776247, 0.008196558803319931, 0.008069704286754131, 0.00789706502109766, 0.007889986969530582, 0.007878849282860756, 0.00787535309791565, 0.007830510847270489, 0.007806261535733938, 0.007786630652844906, 0.0077702440321445465, 0.007762827444821596, 0.0077078272588551044, 0.007625012658536434, 0.0076238070614635944, 0.007607439067214727, 0.007551419083029032, 0.0074704051949083805, 0.007448412012308836, 0.007440110202878714, 0.007379359565675259, 0.007368576247245073, 0.0073316036723554134, 0.0073038125410676, 0.007289135828614235, 0.007280169520527124, 0.007165488786995411, 0.007142982445657253, 0.0071002827025949955, 0.007062012329697609, 0.007059484254568815, 0.007058055140078068, 0.007054204121232033, 0.006998082622885704, 0.006997976917773485, 0.0069965883158147335, 0.006932842079550028, 0.00688276719301939, 0.006542499177157879, 0.006185445003211498, 0.0057678017765283585, 0.005746175069361925, 0.004771769978106022, 0.004205394070595503, 0.0035022746305912733, 0.0]}, "evaluations": {"eval_method": "jaccard_full_score", "singles": [[0.0, 0.3333333333333333, 0.2, 0.14285714285714285, 0.1111111111111111, 0.2, 0.16666666666666666, 0.14285714285714285, 0.2, 0.17647058823529413, 0.2222222222222222, 0.2, 0.23809523809523808, 0.21739130434782608, 0.2, 0.18518518518518517, 0.21428571428571427, 0.2413793103448276, 0.22580645161290322, 0.2903225806451613, 0.2727272727272727, 0.2571428571428571, 0.24324324324324326, 0.23076923076923078, 0.25, 0.23809523809523808, 0.2857142857142857, 0.3333333333333333, 0.3488372093023256, 0.3953488372093023, 0.4418604651162791, 0.4883720930232558, 0.5348837209302325, 0.5111111111111111, 0.48936170212765956, 0.46938775510204084, 0.45098039215686275, 0.46153846153846156, 0.5, 0.5094339622641509, 0.5471698113207547, 0.5555555555555556, 0.5636363636363636, 0.5714285714285714, 0.5789473684210527, 0.559322033898305, 0.5932203389830508, 0.6, 0.6065573770491803, 0.6129032258064516, 0.6190476190476191, 0.625, 0.6060606060606061, 0.6363636363636364, 0.6176470588235294, 0.6231884057971014, 0.6285714285714286, 0.6571428571428571, 0.6857142857142857, 0.6901408450704225, 0.7183098591549296, 0.7464788732394366, 0.7746478873239436, 0.8028169014084507, 0.8309859154929577, 0.8333333333333334, 0.8611111111111112, 0.863013698630137, 0.8904109589041096, 0.9178082191780822, 0.918918918918919, 0.9459459459459459, 0.972972972972973, 1.0], 0.48458215269879473], "first_gen": [[0.0, 0.3333333333333333, 0.5, 0.6, 0.42857142857142855, 0.3333333333333333, 0.2727272727272727, 0.3333333333333333, 0.2857142857142857, 0.3333333333333333, 0.29411764705882354, 0.2631578947368421, 0.23809523809523808, 0.21739130434782608, 0.2, 0.23076923076923078, 0.25925925925925924, 0.2857142857142857, 0.35714285714285715, 0.3793103448275862, 0.4, 0.41935483870967744, 0.4375, 0.45454545454545453, 0.47058823529411764, 0.4444444444444444, 0.4594594594594595, 0.5135135135135135, 0.5263157894736842, 0.5384615384615384, 0.55, 0.5238095238095238, 0.5348837209302325, 0.5454545454545454, 0.5217391304347826, 0.5319148936170213, 0.5416666666666666, 0.5833333333333334, 0.5918367346938775, 0.6, 0.5769230769230769, 0.5555555555555556, 0.5925925925925926, 0.6, 0.6071428571428571, 0.6428571428571429, 0.6206896551724138, 0.6, 0.6065573770491803, 0.639344262295082, 0.6190476190476191, 0.625, 0.6307692307692307, 0.6615384615384615, 0.6666666666666666, 0.6716417910447762, 0.7014925373134329, 0.7058823529411765, 0.7101449275362319, 0.7142857142857143, 0.7428571428571429, 0.7714285714285715, 0.7746478873239436, 0.7777777777777778, 0.8055555555555556, 0.8082191780821918, 0.8108108108108109, 0.8378378378378378, 0.8648648648648649, 0.8918918918918919, 0.918918918918919, 0.9459459459459459, 0.972972972972973, 1.0], 0.5548765394813668]}}