{"rank_algo": "xgboost_score", "seed": 84, "subsampling_proportion": 0.1, "exec_time": 5.586071014404297, "results": {"features": ["feature82", "feature23", "feature5", "feature22", "feature81", "feature4", "feature16", "feature12", "feature62", "feature1", "feature0", "feature27", "feature71", "feature15", "feature43", "feature18", "feature13", "feature59", "feature3", "feature21", "feature11", "feature37", "feature49", "feature2", "feature10", "feature19", "feature56", "feature54", "feature40", "feature20", "feature35", "feature50", "feature61", "feature47", "feature51", "feature53", "feature26", "feature31", "feature8", "feature66", "feature44", "feature65", "feature57", "feature38", "feature68", "feature41", "feature90", "feature60", "feature52", "feature46", "feature63", "feature36", "feature69", "feature9", "feature33", "feature64", "feature67", "feature45", "feature17", "feature29", "feature34", "feature55", "feature24", "feature39", "feature28", "feature58", "feature7", "feature42", "feature25", "feature30", "feature48", "feature6", "feature70", "feature72", "feature73", "feature92", "feature93", "feature94", "feature95", "feature96", "feature97"], "scores": [0.16953794658184052, 0.10281980037689209, 0.04513467848300934, 0.04230048134922981, 0.03859562799334526, 0.02758008986711502, 0.018799547106027603, 0.01820312812924385, 0.018000422045588493, 0.013398253358900547, 0.01339554414153099, 0.012912389822304249, 0.012659299187362194, 0.011215031147003174, 0.011106726713478565, 0.00924300029873848, 0.009066598489880562, 0.008974865078926086, 0.008938129059970379, 0.008865040726959705, 0.008824486285448074, 0.008763613179326057, 0.008714464493095875, 0.008652787655591965, 0.008541693910956383, 0.008527674712240696, 0.008511857129633427, 0.008478989824652672, 0.008472714573144913, 0.008457318879663944, 0.00840504840016365, 0.008364474400877953, 0.008326530456542969, 0.008317244239151478, 0.00826139934360981, 0.008253398351371288, 0.008147983811795712, 0.008141295984387398, 0.008128219284117222, 0.008104855194687843, 0.008074161596596241, 0.008039497770369053, 0.00796437542885542, 0.007904790341854095, 0.007899814285337925, 0.007881490513682365, 0.007868612185120583, 0.007855502888560295, 0.007845258340239525, 0.007812983356416225, 0.007811438757926226, 0.007729821838438511, 0.00765653420239687, 0.007600560784339905, 0.007598909083753824, 0.0075909849256277084, 0.00755290174856782, 0.007471458986401558, 0.007410136051476002, 0.0073736486956477165, 0.007354706060141325, 0.007296678610146046, 0.0072833457961678505, 0.007151588797569275, 0.0069559295661747456, 0.006896730978041887, 0.006879512686282396, 0.006787330377846956, 0.0067711761221289635, 0.006387578323483467, 0.006149878725409508, 0.0, 0.0, 0.0, 0.0, 0.0, 0.0, 0.0, 0.0, 0.0, 0.0]}, "evaluations": {"eval_method": "jaccard_full_score", "singles": [[0.0, 0.3333333333333333, 0.2, 0.14285714285714285, 0.1111111111111111, 0.09090909090909091, 0.16666666666666666, 0.23076923076923078, 0.2, 0.17647058823529413, 0.2222222222222222, 0.2, 0.18181818181818182, 0.21739130434782608, 0.2, 0.18518518518518517, 0.21428571428571427, 0.2413793103448276, 0.22580645161290322, 0.2903225806451613, 0.3125, 0.3333333333333333, 0.35294117647058826, 0.37142857142857144, 0.3888888888888889, 0.40540540540540543, 0.38461538461538464, 0.4, 0.4146341463414634, 0.4634146341463415, 0.47619047619047616, 0.45454545454545453, 0.4666666666666667, 0.44680851063829785, 0.4583333333333333, 0.46938775510204084, 0.48, 0.46153846153846156, 0.4444444444444444, 0.42857142857142855, 0.41379310344827586, 0.423728813559322, 0.4098360655737705, 0.41935483870967744, 0.40625, 0.4375, 0.46875, 0.47692307692307695, 0.48484848484848486, 0.4925373134328358, 0.5, 0.5072463768115942, 0.5142857142857142, 0.5428571428571428, 0.5714285714285714, 0.5774647887323944, 0.6056338028169014, 0.6111111111111112, 0.6164383561643836, 0.6216216216216216, 0.6052631578947368, 0.6103896103896104, 0.6363636363636364, 0.6410256410256411, 0.6666666666666666, 0.6923076923076923, 0.717948717948718, 0.7435897435897436, 0.7468354430379747, 0.75, 0.7530864197530864, 0.7777777777777778, 0.8024691358024691, 0.8271604938271605, 0.8518518518518519, 0.8765432098765432, 0.9012345679012346, 0.9259259259259259, 0.9506172839506173, 0.9753086419753086, 1.0], 0.4787268873274467], "first_gen": [[0.0, 0.3333333333333333, 0.5, 0.6, 0.6666666666666666, 0.5, 0.4, 0.3333333333333333, 0.2857142857142857, 0.3333333333333333, 0.29411764705882354, 0.3333333333333333, 0.3, 0.2727272727272727, 0.25, 0.28, 0.3076923076923077, 0.2857142857142857, 0.35714285714285715, 0.3793103448275862, 0.3548387096774194, 0.375, 0.3939393939393939, 0.4117647058823529, 0.42857142857142855, 0.4444444444444444, 0.42105263157894735, 0.4358974358974359, 0.48717948717948717, 0.5, 0.5121951219512195, 0.4883720930232558, 0.4666666666666667, 0.5111111111111111, 0.5217391304347826, 0.5319148936170213, 0.574468085106383, 0.5833333333333334, 0.5918367346938775, 0.6, 0.64, 0.6153846153846154, 0.5925925925925926, 0.6, 0.5789473684210527, 0.6140350877192983, 0.6206896551724138, 0.6, 0.6333333333333333, 0.639344262295082, 0.6190476190476191, 0.625, 0.6307692307692307, 0.6363636363636364, 0.6176470588235294, 0.6, 0.5833333333333334, 0.5675675675675675, 0.5733333333333334, 0.5584415584415584, 0.5844155844155844, 0.6103896103896104, 0.6153846153846154, 0.6410256410256411, 0.6666666666666666, 0.6708860759493671, 0.6962025316455697, 0.7215189873417721, 0.725, 0.7283950617283951, 0.7530864197530864, 0.7777777777777778, 0.8024691358024691, 0.8271604938271605, 0.8518518518518519, 0.8765432098765432, 0.9012345679012346, 0.9259259259259259, 0.9506172839506173, 0.9753086419753086, 1.0], 0.557430434297167]}}