{"rank_algo": "xgboost_score", "seed": 36, "subsampling_proportion": 0.1, "exec_time": 5.372005462646484, "results": {"features": ["feature82", "feature23", "feature22", "feature5", "feature4", "feature81", "feature12", "feature16", "feature62", "feature0", "feature71", "feature1", "feature15", "feature69", "feature18", "feature44", "feature8", "feature10", "feature11", "feature26", "feature48", "feature28", "feature49", "feature3", "feature59", "feature2", "feature43", "feature46", "feature9", "feature21", "feature7", "feature38", "feature54", "feature56", "feature90", "feature24", "feature19", "feature66", "feature17", "feature64", "feature13", "feature51", "feature36", "feature37", "feature41", "feature47", "feature30", "feature27", "feature53", "feature33", "feature40", "feature60", "feature20", "feature35", "feature67", "feature57", "feature58", "feature52", "feature39", "feature42", "feature50", "feature68", "feature55", "feature29", "feature31", "feature63", "feature72", "feature25", "feature34", "feature45", "feature61", "feature65", "feature6", "feature73"], "scores": [0.1741705685853958, 0.08840731531381607, 0.04473850876092911, 0.04281746968626976, 0.042256612330675125, 0.0399760939180851, 0.0201686043292284, 0.020044727250933647, 0.01454043947160244, 0.014130976051092148, 0.013125312514603138, 0.012769495137035847, 0.010700598359107971, 0.010386316105723381, 0.009563778527081013, 0.009414040483534336, 0.009330318309366703, 0.009202832356095314, 0.009068923071026802, 0.008976185694336891, 0.00893282238394022, 0.00892436970025301, 0.00892411544919014, 0.008825588040053844, 0.008801805786788464, 0.008760184980928898, 0.008723401464521885, 0.008617563173174858, 0.008488684892654419, 0.008470251224935055, 0.008409981615841389, 0.008260936476290226, 0.008229873143136501, 0.008201874792575836, 0.00819983147084713, 0.008181723766028881, 0.00814330205321312, 0.008070757612586021, 0.008023487403988838, 0.008018790744245052, 0.007898997515439987, 0.007798261474817991, 0.007773170713335276, 0.007708796765655279, 0.007529198657721281, 0.00749819353222847, 0.007477833889424801, 0.007465151138603687, 0.007403380703181028, 0.007371366955339909, 0.007357069756835699, 0.007320486009120941, 0.00729343993589282, 0.007211968302726746, 0.0072098225355148315, 0.007179637439548969, 0.0071203140541911125, 0.007078982423990965, 0.007014798000454903, 0.006956961937248707, 0.0069398777559399605, 0.0068865325301885605, 0.006711894180625677, 0.006669225636869669, 0.006609649863094091, 0.006595634389668703, 0.006532394792884588, 0.0063867103308439255, 0.006202504504472017, 0.006173181347548962, 0.006037488114088774, 0.005287366919219494, 0.0023012154269963503, 0.0]}, "evaluations": {"eval_method": "jaccard_full_score", "singles": [[0.0, 0.3333333333333333, 0.2, 0.14285714285714285, 0.1111111111111111, 0.09090909090909091, 0.16666666666666666, 0.23076923076923078, 0.2, 0.17647058823529413, 0.15789473684210525, 0.2, 0.23809523809523808, 0.21739130434782608, 0.2, 0.18518518518518517, 0.21428571428571427, 0.2413793103448276, 0.26666666666666666, 0.3333333333333333, 0.3125, 0.29411764705882354, 0.3142857142857143, 0.2972972972972973, 0.3157894736842105, 0.3333333333333333, 0.3170731707317073, 0.3333333333333333, 0.3488372093023256, 0.3953488372093023, 0.4090909090909091, 0.391304347826087, 0.40425531914893614, 0.3877551020408163, 0.4, 0.4117647058823529, 0.45098039215686275, 0.4339622641509434, 0.4444444444444444, 0.45454545454545453, 0.4909090909090909, 0.5, 0.5357142857142857, 0.543859649122807, 0.5517241379310345, 0.5333333333333333, 0.5409836065573771, 0.5737704918032787, 0.5806451612903226, 0.6129032258064516, 0.6190476190476191, 0.6507936507936508, 0.65625, 0.6363636363636364, 0.6417910447761194, 0.6716417910447762, 0.6764705882352942, 0.6811594202898551, 0.6857142857142857, 0.7142857142857143, 0.7183098591549296, 0.7464788732394366, 0.75, 0.7777777777777778, 0.8055555555555556, 0.8333333333333334, 0.8611111111111112, 0.863013698630137, 0.8648648648648649, 0.8918918918918919, 0.918918918918919, 0.9459459459459459, 0.972972972972973, 1.0], 0.4781356595194716], "first_gen": [[0.0, 0.3333333333333333, 1.0, 0.6, 0.42857142857142855, 0.5, 0.4, 0.3333333333333333, 0.2857142857142857, 0.25, 0.2222222222222222, 0.3333333333333333, 0.3, 0.2727272727272727, 0.25, 0.3333333333333333, 0.36, 0.38461538461538464, 0.4074074074074074, 0.3793103448275862, 0.3548387096774194, 0.375, 0.3939393939393939, 0.4117647058823529, 0.3888888888888889, 0.4444444444444444, 0.4594594594594595, 0.47368421052631576, 0.48717948717948717, 0.5, 0.47619047619047616, 0.4883720930232558, 0.5, 0.5454545454545454, 0.5555555555555556, 0.5652173913043478, 0.6086956521739131, 0.6170212765957447, 0.6595744680851063, 0.6666666666666666, 0.64, 0.68, 0.72, 0.7254901960784313, 0.7307692307692307, 0.7358490566037735, 0.7090909090909091, 0.7142857142857143, 0.6896551724137931, 0.6949152542372882, 0.7, 0.6774193548387096, 0.6825396825396826, 0.6875, 0.71875, 0.696969696969697, 0.6764705882352942, 0.7058823529411765, 0.7352941176470589, 0.7647058823529411, 0.7941176470588235, 0.7971014492753623, 0.8, 0.7777777777777778, 0.7808219178082192, 0.7837837837837838, 0.8108108108108109, 0.8378378378378378, 0.8648648648648649, 0.8918918918918919, 0.918918918918919, 0.9459459459459459, 0.972972972972973, 1.0], 0.5877846867454412]}}