{"rank_algo": "xgboost_score", "seed": 12, "subsampling_proportion": 0.1, "exec_time": 16.491961240768433, "results": {"features": ["feature82", "feature23", "feature5", "feature22", "feature4", "feature81", "feature12", "feature71", "feature16", "feature62", "feature48", "feature43", "feature1", "feature0", "feature15", "feature11", "feature51", "feature27", "feature2", "feature7", "feature34", "feature38", "feature52", "feature31", "feature69", "feature26", "feature49", "feature44", "feature3", "feature18", "feature66", "feature60", "feature50", "feature19", "feature37", "feature54", "feature10", "feature47", "feature28", "feature21", "feature61", "feature25", "feature24", "feature67", "feature64", "feature55", "feature20", "feature33", "feature36", "feature9", "feature8", "feature53", "feature17", "feature46", "feature57", "feature40", "feature41", "feature56", "feature30", "feature63", "feature59", "feature39", "feature29", "feature58", "feature35", "feature42", "feature65", "feature68", "feature45", "feature13", "feature72", "feature90", "feature6", "feature73"], "scores": [0.19855496287345886, 0.09053412824869156, 0.05063419044017792, 0.03702940046787262, 0.03209710121154785, 0.02291601337492466, 0.021830080077052116, 0.015827711671590805, 0.015454424545168877, 0.014241790398955345, 0.013587526977062225, 0.012643116526305676, 0.010912040248513222, 0.010389295406639576, 0.010304316878318787, 0.009864652529358864, 0.00986037403345108, 0.009731194004416466, 0.009409786202013493, 0.009229656308889389, 0.00918292161077261, 0.008913690224289894, 0.008852522820234299, 0.008830265142023563, 0.008789310231804848, 0.008781585842370987, 0.008685502223670483, 0.00863170251250267, 0.008623861707746983, 0.008552058599889278, 0.00848891120404005, 0.008247447200119495, 0.008238935843110085, 0.008230705745518208, 0.00821033027023077, 0.008065896108746529, 0.008019455708563328, 0.007944685406982899, 0.0079267006367445, 0.007914847694337368, 0.007887219078838825, 0.007884993217885494, 0.007818985730409622, 0.007804493419826031, 0.007781292777508497, 0.007750280201435089, 0.007726102601736784, 0.007711714133620262, 0.007659663911908865, 0.007612136658281088, 0.007574267685413361, 0.007572812959551811, 0.007556450553238392, 0.007370929699391127, 0.00731865968555212, 0.007283488754183054, 0.007264196407049894, 0.007239181082695723, 0.007179970853030682, 0.007136630825698376, 0.007051738910377026, 0.007020099554210901, 0.007001142017543316, 0.006973383016884327, 0.006866213399916887, 0.006574105005711317, 0.006356094963848591, 0.005943717435002327, 0.005745991133153439, 0.005466219037771225, 0.004998776130378246, 0.003134035738185048, 0.0015519255539402366, 0.0]}, "evaluations": {"eval_method": "jaccard_full_score", "singles": [[0.0, 0.3333333333333333, 0.2, 0.14285714285714285, 0.1111111111111111, 0.09090909090909091, 0.16666666666666666, 0.14285714285714285, 0.2, 0.17647058823529413, 0.15789473684210525, 0.14285714285714285, 0.18181818181818182, 0.16666666666666666, 0.2, 0.23076923076923078, 0.3076923076923077, 0.2857142857142857, 0.3103448275862069, 0.3333333333333333, 0.3125, 0.29411764705882354, 0.2777777777777778, 0.2631578947368421, 0.25, 0.2682926829268293, 0.2857142857142857, 0.2727272727272727, 0.2608695652173913, 0.2765957446808511, 0.2916666666666667, 0.30612244897959184, 0.32, 0.3333333333333333, 0.32075471698113206, 0.3333333333333333, 0.34545454545454546, 0.3333333333333333, 0.3684210526315789, 0.40350877192982454, 0.43859649122807015, 0.4482758620689655, 0.4827586206896552, 0.4915254237288136, 0.5, 0.5081967213114754, 0.5161290322580645, 0.5483870967741935, 0.5806451612903226, 0.6129032258064516, 0.6190476190476191, 0.625, 0.6060606060606061, 0.6119402985074627, 0.6176470588235294, 0.6231884057971014, 0.6285714285714286, 0.6338028169014085, 0.6388888888888888, 0.6666666666666666, 0.6944444444444444, 0.6986301369863014, 0.726027397260274, 0.7534246575342466, 0.7567567567567568, 0.7837837837837838, 0.8108108108108109, 0.8378378378378378, 0.8648648648648649, 0.8918918918918919, 0.918918918918919, 0.9459459459459459, 0.972972972972973, 1.0], 0.44593861242688265], "first_gen": [[0.0, 0.3333333333333333, 0.5, 0.6, 0.42857142857142855, 0.5, 0.4, 0.3333333333333333, 0.2857142857142857, 0.25, 0.2222222222222222, 0.2, 0.23809523809523808, 0.2727272727272727, 0.25, 0.23076923076923078, 0.25925925925925924, 0.2413793103448276, 0.3103448275862069, 0.2903225806451613, 0.2727272727272727, 0.29411764705882354, 0.2777777777777778, 0.2631578947368421, 0.25, 0.2682926829268293, 0.3170731707317073, 0.36585365853658536, 0.38095238095238093, 0.3953488372093023, 0.4090909090909091, 0.4222222222222222, 0.40425531914893614, 0.4166666666666667, 0.4, 0.4117647058823529, 0.45098039215686275, 0.49019607843137253, 0.5, 0.5384615384615384, 0.5471698113207547, 0.5555555555555556, 0.5636363636363636, 0.543859649122807, 0.5517241379310345, 0.5333333333333333, 0.5666666666666667, 0.5737704918032787, 0.6065573770491803, 0.639344262295082, 0.6451612903225806, 0.625, 0.6307692307692307, 0.6615384615384615, 0.6666666666666666, 0.6716417910447762, 0.6764705882352942, 0.7058823529411765, 0.7101449275362319, 0.6901408450704225, 0.7183098591549296, 0.7464788732394366, 0.75, 0.7534246575342466, 0.7567567567567568, 0.7837837837837838, 0.8108108108108109, 0.8378378378378378, 0.8648648648648649, 0.8918918918918919, 0.918918918918919, 0.9459459459459459, 0.972972972972973, 1.0], 0.5108498966283764]}}