{"rank_algo": "xgboost_score", "seed": 82, "subsampling_proportion": 0.1, "exec_time": 5.6329967975616455, "results": {"features": ["feature82", "feature23", "feature5", "feature4", "feature81", "feature22", "feature16", "feature12", "feature71", "feature48", "feature17", "feature90", "feature62", "feature1", "feature15", "feature43", "feature31", "feature0", "feature69", "feature26", "feature9", "feature3", "feature27", "feature10", "feature8", "feature59", "feature11", "feature66", "feature49", "feature2", "feature67", "feature18", "feature54", "feature19", "feature44", "feature47", "feature7", "feature20", "feature28", "feature50", "feature37", "feature65", "feature63", "feature56", "feature40", "feature38", "feature42", "feature30", "feature21", "feature29", "feature60", "feature55", "feature24", "feature51", "feature45", "feature36", "feature53", "feature41", "feature33", "feature58", "feature64", "feature52", "feature39", "feature57", "feature35", "feature25", "feature61", "feature46", "feature34", "feature68", "feature13", "feature72", "feature6", "feature70", "feature73", "feature92", "feature93", "feature94", "feature95", "feature96", "feature97"], "scores": [0.16976580023765564, 0.07602406293153763, 0.051773570477962494, 0.049905724823474884, 0.04594432935118675, 0.0367305614054203, 0.021343015134334564, 0.020449195057153702, 0.01827273704111576, 0.015888089314103127, 0.012814680114388466, 0.012746240943670273, 0.01252432819455862, 0.012195798568427563, 0.012163673527538776, 0.010555562563240528, 0.010059787891805172, 0.010027720592916012, 0.009937564842402935, 0.009443671442568302, 0.009428230114281178, 0.00893357489258051, 0.008931642398238182, 0.008864440955221653, 0.00860174372792244, 0.008340306580066681, 0.008272583596408367, 0.008251173421740532, 0.00818649772554636, 0.008146516978740692, 0.008099496364593506, 0.00804187823086977, 0.008007255382835865, 0.007935957983136177, 0.00792341772466898, 0.007801014464348555, 0.007790877018123865, 0.007788673043251038, 0.007691736798733473, 0.007689324673265219, 0.007622953504323959, 0.007507003378123045, 0.007495545316487551, 0.007476416882127523, 0.007468712516129017, 0.007438283879309893, 0.007423608098179102, 0.007344517856836319, 0.007310465909540653, 0.007298333570361137, 0.00726970424875617, 0.007242726162075996, 0.007123013027012348, 0.0070999665185809135, 0.00708867609500885, 0.007087486796081066, 0.007086427882313728, 0.006954089272767305, 0.00689681526273489, 0.006892495788633823, 0.0068769315257668495, 0.006817871704697609, 0.006815390661358833, 0.0068036038428545, 0.006766279228031635, 0.006629124749451876, 0.006553797982633114, 0.006541270297020674, 0.00645559374243021, 0.005753181874752045, 0.0030657530296593904, 0.0025014968123286963, 0.0, 0.0, 0.0, 0.0, 0.0, 0.0, 0.0, 0.0, 0.0]}, "evaluations": {"eval_method": "jaccard_full_score", "singles": [[0.0, 0.3333333333333333, 0.2, 0.14285714285714285, 0.1111111111111111, 0.09090909090909091, 0.16666666666666666, 0.23076923076923078, 0.2, 0.17647058823529413, 0.15789473684210525, 0.14285714285714285, 0.13043478260869565, 0.16666666666666666, 0.2, 0.18518518518518517, 0.21428571428571427, 0.2, 0.1875, 0.25, 0.23529411764705882, 0.2222222222222222, 0.21052631578947367, 0.23076923076923078, 0.21951219512195122, 0.23809523809523808, 0.2558139534883721, 0.2727272727272727, 0.28888888888888886, 0.3333333333333333, 0.3191489361702128, 0.3333333333333333, 0.375, 0.3877551020408163, 0.4, 0.38461538461538464, 0.37037037037037035, 0.38181818181818183, 0.39285714285714285, 0.3793103448275862, 0.3898305084745763, 0.4, 0.4098360655737705, 0.41935483870967744, 0.42857142857142855, 0.4375, 0.46875, 0.45454545454545453, 0.48484848484848486, 0.47058823529411764, 0.5, 0.4857142857142857, 0.49295774647887325, 0.5211267605633803, 0.5492957746478874, 0.5774647887323944, 0.5833333333333334, 0.589041095890411, 0.6164383561643836, 0.6216216216216216, 0.6052631578947368, 0.631578947368421, 0.6363636363636364, 0.6623376623376623, 0.6455696202531646, 0.65, 0.675, 0.7, 0.7037037037037037, 0.7283950617283951, 0.7530864197530864, 0.7777777777777778, 0.8024691358024691, 0.8271604938271605, 0.8518518518518519, 0.8765432098765432, 0.9012345679012346, 0.9259259259259259, 0.9506172839506173, 0.9753086419753086, 1.0], 0.44249173542374026], "first_gen": [[0.0, 0.3333333333333333, 0.5, 0.3333333333333333, 0.42857142857142855, 0.5, 0.4, 0.3333333333333333, 0.2857142857142857, 0.25, 0.2222222222222222, 0.2, 0.18181818181818182, 0.21739130434782608, 0.2, 0.18518518518518517, 0.21428571428571427, 0.2413793103448276, 0.26666666666666666, 0.25, 0.3125, 0.375, 0.35294117647058826, 0.4117647058823529, 0.42857142857142855, 0.4444444444444444, 0.42105263157894735, 0.4358974358974359, 0.45, 0.4634146341463415, 0.47619047619047616, 0.5238095238095238, 0.5, 0.5454545454545454, 0.5555555555555556, 0.6, 0.6086956521739131, 0.6521739130434783, 0.625, 0.6326530612244898, 0.64, 0.6470588235294118, 0.6538461538461539, 0.660377358490566, 0.6666666666666666, 0.6727272727272727, 0.6785714285714286, 0.6551724137931034, 0.6896551724137931, 0.6949152542372882, 0.6721311475409836, 0.6774193548387096, 0.65625, 0.6615384615384615, 0.6417910447761194, 0.6470588235294118, 0.6285714285714286, 0.6338028169014085, 0.6164383561643836, 0.6, 0.6052631578947368, 0.631578947368421, 0.6363636363636364, 0.6410256410256411, 0.6666666666666666, 0.6708860759493671, 0.654320987654321, 0.6790123456790124, 0.7037037037037037, 0.7283950617283951, 0.7530864197530864, 0.7777777777777778, 0.8024691358024691, 0.8271604938271605, 0.8518518518518519, 0.8765432098765432, 0.9012345679012346, 0.9259259259259259, 0.9506172839506173, 0.9753086419753086, 1.0], 0.552644212430154]}}