{"rank_algo": "xgboost_score", "seed": 83, "subsampling_proportion": 0.1, "exec_time": 5.384997606277466, "results": {"features": ["feature82", "feature23", "feature5", "feature4", "feature22", "feature81", "feature16", "feature12", "feature62", "feature71", "feature27", "feature1", "feature15", "feature0", "feature13", "feature10", "feature69", "feature43", "feature3", "feature28", "feature45", "feature18", "feature8", "feature19", "feature11", "feature50", "feature9", "feature59", "feature54", "feature47", "feature61", "feature20", "feature66", "feature42", "feature37", "feature17", "feature26", "feature21", "feature46", "feature44", "feature30", "feature51", "feature64", "feature67", "feature38", "feature60", "feature56", "feature31", "feature33", "feature49", "feature24", "feature36", "feature52", "feature53", "feature7", "feature2", "feature65", "feature40", "feature35", "feature63", "feature58", "feature55", "feature39", "feature41", "feature68", "feature29", "feature34", "feature90", "feature57", "feature25", "feature48", "feature72", "feature6", "feature73"], "scores": [0.24805518984794617, 0.08083692938089371, 0.047916483134031296, 0.03364817798137665, 0.03093142621219158, 0.02401214838027954, 0.016780314967036247, 0.015573996119201183, 0.013498798944056034, 0.01292420830577612, 0.012237762100994587, 0.011991837993264198, 0.010811221785843372, 0.010787930339574814, 0.009706011041998863, 0.009242515079677105, 0.008818062022328377, 0.008620538748800755, 0.008566075004637241, 0.008478810079395771, 0.008445851504802704, 0.008258888497948647, 0.00820346362888813, 0.008097200654447079, 0.008091161027550697, 0.008044956251978874, 0.007970440201461315, 0.007958139292895794, 0.007857567630708218, 0.007835459895431995, 0.007826860062777996, 0.007767864968627691, 0.00772583344951272, 0.00771524291485548, 0.007707464043051004, 0.007691736798733473, 0.007617685478180647, 0.0075744325295090675, 0.0075592827051877975, 0.00754200853407383, 0.007507107686251402, 0.0074534108862280846, 0.007438414264470339, 0.00741060683503747, 0.007395890541374683, 0.007359120529145002, 0.007344942539930344, 0.00729842483997345, 0.007285184692591429, 0.007264741696417332, 0.007241818122565746, 0.007202306762337685, 0.007160194218158722, 0.007158379536122084, 0.007082642521709204, 0.006976289674639702, 0.006940235383808613, 0.0068958778865635395, 0.006835944019258022, 0.006797368638217449, 0.006787141785025597, 0.0067613753490149975, 0.00674896314740181, 0.006698534358292818, 0.006541945040225983, 0.006424997933208942, 0.0062681580893695354, 0.006250530015677214, 0.005895400419831276, 0.005836645606905222, 0.00558085460215807, 0.005226537119597197, 0.0, 0.0]}, "evaluations": {"eval_method": "jaccard_full_score", "singles": [[0.0, 0.3333333333333333, 0.2, 0.14285714285714285, 0.1111111111111111, 0.09090909090909091, 0.16666666666666666, 0.23076923076923078, 0.2, 0.17647058823529413, 0.15789473684210525, 0.2, 0.23809523809523808, 0.21739130434782608, 0.2, 0.23076923076923078, 0.25925925925925924, 0.2413793103448276, 0.22580645161290322, 0.25, 0.23529411764705882, 0.2571428571428571, 0.24324324324324326, 0.2631578947368421, 0.3157894736842105, 0.3, 0.2857142857142857, 0.3333333333333333, 0.3488372093023256, 0.36363636363636365, 0.37777777777777777, 0.391304347826087, 0.40425531914893614, 0.4166666666666667, 0.4, 0.4117647058823529, 0.45098039215686275, 0.46153846153846156, 0.4716981132075472, 0.48148148148148145, 0.4909090909090909, 0.5272727272727272, 0.5357142857142857, 0.543859649122807, 0.5517241379310345, 0.559322033898305, 0.5666666666666667, 0.5737704918032787, 0.6065573770491803, 0.639344262295082, 0.6451612903225806, 0.6774193548387096, 0.6825396825396826, 0.6615384615384615, 0.6666666666666666, 0.696969696969697, 0.7014925373134329, 0.7058823529411765, 0.7101449275362319, 0.7391304347826086, 0.7428571428571429, 0.7464788732394366, 0.7746478873239436, 0.8028169014084507, 0.8309859154929577, 0.8591549295774648, 0.8611111111111112, 0.863013698630137, 0.8904109589041096, 0.8918918918918919, 0.918918918918919, 0.9459459459459459, 0.972972972972973, 1.0], 0.4817756440502212], "first_gen": [[0.0, 0.3333333333333333, 0.5, 0.3333333333333333, 0.42857142857142855, 0.5, 0.4, 0.3333333333333333, 0.2857142857142857, 0.25, 0.2222222222222222, 0.2631578947368421, 0.23809523809523808, 0.2727272727272727, 0.25, 0.28, 0.25925925925925924, 0.2857142857142857, 0.35714285714285715, 0.3333333333333333, 0.3125, 0.375, 0.3939393939393939, 0.4117647058823529, 0.3888888888888889, 0.3684210526315789, 0.38461538461538464, 0.4, 0.38095238095238093, 0.3953488372093023, 0.4090909090909091, 0.4222222222222222, 0.40425531914893614, 0.44680851063829785, 0.42857142857142855, 0.46938775510204084, 0.5102040816326531, 0.5510204081632653, 0.56, 0.6, 0.6078431372549019, 0.6470588235294118, 0.6226415094339622, 0.6, 0.6071428571428571, 0.5862068965517241, 0.5932203389830508, 0.5737704918032787, 0.5806451612903226, 0.6129032258064516, 0.59375, 0.6, 0.6060606060606061, 0.6119402985074627, 0.6417910447761194, 0.6470588235294118, 0.6521739130434783, 0.6811594202898551, 0.7101449275362319, 0.7142857142857143, 0.7183098591549296, 0.7464788732394366, 0.75, 0.7777777777777778, 0.8055555555555556, 0.8082191780821918, 0.8356164383561644, 0.863013698630137, 0.8648648648648649, 0.8918918918918919, 0.918918918918919, 0.9459459459459459, 0.972972972972973, 1.0], 0.5291546920742697]}}