{"rank_algo": "xgboost_score", "seed": 37, "subsampling_proportion": 0.1, "exec_time": 5.3670079708099365, "results": {"features": ["feature82", "feature23", "feature81", "feature4", "feature5", "feature22", "feature62", "feature16", "feature69", "feature12", "feature15", "feature71", "feature1", "feature43", "feature18", "feature0", "feature56", "feature49", "feature2", "feature9", "feature19", "feature31", "feature72", "feature8", "feature51", "feature37", "feature90", "feature36", "feature10", "feature24", "feature67", "feature3", "feature66", "feature59", "feature21", "feature40", "feature47", "feature61", "feature48", "feature17", "feature38", "feature53", "feature52", "feature50", "feature34", "feature7", "feature42", "feature44", "feature39", "feature41", "feature55", "feature11", "feature26", "feature30", "feature20", "feature46", "feature35", "feature45", "feature64", "feature29", "feature33", "feature65", "feature54", "feature25", "feature68", "feature63", "feature60", "feature27", "feature58", "feature28", "feature57", "feature13", "feature6", "feature73"], "scores": [0.1660529524087906, 0.08927132189273834, 0.05815456062555313, 0.045424994081258774, 0.041218794882297516, 0.03289836645126343, 0.020293625071644783, 0.01702837459743023, 0.013373848982155323, 0.012460176832973957, 0.012126591987907887, 0.010918110609054565, 0.010005629621446133, 0.009990725666284561, 0.009370513260364532, 0.009233326651155949, 0.00910691823810339, 0.009074865840375423, 0.008867621421813965, 0.008829748257994652, 0.00865604355931282, 0.00863221101462841, 0.008622566238045692, 0.008609619922935963, 0.008606617338955402, 0.008524087257683277, 0.008522441610693932, 0.008520392701029778, 0.008412657305598259, 0.008404367603361607, 0.008368312381207943, 0.008316602557897568, 0.008311423473060131, 0.008257647976279259, 0.008155339397490025, 0.008084621280431747, 0.007987831719219685, 0.007955285720527172, 0.007904693484306335, 0.00788862258195877, 0.007885695435106754, 0.0078690554946661, 0.007860089652240276, 0.007741711102426052, 0.007710745092481375, 0.007680016104131937, 0.0076736449263989925, 0.007590705528855324, 0.007560122292488813, 0.007511850446462631, 0.007480190601199865, 0.007366444915533066, 0.007366123143583536, 0.007351307664066553, 0.007322537247091532, 0.0073084523901343346, 0.007302396930754185, 0.0072600869461894035, 0.007202198728919029, 0.007174910046160221, 0.007169331423938274, 0.007162902038544416, 0.007156203966587782, 0.007100506220012903, 0.007092476822435856, 0.0070670112036168575, 0.007057936396449804, 0.006829153746366501, 0.006813443265855312, 0.006807370577007532, 0.006690067704766989, 0.006050923839211464, 0.0037828919012099504, 0.0025590690784156322]}, "evaluations": {"eval_method": "jaccard_full_score", "singles": [[0.0, 0.3333333333333333, 0.2, 0.14285714285714285, 0.1111111111111111, 0.09090909090909091, 0.07692307692307693, 0.14285714285714285, 0.125, 0.17647058823529413, 0.2222222222222222, 0.2, 0.23809523809523808, 0.21739130434782608, 0.2, 0.18518518518518517, 0.21428571428571427, 0.2413793103448276, 0.26666666666666666, 0.2903225806451613, 0.3125, 0.29411764705882354, 0.2777777777777778, 0.2631578947368421, 0.28205128205128205, 0.2682926829268293, 0.2558139534883721, 0.2727272727272727, 0.28888888888888886, 0.30434782608695654, 0.3191489361702128, 0.3333333333333333, 0.32, 0.3333333333333333, 0.37254901960784315, 0.38461538461538464, 0.37037037037037035, 0.4074074074074074, 0.39285714285714285, 0.40350877192982454, 0.41379310344827586, 0.4, 0.4098360655737705, 0.4426229508196721, 0.45161290322580644, 0.4838709677419355, 0.5161290322580645, 0.5238095238095238, 0.53125, 0.5625, 0.5454545454545454, 0.5757575757575758, 0.582089552238806, 0.5882352941176471, 0.5942028985507246, 0.6231884057971014, 0.6056338028169014, 0.6111111111111112, 0.6164383561643836, 0.6438356164383562, 0.6712328767123288, 0.6986301369863014, 0.726027397260274, 0.7297297297297297, 0.7567567567567568, 0.7837837837837838, 0.8108108108108109, 0.8378378378378378, 0.8648648648648649, 0.8918918918918919, 0.918918918918919, 0.9459459459459459, 0.972972972972973, 1.0], 0.4378436200436102], "first_gen": [[0.0, 0.3333333333333333, 0.5, 0.6, 0.42857142857142855, 0.5, 0.4, 0.3333333333333333, 0.2857142857142857, 0.25, 0.2222222222222222, 0.2, 0.23809523809523808, 0.21739130434782608, 0.2, 0.28, 0.3076923076923077, 0.3333333333333333, 0.4074074074074074, 0.42857142857142855, 0.4482758620689655, 0.4666666666666667, 0.4375, 0.45454545454545453, 0.42857142857142855, 0.40540540540540543, 0.4594594594594595, 0.47368421052631576, 0.5263157894736842, 0.5, 0.47619047619047616, 0.4883720930232558, 0.4666666666666667, 0.44680851063829785, 0.48936170212765956, 0.5319148936170213, 0.574468085106383, 0.5833333333333334, 0.5918367346938775, 0.6326530612244898, 0.673469387755102, 0.6470588235294118, 0.6226415094339622, 0.6, 0.6071428571428571, 0.6140350877192983, 0.6206896551724138, 0.6551724137931034, 0.6896551724137931, 0.7241379310344828, 0.7288135593220338, 0.7049180327868853, 0.7377049180327869, 0.7419354838709677, 0.7741935483870968, 0.7777777777777778, 0.78125, 0.7846153846153846, 0.7878787878787878, 0.7647058823529411, 0.7681159420289855, 0.7971014492753623, 0.8, 0.8285714285714286, 0.8571428571428571, 0.8591549295774648, 0.8611111111111112, 0.8888888888888888, 0.8904109589041096, 0.9178082191780822, 0.918918918918919, 0.9459459459459459, 0.972972972972973, 1.0], 0.5779676067328248]}}