{"rank_algo": "xgboost_score", "seed": 60, "subsampling_proportion": 0.1, "exec_time": 5.413998126983643, "results": {"features": ["feature82", "feature23", "feature5", "feature81", "feature4", "feature22", "feature16", "feature12", "feature48", "feature1", "feature71", "feature0", "feature31", "feature15", "feature27", "feature56", "feature62", "feature11", "feature10", "feature68", "feature8", "feature3", "feature18", "feature7", "feature69", "feature9", "feature17", "feature26", "feature24", "feature43", "feature67", "feature40", "feature2", "feature21", "feature49", "feature35", "feature46", "feature34", "feature59", "feature64", "feature38", "feature51", "feature41", "feature50", "feature37", "feature44", "feature25", "feature39", "feature52", "feature47", "feature19", "feature30", "feature33", "feature20", "feature60", "feature63", "feature42", "feature36", "feature45", "feature54", "feature66", "feature65", "feature28", "feature57", "feature58", "feature55", "feature53", "feature29", "feature61", "feature13", "feature90", "feature72", "feature6", "feature73"], "scores": [0.1757260262966156, 0.057000257074832916, 0.05049736052751541, 0.04913058876991272, 0.0454886257648468, 0.0317782424390316, 0.026889124885201454, 0.024579236283898354, 0.018850259482860565, 0.015496672131121159, 0.014965667389333248, 0.01319014560431242, 0.012575059197843075, 0.012248042970895767, 0.01011814083904028, 0.00992212351411581, 0.00984914880245924, 0.00973748043179512, 0.009536049328744411, 0.009335541166365147, 0.00927116721868515, 0.009136686101555824, 0.0090806744992733, 0.008973907679319382, 0.008906388655304909, 0.008774813264608383, 0.008701094426214695, 0.008313254453241825, 0.008267993107438087, 0.008142292499542236, 0.008025450631976128, 0.008010229095816612, 0.00794291589409113, 0.007940230891108513, 0.007895776070654392, 0.007884576916694641, 0.007873191498219967, 0.007863225415349007, 0.007833775132894516, 0.00782771036028862, 0.007817031815648079, 0.007749522104859352, 0.007735109888017178, 0.007726787589490414, 0.007639110554009676, 0.0076263765804469585, 0.0075789690017700195, 0.007565632928162813, 0.007528095971792936, 0.00748597364872694, 0.007457443978637457, 0.0074185458943247795, 0.007414013613015413, 0.007342137396335602, 0.007320665754377842, 0.007221520878374577, 0.007197106722742319, 0.0071727740578353405, 0.007129997480660677, 0.007087880279868841, 0.00707907322794199, 0.0070650456473231316, 0.006961642298847437, 0.006946734618395567, 0.006943217478692532, 0.006853056605905294, 0.006840096320956945, 0.006785730831325054, 0.0067196195013821125, 0.006194708403199911, 0.006115735974162817, 0.002701507182791829, 0.0, 0.0]}, "evaluations": {"eval_method": "jaccard_full_score", "singles": [[0.0, 0.3333333333333333, 0.2, 0.14285714285714285, 0.1111111111111111, 0.09090909090909091, 0.16666666666666666, 0.23076923076923078, 0.2, 0.17647058823529413, 0.2222222222222222, 0.2, 0.18181818181818182, 0.21739130434782608, 0.2, 0.18518518518518517, 0.21428571428571427, 0.2413793103448276, 0.26666666666666666, 0.2903225806451613, 0.2727272727272727, 0.2571428571428571, 0.24324324324324326, 0.23076923076923078, 0.21951219512195122, 0.20930232558139536, 0.2, 0.24444444444444444, 0.23404255319148937, 0.25, 0.2653061224489796, 0.30612244897959184, 0.3469387755102041, 0.36, 0.37254901960784315, 0.3584905660377358, 0.37037037037037035, 0.35714285714285715, 0.39285714285714285, 0.40350877192982454, 0.41379310344827586, 0.423728813559322, 0.4576271186440678, 0.4666666666666667, 0.5, 0.4838709677419355, 0.49206349206349204, 0.5, 0.53125, 0.5384615384615384, 0.5454545454545454, 0.5522388059701493, 0.5588235294117647, 0.5652173913043478, 0.5714285714285714, 0.6, 0.6056338028169014, 0.6338028169014085, 0.6619718309859155, 0.6666666666666666, 0.6712328767123288, 0.6986301369863014, 0.726027397260274, 0.7534246575342466, 0.7808219178082192, 0.8082191780821918, 0.8108108108108109, 0.8378378378378378, 0.8648648648648649, 0.8918918918918919, 0.918918918918919, 0.9459459459459459, 0.972972972972973, 1.0], 0.4344679122692666], "first_gen": [[0.0, 0.3333333333333333, 0.5, 0.6, 0.42857142857142855, 0.5, 0.4, 0.3333333333333333, 0.2857142857142857, 0.3333333333333333, 0.29411764705882354, 0.3333333333333333, 0.3, 0.2727272727272727, 0.25, 0.23076923076923078, 0.21428571428571427, 0.2, 0.26666666666666666, 0.25, 0.2727272727272727, 0.3333333333333333, 0.35294117647058826, 0.3333333333333333, 0.3157894736842105, 0.3333333333333333, 0.35, 0.4, 0.4146341463414634, 0.42857142857142855, 0.4418604651162791, 0.4883720930232558, 0.5, 0.5111111111111111, 0.5217391304347826, 0.5, 0.5416666666666666, 0.5510204081632653, 0.56, 0.5686274509803921, 0.5769230769230769, 0.5849056603773585, 0.5925925925925926, 0.6, 0.6363636363636364, 0.6727272727272727, 0.6491228070175439, 0.6551724137931034, 0.6896551724137931, 0.7241379310344828, 0.7288135593220338, 0.7049180327868853, 0.6825396825396826, 0.7142857142857143, 0.6923076923076923, 0.696969696969697, 0.7014925373134329, 0.7313432835820896, 0.7352941176470589, 0.7391304347826086, 0.7681159420289855, 0.7971014492753623, 0.8260869565217391, 0.8028169014084507, 0.8055555555555556, 0.8082191780821918, 0.8356164383561644, 0.8378378378378378, 0.8648648648648649, 0.8918918918918919, 0.918918918918919, 0.9459459459459459, 0.972972972972973, 1.0], 0.5497244735733988]}}