{"rank_algo": "xgboost_score", "seed": 15, "subsampling_proportion": 0.1, "exec_time": 5.710144519805908, "results": {"features": ["feature82", "feature5", "feature22", "feature81", "feature23", "feature90", "feature16", "feature12", "feature4", "feature71", "feature0", "feature43", "feature15", "feature1", "feature62", "feature20", "feature26", "feature10", "feature31", "feature8", "feature18", "feature59", "feature48", "feature27", "feature3", "feature44", "feature47", "feature49", "feature72", "feature2", "feature54", "feature17", "feature7", "feature28", "feature36", "feature19", "feature24", "feature66", "feature9", "feature68", "feature39", "feature50", "feature37", "feature53", "feature11", "feature65", "feature61", "feature51", "feature35", "feature41", "feature46", "feature60", "feature21", "feature40", "feature55", "feature56", "feature52", "feature69", "feature42", "feature64", "feature30", "feature33", "feature57", "feature67", "feature34", "feature58", "feature38", "feature29", "feature45", "feature63", "feature13", "feature25", "feature6", "feature70", "feature73", "feature92", "feature93", "feature94", "feature95", "feature96", "feature97"], "scores": [0.14330746233463287, 0.06631104648113251, 0.05098124220967293, 0.04783894121646881, 0.04730875417590141, 0.030845368281006813, 0.02872561104595661, 0.0253702811896801, 0.02362695522606373, 0.021514222025871277, 0.019001731649041176, 0.014518964104354382, 0.014371046796441078, 0.014209501445293427, 0.011150836944580078, 0.010812644846737385, 0.0107765793800354, 0.010216311551630497, 0.010085305199027061, 0.00988686177879572, 0.009446506388485432, 0.00923614576458931, 0.008674785494804382, 0.008674454875290394, 0.008595168590545654, 0.008572014980018139, 0.008565537631511688, 0.008532265201210976, 0.008486667647957802, 0.008373601362109184, 0.008305971510708332, 0.00822332315146923, 0.008183793164789677, 0.008135860785841942, 0.008079840801656246, 0.00805814377963543, 0.007984055206179619, 0.007929062470793724, 0.007868421263992786, 0.00784494448453188, 0.007801841478794813, 0.007801537401974201, 0.007649819366633892, 0.0075472090393304825, 0.00754413241520524, 0.007503642700612545, 0.007501781918108463, 0.007427750620990992, 0.0073889256455004215, 0.00734281912446022, 0.007280360907316208, 0.0071905264630913734, 0.007171265315264463, 0.007143987342715263, 0.007060711272060871, 0.007037131581455469, 0.006938913371413946, 0.006848915480077267, 0.006797609850764275, 0.006732142064720392, 0.00670101772993803, 0.006670238915830851, 0.006623854395002127, 0.006542006973177195, 0.006505085155367851, 0.006478189490735531, 0.006331929471343756, 0.006252516061067581, 0.00598936527967453, 0.005890056025236845, 0.005883033387362957, 0.005791478790342808, 0.0, 0.0, 0.0, 0.0, 0.0, 0.0, 0.0, 0.0, 0.0]}, "evaluations": {"eval_method": "jaccard_full_score", "singles": [[0.0, 0.0, 0.0, 0.0, 0.1111111111111111, 0.09090909090909091, 0.16666666666666666, 0.23076923076923078, 0.2, 0.17647058823529413, 0.15789473684210525, 0.14285714285714285, 0.18181818181818182, 0.21739130434782608, 0.2, 0.23076923076923078, 0.3076923076923077, 0.3333333333333333, 0.3103448275862069, 0.3333333333333333, 0.3125, 0.3333333333333333, 0.3142857142857143, 0.2972972972972973, 0.28205128205128205, 0.2682926829268293, 0.2558139534883721, 0.2727272727272727, 0.2608695652173913, 0.30434782608695654, 0.34782608695652173, 0.3333333333333333, 0.3469387755102041, 0.3333333333333333, 0.34615384615384615, 0.3584905660377358, 0.37037037037037035, 0.38181818181818183, 0.39285714285714285, 0.40350877192982454, 0.41379310344827586, 0.423728813559322, 0.4098360655737705, 0.41935483870967744, 0.42857142857142855, 0.4375, 0.46875, 0.47692307692307695, 0.48484848484848486, 0.4925373134328358, 0.5, 0.5072463768115942, 0.5142857142857142, 0.5428571428571428, 0.5492957746478874, 0.5555555555555556, 0.5833333333333334, 0.5675675675675675, 0.5945945945945946, 0.5789473684210527, 0.5844155844155844, 0.6103896103896104, 0.6363636363636364, 0.6410256410256411, 0.6455696202531646, 0.6708860759493671, 0.675, 0.7, 0.725, 0.75, 0.775, 0.7777777777777778, 0.8024691358024691, 0.8271604938271605, 0.8518518518518519, 0.8765432098765432, 0.9012345679012346, 0.9259259259259259, 0.9506172839506173, 0.9753086419753086, 1.0], 0.44574470040516506], "first_gen": [[0.0, 0.0, 0.5, 0.6, 0.6666666666666666, 0.5, 0.4, 0.3333333333333333, 0.2857142857142857, 0.25, 0.2222222222222222, 0.2631578947368421, 0.23809523809523808, 0.2727272727272727, 0.25, 0.28, 0.3076923076923077, 0.3333333333333333, 0.35714285714285715, 0.3793103448275862, 0.4482758620689655, 0.4666666666666667, 0.4375, 0.4117647058823529, 0.42857142857142855, 0.4857142857142857, 0.4594594594594595, 0.5135135135135135, 0.48717948717948717, 0.5384615384615384, 0.55, 0.6, 0.5714285714285714, 0.5813953488372093, 0.5909090909090909, 0.6363636363636364, 0.6444444444444445, 0.6521739130434783, 0.6595744680851063, 0.6666666666666666, 0.673469387755102, 0.68, 0.72, 0.6923076923076923, 0.6666666666666666, 0.6428571428571429, 0.6206896551724138, 0.6271186440677966, 0.6610169491525424, 0.6666666666666666, 0.6721311475409836, 0.6507936507936508, 0.65625, 0.6615384615384615, 0.6666666666666666, 0.6716417910447762, 0.6764705882352942, 0.6811594202898551, 0.6857142857142857, 0.6901408450704225, 0.6712328767123288, 0.6756756756756757, 0.68, 0.7066666666666667, 0.7333333333333333, 0.7368421052631579, 0.7402597402597403, 0.7435897435897436, 0.7468354430379747, 0.7283950617283951, 0.7530864197530864, 0.7777777777777778, 0.8024691358024691, 0.8271604938271605, 0.8518518518518519, 0.8765432098765432, 0.9012345679012346, 0.9259259259259259, 0.9506172839506173, 0.9753086419753086, 1.0], 0.5867195557529655]}}