{"rank_algo": "xgboost_score", "seed": 18, "subsampling_proportion": 0.1, "exec_time": 5.572920322418213, "results": {"features": ["feature82", "feature23", "feature81", "feature4", "feature5", "feature22", "feature12", "feature16", "feature43", "feature15", "feature71", "feature0", "feature62", "feature26", "feature27", "feature13", "feature1", "feature18", "feature11", "feature48", "feature51", "feature54", "feature56", "feature37", "feature45", "feature69", "feature7", "feature52", "feature10", "feature67", "feature9", "feature2", "feature36", "feature41", "feature24", "feature50", "feature49", "feature20", "feature47", "feature64", "feature19", "feature46", "feature38", "feature21", "feature3", "feature65", "feature17", "feature90", "feature33", "feature30", "feature57", "feature66", "feature28", "feature53", "feature59", "feature58", "feature42", "feature61", "feature25", "feature60", "feature39", "feature44", "feature8", "feature34", "feature55", "feature29", "feature63", "feature68", "feature40", "feature35", "feature6", "feature31", "feature70", "feature72", "feature73", "feature92", "feature93", "feature94", "feature95", "feature96", "feature97"], "scores": [0.17931944131851196, 0.0920654758810997, 0.05125731974840164, 0.03851305693387985, 0.03526807203888893, 0.03095269575715065, 0.02157306671142578, 0.01706395484507084, 0.012605901807546616, 0.012546906247735023, 0.01217810157686472, 0.01210313756018877, 0.01190637331455946, 0.010962934233248234, 0.01070665754377842, 0.01020088605582714, 0.009938681498169899, 0.009882553480565548, 0.009352199733257294, 0.009229077026247978, 0.008942095562815666, 0.008931170217692852, 0.008884596638381481, 0.00879125576466322, 0.00870924349874258, 0.008617520332336426, 0.008453834801912308, 0.008450580760836601, 0.008419456891715527, 0.008410747162997723, 0.008349547162652016, 0.008263752795755863, 0.00823927391320467, 0.008213861845433712, 0.008117439225316048, 0.008108720183372498, 0.00809040293097496, 0.008087653666734695, 0.00805988535284996, 0.008056043647229671, 0.00803499948233366, 0.007974951528012753, 0.007950854487717152, 0.007932326756417751, 0.007869187742471695, 0.00786532275378704, 0.00786186195909977, 0.007783459033817053, 0.007746176328510046, 0.00774476258084178, 0.007726759649813175, 0.0077196573838591576, 0.007666395045816898, 0.007646961137652397, 0.007620081305503845, 0.007577450480312109, 0.007513591554015875, 0.007507665082812309, 0.007470430340617895, 0.007457729894667864, 0.007434723898768425, 0.007223783526569605, 0.0072135343216359615, 0.007074856199324131, 0.006961009465157986, 0.006954482290893793, 0.0065209767781198025, 0.0064508733339607716, 0.006429258733987808, 0.006088359281420708, 0.005774146411567926, 0.005379823036491871, 0.0, 0.0, 0.0, 0.0, 0.0, 0.0, 0.0, 0.0, 0.0]}, "evaluations": {"eval_method": "jaccard_full_score", "singles": [[0.0, 0.3333333333333333, 0.2, 0.14285714285714285, 0.1111111111111111, 0.09090909090909091, 0.16666666666666666, 0.23076923076923078, 0.2, 0.25, 0.2222222222222222, 0.2, 0.18181818181818182, 0.21739130434782608, 0.2, 0.18518518518518517, 0.25925925925925924, 0.2413793103448276, 0.26666666666666666, 0.2903225806451613, 0.3125, 0.3333333333333333, 0.3142857142857143, 0.2972972972972973, 0.3157894736842105, 0.3, 0.3170731707317073, 0.3023255813953488, 0.3181818181818182, 0.3333333333333333, 0.37777777777777777, 0.391304347826087, 0.40425531914893614, 0.4166666666666667, 0.42857142857142855, 0.4117647058823529, 0.4230769230769231, 0.4339622641509434, 0.41818181818181815, 0.42857142857142855, 0.4642857142857143, 0.5, 0.4827586206896552, 0.4915254237288136, 0.5, 0.5081967213114754, 0.5161290322580645, 0.5238095238095238, 0.5555555555555556, 0.5384615384615384, 0.5454545454545454, 0.5294117647058824, 0.5588235294117647, 0.5428571428571428, 0.5714285714285714, 0.6, 0.6056338028169014, 0.6111111111111112, 0.6164383561643836, 0.6438356164383562, 0.6266666666666667, 0.6533333333333333, 0.68, 0.6623376623376623, 0.6455696202531646, 0.6708860759493671, 0.6962025316455697, 0.7215189873417721, 0.7468354430379747, 0.7283950617283951, 0.7530864197530864, 0.7777777777777778, 0.8024691358024691, 0.8271604938271605, 0.8518518518518519, 0.8765432098765432, 0.9012345679012346, 0.9259259259259259, 0.9506172839506173, 0.9753086419753086, 1.0], 0.47684476187072383], "first_gen": [[0.0, 0.3333333333333333, 0.5, 0.6, 0.42857142857142855, 0.5, 0.4, 0.3333333333333333, 0.2857142857142857, 0.25, 0.2222222222222222, 0.2631578947368421, 0.23809523809523808, 0.21739130434782608, 0.2, 0.18518518518518517, 0.25925925925925924, 0.2857142857142857, 0.3103448275862069, 0.2903225806451613, 0.2727272727272727, 0.29411764705882354, 0.2777777777777778, 0.2631578947368421, 0.25, 0.2682926829268293, 0.2857142857142857, 0.3023255813953488, 0.3488372093023256, 0.3333333333333333, 0.37777777777777777, 0.4222222222222222, 0.40425531914893614, 0.4166666666666667, 0.42857142857142855, 0.4117647058823529, 0.45098039215686275, 0.49019607843137253, 0.5, 0.5094339622641509, 0.5471698113207547, 0.5555555555555556, 0.5925925925925926, 0.6296296296296297, 0.6363636363636364, 0.6140350877192983, 0.6206896551724138, 0.6551724137931034, 0.6610169491525424, 0.6666666666666666, 0.6451612903225806, 0.625, 0.6307692307692307, 0.6119402985074627, 0.6176470588235294, 0.6, 0.6056338028169014, 0.589041095890411, 0.5733333333333334, 0.5584415584415584, 0.5844155844155844, 0.6103896103896104, 0.6153846153846154, 0.6410256410256411, 0.6666666666666666, 0.6708860759493671, 0.675, 0.7, 0.7037037037037037, 0.7283950617283951, 0.7530864197530864, 0.7777777777777778, 0.8024691358024691, 0.8271604938271605, 0.8518518518518519, 0.8765432098765432, 0.9012345679012346, 0.9259259259259259, 0.9506172839506173, 0.9753086419753086, 1.0], 0.5173062418951997]}}