{"rank_algo": "xgboost_score", "seed": 19, "subsampling_proportion": 0.1, "exec_time": 16.468828201293945, "results": {"features": ["feature82", "feature23", "feature5", "feature81", "feature4", "feature22", "feature16", "feature0", "feature15", "feature48", "feature62", "feature12", "feature71", "feature1", "feature31", "feature17", "feature43", "feature2", "feature28", "feature49", "feature37", "feature11", "feature53", "feature66", "feature44", "feature20", "feature9", "feature52", "feature10", "feature18", "feature3", "feature19", "feature8", "feature54", "feature24", "feature40", "feature59", "feature7", "feature36", "feature27", "feature21", "feature35", "feature50", "feature60", "feature46", "feature57", "feature33", "feature26", "feature61", "feature38", "feature39", "feature29", "feature55", "feature67", "feature51", "feature69", "feature41", "feature30", "feature47", "feature25", "feature58", "feature63", "feature42", "feature68", "feature64", "feature45", "feature13", "feature34", "feature65", "feature6", "feature90", "feature56", "feature72", "feature73"], "scores": [0.16105441749095917, 0.11597476154565811, 0.03856435790657997, 0.03214481472969055, 0.03111221455037594, 0.02310323528945446, 0.020068082958459854, 0.016720037907361984, 0.016139628365635872, 0.01603754237294197, 0.01599431224167347, 0.013877155259251595, 0.013040588237345219, 0.012867031618952751, 0.012430550530552864, 0.012174786999821663, 0.010653037577867508, 0.010645044036209583, 0.009836623445153236, 0.009746010415256023, 0.009412035346031189, 0.00923159345984459, 0.009180773049592972, 0.009133907966315746, 0.009111150167882442, 0.00905927736312151, 0.009055407717823982, 0.008970926515758038, 0.008952138014137745, 0.008905000053346157, 0.00887400470674038, 0.008844434283673763, 0.008828865364193916, 0.00852375477552414, 0.008504186756908894, 0.00847446359694004, 0.008449060842394829, 0.008402231149375439, 0.008382771164178848, 0.008338013663887978, 0.008277046494185925, 0.008264590986073017, 0.00824575126171112, 0.008142964914441109, 0.008112099021673203, 0.008032456040382385, 0.008019118569791317, 0.007989173755049706, 0.007940536364912987, 0.007933132350444794, 0.00791856274008751, 0.007913014851510525, 0.007869618013501167, 0.007845412939786911, 0.007824677973985672, 0.007795519195497036, 0.007761013228446245, 0.007745932321995497, 0.007697618566453457, 0.007667985279113054, 0.007584467995911837, 0.007399415597319603, 0.007297260221093893, 0.007133569102734327, 0.0069962358102202415, 0.006592127960175276, 0.005750900134444237, 0.005531073547899723, 0.005175387021154165, 0.004519319627434015, 0.004322608932852745, 0.003883159253746271, 0.0, 0.0]}, "evaluations": {"eval_method": "jaccard_full_score", "singles": [[0.0, 0.3333333333333333, 0.2, 0.14285714285714285, 0.1111111111111111, 0.09090909090909091, 0.16666666666666666, 0.14285714285714285, 0.2, 0.17647058823529413, 0.15789473684210525, 0.2, 0.18181818181818182, 0.21739130434782608, 0.2, 0.18518518518518517, 0.21428571428571427, 0.2413793103448276, 0.22580645161290322, 0.2903225806451613, 0.2727272727272727, 0.29411764705882354, 0.2777777777777778, 0.2631578947368421, 0.25, 0.2682926829268293, 0.2558139534883721, 0.2727272727272727, 0.28888888888888886, 0.30434782608695654, 0.3191489361702128, 0.3333333333333333, 0.32, 0.3333333333333333, 0.34615384615384615, 0.3584905660377358, 0.39622641509433965, 0.38181818181818183, 0.41818181818181815, 0.45454545454545453, 0.4909090909090909, 0.47368421052631576, 0.5087719298245614, 0.543859649122807, 0.5517241379310345, 0.559322033898305, 0.5932203389830508, 0.6271186440677966, 0.6610169491525424, 0.6666666666666666, 0.6451612903225806, 0.6507936507936508, 0.65625, 0.6615384615384615, 0.6666666666666666, 0.6470588235294118, 0.6764705882352942, 0.6571428571428571, 0.6619718309859155, 0.6666666666666666, 0.6944444444444444, 0.7222222222222222, 0.75, 0.7777777777777778, 0.7808219178082192, 0.8082191780821918, 0.8356164383561644, 0.8378378378378378, 0.8648648648648649, 0.8918918918918919, 0.918918918918919, 0.9459459459459459, 0.972972972972973, 1.0], 0.46102630877022044], "first_gen": [[0.0, 0.3333333333333333, 0.5, 0.6, 0.42857142857142855, 0.5, 0.4, 0.3333333333333333, 0.2857142857142857, 0.25, 0.2222222222222222, 0.2631578947368421, 0.23809523809523808, 0.2727272727272727, 0.25, 0.23076923076923078, 0.25925925925925924, 0.2857142857142857, 0.3103448275862069, 0.3333333333333333, 0.3125, 0.3333333333333333, 0.3142857142857143, 0.3333333333333333, 0.35135135135135137, 0.3684210526315789, 0.38461538461538464, 0.4, 0.4146341463414634, 0.42857142857142855, 0.4418604651162791, 0.4883720930232558, 0.5, 0.5111111111111111, 0.48936170212765956, 0.5, 0.5416666666666666, 0.5510204081632653, 0.56, 0.6, 0.64, 0.6470588235294118, 0.6538461538461539, 0.6296296296296297, 0.6363636363636364, 0.6428571428571429, 0.6206896551724138, 0.6551724137931034, 0.6610169491525424, 0.6666666666666666, 0.6721311475409836, 0.6507936507936508, 0.65625, 0.6615384615384615, 0.6923076923076923, 0.696969696969697, 0.7014925373134329, 0.7058823529411765, 0.7352941176470589, 0.7142857142857143, 0.7183098591549296, 0.7222222222222222, 0.75, 0.7777777777777778, 0.7567567567567568, 0.7837837837837838, 0.8108108108108109, 0.8378378378378378, 0.8648648648648649, 0.8918918918918919, 0.918918918918919, 0.9459459459459459, 0.972972972972973, 1.0], 0.5440185509774711]}}