{"rank_algo": "xgboost_score", "seed": 87, "subsampling_proportion": 0.1, "exec_time": 5.449997425079346, "results": {"features": ["feature23", "feature82", "feature5", "feature4", "feature81", "feature22", "feature12", "feature16", "feature71", "feature43", "feature15", "feature62", "feature17", "feature18", "feature1", "feature48", "feature27", "feature0", "feature47", "feature45", "feature19", "feature51", "feature8", "feature26", "feature10", "feature52", "feature69", "feature20", "feature49", "feature53", "feature9", "feature54", "feature61", "feature25", "feature2", "feature39", "feature67", "feature44", "feature59", "feature50", "feature66", "feature41", "feature36", "feature60", "feature38", "feature3", "feature7", "feature37", "feature42", "feature46", "feature40", "feature34", "feature24", "feature30", "feature33", "feature64", "feature31", "feature21", "feature28", "feature65", "feature68", "feature57", "feature29", "feature63", "feature58", "feature11", "feature90", "feature55", "feature56", "feature13", "feature35", "feature6", "feature72", "feature73"], "scores": [0.12773273885250092, 0.12714983522891998, 0.04937807843089104, 0.047278404235839844, 0.026869624853134155, 0.026372196152806282, 0.02341097593307495, 0.02259049192070961, 0.019377846270799637, 0.016773633658885956, 0.016687653958797455, 0.015128356404602528, 0.012481428682804108, 0.011555143631994724, 0.011401867493987083, 0.011266910471022129, 0.010729487054049969, 0.009421760216355324, 0.008877596817910671, 0.008857951499521732, 0.00881467666476965, 0.008784737437963486, 0.008693067356944084, 0.008660231716930866, 0.008638360537588596, 0.008609187789261341, 0.008576782420277596, 0.008550112135708332, 0.008284315466880798, 0.008276517502963543, 0.008242803625762463, 0.008217386901378632, 0.0081951217725873, 0.00819032546132803, 0.008176633156836033, 0.008053893223404884, 0.00802336260676384, 0.007941184565424919, 0.007925416342914104, 0.007920581847429276, 0.007893791422247887, 0.007876450195908546, 0.00775047717615962, 0.007736977655440569, 0.007717879954725504, 0.007689830381423235, 0.0076614744029939175, 0.007591916713863611, 0.007553301751613617, 0.007551830727607012, 0.007521260064095259, 0.007494010496884584, 0.007445002440363169, 0.0074241431429982185, 0.007399961352348328, 0.007354510482400656, 0.007299031596630812, 0.007261645048856735, 0.007246154360473156, 0.0071682920679450035, 0.007109539117664099, 0.00705020921304822, 0.007033531088382006, 0.00696310680359602, 0.00680376123636961, 0.0067921411246061325, 0.006715087220072746, 0.00659749424085021, 0.006169753149151802, 0.006076504942029715, 0.005841655191034079, 0.0031179694924503565, 0.002974592847749591, 0.0]}, "evaluations": {"eval_method": "jaccard_full_score", "singles": [[1.0, 0.3333333333333333, 0.2, 0.14285714285714285, 0.1111111111111111, 0.09090909090909091, 0.16666666666666666, 0.23076923076923078, 0.2, 0.17647058823529413, 0.2222222222222222, 0.2, 0.18181818181818182, 0.16666666666666666, 0.2, 0.18518518518518517, 0.21428571428571427, 0.2, 0.1875, 0.21212121212121213, 0.23529411764705882, 0.2571428571428571, 0.24324324324324326, 0.2631578947368421, 0.3157894736842105, 0.3, 0.2857142857142857, 0.3023255813953488, 0.3181818181818182, 0.3333333333333333, 0.37777777777777777, 0.391304347826087, 0.40425531914893614, 0.3877551020408163, 0.4, 0.4117647058823529, 0.39622641509433965, 0.38181818181818183, 0.39285714285714285, 0.40350877192982454, 0.3898305084745763, 0.423728813559322, 0.4576271186440678, 0.4666666666666667, 0.47540983606557374, 0.5081967213114754, 0.5409836065573771, 0.5737704918032787, 0.6065573770491803, 0.639344262295082, 0.6451612903225806, 0.6507936507936508, 0.65625, 0.6363636363636364, 0.6417910447761194, 0.6231884057971014, 0.6056338028169014, 0.6111111111111112, 0.6388888888888888, 0.6666666666666666, 0.6712328767123288, 0.6986301369863014, 0.726027397260274, 0.7534246575342466, 0.7567567567567568, 0.7837837837837838, 0.8108108108108109, 0.8378378378378378, 0.8648648648648649, 0.8918918918918919, 0.918918918918919, 0.9459459459459459, 0.972972972972973, 1.0], 0.4591017735325437], "first_gen": [[1.0, 0.3333333333333333, 0.5, 0.3333333333333333, 0.42857142857142855, 0.5, 0.4, 0.3333333333333333, 0.2857142857142857, 0.25, 0.2222222222222222, 0.2, 0.18181818181818182, 0.16666666666666666, 0.2, 0.23076923076923078, 0.25925925925925924, 0.2857142857142857, 0.3103448275862069, 0.2903225806451613, 0.3125, 0.3333333333333333, 0.35294117647058826, 0.37142857142857144, 0.3888888888888889, 0.40540540540540543, 0.42105263157894735, 0.47368421052631576, 0.48717948717948717, 0.5, 0.55, 0.5609756097560976, 0.5348837209302325, 0.5454545454545454, 0.5555555555555556, 0.5652173913043478, 0.574468085106383, 0.6170212765957447, 0.625, 0.6326530612244898, 0.6078431372549019, 0.5849056603773585, 0.5925925925925926, 0.6, 0.6071428571428571, 0.6140350877192983, 0.6206896551724138, 0.6551724137931034, 0.6896551724137931, 0.7241379310344828, 0.7288135593220338, 0.7333333333333333, 0.7096774193548387, 0.7142857142857143, 0.71875, 0.696969696969697, 0.6764705882352942, 0.6811594202898551, 0.7101449275362319, 0.7142857142857143, 0.7428571428571429, 0.7464788732394366, 0.75, 0.7534246575342466, 0.7567567567567568, 0.7837837837837838, 0.8108108108108109, 0.8378378378378378, 0.8648648648648649, 0.8918918918918919, 0.918918918918919, 0.9459459459459459, 0.972972972972973, 1.0], 0.5572007569621095]}}