{"rank_algo": "xgboost_score", "seed": 47, "subsampling_proportion": 0.01, "exec_time": 0.5802888870239258, "results": {"features": ["feature82", "feature23", "feature27", "feature22", "feature5", "feature81", "feature90", "feature9", "feature16", "feature12", "feature56", "feature71", "feature69", "feature15", "feature25", "feature1", "feature0", "feature66", "feature53", "feature20", "feature34", "feature31", "feature60", "feature2", "feature33", "feature11", "feature46", "feature63", "feature52", "feature48", "feature7", "feature8", "feature36", "feature38", "feature61", "feature3", "feature50", "feature51", "feature44", "feature30", "feature64", "feature40", "feature37", "feature55", "feature43", "feature65", "feature26", "feature49", "feature67", "feature13", "feature28", "feature19", "feature10", "feature57", "feature45", "feature47", "feature21", "feature24", "feature41", "feature18", "feature17", "feature29", "feature39", "feature58", "feature42", "feature59", "feature62", "feature4", "feature54", "feature68", "feature35", "feature6", "feature70", "feature72", "feature73", "feature92", "feature93", "feature94", "feature95", "feature96", "feature97"], "scores": [0.06796051561832428, 0.04271899163722992, 0.022956673055887222, 0.022818423807621002, 0.022777313366532326, 0.018982158973813057, 0.01816839538514614, 0.017643829807639122, 0.016352133825421333, 0.01602831855416298, 0.015368938446044922, 0.014981626532971859, 0.014559603296220303, 0.014321736991405487, 0.01398647390305996, 0.013834934681653976, 0.013728043995797634, 0.013625668361783028, 0.01326541043817997, 0.013210221193730831, 0.013068387284874916, 0.012995906174182892, 0.012981696054339409, 0.01292902510613203, 0.012896399013698101, 0.012782667763531208, 0.012733637355268002, 0.012680205516517162, 0.012627847492694855, 0.012574823573231697, 0.012551515363156796, 0.012549669481813908, 0.012548153288662434, 0.01254718191921711, 0.012471556663513184, 0.012292640283703804, 0.012290152721107006, 0.012270851992070675, 0.012263460084795952, 0.012071437202394009, 0.012050843797624111, 0.011953894048929214, 0.011948338709771633, 0.01193438470363617, 0.01191211398690939, 0.011894612573087215, 0.011873404495418072, 0.011842421256005764, 0.011766967363655567, 0.01176330354064703, 0.011683757416903973, 0.011661374941468239, 0.011605178005993366, 0.011562854051589966, 0.01109327469021082, 0.010968350805342197, 0.010961252264678478, 0.010938514955341816, 0.01086091436445713, 0.01079895906150341, 0.010746303014457226, 0.010679840110242367, 0.010571991093456745, 0.010453513823449612, 0.010392999276518822, 0.010016835294663906, 0.009963256306946278, 0.009710454382002354, 0.00934534054249525, 0.009303308092057705, 0.008324752561748028, 0.0, 0.0, 0.0, 0.0, 0.0, 0.0, 0.0, 0.0, 0.0, 0.0]}, "evaluations": {"eval_method": "jaccard_full_score", "singles": [[0.0, 0.3333333333333333, 0.2, 0.14285714285714285, 0.1111111111111111, 0.09090909090909091, 0.07692307692307693, 0.06666666666666667, 0.125, 0.17647058823529413, 0.15789473684210525, 0.14285714285714285, 0.13043478260869565, 0.16666666666666666, 0.15384615384615385, 0.18518518518518517, 0.21428571428571427, 0.2, 0.1875, 0.21212121212121213, 0.2, 0.1891891891891892, 0.1794871794871795, 0.23076923076923078, 0.21951219512195122, 0.2682926829268293, 0.2857142857142857, 0.3333333333333333, 0.3181818181818182, 0.3333333333333333, 0.3191489361702128, 0.30612244897959184, 0.32, 0.3076923076923077, 0.32075471698113206, 0.3333333333333333, 0.32142857142857145, 0.3333333333333333, 0.3220338983050847, 0.3333333333333333, 0.3442622950819672, 0.3770491803278688, 0.36507936507936506, 0.375, 0.36363636363636365, 0.373134328358209, 0.40298507462686567, 0.4117647058823529, 0.42028985507246375, 0.42857142857142855, 0.45714285714285713, 0.4647887323943662, 0.49295774647887325, 0.5, 0.5277777777777778, 0.5342465753424658, 0.5616438356164384, 0.5675675675675675, 0.5733333333333334, 0.6, 0.5844155844155844, 0.5897435897435898, 0.5949367088607594, 0.620253164556962, 0.625, 0.65, 0.675, 0.7, 0.725, 0.75, 0.7530864197530864, 0.7777777777777778, 0.8024691358024691, 0.8271604938271605, 0.8518518518518519, 0.8765432098765432, 0.9012345679012346, 0.9259259259259259, 0.9506172839506173, 0.9753086419753086, 1.0], 0.4205826513821509], "first_gen": [[0.0, 0.3333333333333333, 0.5, 0.6, 0.42857142857142855, 0.5, 0.4, 0.3333333333333333, 0.38461538461538464, 0.3333333333333333, 0.29411764705882354, 0.2631578947368421, 0.23809523809523808, 0.21739130434782608, 0.2, 0.23076923076923078, 0.25925925925925924, 0.2413793103448276, 0.26666666666666666, 0.2903225806451613, 0.3125, 0.3333333333333333, 0.3142857142857143, 0.3333333333333333, 0.3157894736842105, 0.3, 0.2857142857142857, 0.3023255813953488, 0.3181818181818182, 0.30434782608695654, 0.3191489361702128, 0.3617021276595745, 0.375, 0.36, 0.37254901960784315, 0.38461538461538464, 0.39622641509433965, 0.4074074074074074, 0.4444444444444444, 0.45454545454545453, 0.43859649122807015, 0.4482758620689655, 0.4827586206896552, 0.4666666666666667, 0.5, 0.4838709677419355, 0.5161290322580645, 0.5483870967741935, 0.5555555555555556, 0.5625, 0.5692307692307692, 0.5757575757575758, 0.582089552238806, 0.5652173913043478, 0.5492957746478874, 0.5555555555555556, 0.5616438356164384, 0.5466666666666666, 0.5526315789473685, 0.5584415584415584, 0.5844155844155844, 0.5897435897435898, 0.5949367088607594, 0.6, 0.625, 0.6296296296296297, 0.654320987654321, 0.6790123456790124, 0.7037037037037037, 0.7283950617283951, 0.7530864197530864, 0.7777777777777778, 0.8024691358024691, 0.8271604938271605, 0.8518518518518519, 0.8765432098765432, 0.9012345679012346, 0.9259259259259259, 0.9506172839506173, 0.9753086419753086, 1.0], 0.4932524996514676]}}