{"rank_algo": "xgboost_score", "seed": 37, "subsampling_proportion": 0.01, "exec_time": 0.5829970836639404, "results": {"features": ["feature82", "feature23", "feature81", "feature22", "feature16", "feature27", "feature34", "feature5", "feature62", "feature15", "feature90", "feature59", "feature12", "feature69", "feature54", "feature36", "feature29", "feature24", "feature42", "feature31", "feature18", "feature3", "feature28", "feature9", "feature53", "feature17", "feature26", "feature47", "feature4", "feature57", "feature41", "feature10", "feature21", "feature50", "feature19", "feature52", "feature51", "feature1", "feature60", "feature55", "feature56", "feature67", "feature44", "feature2", "feature0", "feature46", "feature49", "feature8", "feature20", "feature38", "feature71", "feature11", "feature45", "feature33", "feature39", "feature37", "feature64", "feature40", "feature66", "feature7", "feature30", "feature58", "feature63", "feature61", "feature13", "feature35", "feature68", "feature65", "feature25", "feature43", "feature48", "feature6", "feature72", "feature73"], "scores": [0.08371680229902267, 0.03770570456981659, 0.028856005519628525, 0.021073322743177414, 0.02061963640153408, 0.018007872626185417, 0.017726948484778404, 0.017110535874962807, 0.016665495932102203, 0.016516143456101418, 0.014852960593998432, 0.014712239615619183, 0.014694735407829285, 0.014436045661568642, 0.014090580865740776, 0.014012753032147884, 0.013800662010908127, 0.013385254889726639, 0.013356645591557026, 0.013334318995475769, 0.013182706199586391, 0.013108252547681332, 0.013104140758514404, 0.013058323413133621, 0.012943053618073463, 0.012915104627609253, 0.01283429004251957, 0.012750839814543724, 0.012744658626616001, 0.012655735947191715, 0.012518826872110367, 0.012386920861899853, 0.012334956787526608, 0.01226731762290001, 0.012248106300830841, 0.01220008172094822, 0.012179117649793625, 0.012086061760783195, 0.012079479172825813, 0.012029161676764488, 0.011978727765381336, 0.011960706673562527, 0.011947616934776306, 0.011936377733945847, 0.011825949884951115, 0.01176381390541792, 0.011745523661375046, 0.011662214063107967, 0.01165921613574028, 0.011617077514529228, 0.011608496308326721, 0.011572692543268204, 0.011529263108968735, 0.011417078785598278, 0.01134435459971428, 0.011298849247395992, 0.011286212131381035, 0.011132686398923397, 0.011051308363676071, 0.011019762605428696, 0.010790913365781307, 0.010491603054106236, 0.01013109926134348, 0.009981894865632057, 0.009969067759811878, 0.009757228195667267, 0.00972047820687294, 0.009462516754865646, 0.009090316481888294, 0.008945231325924397, 0.0, 0.0, 0.0, 0.0]}, "evaluations": {"eval_method": "jaccard_full_score", "singles": [[0.0, 0.3333333333333333, 0.2, 0.14285714285714285, 0.25, 0.2, 0.16666666666666666, 0.14285714285714285, 0.125, 0.17647058823529413, 0.15789473684210525, 0.14285714285714285, 0.18181818181818182, 0.16666666666666666, 0.2, 0.18518518518518517, 0.21428571428571427, 0.2, 0.1875, 0.21212121212121213, 0.2, 0.1891891891891892, 0.1794871794871795, 0.17073170731707318, 0.16279069767441862, 0.15555555555555556, 0.2, 0.21739130434782608, 0.23404255319148937, 0.22448979591836735, 0.2653061224489796, 0.30612244897959184, 0.3469387755102041, 0.3333333333333333, 0.37254901960784315, 0.3584905660377358, 0.39622641509433965, 0.4339622641509434, 0.4444444444444444, 0.45454545454545453, 0.4642857142857143, 0.47368421052631576, 0.4827586206896552, 0.4915254237288136, 0.5, 0.5333333333333333, 0.5409836065573771, 0.5737704918032787, 0.6065573770491803, 0.6129032258064516, 0.6190476190476191, 0.6507936507936508, 0.6825396825396826, 0.6875, 0.6666666666666666, 0.696969696969697, 0.7014925373134329, 0.7058823529411765, 0.6857142857142857, 0.7142857142857143, 0.7183098591549296, 0.7464788732394366, 0.7746478873239436, 0.8028169014084507, 0.8055555555555556, 0.8333333333333334, 0.8611111111111112, 0.863013698630137, 0.8904109589041096, 0.8918918918918919, 0.918918918918919, 0.9459459459459459, 0.972972972972973, 1.0], 0.4499618172466101], "first_gen": [[0.0, 0.3333333333333333, 0.5, 1.0, 0.6666666666666666, 0.5, 0.4, 0.3333333333333333, 0.2857142857142857, 0.25, 0.2222222222222222, 0.2, 0.18181818181818182, 0.16666666666666666, 0.15384615384615385, 0.14285714285714285, 0.13333333333333333, 0.125, 0.15151515151515152, 0.14285714285714285, 0.2, 0.2222222222222222, 0.21052631578947367, 0.23076923076923078, 0.25, 0.2682926829268293, 0.2857142857142857, 0.3023255813953488, 0.28888888888888886, 0.30434782608695654, 0.3191489361702128, 0.3333333333333333, 0.3469387755102041, 0.36, 0.4, 0.4117647058823529, 0.45098039215686275, 0.49019607843137253, 0.4716981132075472, 0.48148148148148145, 0.4909090909090909, 0.5, 0.5087719298245614, 0.543859649122807, 0.5789473684210527, 0.5862068965517241, 0.6206896551724138, 0.6551724137931034, 0.6896551724137931, 0.7241379310344828, 0.7288135593220338, 0.7049180327868853, 0.6825396825396826, 0.6875, 0.6923076923076923, 0.696969696969697, 0.6764705882352942, 0.7058823529411765, 0.7352941176470589, 0.7391304347826086, 0.7428571428571429, 0.7464788732394366, 0.726027397260274, 0.7297297297297297, 0.7567567567567568, 0.7837837837837838, 0.8108108108108109, 0.8378378378378378, 0.8648648648648649, 0.8918918918918919, 0.918918918918919, 0.9459459459459459, 0.972972972972973, 1.0], 0.5026691185722706]}}