{"rank_algo": "xgboost_score", "seed": 69, "subsampling_proportion": 0.01, "exec_time": 0.5897207260131836, "results": {"features": ["feature82", "feature23", "feature5", "feature81", "feature4", "feature72", "feature22", "feature71", "feature15", "feature16", "feature62", "feature39", "feature12", "feature59", "feature69", "feature60", "feature36", "feature40", "feature51", "feature45", "feature26", "feature65", "feature90", "feature34", "feature56", "feature29", "feature1", "feature13", "feature46", "feature31", "feature7", "feature28", "feature47", "feature53", "feature48", "feature9", "feature41", "feature30", "feature37", "feature10", "feature49", "feature44", "feature8", "feature3", "feature54", "feature58", "feature21", "feature42", "feature38", "feature52", "feature67", "feature68", "feature19", "feature50", "feature24", "feature20", "feature55", "feature33", "feature0", "feature66", "feature57", "feature11", "feature63", "feature43", "feature18", "feature61", "feature2", "feature64", "feature25", "feature17", "feature27", "feature35", "feature6", "feature70", "feature73", "feature92", "feature93", "feature94", "feature95", "feature96", "feature97"], "scores": [0.08749128878116608, 0.03593827784061432, 0.023954840376973152, 0.022889355197548866, 0.022240739315748215, 0.020827846601605415, 0.020548878237605095, 0.016684681177139282, 0.01486649177968502, 0.014789714477956295, 0.014537959359586239, 0.014417634345591068, 0.01430017501115799, 0.013988940045237541, 0.013881335034966469, 0.01369380671530962, 0.01361997239291668, 0.013545471243560314, 0.013467350043356419, 0.013088767416775227, 0.013029572553932667, 0.012968920171260834, 0.012867902405560017, 0.012731775641441345, 0.012704289518296719, 0.012660019099712372, 0.012626605108380318, 0.012406895868480206, 0.012333602644503117, 0.012195234186947346, 0.012106486596167088, 0.0119944978505373, 0.011899911798536777, 0.011895641684532166, 0.011679904535412788, 0.011656751856207848, 0.011634291149675846, 0.011604918166995049, 0.01154515240341425, 0.011487150564789772, 0.011478488333523273, 0.011393778957426548, 0.011348794214427471, 0.01128515973687172, 0.011240972205996513, 0.0111936554312706, 0.011180502362549305, 0.011150690726935863, 0.011051980778574944, 0.011010026559233665, 0.010991915129125118, 0.010985057801008224, 0.010964575223624706, 0.010891558602452278, 0.01081837061792612, 0.010812463238835335, 0.010779120028018951, 0.010777981020510197, 0.010714292526245117, 0.010675343684852123, 0.010347600094974041, 0.010322480462491512, 0.010320580564439297, 0.010252567008137703, 0.010218951851129532, 0.009959383867681026, 0.009943440556526184, 0.009647555649280548, 0.009263251908123493, 0.009127619676291943, 0.008532146923244, 0.00851669441908598, 0.0, 0.0, 0.0, 0.0, 0.0, 0.0, 0.0, 0.0, 0.0]}, "evaluations": {"eval_method": "jaccard_full_score", "singles": [[0.0, 0.3333333333333333, 0.2, 0.14285714285714285, 0.1111111111111111, 0.09090909090909091, 0.07692307692307693, 0.06666666666666667, 0.125, 0.17647058823529413, 0.15789473684210525, 0.14285714285714285, 0.18181818181818182, 0.16666666666666666, 0.2, 0.18518518518518517, 0.21428571428571427, 0.2413793103448276, 0.26666666666666666, 0.2903225806451613, 0.3125, 0.29411764705882354, 0.2777777777777778, 0.2972972972972973, 0.3157894736842105, 0.3, 0.3170731707317073, 0.3333333333333333, 0.3488372093023256, 0.36363636363636365, 0.34782608695652173, 0.3333333333333333, 0.32, 0.3076923076923077, 0.32075471698113206, 0.3333333333333333, 0.34545454545454546, 0.35714285714285715, 0.3448275862068966, 0.3793103448275862, 0.41379310344827586, 0.423728813559322, 0.4098360655737705, 0.41935483870967744, 0.42857142857142855, 0.4375, 0.46875, 0.47692307692307695, 0.48484848484848486, 0.47058823529411764, 0.4782608695652174, 0.4647887323943662, 0.49295774647887325, 0.5211267605633803, 0.5277777777777778, 0.5555555555555556, 0.5616438356164384, 0.5675675675675675, 0.5945945945945946, 0.5789473684210527, 0.6052631578947368, 0.631578947368421, 0.6578947368421053, 0.6623376623376623, 0.6883116883116883, 0.7142857142857143, 0.7402597402597403, 0.7435897435897436, 0.7468354430379747, 0.75, 0.775, 0.7777777777777778, 0.8024691358024691, 0.8271604938271605, 0.8518518518518519, 0.8765432098765432, 0.9012345679012346, 0.9259259259259259, 0.9506172839506173, 0.9753086419753086, 1.0], 0.44752181447971695], "first_gen": [[0.0, 0.3333333333333333, 0.5, 0.6, 0.42857142857142855, 0.3333333333333333, 0.4, 0.3333333333333333, 0.2857142857142857, 0.25, 0.2222222222222222, 0.2, 0.18181818181818182, 0.16666666666666666, 0.15384615384615385, 0.14285714285714285, 0.13333333333333333, 0.125, 0.15151515151515152, 0.17647058823529413, 0.16666666666666666, 0.1891891891891892, 0.24324324324324326, 0.23076923076923078, 0.21951219512195122, 0.23809523809523808, 0.2857142857142857, 0.3023255813953488, 0.3181818181818182, 0.30434782608695654, 0.2916666666666667, 0.28, 0.32, 0.3076923076923077, 0.34615384615384615, 0.38461538461538464, 0.39622641509433965, 0.4074074074074074, 0.39285714285714285, 0.42857142857142855, 0.4642857142857143, 0.5, 0.5357142857142857, 0.5714285714285714, 0.6071428571428571, 0.5862068965517241, 0.5932203389830508, 0.6, 0.6065573770491803, 0.639344262295082, 0.6190476190476191, 0.6, 0.6060606060606061, 0.6119402985074627, 0.5942028985507246, 0.6, 0.6056338028169014, 0.589041095890411, 0.5945945945945946, 0.6, 0.6052631578947368, 0.6103896103896104, 0.6153846153846154, 0.6410256410256411, 0.6666666666666666, 0.6708860759493671, 0.6962025316455697, 0.7, 0.7037037037037037, 0.7283950617283951, 0.7530864197530864, 0.7777777777777778, 0.8024691358024691, 0.8271604938271605, 0.8518518518518519, 0.8765432098765432, 0.9012345679012346, 0.9259259259259259, 0.9506172839506173, 0.9753086419753086, 1.0], 0.4834445577531422]}}