{"rank_algo": "xgboost_score", "seed": 5, "subsampling_proportion": 0.01, "exec_time": 0.5832760334014893, "results": {"features": ["feature82", "feature23", "feature90", "feature31", "feature5", "feature16", "feature12", "feature4", "feature62", "feature81", "feature28", "feature71", "feature22", "feature51", "feature0", "feature38", "feature42", "feature37", "feature9", "feature10", "feature44", "feature8", "feature11", "feature1", "feature30", "feature66", "feature41", "feature43", "feature47", "feature67", "feature18", "feature26", "feature54", "feature55", "feature40", "feature50", "feature21", "feature46", "feature19", "feature7", "feature63", "feature53", "feature33", "feature52", "feature60", "feature17", "feature25", "feature3", "feature15", "feature58", "feature69", "feature49", "feature2", "feature20", "feature57", "feature27", "feature65", "feature24", "feature34", "feature39", "feature29", "feature59", "feature56", "feature36", "feature35", "feature64", "feature68", "feature13", "feature45", "feature61", "feature48", "feature6", "feature70", "feature72", "feature73", "feature92", "feature93", "feature94", "feature95", "feature96", "feature97"], "scores": [0.08743157982826233, 0.036436911672353745, 0.024502255022525787, 0.021325234323740005, 0.02102673426270485, 0.018636152148246765, 0.017904195934534073, 0.01675954833626747, 0.0160813145339489, 0.015780793502926826, 0.0156987477093935, 0.015667255967855453, 0.015444456599652767, 0.014691389165818691, 0.014545132406055927, 0.014009881764650345, 0.013825880363583565, 0.0138247674331069, 0.013821045868098736, 0.013757352717220783, 0.013580936007201672, 0.013250486925244331, 0.013229644857347012, 0.013157051056623459, 0.012876320630311966, 0.012790944427251816, 0.012664560228586197, 0.01262341532856226, 0.012530781328678131, 0.01242073904722929, 0.01241365261375904, 0.012299679219722748, 0.012255142442882061, 0.012227663770318031, 0.012186840176582336, 0.012140465900301933, 0.012024378404021263, 0.011894909664988518, 0.011818580329418182, 0.011787036433815956, 0.011782432906329632, 0.011743252165615559, 0.01171797700226307, 0.01170917134732008, 0.011694400571286678, 0.01163975428789854, 0.01159276720136404, 0.011462233029305935, 0.011381719261407852, 0.011308999732136726, 0.011237512342631817, 0.011220516636967659, 0.011208688840270042, 0.011135226115584373, 0.011039281263947487, 0.010973387397825718, 0.010940096341073513, 0.010843594558537006, 0.0107419453561306, 0.010625774040818214, 0.010582691989839077, 0.010526285506784916, 0.010323070921003819, 0.010274413973093033, 0.01018302608281374, 0.009826705791056156, 0.009476225823163986, 0.009421362541615963, 0.00908355601131916, 0.008391003124415874, 0.004569074138998985, 0.0, 0.0, 0.0, 0.0, 0.0, 0.0, 0.0, 0.0, 0.0, 0.0]}, "evaluations": {"eval_method": "jaccard_full_score", "singles": [[0.0, 0.3333333333333333, 0.2, 0.14285714285714285, 0.1111111111111111, 0.2, 0.2727272727272727, 0.23076923076923078, 0.2, 0.17647058823529413, 0.15789473684210525, 0.14285714285714285, 0.13043478260869565, 0.16666666666666666, 0.15384615384615385, 0.14285714285714285, 0.1724137931034483, 0.16129032258064516, 0.15151515151515152, 0.21212121212121213, 0.2, 0.1891891891891892, 0.21052631578947367, 0.23076923076923078, 0.21951219512195122, 0.20930232558139536, 0.22727272727272727, 0.24444444444444444, 0.2608695652173913, 0.2765957446808511, 0.2916666666666667, 0.30612244897959184, 0.32, 0.3076923076923077, 0.34615384615384615, 0.3333333333333333, 0.34545454545454546, 0.38181818181818183, 0.39285714285714285, 0.3793103448275862, 0.41379310344827586, 0.423728813559322, 0.43333333333333335, 0.41935483870967744, 0.42857142857142855, 0.4375, 0.4461538461538462, 0.45454545454545453, 0.48484848484848486, 0.4925373134328358, 0.5, 0.5072463768115942, 0.5362318840579711, 0.5652173913043478, 0.5714285714285714, 0.6, 0.6056338028169014, 0.6111111111111112, 0.6164383561643836, 0.6216216216216216, 0.6052631578947368, 0.631578947368421, 0.6363636363636364, 0.6623376623376623, 0.6455696202531646, 0.65, 0.675, 0.7, 0.725, 0.75, 0.7530864197530864, 0.7777777777777778, 0.8024691358024691, 0.8271604938271605, 0.8518518518518519, 0.8765432098765432, 0.9012345679012346, 0.9259259259259259, 0.9506172839506173, 0.9753086419753086, 1.0], 0.4390555050582545], "first_gen": [[0.0, 0.3333333333333333, 0.5, 0.3333333333333333, 0.25, 0.2, 0.16666666666666666, 0.14285714285714285, 0.125, 0.17647058823529413, 0.15789473684210525, 0.14285714285714285, 0.18181818181818182, 0.16666666666666666, 0.2, 0.18518518518518517, 0.1724137931034483, 0.16129032258064516, 0.1875, 0.21212121212121213, 0.2727272727272727, 0.3333333333333333, 0.3142857142857143, 0.3333333333333333, 0.35135135135135137, 0.3333333333333333, 0.35, 0.4, 0.38095238095238093, 0.3953488372093023, 0.4090909090909091, 0.4222222222222222, 0.40425531914893614, 0.4166666666666667, 0.42857142857142855, 0.4117647058823529, 0.45098039215686275, 0.49019607843137253, 0.5294117647058824, 0.5384615384615384, 0.5471698113207547, 0.5555555555555556, 0.5636363636363636, 0.5714285714285714, 0.5517241379310345, 0.559322033898305, 0.5666666666666667, 0.6, 0.6333333333333333, 0.6129032258064516, 0.6190476190476191, 0.625, 0.6307692307692307, 0.6363636363636364, 0.6176470588235294, 0.6231884057971014, 0.6056338028169014, 0.589041095890411, 0.5945945945945946, 0.6, 0.6052631578947368, 0.631578947368421, 0.6363636363636364, 0.6623376623376623, 0.6883116883116883, 0.6923076923076923, 0.6962025316455697, 0.7215189873417721, 0.725, 0.7283950617283951, 0.7530864197530864, 0.7777777777777778, 0.8024691358024691, 0.8271604938271605, 0.8518518518518519, 0.8765432098765432, 0.9012345679012346, 0.9259259259259259, 0.9506172839506173, 0.9753086419753086, 1.0], 0.49742468381357696]}}