{"rank_algo": "xgboost_score", "seed": 25, "subsampling_proportion": 0.01, "exec_time": 0.5756471157073975, "results": {"features": ["feature82", "feature23", "feature5", "feature16", "feature62", "feature22", "feature81", "feature71", "feature17", "feature0", "feature12", "feature15", "feature4", "feature24", "feature10", "feature45", "feature38", "feature66", "feature26", "feature8", "feature2", "feature53", "feature59", "feature54", "feature39", "feature33", "feature9", "feature11", "feature35", "feature50", "feature43", "feature19", "feature60", "feature7", "feature49", "feature31", "feature61", "feature3", "feature68", "feature1", "feature64", "feature42", "feature67", "feature18", "feature63", "feature51", "feature40", "feature57", "feature29", "feature47", "feature21", "feature25", "feature90", "feature20", "feature36", "feature30", "feature55", "feature52", "feature58", "feature44", "feature56", "feature46", "feature48", "feature13", "feature28", "feature37", "feature41", "feature69", "feature27", "feature72", "feature65", "feature34", "feature6", "feature70", "feature73", "feature92", "feature93", "feature94", "feature95", "feature96", "feature97"], "scores": [0.07829912006855011, 0.043881066143512726, 0.022479424253106117, 0.02227666601538658, 0.020682675763964653, 0.019538458436727524, 0.01935914345085621, 0.016197534278035164, 0.01575116254389286, 0.014780196361243725, 0.014574096538126469, 0.014365098439157009, 0.01425680797547102, 0.014245031401515007, 0.014054475352168083, 0.014007135294377804, 0.013722576200962067, 0.013612699694931507, 0.013579539023339748, 0.013346623629331589, 0.013267073780298233, 0.013143114745616913, 0.013139957562088966, 0.013139782473444939, 0.013010113500058651, 0.01295643113553524, 0.012908056378364563, 0.012756405398249626, 0.012739182449877262, 0.01263937633484602, 0.012603816576302052, 0.012496625073254108, 0.012451582588255405, 0.012333760969340801, 0.012296229600906372, 0.012218725867569447, 0.012132187373936176, 0.012110983021557331, 0.012086154893040657, 0.011968663893640041, 0.0119561105966568, 0.011895015835762024, 0.01184780616313219, 0.011833867989480495, 0.011803892441093922, 0.011759174056351185, 0.011618307791650295, 0.011510866694152355, 0.011378632858395576, 0.011375222355127335, 0.011350871995091438, 0.011251844465732574, 0.011240385472774506, 0.011233927682042122, 0.01120817195624113, 0.011077732779085636, 0.010887760668992996, 0.010793260298669338, 0.010757764801383018, 0.010725182481110096, 0.01051110029220581, 0.010424470528960228, 0.00981291476637125, 0.009605607949197292, 0.009518432430922985, 0.009427123703062534, 0.009333795867860317, 0.00930734071880579, 0.008785033598542213, 0.008177928626537323, 0.006434604059904814, 0.005748140159994364, 0.0, 0.0, 0.0, 0.0, 0.0, 0.0, 0.0, 0.0, 0.0]}, "evaluations": {"eval_method": "jaccard_full_score", "singles": [[0.0, 0.3333333333333333, 0.2, 0.14285714285714285, 0.25, 0.2, 0.16666666666666666, 0.14285714285714285, 0.125, 0.1111111111111111, 0.15789473684210525, 0.2, 0.18181818181818182, 0.16666666666666666, 0.2, 0.18518518518518517, 0.21428571428571427, 0.2, 0.22580645161290322, 0.25, 0.2727272727272727, 0.2571428571428571, 0.2777777777777778, 0.2631578947368421, 0.28205128205128205, 0.3, 0.3170731707317073, 0.36585365853658536, 0.3488372093023256, 0.36363636363636365, 0.34782608695652173, 0.391304347826087, 0.40425531914893614, 0.3877551020408163, 0.4, 0.38461538461538464, 0.39622641509433965, 0.38181818181818183, 0.3684210526315789, 0.3793103448275862, 0.3898305084745763, 0.423728813559322, 0.4098360655737705, 0.4426229508196721, 0.45161290322580644, 0.4838709677419355, 0.5161290322580645, 0.5, 0.48484848484848486, 0.47058823529411764, 0.5, 0.4857142857142857, 0.49295774647887325, 0.5211267605633803, 0.5492957746478874, 0.5555555555555556, 0.5405405405405406, 0.5466666666666666, 0.5733333333333334, 0.6, 0.5844155844155844, 0.5897435897435898, 0.5949367088607594, 0.620253164556962, 0.6455696202531646, 0.6708860759493671, 0.6962025316455697, 0.7, 0.725, 0.75, 0.775, 0.7777777777777778, 0.8024691358024691, 0.8271604938271605, 0.8518518518518519, 0.8765432098765432, 0.9012345679012346, 0.9259259259259259, 0.9506172839506173, 0.9753086419753086, 1.0], 0.45278033555560937], "first_gen": [[0.0, 0.3333333333333333, 0.5, 0.3333333333333333, 0.25, 0.3333333333333333, 0.4, 0.3333333333333333, 0.2857142857142857, 0.25, 0.2222222222222222, 0.2631578947368421, 0.23809523809523808, 0.21739130434782608, 0.25, 0.23076923076923078, 0.21428571428571427, 0.2, 0.22580645161290322, 0.25, 0.2727272727272727, 0.29411764705882354, 0.2777777777777778, 0.2972972972972973, 0.3157894736842105, 0.3333333333333333, 0.35, 0.36585365853658536, 0.3488372093023256, 0.3333333333333333, 0.34782608695652173, 0.3617021276595745, 0.3469387755102041, 0.36, 0.37254901960784315, 0.38461538461538464, 0.39622641509433965, 0.4339622641509434, 0.4444444444444444, 0.48148148148148145, 0.4642857142857143, 0.47368421052631576, 0.4827586206896552, 0.4915254237288136, 0.47540983606557374, 0.5081967213114754, 0.5161290322580645, 0.5, 0.5076923076923077, 0.5151515151515151, 0.5223880597014925, 0.5072463768115942, 0.5142857142857142, 0.5211267605633803, 0.5277777777777778, 0.5135135135135135, 0.52, 0.5263157894736842, 0.5128205128205128, 0.5189873417721519, 0.5443037974683544, 0.569620253164557, 0.5949367088607594, 0.5802469135802469, 0.6049382716049383, 0.6296296296296297, 0.654320987654321, 0.6790123456790124, 0.7037037037037037, 0.7283950617283951, 0.7530864197530864, 0.7777777777777778, 0.8024691358024691, 0.8271604938271605, 0.8518518518518519, 0.8765432098765432, 0.9012345679012346, 0.9259259259259259, 0.9506172839506173, 0.9753086419753086, 1.0], 0.4749995860979304]}}