{"rank_algo": "xgboost_score", "seed": 32, "subsampling_proportion": 0.01, "exec_time": 0.7039985656738281, "results": {"features": ["feature82", "feature5", "feature23", "feature81", "feature12", "feature71", "feature48", "feature22", "feature90", "feature42", "feature16", "feature34", "feature66", "feature1", "feature8", "feature10", "feature20", "feature45", "feature35", "feature54", "feature4", "feature53", "feature0", "feature61", "feature15", "feature7", "feature33", "feature30", "feature59", "feature67", "feature49", "feature19", "feature28", "feature50", "feature21", "feature55", "feature18", "feature26", "feature51", "feature17", "feature24", "feature65", "feature13", "feature52", "feature9", "feature47", "feature39", "feature31", "feature3", "feature2", "feature40", "feature44", "feature58", "feature41", "feature60", "feature57", "feature56", "feature37", "feature68", "feature11", "feature38", "feature25", "feature46", "feature29", "feature36", "feature43", "feature63", "feature27", "feature64", "feature69", "feature62", "feature72", "feature6", "feature73"], "scores": [0.08388138562440872, 0.033665161579847336, 0.03249893710017204, 0.024834314361214638, 0.018779542297124863, 0.016982831060886383, 0.016914505511522293, 0.016630392521619797, 0.01644010841846466, 0.01618473418056965, 0.015948690474033356, 0.014787375926971436, 0.014258873648941517, 0.014142302796244621, 0.01397340651601553, 0.01394973136484623, 0.0139039047062397, 0.01356947235763073, 0.013449503108859062, 0.013417401351034641, 0.01320852991193533, 0.013113174587488174, 0.013028510846197605, 0.012918580323457718, 0.012579189613461494, 0.012538297101855278, 0.012487840838730335, 0.012420493178069592, 0.012290972284972668, 0.012241646647453308, 0.012231594882905483, 0.012147690169513226, 0.01196759007871151, 0.01193311158567667, 0.0118819959461689, 0.011846745386719704, 0.01184476912021637, 0.011813737452030182, 0.011798088438808918, 0.011781908571720123, 0.011749498546123505, 0.011747807264328003, 0.011744808405637741, 0.011658167466521263, 0.01161263883113861, 0.011579933576285839, 0.011578711681067944, 0.011548819951713085, 0.011488137766718864, 0.011381831020116806, 0.011287955567240715, 0.011089331470429897, 0.011086325161159039, 0.011041679419577122, 0.01103331707417965, 0.010774009861052036, 0.010745052248239517, 0.010705847293138504, 0.010675097815692425, 0.010623298585414886, 0.010172576643526554, 0.010121231898665428, 0.01010947022587061, 0.01006450317800045, 0.010059881955385208, 0.009791187010705471, 0.009749332442879677, 0.009672890417277813, 0.009537731297314167, 0.009160606190562248, 0.00792594626545906, 0.0041952189058065414, 0.0, 0.0]}, "evaluations": {"eval_method": "jaccard_full_score", "singles": [[0.0, 0.0, 0.2, 0.14285714285714285, 0.25, 0.2, 0.16666666666666666, 0.14285714285714285, 0.125, 0.1111111111111111, 0.15789473684210525, 0.14285714285714285, 0.13043478260869565, 0.16666666666666666, 0.15384615384615385, 0.18518518518518517, 0.25925925925925924, 0.2413793103448276, 0.22580645161290322, 0.21212121212121213, 0.2, 0.1891891891891892, 0.1794871794871795, 0.17073170731707318, 0.21951219512195122, 0.20930232558139536, 0.2558139534883721, 0.24444444444444444, 0.28888888888888886, 0.30434782608695654, 0.3191489361702128, 0.3333333333333333, 0.32, 0.3076923076923077, 0.34615384615384615, 0.3584905660377358, 0.39622641509433965, 0.4074074074074074, 0.4444444444444444, 0.45454545454545453, 0.4642857142857143, 0.47368421052631576, 0.5087719298245614, 0.4915254237288136, 0.5254237288135594, 0.5333333333333333, 0.5409836065573771, 0.5483870967741935, 0.5806451612903226, 0.5873015873015873, 0.59375, 0.625, 0.6307692307692307, 0.6363636363636364, 0.6666666666666666, 0.6716417910447762, 0.6764705882352942, 0.6811594202898551, 0.6857142857142857, 0.7142857142857143, 0.7183098591549296, 0.7222222222222222, 0.75, 0.7777777777777778, 0.8055555555555556, 0.8333333333333334, 0.8356164383561644, 0.863013698630137, 0.8648648648648649, 0.8918918918918919, 0.918918918918919, 0.9459459459459459, 0.972972972972973, 1.0], 0.443831369736311], "first_gen": [[0.0, 0.0, 0.5, 0.6, 0.42857142857142855, 0.3333333333333333, 0.2727272727272727, 0.3333333333333333, 0.2857142857142857, 0.25, 0.2222222222222222, 0.2, 0.18181818181818182, 0.21739130434782608, 0.25, 0.28, 0.3076923076923077, 0.2857142857142857, 0.26666666666666666, 0.25, 0.2727272727272727, 0.29411764705882354, 0.3142857142857143, 0.2972972972972973, 0.35135135135135137, 0.3333333333333333, 0.3170731707317073, 0.3333333333333333, 0.3181818181818182, 0.30434782608695654, 0.3191489361702128, 0.3617021276595745, 0.3469387755102041, 0.36, 0.37254901960784315, 0.38461538461538464, 0.4230769230769231, 0.4339622641509434, 0.4444444444444444, 0.48148148148148145, 0.4642857142857143, 0.47368421052631576, 0.4827586206896552, 0.4666666666666667, 0.5, 0.5333333333333333, 0.5666666666666667, 0.5737704918032787, 0.6065573770491803, 0.6129032258064516, 0.6190476190476191, 0.625, 0.6060606060606061, 0.6363636363636364, 0.6417910447761194, 0.6231884057971014, 0.6521739130434783, 0.6571428571428571, 0.6857142857142857, 0.7142857142857143, 0.7428571428571429, 0.7464788732394366, 0.7746478873239436, 0.7777777777777778, 0.8055555555555556, 0.8333333333333334, 0.8356164383561644, 0.863013698630137, 0.8648648648648649, 0.8918918918918919, 0.918918918918919, 0.9459459459459459, 0.972972972972973, 1.0], 0.4896496223831854]}}