{"rank_algo": "xgboost_score", "seed": 41, "subsampling_proportion": 0.01, "exec_time": 0.5989987850189209, "results": {"features": ["feature82", "feature23", "feature81", "feature5", "feature39", "feature4", "feature72", "feature12", "feature16", "feature22", "feature10", "feature71", "feature62", "feature53", "feature52", "feature1", "feature36", "feature48", "feature43", "feature35", "feature63", "feature60", "feature65", "feature67", "feature18", "feature9", "feature30", "feature24", "feature0", "feature15", "feature2", "feature28", "feature8", "feature31", "feature3", "feature42", "feature58", "feature19", "feature21", "feature7", "feature51", "feature49", "feature61", "feature38", "feature54", "feature45", "feature44", "feature33", "feature17", "feature57", "feature25", "feature59", "feature20", "feature66", "feature26", "feature50", "feature46", "feature40", "feature29", "feature47", "feature41", "feature55", "feature37", "feature11", "feature56", "feature64", "feature27", "feature90", "feature69", "feature68", "feature13", "feature34", "feature6", "feature73"], "scores": [0.08762190490961075, 0.035427335649728775, 0.027493583038449287, 0.0237661674618721, 0.0194179005920887, 0.019265418872237206, 0.018283085897564888, 0.015441226772964, 0.015141895040869713, 0.014993051998317242, 0.014554149471223354, 0.014273852109909058, 0.014006789773702621, 0.013652215711772442, 0.013607826083898544, 0.013561718165874481, 0.013381150551140308, 0.013350721448659897, 0.013032647781074047, 0.012916356325149536, 0.012791762128472328, 0.012756970711052418, 0.012750435620546341, 0.012735514901578426, 0.012670524418354034, 0.012634152546525002, 0.012584950774908066, 0.012550060637295246, 0.012520352378487587, 0.012519262731075287, 0.012488770298659801, 0.012350325472652912, 0.012307980097830296, 0.012261893600225449, 0.01221079658716917, 0.012065163813531399, 0.012033254839479923, 0.012025785632431507, 0.011989729478955269, 0.011972777545452118, 0.011802597902715206, 0.011735809035599232, 0.011685620993375778, 0.011631379835307598, 0.011593736708164215, 0.011569269001483917, 0.011533481068909168, 0.0114789679646492, 0.01147441565990448, 0.011200567707419395, 0.011125780642032623, 0.011109413579106331, 0.01100481953471899, 0.010982085950672626, 0.01094492431730032, 0.010761462152004242, 0.01067397277802229, 0.01062784157693386, 0.01056774239987135, 0.010504020377993584, 0.01033827941864729, 0.010289561934769154, 0.010144418105483055, 0.010039856657385826, 0.009933478198945522, 0.00990033708512783, 0.009791916236281395, 0.009662645868957043, 0.009630998596549034, 0.00952892191708088, 0.008435873314738274, 0.006886349059641361, 0.0, 0.0]}, "evaluations": {"eval_method": "jaccard_full_score", "singles": [[0.0, 0.3333333333333333, 0.2, 0.14285714285714285, 0.1111111111111111, 0.09090909090909091, 0.07692307692307693, 0.14285714285714285, 0.2, 0.17647058823529413, 0.2222222222222222, 0.2, 0.18181818181818182, 0.16666666666666666, 0.15384615384615385, 0.18518518518518517, 0.21428571428571427, 0.2, 0.1875, 0.21212121212121213, 0.2, 0.1891891891891892, 0.21052631578947367, 0.23076923076923078, 0.21951219512195122, 0.20930232558139536, 0.2, 0.21739130434782608, 0.20833333333333334, 0.25, 0.2916666666666667, 0.30612244897959184, 0.29411764705882354, 0.2830188679245283, 0.2727272727272727, 0.2857142857142857, 0.32142857142857145, 0.35714285714285715, 0.3684210526315789, 0.40350877192982454, 0.43859649122807015, 0.4482758620689655, 0.4827586206896552, 0.4666666666666667, 0.5, 0.5333333333333333, 0.5409836065573771, 0.5737704918032787, 0.5806451612903226, 0.5873015873015873, 0.5692307692307692, 0.6, 0.6307692307692307, 0.6363636363636364, 0.6666666666666666, 0.6716417910447762, 0.6764705882352942, 0.6811594202898551, 0.7101449275362319, 0.7142857142857143, 0.7183098591549296, 0.7464788732394366, 0.7746478873239436, 0.8028169014084507, 0.8309859154929577, 0.8333333333333334, 0.8611111111111112, 0.8888888888888888, 0.8904109589041096, 0.9178082191780822, 0.918918918918919, 0.9459459459459459, 0.972972972972973, 1.0], 0.438749226163595], "first_gen": [[0.0, 0.3333333333333333, 0.5, 0.6, 0.42857142857142855, 0.3333333333333333, 0.2727272727272727, 0.23076923076923078, 0.2, 0.25, 0.29411764705882354, 0.2631578947368421, 0.23809523809523808, 0.21739130434782608, 0.2, 0.23076923076923078, 0.21428571428571427, 0.2, 0.22580645161290322, 0.21212121212121213, 0.2, 0.2222222222222222, 0.24324324324324326, 0.23076923076923078, 0.25, 0.2682926829268293, 0.2558139534883721, 0.2727272727272727, 0.28888888888888886, 0.30434782608695654, 0.3191489361702128, 0.3333333333333333, 0.3469387755102041, 0.3333333333333333, 0.37254901960784315, 0.38461538461538464, 0.39622641509433965, 0.4339622641509434, 0.4444444444444444, 0.45454545454545453, 0.4642857142857143, 0.5, 0.5087719298245614, 0.5172413793103449, 0.5254237288135594, 0.5333333333333333, 0.5409836065573771, 0.5483870967741935, 0.5555555555555556, 0.5384615384615384, 0.5223880597014925, 0.5294117647058824, 0.5588235294117647, 0.5652173913043478, 0.5942028985507246, 0.6, 0.6285714285714286, 0.6338028169014085, 0.6388888888888888, 0.6438356164383562, 0.6712328767123288, 0.6986301369863014, 0.726027397260274, 0.7534246575342466, 0.7808219178082192, 0.7837837837837838, 0.8108108108108109, 0.8378378378378378, 0.8648648648648649, 0.8918918918918919, 0.918918918918919, 0.9459459459459459, 0.972972972972973, 1.0], 0.46718674333753113]}}