{"rank_algo": "xgboost_score", "seed": 77, "subsampling_proportion": 0.01, "exec_time": 0.6036777496337891, "results": {"features": ["feature82", "feature23", "feature5", "feature4", "feature81", "feature71", "feature16", "feature12", "feature31", "feature0", "feature68", "feature15", "feature65", "feature22", "feature25", "feature45", "feature53", "feature1", "feature67", "feature3", "feature43", "feature42", "feature9", "feature38", "feature37", "feature60", "feature28", "feature10", "feature41", "feature13", "feature20", "feature48", "feature56", "feature49", "feature8", "feature40", "feature34", "feature24", "feature33", "feature57", "feature64", "feature2", "feature54", "feature7", "feature47", "feature17", "feature50", "feature59", "feature46", "feature35", "feature44", "feature26", "feature21", "feature27", "feature55", "feature58", "feature63", "feature18", "feature19", "feature51", "feature66", "feature29", "feature52", "feature11", "feature36", "feature62", "feature69", "feature90", "feature61", "feature30", "feature39", "feature72", "feature6", "feature70", "feature73", "feature92", "feature93", "feature94", "feature95", "feature96", "feature97"], "scores": [0.08353807777166367, 0.03593478724360466, 0.028073791414499283, 0.02630273997783661, 0.02381322905421257, 0.020391637459397316, 0.017551559954881668, 0.01694674976170063, 0.01565674878656864, 0.015299895778298378, 0.014875005930662155, 0.014652262441813946, 0.014386948198080063, 0.014296327717602253, 0.014158382080495358, 0.013986512087285519, 0.013901160098612309, 0.013894584961235523, 0.01388209592550993, 0.013784239999949932, 0.01353053841739893, 0.013347281143069267, 0.012967223301529884, 0.012928338721394539, 0.012896418571472168, 0.012844995595514774, 0.012712986208498478, 0.012583620846271515, 0.012461833655834198, 0.012389877811074257, 0.012277098372578621, 0.012178112752735615, 0.012004004791378975, 0.011935153976082802, 0.011852297000586987, 0.011758696287870407, 0.011678745970129967, 0.011669551022350788, 0.011618533171713352, 0.011567335575819016, 0.011563300155103207, 0.01155141182243824, 0.011445910669863224, 0.011432914063334465, 0.01129166316241026, 0.011250738985836506, 0.011050322093069553, 0.011024432256817818, 0.011020772159099579, 0.011009184643626213, 0.010974994860589504, 0.010929916985332966, 0.01080226618796587, 0.010686100460588932, 0.010662470944225788, 0.010662319138646126, 0.010557269677519798, 0.010472188703715801, 0.010406567715108395, 0.010244685225188732, 0.010222017765045166, 0.010103985667228699, 0.010070309042930603, 0.01006732601672411, 0.010056589730083942, 0.009741099551320076, 0.009549934417009354, 0.009324215352535248, 0.009054616093635559, 0.008703090250492096, 0.008310132659971714, 0.0032279083970934153, 0.0, 0.0, 0.0, 0.0, 0.0, 0.0, 0.0, 0.0, 0.0]}, "evaluations": {"eval_method": "jaccard_full_score", "singles": [[0.0, 0.3333333333333333, 0.2, 0.14285714285714285, 0.1111111111111111, 0.09090909090909091, 0.16666666666666666, 0.23076923076923078, 0.2, 0.17647058823529413, 0.15789473684210525, 0.2, 0.18181818181818182, 0.16666666666666666, 0.15384615384615385, 0.14285714285714285, 0.1724137931034483, 0.2, 0.1875, 0.17647058823529413, 0.16666666666666666, 0.15789473684210525, 0.15, 0.14285714285714285, 0.16279069767441862, 0.18181818181818182, 0.17391304347826086, 0.21739130434782608, 0.2608695652173913, 0.30434782608695654, 0.3191489361702128, 0.30612244897959184, 0.29411764705882354, 0.3076923076923077, 0.2962962962962963, 0.3090909090909091, 0.2982456140350877, 0.3333333333333333, 0.3448275862068966, 0.3333333333333333, 0.3225806451612903, 0.3548387096774194, 0.36507936507936506, 0.3968253968253968, 0.38461538461538464, 0.373134328358209, 0.40298507462686567, 0.4117647058823529, 0.4411764705882353, 0.42857142857142855, 0.43661971830985913, 0.4444444444444444, 0.4520547945205479, 0.4794520547945205, 0.4864864864864865, 0.5135135135135135, 0.5405405405405406, 0.5466666666666666, 0.5733333333333334, 0.6, 0.5844155844155844, 0.5897435897435898, 0.6153846153846154, 0.6410256410256411, 0.6666666666666666, 0.6923076923076923, 0.6962025316455697, 0.7215189873417721, 0.725, 0.7283950617283951, 0.7530864197530864, 0.7777777777777778, 0.8024691358024691, 0.8271604938271605, 0.8518518518518519, 0.8765432098765432, 0.9012345679012346, 0.9259259259259259, 0.9506172839506173, 0.9753086419753086, 1.0], 0.41512075931667436], "first_gen": [[0.0, 0.3333333333333333, 0.5, 0.3333333333333333, 0.42857142857142855, 0.3333333333333333, 0.2727272727272727, 0.23076923076923078, 0.2, 0.17647058823529413, 0.15789473684210525, 0.2, 0.18181818181818182, 0.21739130434782608, 0.2, 0.18518518518518517, 0.1724137931034483, 0.2, 0.22580645161290322, 0.25, 0.2727272727272727, 0.29411764705882354, 0.3142857142857143, 0.2972972972972973, 0.3157894736842105, 0.3, 0.2857142857142857, 0.3333333333333333, 0.3181818181818182, 0.30434782608695654, 0.3191489361702128, 0.3333333333333333, 0.3469387755102041, 0.36, 0.37254901960784315, 0.38461538461538464, 0.39622641509433965, 0.38181818181818183, 0.39285714285714285, 0.40350877192982454, 0.41379310344827586, 0.4482758620689655, 0.4576271186440678, 0.4915254237288136, 0.5254237288135594, 0.5333333333333333, 0.5161290322580645, 0.5238095238095238, 0.5555555555555556, 0.5625, 0.5692307692307692, 0.5757575757575758, 0.582089552238806, 0.5882352941176471, 0.5942028985507246, 0.5774647887323944, 0.5616438356164384, 0.5675675675675675, 0.5733333333333334, 0.5789473684210527, 0.5844155844155844, 0.5897435897435898, 0.6153846153846154, 0.620253164556962, 0.6455696202531646, 0.6708860759493671, 0.6962025316455697, 0.7215189873417721, 0.725, 0.7283950617283951, 0.7530864197530864, 0.7777777777777778, 0.8024691358024691, 0.8271604938271605, 0.8518518518518519, 0.8765432098765432, 0.9012345679012346, 0.9259259259259259, 0.9506172839506173, 0.9753086419753086, 1.0], 0.47577036259258143]}}