{"rank_algo": "anova_f_score", "seed": 64, "subsampling_proportion": 0.1, "exec_time": 0.13799810409545898, "results": {"features": ["feature82", "feature81", "feature90", "feature48", "feature5", "feature27", "feature39", "feature2", "feature59", "feature15", "feature40", "feature56", "feature12", "feature50", "feature42", "feature0", "feature37", "feature26", "feature30", "feature9", "feature8", "feature49", "feature71", "feature10", "feature29", "feature41", "feature24", "feature52", "feature36", "feature62", "feature28", "feature34", "feature51", "feature38", "feature3", "feature43", "feature11", "feature66", "feature4", "feature47", "feature35", "feature16", "feature46", "feature21", "feature68", "feature53", "feature45", "feature67", "feature22", "feature18", "feature19", "feature13", "feature31", "feature17", "feature20", "feature55", "feature57", "feature64", "feature44", "feature69", "feature7", "feature33", "feature54", "feature61", "feature6", "feature65", "feature1", "feature25", "feature63", "feature72", "feature60", "feature58", "feature23", "feature73", "feature70", "feature92", "feature93", "feature94", "feature95", "feature96", "feature97"], "scores": [16663.85053880421, 13717.432445294824, 2763.6352851518313, 2247.206373681322, 2155.7454509325435, 1952.2811730912665, 1609.8350416682042, 1459.3632945932573, 1352.2355206960651, 1073.9043077782596, 904.0436444227514, 855.5089547348931, 757.4372526935368, 729.9143286917583, 634.8223770293278, 595.7982500389991, 560.773993901865, 511.83322297540184, 501.3846772224534, 476.70076708772393, 415.86795834247374, 411.0507237124938, 366.30559236246876, 364.4169644142762, 361.30039578291365, 339.8514923892358, 329.26195596587894, 323.28305772315485, 302.2943393838778, 297.70656272611456, 255.32015715737182, 254.97333174650757, 253.65382867961196, 249.01373461769506, 243.426875800839, 232.7215406109954, 229.6013353176948, 190.65291626550518, 187.41405143183871, 183.7503340118386, 165.43560894907498, 164.5930588962452, 156.3097637609837, 143.44153463843702, 133.9813938385862, 117.58323414823306, 105.31555064927385, 81.60856738444748, 74.5846621129296, 63.86240726112034, 61.86652381679613, 57.75449790087575, 57.33977203404543, 50.95044768162888, 44.37498311211781, 41.35516133196141, 39.107958209738314, 35.44439749740821, 31.043807476204606, 26.937425815788398, 26.654067003605544, 26.296031424211087, 24.639334820025454, 18.16562420682027, 16.582253097650455, 15.443170844446842, 6.439020667980785, 6.129958338599745, 6.035817822127134, 5.689142376863264, 1.863836718085987, 1.8143500929549494, 0.6957282279812731, 0.046088331617775535, NaN, NaN, NaN, NaN, NaN, NaN, NaN]}, "evaluations": {"eval_method": "jaccard_full_score", "singles": [[0.0, 0.0, 0.0, 0.0, 0.0, 0.0, 0.0, 0.0, 0.0, 0.05263157894736842, 0.047619047619047616, 0.043478260869565216, 0.13043478260869565, 0.12, 0.15384615384615385, 0.14285714285714285, 0.13333333333333333, 0.2, 0.1875, 0.17647058823529413, 0.16666666666666666, 0.1891891891891892, 0.1794871794871795, 0.2, 0.19047619047619047, 0.20930232558139536, 0.2, 0.21739130434782608, 0.23404255319148937, 0.2765957446808511, 0.2653061224489796, 0.28, 0.32, 0.3076923076923077, 0.32075471698113206, 0.3090909090909091, 0.32142857142857145, 0.3333333333333333, 0.3220338983050847, 0.3333333333333333, 0.3225806451612903, 0.3548387096774194, 0.36507936507936506, 0.3968253968253968, 0.38461538461538464, 0.3939393939393939, 0.42424242424242425, 0.4117647058823529, 0.4411764705882353, 0.4492753623188406, 0.4782608695652174, 0.4857142857142857, 0.49295774647887325, 0.5, 0.5277777777777778, 0.5342465753424658, 0.52, 0.5064935064935064, 0.5324675324675324, 0.5384615384615384, 0.5443037974683544, 0.55, 0.575, 0.6, 0.625, 0.65, 0.675, 0.6790123456790124, 0.7037037037037037, 0.7283950617283951, 0.7530864197530864, 0.7777777777777778, 0.8024691358024691, 0.8271604938271605, 0.8518518518518519, 0.8765432098765432, 0.9012345679012346, 0.9259259259259259, 0.9506172839506173, 0.9753086419753086, 1.0], 0.38871753928004726], "first_gen": [[0.0, 0.0, 0.2, 0.3333333333333333, 0.25, 0.2, 0.16666666666666666, 0.23076923076923078, 0.2, 0.17647058823529413, 0.15789473684210525, 0.14285714285714285, 0.13043478260869565, 0.12, 0.1111111111111111, 0.14285714285714285, 0.13333333333333333, 0.125, 0.15151515151515152, 0.21212121212121213, 0.2727272727272727, 0.29411764705882354, 0.35294117647058826, 0.37142857142857144, 0.3888888888888889, 0.40540540540540543, 0.38461538461538464, 0.4, 0.4146341463414634, 0.3953488372093023, 0.4090909090909091, 0.4222222222222222, 0.43478260869565216, 0.4166666666666667, 0.4583333333333333, 0.5, 0.5102040816326531, 0.52, 0.5294117647058824, 0.5384615384615384, 0.5471698113207547, 0.5849056603773585, 0.5925925925925926, 0.6296296296296297, 0.6363636363636364, 0.6428571428571429, 0.6206896551724138, 0.6271186440677966, 0.6610169491525424, 0.6666666666666666, 0.6721311475409836, 0.6507936507936508, 0.6307692307692307, 0.6363636363636364, 0.6417910447761194, 0.6470588235294118, 0.6285714285714286, 0.6111111111111112, 0.6164383561643836, 0.6216216216216216, 0.6486486486486487, 0.6533333333333333, 0.68, 0.6623376623376623, 0.6883116883116883, 0.7142857142857143, 0.7402597402597403, 0.7435897435897436, 0.7468354430379747, 0.7721518987341772, 0.775, 0.7777777777777778, 0.8024691358024691, 0.8271604938271605, 0.8518518518518519, 0.8765432098765432, 0.9012345679012346, 0.9259259259259259, 0.9506172839506173, 0.9753086419753086, 1.0], 0.5047868511009332]}}