{"rank_algo": "anova_f_score", "seed": 17, "subsampling_proportion": 0.1, "exec_time": 0.1399998664855957, "results": {"features": ["feature82", "feature81", "feature90", "feature5", "feature39", "feature23", "feature2", "feature59", "feature27", "feature48", "feature12", "feature50", "feature40", "feature15", "feature30", "feature42", "feature37", "feature49", "feature29", "feature26", "feature9", "feature34", "feature28", "feature24", "feature56", "feature22", "feature10", "feature8", "feature52", "feature51", "feature36", "feature38", "feature62", "feature41", "feature71", "feature3", "feature68", "feature11", "feature35", "feature4", "feature16", "feature21", "feature47", "feature31", "feature17", "feature53", "feature66", "feature46", "feature45", "feature69", "feature13", "feature67", "feature44", "feature61", "feature64", "feature55", "feature43", "feature57", "feature25", "feature63", "feature33", "feature72", "feature7", "feature0", "feature54", "feature65", "feature6", "feature19", "feature60", "feature73", "feature18", "feature58", "feature1", "feature20", "feature70", "feature92", "feature93", "feature94", "feature95", "feature96", "feature97"], "scores": [14787.972231027345, 9505.711841046388, 2664.82533514413, 2177.573122983134, 1710.1581358192602, 1675.0500903139496, 1382.3784085910602, 1294.634688862776, 1025.0485106926185, 1004.6766908268801, 859.9076635905061, 843.6787121448516, 837.1414569106852, 750.9018833445832, 582.3786742842069, 540.8223474158613, 472.3647092412449, 468.40624759138325, 462.9482011132816, 452.7712487528292, 437.7392031826193, 403.3003323838876, 371.1489516979959, 363.8720067012095, 363.2360268573625, 359.0526890208735, 354.94224992681137, 349.4557891544844, 342.45383180958237, 307.654166689681, 289.7042464865048, 267.44856258912813, 263.9606760240126, 250.18875006705912, 247.13968177072027, 232.69959639490847, 203.5926941123588, 186.1020195442951, 183.1074460644929, 180.43437884686026, 178.16980159262184, 174.60575582515028, 174.53435415913873, 167.35975106580463, 161.06333709012293, 136.7848380636855, 136.15925225472967, 135.12894548343445, 121.2121756091215, 100.21164092057167, 94.96677258052634, 94.51705020427104, 91.46063779051649, 87.21753859780655, 62.410552333339666, 42.95191593324659, 40.2989234401472, 37.39283737968952, 32.15786962859498, 31.814248715603018, 31.11429353040649, 19.990154540798333, 10.525881760352538, 10.192670064937957, 9.871623748994496, 9.362292500940438, 8.780898321027356, 6.888442160802724, 5.44629558231915, 3.0488625676130403, 2.5323292240765967, 1.4609759184448197, 0.7877409927734904, 0.04276596951207021, NaN, NaN, NaN, NaN, NaN, NaN, NaN]}, "evaluations": {"eval_method": "jaccard_full_score", "singles": [[0.0, 0.0, 0.0, 0.0, 0.0, 0.09090909090909091, 0.07692307692307693, 0.06666666666666667, 0.058823529411764705, 0.05263157894736842, 0.1, 0.09090909090909091, 0.13043478260869565, 0.16666666666666666, 0.2, 0.18518518518518517, 0.1724137931034483, 0.2413793103448276, 0.22580645161290322, 0.25, 0.23529411764705882, 0.2222222222222222, 0.21052631578947367, 0.2, 0.19047619047619047, 0.20930232558139536, 0.22727272727272727, 0.24444444444444444, 0.2608695652173913, 0.2765957446808511, 0.2653061224489796, 0.28, 0.32, 0.3333333333333333, 0.37254901960784315, 0.3584905660377358, 0.34545454545454546, 0.38181818181818183, 0.3684210526315789, 0.3793103448275862, 0.3898305084745763, 0.423728813559322, 0.4098360655737705, 0.41935483870967744, 0.40625, 0.4153846153846154, 0.42424242424242425, 0.43283582089552236, 0.4626865671641791, 0.4492753623188406, 0.45714285714285713, 0.4647887323943662, 0.4722222222222222, 0.5, 0.4864864864864865, 0.49333333333333335, 0.5, 0.48717948717948717, 0.4936708860759494, 0.5189873417721519, 0.525, 0.5308641975308642, 0.5555555555555556, 0.5802469135802469, 0.6049382716049383, 0.6296296296296297, 0.654320987654321, 0.6790123456790124, 0.7037037037037037, 0.7283950617283951, 0.7530864197530864, 0.7777777777777778, 0.8024691358024691, 0.8271604938271605, 0.8518518518518519, 0.8765432098765432, 0.9012345679012346, 0.9259259259259259, 0.9506172839506173, 0.9753086419753086, 1.0], 0.4028914297627343], "first_gen": [[0.0, 0.0, 0.2, 0.3333333333333333, 0.25, 0.3333333333333333, 0.2727272727272727, 0.3333333333333333, 0.2857142857142857, 0.25, 0.2222222222222222, 0.2, 0.18181818181818182, 0.16666666666666666, 0.15384615384615385, 0.14285714285714285, 0.13333333333333333, 0.16129032258064516, 0.1875, 0.21212121212121213, 0.2727272727272727, 0.2571428571428571, 0.2777777777777778, 0.2631578947368421, 0.28205128205128205, 0.3333333333333333, 0.35, 0.4, 0.4146341463414634, 0.42857142857142855, 0.4418604651162791, 0.45454545454545453, 0.43478260869565216, 0.4166666666666667, 0.4583333333333333, 0.5, 0.5102040816326531, 0.52, 0.5294117647058824, 0.5094339622641509, 0.5471698113207547, 0.5849056603773585, 0.5925925925925926, 0.6, 0.6363636363636364, 0.6428571428571429, 0.6206896551724138, 0.6551724137931034, 0.6610169491525424, 0.6666666666666666, 0.6451612903225806, 0.625, 0.6307692307692307, 0.6119402985074627, 0.5942028985507246, 0.6, 0.6056338028169014, 0.589041095890411, 0.5733333333333334, 0.5584415584415584, 0.5641025641025641, 0.5897435897435898, 0.6153846153846154, 0.620253164556962, 0.6455696202531646, 0.6708860759493671, 0.6962025316455697, 0.7215189873417721, 0.725, 0.75, 0.775, 0.7777777777777778, 0.8024691358024691, 0.8271604938271605, 0.8518518518518519, 0.8765432098765432, 0.9012345679012346, 0.9259259259259259, 0.9506172839506173, 0.9753086419753086, 1.0], 0.5009779899790544]}}