{"rank_algo": "anova_f_score", "seed": 70, "subsampling_proportion": 0.1, "exec_time": 0.1400008201599121, "results": {"features": ["feature82", "feature81", "feature23", "feature90", "feature5", "feature39", "feature15", "feature2", "feature56", "feature59", "feature48", "feature37", "feature27", "feature40", "feature50", "feature42", "feature12", "feature9", "feature8", "feature10", "feature49", "feature38", "feature30", "feature41", "feature34", "feature28", "feature22", "feature29", "feature36", "feature24", "feature0", "feature43", "feature3", "feature52", "feature51", "feature62", "feature71", "feature35", "feature66", "feature17", "feature26", "feature46", "feature68", "feature7", "feature4", "feature44", "feature11", "feature47", "feature16", "feature53", "feature67", "feature61", "feature21", "feature45", "feature69", "feature13", "feature65", "feature31", "feature20", "feature18", "feature64", "feature55", "feature57", "feature1", "feature6", "feature54", "feature72", "feature33", "feature25", "feature19", "feature63", "feature73", "feature58", "feature60", "feature70", "feature92", "feature93", "feature94", "feature95", "feature96", "feature97"], "scores": [20001.875445052465, 16731.596404856646, 2723.4487929987386, 2669.4968942328624, 2325.557509466029, 1737.3968516076848, 1492.1545938734328, 1482.8100400176286, 1381.4646872330145, 1298.406945977907, 1059.1985713698273, 984.3746293270578, 868.5293389643238, 866.4911531636203, 768.0260476836943, 750.5979550919192, 736.9218774074083, 661.0385112377796, 561.2354037897871, 474.3505496542014, 462.8376613424373, 437.2588540848016, 389.4807886841922, 389.4053994600994, 380.47002307402045, 353.7340722283565, 335.8713208459289, 335.5222935701044, 330.21521928447015, 313.02468349807987, 296.5594433444342, 280.56844392565824, 273.99549018632473, 272.7843306040628, 269.1859123197071, 262.49777367713233, 248.6840901538989, 232.9644024806025, 232.13216693419758, 216.40304172045188, 214.03239299040484, 213.89374324413038, 210.1522310159838, 208.73496113111676, 192.4927993231086, 188.90483069294743, 174.41038168147452, 171.90864655004546, 151.97682650801968, 145.8153515468969, 143.89948642667088, 121.13112670018727, 116.32564381685341, 102.75626457910994, 96.08508616274855, 89.02574266484392, 80.46438178819575, 55.78625659450395, 48.124271878121064, 34.451611899507185, 32.84358424876805, 32.17208040700589, 27.81492689899534, 26.68943357897089, 19.666265896444887, 12.545859971555268, 8.289194735228099, 2.730667907205256, 1.919423067732699, 1.6119923495259156, 1.520002458621452, 1.1963912700361647, 0.152935898760196, 0.08421824017679648, NaN, NaN, NaN, NaN, NaN, NaN, NaN]}, "evaluations": {"eval_method": "jaccard_full_score", "singles": [[0.0, 0.0, 0.2, 0.14285714285714285, 0.1111111111111111, 0.09090909090909091, 0.16666666666666666, 0.14285714285714285, 0.125, 0.1111111111111111, 0.1, 0.09090909090909091, 0.08333333333333333, 0.12, 0.15384615384615385, 0.14285714285714285, 0.1724137931034483, 0.2, 0.1875, 0.21212121212121213, 0.23529411764705882, 0.2222222222222222, 0.21052631578947367, 0.23076923076923078, 0.21951219512195122, 0.20930232558139536, 0.22727272727272727, 0.24444444444444444, 0.2608695652173913, 0.25, 0.24, 0.2549019607843137, 0.2692307692307692, 0.25925925925925924, 0.2962962962962963, 0.3090909090909091, 0.32142857142857145, 0.3333333333333333, 0.3220338983050847, 0.3333333333333333, 0.3442622950819672, 0.3770491803278688, 0.36507936507936506, 0.3968253968253968, 0.38461538461538464, 0.3939393939393939, 0.42424242424242425, 0.4117647058823529, 0.4411764705882353, 0.42857142857142855, 0.43661971830985913, 0.4444444444444444, 0.4722222222222222, 0.5, 0.5068493150684932, 0.5342465753424658, 0.5405405405405406, 0.5263157894736842, 0.5526315789473685, 0.5584415584415584, 0.5443037974683544, 0.55, 0.575, 0.6, 0.625, 0.65, 0.675, 0.7, 0.7037037037037037, 0.7283950617283951, 0.7530864197530864, 0.7777777777777778, 0.8024691358024691, 0.8271604938271605, 0.8518518518518519, 0.8765432098765432, 0.9012345679012346, 0.9259259259259259, 0.9506172839506173, 0.9753086419753086, 1.0], 0.4041978765787161], "first_gen": [[0.0, 0.0, 0.5, 0.6, 0.42857142857142855, 0.3333333333333333, 0.2727272727272727, 0.3333333333333333, 0.2857142857142857, 0.25, 0.2222222222222222, 0.2, 0.18181818181818182, 0.16666666666666666, 0.15384615384615385, 0.14285714285714285, 0.13333333333333333, 0.16129032258064516, 0.22580645161290322, 0.2903225806451613, 0.3548387096774194, 0.3333333333333333, 0.35294117647058826, 0.3333333333333333, 0.35135135135135137, 0.3333333333333333, 0.35, 0.36585365853658536, 0.38095238095238093, 0.36363636363636365, 0.4090909090909091, 0.45454545454545453, 0.4666666666666667, 0.44680851063829785, 0.48936170212765956, 0.5, 0.5416666666666666, 0.5510204081632653, 0.56, 0.5686274509803921, 0.6078431372549019, 0.6470588235294118, 0.6226415094339622, 0.660377358490566, 0.6666666666666666, 0.7037037037037037, 0.6785714285714286, 0.7142857142857143, 0.75, 0.7241379310344828, 0.7, 0.6774193548387096, 0.6825396825396826, 0.6615384615384615, 0.6666666666666666, 0.6470588235294118, 0.6285714285714286, 0.6111111111111112, 0.6164383561643836, 0.6216216216216216, 0.6266666666666667, 0.6533333333333333, 0.6578947368421053, 0.6842105263157895, 0.7105263157894737, 0.7368421052631579, 0.7631578947368421, 0.7662337662337663, 0.7692307692307693, 0.7948717948717948, 0.7974683544303798, 0.8227848101265823, 0.825, 0.8271604938271605, 0.8518518518518519, 0.8765432098765432, 0.9012345679012346, 0.9259259259259259, 0.9506172839506173, 0.9753086419753086, 1.0], 0.5386789868433459]}}