{"rank_algo": "anova_f_score", "seed": 44, "subsampling_proportion": 0.1, "exec_time": 0.1269996166229248, "results": {"features": ["feature82", "feature81", "feature90", "feature5", "feature56", "feature17", "feature2", "feature39", "feature40", "feature59", "feature37", "feature48", "feature15", "feature27", "feature42", "feature12", "feature22", "feature50", "feature23", "feature9", "feature8", "feature30", "feature10", "feature49", "feature52", "feature29", "feature0", "feature24", "feature41", "feature43", "feature51", "feature3", "feature36", "feature71", "feature62", "feature38", "feature46", "feature16", "feature47", "feature34", "feature4", "feature66", "feature44", "feature20", "feature21", "feature28", "feature11", "feature26", "feature68", "feature35", "feature1", "feature67", "feature69", "feature53", "feature57", "feature45", "feature31", "feature13", "feature7", "feature54", "feature55", "feature33", "feature18", "feature63", "feature64", "feature65", "feature6", "feature72", "feature25", "feature19", "feature60", "feature61", "feature58", "feature73"], "scores": [20956.785787621233, 17059.3337870077, 2606.1865808516336, 2185.0259666947536, 2180.0745648515685, 2022.6222602522184, 1545.945391783199, 1507.1822549750577, 1348.111765946848, 1290.8977900413652, 1103.9887480032894, 1075.3449272279158, 974.8418755664741, 960.9779370661549, 943.1001856588772, 860.5713435598763, 855.2250656966113, 807.5887424096703, 744.3006024969419, 600.9341623340282, 544.5454219179063, 540.8152700081298, 520.5424240951978, 454.0471273626182, 411.9960987202314, 391.2389272462503, 377.583469639397, 344.5092923024715, 330.23745761676275, 324.94466918202943, 314.61340493240004, 310.33431131504443, 277.3656224229612, 272.14050225698867, 259.60362210407555, 250.84205514119068, 222.115600570674, 215.48897189533702, 208.7670064635066, 201.5008378489854, 199.9299675725141, 192.64809352353308, 192.15256953148432, 191.1815587057694, 189.83967439370338, 165.0532200202289, 160.09588296207295, 156.2462871458501, 153.05090091277216, 144.25133640904255, 124.27246202661927, 118.32352533542928, 117.69809201801797, 97.82220402812507, 90.58870835298565, 85.4556393842603, 69.70818180576275, 64.56552298484218, 49.86989887559132, 32.65193142519403, 32.24294304962572, 31.637367503807024, 29.32486859425207, 26.796677732917104, 24.406294481133475, 20.634124924622473, 13.182906492822688, 11.92737139796157, 11.578415488258175, 4.7953469199504495, 4.017271356765674, 0.710166218012868, 0.6858463941138442, 0.10067950542295258]}, "evaluations": {"eval_method": "jaccard_full_score", "singles": [[0.0, 0.0, 0.0, 0.0, 0.0, 0.0, 0.0, 0.0, 0.0, 0.0, 0.0, 0.0, 0.08333333333333333, 0.07692307692307693, 0.1111111111111111, 0.14285714285714285, 0.1724137931034483, 0.2, 0.22580645161290322, 0.21212121212121213, 0.2, 0.1891891891891892, 0.21052631578947367, 0.23076923076923078, 0.21951219512195122, 0.20930232558139536, 0.2, 0.21739130434782608, 0.2608695652173913, 0.25, 0.2653061224489796, 0.28, 0.29411764705882354, 0.3076923076923077, 0.34615384615384615, 0.3333333333333333, 0.34545454545454546, 0.38181818181818183, 0.3684210526315789, 0.3793103448275862, 0.3898305084745763, 0.4, 0.4098360655737705, 0.4426229508196721, 0.45161290322580644, 0.4838709677419355, 0.5161290322580645, 0.5483870967741935, 0.5555555555555556, 0.5625, 0.5692307692307692, 0.6, 0.582089552238806, 0.5652173913043478, 0.5714285714285714, 0.6, 0.6056338028169014, 0.6338028169014085, 0.6619718309859155, 0.6901408450704225, 0.6944444444444444, 0.7222222222222222, 0.75, 0.7777777777777778, 0.7808219178082192, 0.8082191780821918, 0.8356164383561644, 0.8378378378378378, 0.8648648648648649, 0.8918918918918919, 0.918918918918919, 0.9459459459459459, 0.972972972972973, 1.0], 0.39527573561674023], "first_gen": [[0.0, 0.0, 0.2, 0.3333333333333333, 0.25, 0.2, 0.16666666666666666, 0.23076923076923078, 0.2, 0.17647058823529413, 0.15789473684210525, 0.14285714285714285, 0.13043478260869565, 0.12, 0.1111111111111111, 0.10344827586206896, 0.13333333333333333, 0.125, 0.1875, 0.25, 0.3125, 0.29411764705882354, 0.35294117647058826, 0.4117647058823529, 0.42857142857142855, 0.40540540540540543, 0.42105263157894735, 0.4358974358974359, 0.45, 0.4634146341463415, 0.5121951219512195, 0.5609756097560976, 0.5348837209302325, 0.5454545454545454, 0.5555555555555556, 0.5652173913043478, 0.6086956521739131, 0.6170212765957447, 0.6595744680851063, 0.6666666666666666, 0.673469387755102, 0.6470588235294118, 0.6538461538461539, 0.6923076923076923, 0.7307692307692307, 0.7358490566037735, 0.7090909090909091, 0.7454545454545455, 0.75, 0.7543859649122807, 0.7586206896551724, 0.7333333333333333, 0.7377049180327869, 0.7419354838709677, 0.746031746031746, 0.75, 0.7272727272727273, 0.7313432835820896, 0.7611940298507462, 0.7910447761194029, 0.8208955223880597, 0.8235294117647058, 0.8260869565217391, 0.8028169014084507, 0.8055555555555556, 0.8333333333333334, 0.8611111111111112, 0.8888888888888888, 0.8904109589041096, 0.9178082191780822, 0.918918918918919, 0.9459459459459459, 0.972972972972973, 1.0], 0.5397220784111463]}}