{"rank_algo": "anova_f_score", "seed": 27, "subsampling_proportion": 0.1, "exec_time": 0.1380009651184082, "results": {"features": ["feature82", "feature81", "feature90", "feature5", "feature39", "feature2", "feature59", "feature15", "feature40", "feature42", "feature37", "feature48", "feature50", "feature12", "feature27", "feature30", "feature49", "feature43", "feature28", "feature9", "feature26", "feature34", "feature0", "feature41", "feature52", "feature22", "feature51", "feature62", "feature71", "feature24", "feature29", "feature38", "feature10", "feature8", "feature11", "feature3", "feature16", "feature66", "feature46", "feature21", "feature44", "feature36", "feature47", "feature35", "feature4", "feature23", "feature68", "feature67", "feature20", "feature31", "feature53", "feature7", "feature13", "feature56", "feature45", "feature55", "feature64", "feature57", "feature17", "feature54", "feature69", "feature18", "feature65", "feature33", "feature58", "feature72", "feature6", "feature25", "feature1", "feature61", "feature60", "feature63", "feature19", "feature73"], "scores": [18347.956209861655, 13989.715569248938, 2688.7962173317596, 2259.7897637142237, 1477.7732821773916, 1418.1764697052329, 1205.3574907891857, 1180.8556147951874, 1106.1752751393688, 956.8247845213484, 818.8445029614367, 790.4821797756094, 746.2453891920491, 725.0674160739659, 658.1191391689969, 480.47298887914286, 459.01347775577113, 456.7933803710207, 455.2295049303232, 369.31192511061204, 342.1382646615928, 329.0361843454186, 328.32134277221667, 326.26683784373637, 325.9405138325655, 318.38898823143836, 314.5479626937491, 311.93870267115005, 308.5682910750874, 308.40863814166215, 298.4332300922672, 289.89337442763866, 288.3626072796312, 278.372577589488, 227.7080768486366, 226.74052359444747, 224.95937203494236, 216.59613224878538, 209.08876252255615, 206.01207990830792, 202.84049990670653, 189.32200682171626, 180.50439834014654, 176.57368100778922, 165.67737035761226, 161.18716677988056, 151.3941665367345, 141.96887085570583, 124.30635537776116, 115.98228536335624, 103.85504368001416, 94.45771398367152, 88.13516033426747, 63.54897267798591, 60.52254579687818, 58.408664362621906, 40.81895979900796, 39.51558218395596, 38.32763246390718, 36.58099585652811, 20.48361210771273, 19.49183894041598, 14.641023125262311, 10.585251938279885, 7.891133065625809, 7.825793297222293, 7.58314976342139, 3.8980442867404674, 3.3670839956719734, 2.612846354092246, 1.1151646996648457, 0.33701022435820005, 0.27163100891735004, 0.04057301440765061]}, "evaluations": {"eval_method": "jaccard_full_score", "singles": [[0.0, 0.0, 0.0, 0.0, 0.0, 0.0, 0.0, 0.06666666666666667, 0.058823529411764705, 0.05263157894736842, 0.047619047619047616, 0.043478260869565216, 0.08333333333333333, 0.12, 0.15384615384615385, 0.14285714285714285, 0.1724137931034483, 0.2, 0.1875, 0.17647058823529413, 0.2, 0.1891891891891892, 0.1794871794871795, 0.2, 0.19047619047619047, 0.20930232558139536, 0.22727272727272727, 0.2727272727272727, 0.28888888888888886, 0.30434782608695654, 0.2916666666666667, 0.30612244897959184, 0.3469387755102041, 0.3333333333333333, 0.37254901960784315, 0.3584905660377358, 0.39622641509433965, 0.38181818181818183, 0.39285714285714285, 0.42857142857142855, 0.43859649122807015, 0.47368421052631576, 0.4827586206896552, 0.4915254237288136, 0.47540983606557374, 0.5081967213114754, 0.5161290322580645, 0.5483870967741935, 0.5806451612903226, 0.5873015873015873, 0.5692307692307692, 0.6, 0.6060606060606061, 0.5882352941176471, 0.5942028985507246, 0.6, 0.6056338028169014, 0.6338028169014085, 0.6388888888888888, 0.6666666666666666, 0.6712328767123288, 0.6986301369863014, 0.726027397260274, 0.7534246575342466, 0.7808219178082192, 0.8082191780821918, 0.8356164383561644, 0.8378378378378378, 0.8648648648648649, 0.8918918918918919, 0.918918918918919, 0.9459459459459459, 0.972972972972973, 1.0], 0.4080502278446014], "first_gen": [[0.0, 0.0, 0.2, 0.3333333333333333, 0.25, 0.2, 0.16666666666666666, 0.23076923076923078, 0.2, 0.17647058823529413, 0.15789473684210525, 0.14285714285714285, 0.13043478260869565, 0.12, 0.1111111111111111, 0.10344827586206896, 0.0967741935483871, 0.16129032258064516, 0.1875, 0.25, 0.2727272727272727, 0.2571428571428571, 0.3142857142857143, 0.2972972972972973, 0.3157894736842105, 0.3684210526315789, 0.38461538461538464, 0.4, 0.4146341463414634, 0.3953488372093023, 0.4090909090909091, 0.4222222222222222, 0.43478260869565216, 0.44680851063829785, 0.42857142857142855, 0.46938775510204084, 0.48, 0.49019607843137253, 0.5294117647058824, 0.5686274509803921, 0.6078431372549019, 0.6470588235294118, 0.6538461538461539, 0.660377358490566, 0.6666666666666666, 0.7037037037037037, 0.6785714285714286, 0.6842105263157895, 0.7192982456140351, 0.6949152542372882, 0.6721311475409836, 0.6774193548387096, 0.65625, 0.6875, 0.6923076923076923, 0.7230769230769231, 0.7014925373134329, 0.7058823529411765, 0.7352941176470589, 0.7647058823529411, 0.7941176470588235, 0.8235294117647058, 0.8260869565217391, 0.8028169014084507, 0.8055555555555556, 0.8333333333333334, 0.8356164383561644, 0.863013698630137, 0.8904109589041096, 0.9178082191780822, 0.918918918918919, 0.9459459459459459, 0.972972972972973, 1.0], 0.5038436905970652]}}