{"rank_algo": "anova_f_score", "seed": 95, "subsampling_proportion": 0.1, "exec_time": 0.14499998092651367, "results": {"features": ["feature82", "feature81", "feature90", "feature5", "feature2", "feature59", "feature39", "feature40", "feature48", "feature27", "feature12", "feature15", "feature0", "feature50", "feature37", "feature42", "feature9", "feature17", "feature8", "feature49", "feature30", "feature10", "feature22", "feature41", "feature29", "feature38", "feature3", "feature24", "feature36", "feature34", "feature52", "feature56", "feature51", "feature44", "feature43", "feature71", "feature21", "feature47", "feature66", "feature62", "feature16", "feature4", "feature11", "feature46", "feature28", "feature20", "feature35", "feature13", "feature31", "feature67", "feature45", "feature53", "feature26", "feature1", "feature61", "feature69", "feature19", "feature65", "feature58", "feature64", "feature68", "feature55", "feature33", "feature18", "feature54", "feature72", "feature6", "feature23", "feature57", "feature60", "feature25", "feature7", "feature73", "feature63"], "scores": [20290.604575306872, 17583.820487990757, 2863.2772912098326, 2476.826845945439, 1553.0426217714607, 1428.6787939790402, 1426.4653073974316, 1294.1449914216919, 1254.9929078324337, 1026.9094692521796, 927.0134578766223, 878.1649367483204, 770.0083459577121, 745.4978991809237, 709.8515928192959, 642.2944227751026, 538.139141512452, 507.7442123254606, 506.739008592907, 496.8757632794566, 491.5000147799909, 484.7632438097939, 470.85373623434356, 442.6588291270496, 389.27324474996385, 375.6463587055628, 357.5136148121327, 320.74243147524516, 318.24115148524334, 314.4681621936233, 305.700146151757, 305.36765899179005, 300.0685731633354, 278.029287971743, 277.24641171397684, 260.42014111353086, 260.16308768947187, 243.40168346507252, 222.64239940452867, 206.62590526269824, 199.328824071321, 194.31463170493382, 171.08362849744407, 166.97710087882527, 165.2106435642701, 155.6802825339403, 148.7687415683452, 145.03822373103273, 136.4689293514779, 113.22208698055717, 109.2485413320517, 104.29792803938341, 89.50519190588648, 72.83038984669946, 71.54580655524548, 60.56868858767087, 55.368210588161155, 52.049640948804964, 41.02353218032248, 39.99040435600553, 33.151611281192395, 31.12122006936447, 27.633621050217904, 26.862847956836873, 25.480760466887467, 20.954647032915368, 12.35711743440677, 10.54029366817775, 10.282740730280109, 4.877480234860859, 2.365246225143118, 2.2039570289345316, 2.160539753668415, 1.336603884924493]}, "evaluations": {"eval_method": "jaccard_full_score", "singles": [[0.0, 0.0, 0.0, 0.0, 0.0, 0.0, 0.0, 0.0, 0.0, 0.0, 0.047619047619047616, 0.09090909090909091, 0.13043478260869565, 0.12, 0.15384615384615385, 0.14285714285714285, 0.13333333333333333, 0.16129032258064516, 0.15151515151515152, 0.17647058823529413, 0.16666666666666666, 0.1891891891891892, 0.21052631578947367, 0.23076923076923078, 0.21951219512195122, 0.20930232558139536, 0.2, 0.21739130434782608, 0.23404255319148937, 0.22448979591836735, 0.21568627450980393, 0.23076923076923078, 0.2692307692307692, 0.25925925925925924, 0.2727272727272727, 0.2857142857142857, 0.2982456140350877, 0.3103448275862069, 0.3, 0.3333333333333333, 0.36666666666666664, 0.3770491803278688, 0.4098360655737705, 0.4426229508196721, 0.45161290322580644, 0.4838709677419355, 0.49206349206349204, 0.5238095238095238, 0.53125, 0.5625, 0.5692307692307692, 0.5757575757575758, 0.582089552238806, 0.5882352941176471, 0.5942028985507246, 0.6, 0.6285714285714286, 0.6338028169014085, 0.6619718309859155, 0.6666666666666666, 0.6712328767123288, 0.6986301369863014, 0.726027397260274, 0.7534246575342466, 0.7808219178082192, 0.8082191780821918, 0.8356164383561644, 0.8378378378378378, 0.8648648648648649, 0.8918918918918919, 0.918918918918919, 0.9459459459459459, 0.972972972972973, 1.0], 0.38539303665297586], "first_gen": [[0.0, 0.0, 0.2, 0.3333333333333333, 0.25, 0.2, 0.16666666666666666, 0.23076923076923078, 0.2, 0.17647058823529413, 0.15789473684210525, 0.14285714285714285, 0.18181818181818182, 0.16666666666666666, 0.15384615384615385, 0.14285714285714285, 0.1724137931034483, 0.16129032258064516, 0.22580645161290322, 0.2903225806451613, 0.3125, 0.3333333333333333, 0.3939393939393939, 0.4117647058823529, 0.42857142857142855, 0.40540540540540543, 0.42105263157894735, 0.4358974358974359, 0.4146341463414634, 0.3953488372093023, 0.4090909090909091, 0.45454545454545453, 0.4666666666666667, 0.4782608695652174, 0.5217391304347826, 0.5652173913043478, 0.6086956521739131, 0.6170212765957447, 0.625, 0.6326530612244898, 0.673469387755102, 0.6470588235294118, 0.6226415094339622, 0.660377358490566, 0.6981132075471698, 0.7037037037037037, 0.7090909090909091, 0.7142857142857143, 0.7192982456140351, 0.6949152542372882, 0.6721311475409836, 0.6507936507936508, 0.65625, 0.6875, 0.6923076923076923, 0.696969696969697, 0.7014925373134329, 0.7313432835820896, 0.7352941176470589, 0.7391304347826086, 0.7681159420289855, 0.7971014492753623, 0.7746478873239436, 0.8028169014084507, 0.8309859154929577, 0.8591549295774648, 0.8611111111111112, 0.8888888888888888, 0.8904109589041096, 0.8918918918918919, 0.918918918918919, 0.9459459459459459, 0.972972972972973, 1.0], 0.5259380973967226]}}