{"rank_algo": "anova_f_score", "seed": 7, "subsampling_proportion": 0.1, "exec_time": 0.14300084114074707, "results": {"features": ["feature82", "feature81", "feature90", "feature17", "feature5", "feature2", "feature59", "feature40", "feature22", "feature56", "feature15", "feature39", "feature12", "feature50", "feature30", "feature49", "feature23", "feature9", "feature10", "feature37", "feature28", "feature51", "feature29", "feature52", "feature24", "feature36", "feature8", "feature41", "feature71", "feature42", "feature38", "feature3", "feature62", "feature48", "feature16", "feature11", "feature0", "feature34", "feature46", "feature43", "feature21", "feature47", "feature66", "feature4", "feature67", "feature31", "feature20", "feature35", "feature69", "feature53", "feature26", "feature45", "feature19", "feature44", "feature54", "feature25", "feature13", "feature61", "feature64", "feature65", "feature18", "feature27", "feature57", "feature55", "feature6", "feature33", "feature68", "feature72", "feature1", "feature60", "feature7", "feature63", "feature58", "feature73"], "scores": [18749.285919208854, 14445.823732293593, 2776.7438450412224, 2493.2647586985117, 2237.123761686551, 1578.319596037265, 1263.1202547051037, 1120.3282864086823, 1100.7573771908833, 931.5934288225069, 917.0342543911727, 834.1428989360247, 829.3379976287246, 804.8567662790638, 531.6500408098389, 510.5461565141363, 464.8624846259353, 435.9992170409688, 403.6601264623302, 399.1609036800906, 385.629952293171, 342.27293398935524, 342.132674898888, 335.941860202526, 334.41154450812905, 324.27885394999464, 311.9509895657882, 305.00479368222295, 290.1302952166623, 264.9821679053201, 261.65333799698465, 239.2149685856462, 234.7501538447498, 232.82358179571676, 223.7366777145637, 215.46369827973274, 208.17277985442766, 207.01208845144035, 205.449858840491, 205.11912243892797, 198.00979748488982, 195.3832352641378, 194.09144336114423, 158.25146315896527, 156.30017862223596, 138.15994034408348, 131.82552367839068, 129.17677271274627, 121.33304172361505, 117.07547136956646, 100.57452516744976, 93.57384336773774, 82.46400002295273, 75.93183928052787, 75.84288320720745, 74.73379538235947, 72.31816954977812, 68.09475540627481, 66.32797651672325, 66.1076942450389, 48.43525430341207, 40.82608169127122, 39.458672243786225, 35.00187252891534, 23.817948368741472, 15.445581245736843, 9.556856429951381, 8.882427237515856, 6.263527782544891, 2.1680017086758454, 0.8167692876450986, 0.7742330577478086, 0.1961904956838874, 0.008016362859703748]}, "evaluations": {"eval_method": "jaccard_full_score", "singles": [[0.0, 0.0, 0.0, 0.0, 0.0, 0.0, 0.0, 0.0, 0.0, 0.0, 0.047619047619047616, 0.043478260869565216, 0.13043478260869565, 0.12, 0.15384615384615385, 0.18518518518518517, 0.25925925925925924, 0.2857142857142857, 0.3103448275862069, 0.2903225806451613, 0.2727272727272727, 0.29411764705882354, 0.2777777777777778, 0.2631578947368421, 0.25, 0.23809523809523808, 0.22727272727272727, 0.2727272727272727, 0.2608695652173913, 0.30434782608695654, 0.2916666666666667, 0.30612244897959184, 0.32, 0.3076923076923077, 0.34615384615384615, 0.3584905660377358, 0.37037037037037035, 0.38181818181818183, 0.39285714285714285, 0.40350877192982454, 0.43859649122807015, 0.4482758620689655, 0.4576271186440678, 0.4666666666666667, 0.47540983606557374, 0.4838709677419355, 0.5161290322580645, 0.5238095238095238, 0.53125, 0.5151515151515151, 0.5223880597014925, 0.5522388059701493, 0.5588235294117647, 0.5652173913043478, 0.5714285714285714, 0.5774647887323944, 0.6056338028169014, 0.6111111111111112, 0.6164383561643836, 0.6438356164383562, 0.6486486486486487, 0.6756756756756757, 0.7027027027027027, 0.7297297297297297, 0.7567567567567568, 0.7837837837837838, 0.8108108108108109, 0.8378378378378378, 0.8648648648648649, 0.8918918918918919, 0.918918918918919, 0.9459459459459459, 0.972972972972973, 1.0], 0.40668336294238255], "first_gen": [[0.0, 0.0, 0.2, 0.3333333333333333, 0.25, 0.2, 0.16666666666666666, 0.23076923076923078, 0.2857142857142857, 0.25, 0.2222222222222222, 0.2, 0.18181818181818182, 0.16666666666666666, 0.15384615384615385, 0.14285714285714285, 0.1724137931034483, 0.2413793103448276, 0.3103448275862069, 0.3333333333333333, 0.3548387096774194, 0.3333333333333333, 0.35294117647058826, 0.37142857142857144, 0.35135135135135137, 0.3333333333333333, 0.38461538461538464, 0.4, 0.45, 0.4634146341463415, 0.4418604651162791, 0.45454545454545453, 0.43478260869565216, 0.44680851063829785, 0.4583333333333333, 0.46938775510204084, 0.5102040816326531, 0.52, 0.56, 0.6, 0.64, 0.68, 0.6538461538461539, 0.660377358490566, 0.6666666666666666, 0.6428571428571429, 0.6491228070175439, 0.6842105263157895, 0.6896551724137931, 0.6949152542372882, 0.7, 0.6774193548387096, 0.6825396825396826, 0.7142857142857143, 0.746031746031746, 0.7230769230769231, 0.7014925373134329, 0.7058823529411765, 0.7101449275362319, 0.7391304347826086, 0.7681159420289855, 0.7971014492753623, 0.8, 0.8285714285714286, 0.8571428571428571, 0.8591549295774648, 0.8611111111111112, 0.8888888888888888, 0.8904109589041096, 0.8918918918918919, 0.918918918918919, 0.9459459459459459, 0.972972972972973, 1.0], 0.5243072041383952]}}