{"rank_algo": "anova_f_score", "seed": 41, "subsampling_proportion": 0.1, "exec_time": 0.14200091361999512, "results": {"features": ["feature82", "feature81", "feature90", "feature5", "feature17", "feature27", "feature39", "feature2", "feature40", "feature56", "feature59", "feature15", "feature42", "feature50", "feature48", "feature12", "feature37", "feature28", "feature22", "feature49", "feature30", "feature10", "feature26", "feature34", "feature9", "feature8", "feature38", "feature46", "feature24", "feature52", "feature51", "feature29", "feature3", "feature71", "feature36", "feature41", "feature66", "feature43", "feature44", "feature21", "feature68", "feature0", "feature47", "feature20", "feature35", "feature16", "feature4", "feature11", "feature67", "feature13", "feature53", "feature61", "feature65", "feature69", "feature25", "feature31", "feature55", "feature64", "feature18", "feature62", "feature33", "feature54", "feature72", "feature19", "feature6", "feature60", "feature57", "feature63", "feature7", "feature58", "feature23", "feature73", "feature45", "feature1", "feature70", "feature92", "feature93", "feature94", "feature95", "feature96", "feature97"], "scores": [21585.851910010857, 17552.78249003075, 2949.093292866585, 2199.529959370988, 2003.7844723162425, 1554.2607959988193, 1532.32247118473, 1454.5855650727765, 1295.479619356792, 1234.6941222576377, 1206.4603705392801, 1009.6309427369793, 810.7358746450919, 804.1029045855512, 794.3630814570386, 737.215652432726, 705.1108755695116, 598.566000909908, 533.896989850923, 497.3833130869006, 496.20138693441663, 452.87242962856675, 442.6683485668416, 427.3467614082859, 413.60897330600716, 378.0784287848514, 357.0974994893357, 337.1933298248757, 333.4895819549635, 330.9961089659838, 325.202545681034, 302.1539752548878, 300.2771646103218, 295.4088919643525, 295.12616733004813, 254.43902970714515, 251.79008021939856, 236.9402228144631, 236.70086168694195, 228.5968695093411, 226.0267442214517, 223.0838498972721, 206.40135456006826, 200.13259726524672, 192.79124519961906, 190.66185588624953, 180.10058129388247, 148.00033067047127, 141.7448085274165, 140.37406238970777, 125.1456731432755, 119.1763668721277, 85.45468061051636, 84.6082970587862, 75.39658206945528, 67.27998386277082, 46.83757436310301, 41.862777533517864, 41.113562300414934, 37.492494004191414, 35.070202094130394, 25.324297781184463, 22.149127227949144, 13.194458494762038, 11.326659596810659, 10.371655214378366, 8.112253441472134, 6.945184864335359, 6.006432865209417, 5.893984508411869, 3.471765383852097, 1.4824775738873206, 0.06862110956693127, 0.009796507821630445, NaN, NaN, NaN, NaN, NaN, NaN, NaN]}, "evaluations": {"eval_method": "jaccard_full_score", "singles": [[0.0, 0.0, 0.0, 0.0, 0.0, 0.0, 0.0, 0.0, 0.0, 0.0, 0.0, 0.043478260869565216, 0.08333333333333333, 0.07692307692307693, 0.1111111111111111, 0.14285714285714285, 0.13333333333333333, 0.16129032258064516, 0.1875, 0.21212121212121213, 0.2, 0.2222222222222222, 0.24324324324324326, 0.23076923076923078, 0.21951219512195122, 0.20930232558139536, 0.2, 0.24444444444444444, 0.2608695652173913, 0.25, 0.2653061224489796, 0.28, 0.29411764705882354, 0.3076923076923077, 0.32075471698113206, 0.3333333333333333, 0.32142857142857145, 0.3333333333333333, 0.3220338983050847, 0.3559322033898305, 0.3442622950819672, 0.3548387096774194, 0.34375, 0.375, 0.36363636363636365, 0.3939393939393939, 0.40298507462686567, 0.4117647058823529, 0.42028985507246375, 0.42857142857142855, 0.43661971830985913, 0.4444444444444444, 0.4520547945205479, 0.4594594594594595, 0.4666666666666667, 0.47368421052631576, 0.4805194805194805, 0.46835443037974683, 0.4936708860759494, 0.5, 0.5061728395061729, 0.5308641975308642, 0.5555555555555556, 0.5802469135802469, 0.6049382716049383, 0.6296296296296297, 0.654320987654321, 0.6790123456790124, 0.7037037037037037, 0.7283950617283951, 0.7530864197530864, 0.7777777777777778, 0.8024691358024691, 0.8271604938271605, 0.8518518518518519, 0.8765432098765432, 0.9012345679012346, 0.9259259259259259, 0.9506172839506173, 0.9753086419753086, 1.0], 0.37994462357382797], "first_gen": [[0.0, 0.0, 0.2, 0.3333333333333333, 0.25, 0.2, 0.16666666666666666, 0.23076923076923078, 0.2, 0.17647058823529413, 0.15789473684210525, 0.14285714285714285, 0.13043478260869565, 0.12, 0.1111111111111111, 0.10344827586206896, 0.0967741935483871, 0.09090909090909091, 0.15151515151515152, 0.21212121212121213, 0.23529411764705882, 0.2571428571428571, 0.2777777777777778, 0.2972972972972973, 0.35135135135135137, 0.40540540540540543, 0.38461538461538464, 0.4, 0.4146341463414634, 0.3953488372093023, 0.4418604651162791, 0.45454545454545453, 0.5, 0.5111111111111111, 0.5217391304347826, 0.5319148936170213, 0.5416666666666666, 0.5510204081632653, 0.5918367346938775, 0.6, 0.6078431372549019, 0.6470588235294118, 0.6538461538461539, 0.6923076923076923, 0.6981132075471698, 0.7358490566037735, 0.7090909090909091, 0.7142857142857143, 0.7192982456140351, 0.6949152542372882, 0.6721311475409836, 0.6507936507936508, 0.6307692307692307, 0.6363636363636364, 0.6176470588235294, 0.6, 0.6056338028169014, 0.589041095890411, 0.5945945945945946, 0.6, 0.6052631578947368, 0.631578947368421, 0.6578947368421053, 0.6842105263157895, 0.7105263157894737, 0.7142857142857143, 0.717948717948718, 0.7215189873417721, 0.7468354430379747, 0.75, 0.775, 0.7777777777777778, 0.8024691358024691, 0.8271604938271605, 0.8518518518518519, 0.8765432098765432, 0.9012345679012346, 0.9259259259259259, 0.9506172839506173, 0.9753086419753086, 1.0], 0.5114050175392428]}}