{"rank_algo": "anova_f_score", "seed": 96, "subsampling_proportion": 0.1, "exec_time": 0.14500164985656738, "results": {"features": ["feature82", "feature81", "feature90", "feature5", "feature2", "feature40", "feature59", "feature39", "feature56", "feature27", "feature15", "feature50", "feature42", "feature23", "feature48", "feature37", "feature12", "feature30", "feature26", "feature49", "feature9", "feature34", "feature41", "feature62", "feature10", "feature8", "feature28", "feature29", "feature38", "feature51", "feature36", "feature52", "feature24", "feature43", "feature0", "feature71", "feature3", "feature68", "feature66", "feature4", "feature13", "feature47", "feature35", "feature16", "feature67", "feature53", "feature69", "feature44", "feature21", "feature31", "feature45", "feature25", "feature11", "feature22", "feature46", "feature19", "feature7", "feature17", "feature63", "feature33", "feature64", "feature57", "feature18", "feature54", "feature61", "feature6", "feature55", "feature58", "feature65", "feature1", "feature72", "feature60", "feature20", "feature73", "feature70", "feature92", "feature93", "feature94", "feature95", "feature96", "feature97"], "scores": [16020.280690573452, 12640.908667539199, 2831.3540241258247, 2253.369933035761, 1338.4055772558931, 1314.3199374345572, 1254.6799846174, 1105.3631844527608, 885.3615302298892, 817.0789575655798, 804.4258831913813, 758.201902269703, 741.4611508135999, 656.7286830418244, 628.2130546665081, 609.2973701682076, 539.2610204152362, 503.5398336142311, 494.7112781166464, 490.18098508566914, 423.7433271971971, 403.7641459351607, 370.77544155136576, 367.9959440106639, 366.7016227887323, 359.2792372408599, 342.27450286340803, 341.79535976521686, 329.8198529678234, 312.72809509834565, 280.1129157403016, 277.8888570651971, 270.3727397159591, 269.7244774467613, 239.14627101984243, 239.1461020555503, 226.3084466415546, 194.6114688483626, 174.0943329516203, 172.96061763426454, 171.0129543681736, 153.97993406141796, 148.3214575074773, 147.13498218166433, 143.74560054300332, 128.70751719759716, 128.3264359229392, 121.10041289201426, 119.01248827371846, 112.3585454303297, 89.01996511500109, 77.43038248839588, 67.80550911512981, 63.88987675394461, 57.495534953675204, 55.43134849994655, 51.224976127128016, 41.799812959210875, 41.16707859231746, 31.3888307474807, 27.574339721692986, 27.067158352569454, 25.657499190554187, 24.64479577183382, 21.668229504192677, 18.509593025462337, 18.27699764686041, 11.85873738411476, 7.87958122270728, 5.96083435779669, 5.14716944197514, 1.2713663053713358, 1.057717812150114, 0.44591681963150687, NaN, NaN, NaN, NaN, NaN, NaN, NaN]}, "evaluations": {"eval_method": "jaccard_full_score", "singles": [[0.0, 0.0, 0.0, 0.0, 0.0, 0.0, 0.0, 0.0, 0.0, 0.0, 0.047619047619047616, 0.043478260869565216, 0.08333333333333333, 0.12, 0.15384615384615385, 0.14285714285714285, 0.1724137931034483, 0.2, 0.22580645161290322, 0.25, 0.23529411764705882, 0.2222222222222222, 0.24324324324324326, 0.2631578947368421, 0.28205128205128205, 0.2682926829268293, 0.2558139534883721, 0.2727272727272727, 0.28888888888888886, 0.30434782608695654, 0.2916666666666667, 0.28, 0.32, 0.3076923076923077, 0.32075471698113206, 0.3333333333333333, 0.32142857142857145, 0.3333333333333333, 0.3220338983050847, 0.3333333333333333, 0.3442622950819672, 0.3548387096774194, 0.34375, 0.375, 0.36363636363636365, 0.373134328358209, 0.38235294117647056, 0.37142857142857144, 0.4, 0.3888888888888889, 0.4166666666666667, 0.40540540540540543, 0.43243243243243246, 0.4594594594594595, 0.4864864864864865, 0.5135135135135135, 0.5405405405405406, 0.5263157894736842, 0.5526315789473685, 0.5584415584415584, 0.5443037974683544, 0.55, 0.575, 0.6, 0.625, 0.65, 0.654320987654321, 0.6790123456790124, 0.7037037037037037, 0.7283950617283951, 0.7530864197530864, 0.7777777777777778, 0.8024691358024691, 0.8271604938271605, 0.8518518518518519, 0.8765432098765432, 0.9012345679012346, 0.9259259259259259, 0.9506172839506173, 0.9753086419753086, 1.0], 0.39099833078531365], "first_gen": [[0.0, 0.0, 0.2, 0.3333333333333333, 0.25, 0.2, 0.16666666666666666, 0.23076923076923078, 0.2, 0.17647058823529413, 0.15789473684210525, 0.14285714285714285, 0.13043478260869565, 0.16666666666666666, 0.15384615384615385, 0.14285714285714285, 0.13333333333333333, 0.125, 0.15151515151515152, 0.21212121212121213, 0.2727272727272727, 0.2571428571428571, 0.2777777777777778, 0.2631578947368421, 0.3157894736842105, 0.3684210526315789, 0.35, 0.36585365853658536, 0.38095238095238093, 0.3953488372093023, 0.4090909090909091, 0.4222222222222222, 0.40425531914893614, 0.4166666666666667, 0.4583333333333333, 0.5, 0.5416666666666666, 0.5510204081632653, 0.56, 0.5384615384615384, 0.5471698113207547, 0.5849056603773585, 0.5636363636363636, 0.6, 0.6071428571428571, 0.6140350877192983, 0.5932203389830508, 0.6271186440677966, 0.6610169491525424, 0.6666666666666666, 0.6451612903225806, 0.625, 0.6060606060606061, 0.6119402985074627, 0.6176470588235294, 0.6231884057971014, 0.6285714285714286, 0.6338028169014085, 0.6164383561643836, 0.6, 0.6052631578947368, 0.6103896103896104, 0.6363636363636364, 0.6410256410256411, 0.6455696202531646, 0.6708860759493671, 0.6962025316455697, 0.7, 0.725, 0.75, 0.775, 0.7777777777777778, 0.8024691358024691, 0.8271604938271605, 0.8518518518518519, 0.8765432098765432, 0.9012345679012346, 0.9259259259259259, 0.9506172839506173, 0.9753086419753086, 1.0], 0.49299957766787844]}}