{"rank_algo": "anova_f_score", "seed": 79, "subsampling_proportion": 0.1, "exec_time": 0.14399933815002441, "results": {"features": ["feature82", "feature81", "feature23", "feature90", "feature48", "feature5", "feature27", "feature15", "feature2", "feature39", "feature22", "feature40", "feature59", "feature42", "feature50", "feature37", "feature12", "feature44", "feature46", "feature0", "feature49", "feature10", "feature9", "feature24", "feature41", "feature28", "feature8", "feature38", "feature34", "feature56", "feature52", "feature3", "feature30", "feature71", "feature16", "feature21", "feature51", "feature29", "feature36", "feature43", "feature47", "feature35", "feature66", "feature68", "feature4", "feature61", "feature31", "feature11", "feature67", "feature53", "feature17", "feature26", "feature13", "feature18", "feature20", "feature69", "feature64", "feature7", "feature62", "feature55", "feature1", "feature54", "feature57", "feature65", "feature33", "feature72", "feature25", "feature6", "feature58", "feature45", "feature63", "feature60", "feature19", "feature73"], "scores": [21254.691514210364, 16524.37220194091, 4308.904702604448, 2940.1095994390716, 2519.096679866138, 2234.163389522629, 2025.178621812881, 1793.049420251849, 1549.2462432395942, 1496.2766973756372, 1450.6961422176819, 1199.6214817205714, 1140.8480912672005, 1008.6586483609714, 728.0676908354725, 675.2181123183617, 638.3891764075252, 510.5790514730187, 489.6430765178796, 480.6778711081449, 475.8454719167943, 473.25170851010074, 455.1383009847745, 385.53032277073197, 380.9183505824759, 351.0598686403153, 323.2345342618517, 311.513958865027, 308.8892077698434, 308.0419670322734, 306.59285593186735, 305.59263918418736, 304.8123385225456, 289.82566111005406, 284.2079144623028, 263.02013040138405, 259.2198924798403, 255.77830151931553, 250.19052639263515, 209.59225121870645, 207.64361411638467, 197.412186661607, 188.66201282896594, 180.0821472600261, 159.50574992689505, 154.95889467534232, 148.75541932960485, 146.8697275383361, 134.42591879336726, 121.91685365869766, 121.8773148825126, 95.04725428734979, 90.17312048177463, 85.53761983520425, 73.6629738973573, 73.53979538528884, 65.70359828532405, 64.19029020776598, 60.59530127892398, 28.759977480626752, 28.550797515379614, 23.358443533955594, 20.742111516420938, 18.324783339076806, 12.940694030360813, 12.267990443164376, 12.058199039615577, 11.386651020660956, 9.020819339895448, 6.796391764777136, 4.774353216961475, 2.209329658022213, 1.5346948928719826, 1.0944509004798102]}, "evaluations": {"eval_method": "jaccard_full_score", "singles": [[0.0, 0.0, 0.2, 0.14285714285714285, 0.1111111111111111, 0.09090909090909091, 0.07692307692307693, 0.14285714285714285, 0.125, 0.1111111111111111, 0.1, 0.09090909090909091, 0.13043478260869565, 0.12, 0.15384615384615385, 0.14285714285714285, 0.21428571428571427, 0.2413793103448276, 0.26666666666666666, 0.25, 0.2727272727272727, 0.29411764705882354, 0.2777777777777778, 0.2631578947368421, 0.28205128205128205, 0.2682926829268293, 0.2558139534883721, 0.2727272727272727, 0.28888888888888886, 0.2765957446808511, 0.2653061224489796, 0.28, 0.29411764705882354, 0.3076923076923077, 0.34615384615384615, 0.3584905660377358, 0.39622641509433965, 0.38181818181818183, 0.39285714285714285, 0.40350877192982454, 0.41379310344827586, 0.423728813559322, 0.43333333333333335, 0.4426229508196721, 0.42857142857142855, 0.4603174603174603, 0.46875, 0.5, 0.53125, 0.5384615384615384, 0.5223880597014925, 0.5522388059701493, 0.5588235294117647, 0.5652173913043478, 0.5714285714285714, 0.5774647887323944, 0.5833333333333334, 0.6111111111111112, 0.6388888888888888, 0.6438356164383562, 0.6712328767123288, 0.6986301369863014, 0.726027397260274, 0.7534246575342466, 0.7808219178082192, 0.8082191780821918, 0.8108108108108109, 0.8378378378378378, 0.8648648648648649, 0.8918918918918919, 0.918918918918919, 0.9459459459459459, 0.972972972972973, 1.0], 0.41830996010822746], "first_gen": [[0.0, 0.0, 0.5, 0.6, 0.42857142857142855, 0.3333333333333333, 0.2727272727272727, 0.23076923076923078, 0.2857142857142857, 0.25, 0.29411764705882354, 0.2631578947368421, 0.23809523809523808, 0.21739130434782608, 0.2, 0.18518518518518517, 0.1724137931034483, 0.2, 0.22580645161290322, 0.2903225806451613, 0.3548387096774194, 0.375, 0.4375, 0.4117647058823529, 0.42857142857142855, 0.40540540540540543, 0.42105263157894735, 0.4358974358974359, 0.4146341463414634, 0.42857142857142855, 0.4418604651162791, 0.4883720930232558, 0.5, 0.5111111111111111, 0.48936170212765956, 0.5319148936170213, 0.574468085106383, 0.5510204081632653, 0.5918367346938775, 0.6326530612244898, 0.673469387755102, 0.68, 0.6538461538461539, 0.660377358490566, 0.6666666666666666, 0.6727272727272727, 0.6491228070175439, 0.6551724137931034, 0.6610169491525424, 0.639344262295082, 0.6451612903225806, 0.6507936507936508, 0.6307692307692307, 0.6615384615384615, 0.6923076923076923, 0.7230769230769231, 0.7014925373134329, 0.7313432835820896, 0.7611940298507462, 0.7910447761194029, 0.8208955223880597, 0.8507462686567164, 0.8260869565217391, 0.855072463768116, 0.8309859154929577, 0.8591549295774648, 0.8611111111111112, 0.8888888888888888, 0.8904109589041096, 0.9178082191780822, 0.9452054794520548, 0.9459459459459459, 0.972972972972973, 1.0], 0.5503998749628309]}}