{"rank_algo": "anova_f_score", "seed": 59, "subsampling_proportion": 0.1, "exec_time": 0.14100146293640137, "results": {"features": ["feature82", "feature81", "feature90", "feature5", "feature39", "feature15", "feature40", "feature2", "feature59", "feature56", "feature12", "feature23", "feature48", "feature27", "feature42", "feature50", "feature30", "feature37", "feature29", "feature49", "feature41", "feature34", "feature52", "feature71", "feature24", "feature36", "feature10", "feature9", "feature38", "feature44", "feature46", "feature28", "feature62", "feature51", "feature22", "feature68", "feature8", "feature4", "feature3", "feature17", "feature0", "feature35", "feature43", "feature67", "feature16", "feature66", "feature47", "feature26", "feature53", "feature21", "feature13", "feature19", "feature11", "feature45", "feature31", "feature65", "feature57", "feature64", "feature20", "feature1", "feature55", "feature18", "feature63", "feature7", "feature6", "feature54", "feature72", "feature33", "feature69", "feature58", "feature61", "feature25", "feature60", "feature73", "feature70", "feature92", "feature93", "feature94", "feature95", "feature96", "feature97"], "scores": [18086.617042760343, 15248.121323102905, 2937.3483283962187, 2280.9828106163354, 1717.545333412725, 1589.863419584071, 1379.270549979739, 1303.0789057243842, 1232.5228529596702, 1157.4925086988603, 1032.671504488063, 942.6079478918517, 865.4790245114427, 851.9383356119306, 842.7328579581821, 800.4424814215806, 643.9417325807325, 600.82705676791, 469.02597191680246, 443.29212857924523, 416.0442598803369, 371.6823728909068, 366.6584730518717, 332.5874674536353, 323.30466887862633, 293.35930322604213, 266.45876930898646, 265.449977778757, 261.31866402358764, 259.30482765400313, 247.46922685709862, 243.59846144576204, 237.3361657338476, 235.87565657996828, 235.32933712104213, 220.833650583803, 215.8631197577915, 214.8583888034783, 204.96758249545007, 198.22899864144202, 190.25934679947073, 186.46180691140077, 186.15627869143313, 167.09999507735628, 161.93803080556856, 161.02238786290263, 155.40331487247184, 130.34250957992398, 127.2010633580546, 120.09763754535741, 113.64378855828305, 81.59731540777754, 77.44479914117242, 71.4600464531958, 65.66767652059545, 61.86371847847751, 54.80257545303749, 44.45838987169539, 38.81028193948085, 32.69517401381296, 24.737481996471068, 16.8906923139384, 16.37170912692512, 16.352884910357375, 14.183251872657113, 12.865748570921562, 11.858030566193136, 11.49721192230021, 8.527476910550597, 6.611347796911191, 4.227317439778633, 2.3835724286154907, 1.159577743047983, 0.5759982800457834, NaN, NaN, NaN, NaN, NaN, NaN, NaN]}, "evaluations": {"eval_method": "jaccard_full_score", "singles": [[0.0, 0.0, 0.0, 0.0, 0.0, 0.0, 0.07692307692307693, 0.06666666666666667, 0.058823529411764705, 0.05263157894736842, 0.1, 0.14285714285714285, 0.18181818181818182, 0.16666666666666666, 0.2, 0.18518518518518517, 0.1724137931034483, 0.2, 0.1875, 0.21212121212121213, 0.23529411764705882, 0.2222222222222222, 0.21052631578947367, 0.2, 0.19047619047619047, 0.18181818181818182, 0.2, 0.21739130434782608, 0.23404255319148937, 0.25, 0.2653061224489796, 0.28, 0.32, 0.3333333333333333, 0.37254901960784315, 0.3584905660377358, 0.34545454545454546, 0.35714285714285715, 0.3448275862068966, 0.3559322033898305, 0.3442622950819672, 0.3548387096774194, 0.34375, 0.35384615384615387, 0.36363636363636365, 0.373134328358209, 0.38235294117647056, 0.391304347826087, 0.4, 0.4084507042253521, 0.43661971830985913, 0.4444444444444444, 0.4722222222222222, 0.5, 0.5068493150684932, 0.5135135135135135, 0.52, 0.5064935064935064, 0.5324675324675324, 0.5584415584415584, 0.5443037974683544, 0.569620253164557, 0.5949367088607594, 0.620253164556962, 0.6455696202531646, 0.6708860759493671, 0.6962025316455697, 0.7215189873417721, 0.725, 0.75, 0.775, 0.7777777777777778, 0.8024691358024691, 0.8271604938271605, 0.8518518518518519, 0.8765432098765432, 0.9012345679012346, 0.9259259259259259, 0.9506172839506173, 0.9753086419753086, 1.0], 0.39859027294667143], "first_gen": [[0.0, 0.0, 0.2, 0.3333333333333333, 0.25, 0.2, 0.16666666666666666, 0.23076923076923078, 0.2, 0.17647058823529413, 0.15789473684210525, 0.2, 0.18181818181818182, 0.16666666666666666, 0.15384615384615385, 0.14285714285714285, 0.13333333333333333, 0.125, 0.15151515151515152, 0.21212121212121213, 0.23529411764705882, 0.2222222222222222, 0.24324324324324326, 0.2631578947368421, 0.28205128205128205, 0.2682926829268293, 0.2857142857142857, 0.3333333333333333, 0.3488372093023256, 0.36363636363636365, 0.37777777777777777, 0.391304347826087, 0.40425531914893614, 0.4166666666666667, 0.4583333333333333, 0.46938775510204084, 0.5102040816326531, 0.52, 0.56, 0.5686274509803921, 0.6078431372549019, 0.6153846153846154, 0.6226415094339622, 0.6296296296296297, 0.6666666666666666, 0.6727272727272727, 0.6785714285714286, 0.7142857142857143, 0.7192982456140351, 0.7241379310344828, 0.7, 0.7049180327868853, 0.6825396825396826, 0.6615384615384615, 0.6417910447761194, 0.6231884057971014, 0.6056338028169014, 0.589041095890411, 0.5945945945945946, 0.6, 0.6266666666666667, 0.6533333333333333, 0.6578947368421053, 0.6842105263157895, 0.7105263157894737, 0.7368421052631579, 0.7631578947368421, 0.7662337662337663, 0.7922077922077922, 0.7721518987341772, 0.775, 0.8, 0.8024691358024691, 0.8271604938271605, 0.8518518518518519, 0.8765432098765432, 0.9012345679012346, 0.9259259259259259, 0.9506172839506173, 0.9753086419753086, 1.0], 0.5038549897982904]}}