{"rank_algo": "mutual_info_score", "seed": 56, "subsampling_proportion": 0.01, "exec_time": 4.121819019317627, "results": {"features": ["feature99", "feature98", "feature86", "feature83", "feature84", "feature85", "feature88", "feature87", "feature82", "feature89", "feature81", "feature17", "feature27", "feature43", "feature56", "feature59", "feature32", "feature90", "feature23", "feature44", "feature48", "feature22", "feature14", "feature42", "feature38", "feature37", "feature41", "feature26", "feature12", "feature69", "feature91", "feature61", "feature5", "feature70", "feature30", "feature57", "feature54", "feature58", "feature66", "feature2", "feature68", "feature47", "feature51", "feature45", "feature15", "feature29", "feature63", "feature96", "feature36", "feature73", "feature52", "feature76", "feature53", "feature20", "feature35", "feature18", "feature62", "feature28", "feature71", "feature1", "feature50", "feature49", "feature33", "feature39", "feature97", "feature34", "feature94", "feature11", "feature24", "feature4", "feature40", "feature77", "feature25", "feature7", "feature95", "feature46", "feature60", "feature0", "feature10", "feature13", "feature16", "feature19", "feature21", "feature3", "feature31", "feature55", "feature6", "feature64", "feature65", "feature67", "feature72", "feature74", "feature75", "feature78", "feature79", "feature8", "feature80", "feature9", "feature92", "feature93"], "scores": [0.4962020182451188, 0.4961384373702459, 0.049609331616367935, 0.04901881284322984, 0.04814227762539125, 0.047361061607492205, 0.04677296979081258, 0.046002370757455946, 0.04350499276135089, 0.043075522279236056, 0.03744604421644526, 0.013967988390336528, 0.011845707578736597, 0.01132506124592969, 0.01080380344615195, 0.009563522081231346, 0.009498326619392428, 0.008986701614795312, 0.00894848704810669, 0.008714319945713589, 0.008488338564737852, 0.008455130886443118, 0.008444478437286351, 0.007232732274293996, 0.006904453156229895, 0.006686318535105817, 0.006262394104139979, 0.006117005663451414, 0.005969595561585939, 0.005943475541160037, 0.00593860136716895, 0.005706713841702182, 0.005251054267366717, 0.005049598022396795, 0.004998955084954071, 0.0049184993384532305, 0.0047667472260319865, 0.00460723649540129, 0.004435434233896807, 0.004014211960273739, 0.003967807872344631, 0.003948257590475901, 0.0038544984737836074, 0.003851650934971751, 0.0037900905502281645, 0.0036268054883197287, 0.0034515155307659473, 0.00339238760222238, 0.0033341940901880918, 0.003209896715497429, 0.003074422729786086, 0.0024209998076329953, 0.002349019683960396, 0.0021381718331259236, 0.0017871632180181951, 0.0014943341520219366, 0.0014626679189795322, 0.0014006802327788392, 0.0013653393059276375, 0.001364305153200851, 0.00133109824468991, 0.0013211976647473644, 0.0012682214674346604, 0.0011360554316086624, 0.0011063661831773874, 0.001068183833449643, 0.0010130708103552877, 0.0009283127068329122, 0.0008273154767941548, 0.0006370116515470592, 0.0005813680891946227, 0.0005126245535576057, 0.00043943266169899076, 0.0003223459852521593, 0.00021167563671409262, 8.981365922355877e-05, 1.7563766546047077e-05, 0.0, 0.0, 0.0, 0.0, 0.0, 0.0, 0.0, 0.0, 0.0, 0.0, 0.0, 0.0, 0.0, 0.0, 0.0, 0.0, 0.0, 0.0, 0.0, 0.0, 0.0, 0.0, 0.0]}, "evaluations": {"eval_method": "jaccard_full_score", "singles": [[1.0, 1.0, 0.5, 0.3333333333333333, 0.25, 0.2, 0.16666666666666666, 0.14285714285714285, 0.125, 0.1111111111111111, 0.1, 0.09090909090909091, 0.08333333333333333, 0.07692307692307693, 0.07142857142857142, 0.06666666666666667, 0.0967741935483871, 0.09090909090909091, 0.11764705882352941, 0.1111111111111111, 0.10526315789473684, 0.1282051282051282, 0.12195121951219512, 0.11627906976744186, 0.1111111111111111, 0.10638297872340426, 0.125, 0.14285714285714285, 0.16, 0.17647058823529413, 0.16981132075471697, 0.18518518518518517, 0.17857142857142858, 0.19298245614035087, 0.1864406779661017, 0.18032786885245902, 0.1935483870967742, 0.22580645161290322, 0.21875, 0.23076923076923078, 0.24242424242424243, 0.2537313432835821, 0.2835820895522388, 0.31343283582089554, 0.3235294117647059, 0.3142857142857143, 0.323943661971831, 0.3150684931506849, 0.32432432432432434, 0.3333333333333333, 0.34210526315789475, 0.3333333333333333, 0.325, 0.35, 0.34146341463414637, 0.3493975903614458, 0.37349397590361444, 0.38095238095238093, 0.40476190476190477, 0.42857142857142855, 0.4523809523809524, 0.47619047619047616, 0.5, 0.4883720930232558, 0.4942528735632184, 0.5, 0.5227272727272727, 0.5280898876404494, 0.5333333333333333, 0.5384615384615384, 0.5434782608695652, 0.5652173913043478, 0.5531914893617021, 0.574468085106383, 0.5957446808510638, 0.6, 0.6210526315789474, 0.625, 0.6458333333333334, 0.6494845360824743, 0.6701030927835051, 0.6907216494845361, 0.711340206185567, 0.7319587628865979, 0.7346938775510204, 0.7373737373737373, 0.7575757575757576, 0.76, 0.78, 0.8, 0.82, 0.84, 0.86, 0.88, 0.9, 0.92, 0.94, 0.96, 0.98, 1.0], 0.4154360051728631], "first_gen": [[1.0, 1.0, 0.5, 0.3333333333333333, 0.42857142857142855, 0.5, 0.5555555555555556, 0.6, 0.5, 0.6666666666666666, 0.6923076923076923, 0.7142857142857143, 0.7333333333333333, 0.6470588235294118, 0.5789473684210527, 0.5238095238095238, 0.4782608695652174, 0.44, 0.46153846153846156, 0.42857142857142855, 0.4, 0.41935483870967744, 0.3939393939393939, 0.4117647058823529, 0.3888888888888889, 0.40540540540540543, 0.38461538461538464, 0.36585365853658536, 0.3488372093023256, 0.36363636363636365, 0.37777777777777777, 0.391304347826087, 0.40425531914893614, 0.3877551020408163, 0.37254901960784315, 0.38461538461538464, 0.39622641509433965, 0.4074074074074074, 0.39285714285714285, 0.42857142857142855, 0.43859649122807015, 0.4482758620689655, 0.4827586206896552, 0.4915254237288136, 0.5, 0.5081967213114754, 0.49206349206349204, 0.5, 0.53125, 0.5151515151515151, 0.5223880597014925, 0.5072463768115942, 0.5142857142857142, 0.5211267605633803, 0.5068493150684932, 0.5342465753424658, 0.5405405405405406, 0.5675675675675675, 0.5733333333333334, 0.6, 0.6052631578947368, 0.631578947368421, 0.6153846153846154, 0.6410256410256411, 0.6455696202531646, 0.6708860759493671, 0.675, 0.6585365853658537, 0.6428571428571429, 0.627906976744186, 0.632183908045977, 0.6179775280898876, 0.6222222222222222, 0.6444444444444445, 0.6483516483516484, 0.6521739130434783, 0.6559139784946236, 0.6595744680851063, 0.6631578947368421, 0.6494845360824743, 0.6701030927835051, 0.6907216494845361, 0.6938775510204082, 0.7142857142857143, 0.7171717171717171, 0.7373737373737373, 0.7575757575757576, 0.76, 0.78, 0.8, 0.82, 0.84, 0.86, 0.88, 0.9, 0.92, 0.94, 0.96, 0.98, 1.0], 0.5877157604741832]}}