{"rank_algo": "mutual_info_score", "seed": 83, "subsampling_proportion": 0.01, "exec_time": 4.015107870101929, "results": {"features": ["feature99", "feature98", "feature89", "feature85", "feature86", "feature87", "feature82", "feature83", "feature84", "feature88", "feature81", "feature56", "feature48", "feature23", "feature91", "feature90", "feature27", "feature15", "feature60", "feature14", "feature32", "feature5", "feature50", "feature64", "feature40", "feature55", "feature51", "feature47", "feature29", "feature42", "feature1", "feature80", "feature21", "feature54", "feature39", "feature2", "feature17", "feature65", "feature59", "feature93", "feature57", "feature36", "feature7", "feature0", "feature97", "feature78", "feature66", "feature8", "feature43", "feature16", "feature75", "feature38", "feature22", "feature76", "feature12", "feature69", "feature37", "feature19", "feature41", "feature18", "feature25", "feature4", "feature10", "feature24", "feature67", "feature68", "feature11", "feature13", "feature20", "feature26", "feature28", "feature3", "feature30", "feature31", "feature33", "feature34", "feature35", "feature44", "feature45", "feature46", "feature49", "feature52", "feature53", "feature58", "feature6", "feature61", "feature62", "feature63", "feature70", "feature71", "feature72", "feature73", "feature74", "feature77", "feature79", "feature9", "feature92", "feature94", "feature95", "feature96"], "scores": [0.5025526952909245, 0.5023937431037424, 0.055820002968447247, 0.05568966087889571, 0.05545830346854741, 0.05488290219191794, 0.05389683514193866, 0.052543465561366576, 0.049083799447945387, 0.04851235572478774, 0.03963890652838331, 0.012501143067481069, 0.012495761443986009, 0.012388748189582577, 0.012374513977653878, 0.0116104984893588, 0.010559790809078207, 0.010259304816460535, 0.00863053187724172, 0.008546737898214474, 0.008464497935235071, 0.00774814892341924, 0.0076113139207190095, 0.007369450308559733, 0.006698832492216811, 0.006643671268809381, 0.006422628276680831, 0.006017171798426091, 0.005922322243210765, 0.005892492944438388, 0.005453883442406493, 0.005185072864779761, 0.005184072458582989, 0.005111315350463386, 0.004767769578505332, 0.004409127692511339, 0.004257116057649224, 0.004256829662383499, 0.004135548582120618, 0.0041132499191927074, 0.004097149444441062, 0.004072283816117128, 0.0037396956886694976, 0.003460491566182, 0.0033461190813917074, 0.0033148101602178404, 0.003276168404627411, 0.0032754700863555364, 0.003124083408220235, 0.002924518802021492, 0.00292012208354131, 0.002722154000540211, 0.0023081753751386103, 0.002185460530968353, 0.0019897659777226018, 0.0018592588754193784, 0.001842840474838514, 0.0017481205200282623, 0.0016538827315923932, 0.001569950441256962, 0.0012543177084063384, 0.0010870234653337363, 0.0009520159535167938, 0.0004957316885965124, 0.00029789533071822305, 0.00025162721213245476, 0.0, 0.0, 0.0, 0.0, 0.0, 0.0, 0.0, 0.0, 0.0, 0.0, 0.0, 0.0, 0.0, 0.0, 0.0, 0.0, 0.0, 0.0, 0.0, 0.0, 0.0, 0.0, 0.0, 0.0, 0.0, 0.0, 0.0, 0.0, 0.0, 0.0, 0.0, 0.0, 0.0, 0.0]}, "evaluations": {"eval_method": "jaccard_full_score", "singles": [[1.0, 1.0, 0.5, 0.3333333333333333, 0.25, 0.2, 0.16666666666666666, 0.14285714285714285, 0.125, 0.1111111111111111, 0.1, 0.09090909090909091, 0.08333333333333333, 0.12, 0.1111111111111111, 0.10344827586206896, 0.0967741935483871, 0.125, 0.11764705882352941, 0.1111111111111111, 0.10526315789473684, 0.1, 0.09523809523809523, 0.09090909090909091, 0.1111111111111111, 0.13043478260869565, 0.14893617021276595, 0.14285714285714285, 0.13725490196078433, 0.15384615384615385, 0.16981132075471697, 0.18518518518518517, 0.2, 0.23636363636363636, 0.22807017543859648, 0.2413793103448276, 0.23333333333333334, 0.2459016393442623, 0.25806451612903225, 0.25, 0.26153846153846155, 0.2727272727272727, 0.2835820895522388, 0.2753623188405797, 0.2676056338028169, 0.2602739726027397, 0.25333333333333335, 0.2631578947368421, 0.2727272727272727, 0.2987012987012987, 0.3246753246753247, 0.31645569620253167, 0.325, 0.3333333333333333, 0.34146341463414637, 0.3493975903614458, 0.35714285714285715, 0.38095238095238093, 0.40476190476190477, 0.42857142857142855, 0.4186046511627907, 0.42528735632183906, 0.4318181818181818, 0.43820224719101125, 0.4606741573033708, 0.45054945054945056, 0.4725274725274725, 0.4945054945054945, 0.5164835164835165, 0.5384615384615384, 0.5604395604395604, 0.5652173913043478, 0.5531914893617021, 0.5578947368421052, 0.5789473684210527, 0.5670103092783505, 0.5714285714285714, 0.5757575757575758, 0.5959595959595959, 0.6161616161616161, 0.6363636363636364, 0.6565656565656566, 0.66, 0.68, 0.7, 0.72, 0.74, 0.76, 0.78, 0.8, 0.82, 0.84, 0.86, 0.88, 0.9, 0.92, 0.94, 0.96, 0.98, 1.0], 0.4065159313697545], "first_gen": [[1.0, 1.0, 0.5, 0.3333333333333333, 0.42857142857142855, 0.5, 0.5555555555555556, 0.6, 0.5, 0.6666666666666666, 0.6923076923076923, 0.7142857142857143, 0.7333333333333333, 0.75, 0.6666666666666666, 0.6, 0.5454545454545454, 0.5, 0.46153846153846156, 0.42857142857142855, 0.4, 0.375, 0.35294117647058826, 0.3333333333333333, 0.3157894736842105, 0.3, 0.2857142857142857, 0.3023255813953488, 0.3181818181818182, 0.3333333333333333, 0.37777777777777777, 0.391304347826087, 0.43478260869565216, 0.4166666666666667, 0.42857142857142855, 0.44, 0.48, 0.46153846153846156, 0.4716981132075472, 0.48148148148148145, 0.4909090909090909, 0.5, 0.5087719298245614, 0.543859649122807, 0.5254237288135594, 0.5333333333333333, 0.5409836065573771, 0.5737704918032787, 0.5806451612903226, 0.5625, 0.5454545454545454, 0.5757575757575758, 0.582089552238806, 0.5652173913043478, 0.5942028985507246, 0.5774647887323944, 0.5833333333333334, 0.589041095890411, 0.6164383561643836, 0.6216216216216216, 0.6266666666666667, 0.631578947368421, 0.6363636363636364, 0.6410256410256411, 0.6455696202531646, 0.6296296296296297, 0.6144578313253012, 0.6, 0.6046511627906976, 0.6091954022988506, 0.632183908045977, 0.6363636363636364, 0.6404494382022472, 0.6444444444444445, 0.6304347826086957, 0.6344086021505376, 0.6382978723404256, 0.6595744680851063, 0.6458333333333334, 0.6666666666666666, 0.6875, 0.7083333333333334, 0.711340206185567, 0.7142857142857143, 0.7346938775510204, 0.7373737373737373, 0.7575757575757576, 0.76, 0.78, 0.8, 0.82, 0.84, 0.86, 0.88, 0.9, 0.92, 0.94, 0.96, 0.98, 1.0], 0.5984489008195304]}}