{"rank_algo": "mutual_info_score", "seed": 9, "subsampling_proportion": 0.01, "exec_time": 4.036032438278198, "results": {"features": ["feature98", "feature99", "feature86", "feature82", "feature88", "feature89", "feature84", "feature87", "feature81", "feature83", "feature85", "feature56", "feature48", "feature5", "feature91", "feature90", "feature23", "feature17", "feature39", "feature36", "feature93", "feature32", "feature70", "feature59", "feature95", "feature7", "feature22", "feature69", "feature30", "feature58", "feature47", "feature15", "feature66", "feature71", "feature54", "feature14", "feature8", "feature33", "feature2", "feature19", "feature25", "feature26", "feature63", "feature24", "feature79", "feature12", "feature64", "feature34", "feature20", "feature49", "feature1", "feature51", "feature4", "feature38", "feature80", "feature31", "feature76", "feature21", "feature72", "feature40", "feature73", "feature65", "feature53", "feature35", "feature28", "feature92", "feature96", "feature27", "feature62", "feature60", "feature0", "feature10", "feature11", "feature13", "feature16", "feature18", "feature29", "feature3", "feature37", "feature41", "feature42", "feature43", "feature44", "feature45", "feature46", "feature50", "feature52", "feature55", "feature57", "feature6", "feature61", "feature67", "feature68", "feature74", "feature75", "feature77", "feature78", "feature9", "feature94", "feature97"], "scores": [0.4973054122210451, 0.4972100409087358, 0.052233117818416774, 0.05144992041335117, 0.050977623410814576, 0.05084883243417537, 0.04933540325136443, 0.04920139131671686, 0.04822932793666035, 0.04284945370186133, 0.04183937831564544, 0.011934950411413903, 0.010871620362005174, 0.010580014520684244, 0.009858298626227224, 0.009752277056651604, 0.00906286110194765, 0.007988457942956106, 0.007490147467859254, 0.0057550766927172425, 0.005152110833124501, 0.004878956043282701, 0.004645652658029187, 0.004644414163315291, 0.004620932952833723, 0.004525196875220239, 0.004393114358577366, 0.004055068381314086, 0.0038637345203418327, 0.003862848263363361, 0.0037188255209479326, 0.0036891803283991553, 0.0036354059572667463, 0.003517176406069744, 0.0034987787373919055, 0.0033018430802060905, 0.002992289491571265, 0.002897728086973972, 0.0028861546573728525, 0.002849496666561979, 0.0028080212483518885, 0.0028043439612053245, 0.0025735147739305297, 0.0025198210744077354, 0.0024592115921255875, 0.002452431379352138, 0.0024506066096929846, 0.0023711596045083994, 0.0023524653428219633, 0.0022596314773482007, 0.0022509783600117572, 0.002224474394221687, 0.001968889314684752, 0.0018578904775028438, 0.0016308993946649863, 0.0015815046960541146, 0.001565894031612114, 0.0013814270390861694, 0.0011669830465577125, 0.0011666247081258962, 0.0011193908363629212, 0.0010996133136358388, 0.0006701979406360525, 0.0006039105492410268, 0.0004613622985021326, 0.0003545513078755391, 0.000242241974554247, 0.00020029160493972853, 0.00013509315924387089, 4.747972371266229e-05, 0.0, 0.0, 0.0, 0.0, 0.0, 0.0, 0.0, 0.0, 0.0, 0.0, 0.0, 0.0, 0.0, 0.0, 0.0, 0.0, 0.0, 0.0, 0.0, 0.0, 0.0, 0.0, 0.0, 0.0, 0.0, 0.0, 0.0, 0.0, 0.0, 0.0]}, "evaluations": {"eval_method": "jaccard_full_score", "singles": [[1.0, 1.0, 0.5, 0.3333333333333333, 0.25, 0.2, 0.16666666666666666, 0.14285714285714285, 0.125, 0.1111111111111111, 0.1, 0.09090909090909091, 0.08333333333333333, 0.07692307692307693, 0.07142857142857142, 0.06666666666666667, 0.0967741935483871, 0.09090909090909091, 0.08571428571428572, 0.08108108108108109, 0.07692307692307693, 0.07317073170731707, 0.06976744186046512, 0.09090909090909091, 0.08695652173913043, 0.08333333333333333, 0.10204081632653061, 0.09803921568627451, 0.09433962264150944, 0.1320754716981132, 0.12727272727272726, 0.14285714285714285, 0.13793103448275862, 0.1724137931034483, 0.1864406779661017, 0.18032786885245902, 0.1746031746031746, 0.1875, 0.2, 0.21212121212121213, 0.22388059701492538, 0.2537313432835821, 0.2835820895522388, 0.29411764705882354, 0.2857142857142857, 0.29577464788732394, 0.2876712328767123, 0.2972972972972973, 0.32432432432432434, 0.35135135135135137, 0.3783783783783784, 0.38666666666666666, 0.37662337662337664, 0.38461538461538464, 0.3924050632911392, 0.38271604938271603, 0.3902439024390244, 0.4146341463414634, 0.42168674698795183, 0.4457831325301205, 0.4523809523809524, 0.4418604651162791, 0.4482758620689655, 0.43820224719101125, 0.4444444444444444, 0.45054945054945056, 0.4725274725274725, 0.4945054945054945, 0.5, 0.5217391304347826, 0.5268817204301075, 0.5319148936170213, 0.5368421052631579, 0.5578947368421052, 0.5789473684210527, 0.6, 0.5876288659793815, 0.6082474226804123, 0.6288659793814433, 0.6494845360824743, 0.6701030927835051, 0.673469387755102, 0.6767676767676768, 0.696969696969697, 0.7171717171717171, 0.7373737373737373, 0.74, 0.76, 0.78, 0.8, 0.82, 0.84, 0.86, 0.88, 0.9, 0.92, 0.94, 0.96, 0.98, 1.0], 0.40399976483757805], "first_gen": [[1.0, 1.0, 0.5, 0.3333333333333333, 0.42857142857142855, 0.3333333333333333, 0.4, 0.45454545454545453, 0.5, 0.5384615384615384, 0.6923076923076923, 0.7142857142857143, 0.7333333333333333, 0.6470588235294118, 0.5789473684210527, 0.5238095238095238, 0.5454545454545454, 0.5, 0.46153846153846156, 0.42857142857142855, 0.4, 0.375, 0.35294117647058826, 0.3333333333333333, 0.3157894736842105, 0.3, 0.3170731707317073, 0.3023255813953488, 0.28888888888888886, 0.30434782608695654, 0.3191489361702128, 0.3617021276595745, 0.3469387755102041, 0.36, 0.37254901960784315, 0.4117647058823529, 0.4230769230769231, 0.4074074074074074, 0.41818181818181815, 0.45454545454545453, 0.4642857142857143, 0.5, 0.4827586206896552, 0.4915254237288136, 0.47540983606557374, 0.4838709677419355, 0.49206349206349204, 0.5, 0.53125, 0.5384615384615384, 0.5454545454545454, 0.5522388059701493, 0.5362318840579711, 0.5428571428571428, 0.5492957746478874, 0.5342465753424658, 0.5405405405405406, 0.5466666666666666, 0.5324675324675324, 0.5384615384615384, 0.525, 0.5308641975308642, 0.5180722891566265, 0.5421686746987951, 0.5662650602409639, 0.5714285714285714, 0.5764705882352941, 0.6, 0.6046511627906976, 0.5909090909090909, 0.5955056179775281, 0.6, 0.6043956043956044, 0.6086956521739131, 0.6304347826086957, 0.6521739130434783, 0.6382978723404256, 0.6421052631578947, 0.6631578947368421, 0.6666666666666666, 0.6875, 0.6907216494845361, 0.711340206185567, 0.7142857142857143, 0.7346938775510204, 0.7551020408163265, 0.7755102040816326, 0.7959183673469388, 0.797979797979798, 0.8, 0.82, 0.84, 0.86, 0.88, 0.9, 0.92, 0.94, 0.96, 0.98, 1.0], 0.5691612924995527]}}