{"rank_algo": "mutual_info_score", "seed": 67, "subsampling_proportion": 0.01, "exec_time": 4.399731636047363, "results": {"features": ["feature99", "feature98", "feature89", "feature87", "feature86", "feature85", "feature88", "feature84", "feature83", "feature82", "feature81", "feature56", "feature48", "feature14", "feature17", "feature23", "feature32", "feature19", "feature57", "feature31", "feature50", "feature71", "feature76", "feature53", "feature91", "feature0", "feature8", "feature9", "feature27", "feature15", "feature90", "feature12", "feature10", "feature30", "feature29", "feature58", "feature47", "feature40", "feature39", "feature2", "feature72", "feature1", "feature55", "feature44", "feature36", "feature61", "feature46", "feature16", "feature20", "feature26", "feature11", "feature65", "feature52", "feature37", "feature75", "feature4", "feature22", "feature63", "feature21", "feature62", "feature41", "feature24", "feature51", "feature80", "feature60", "feature5", "feature95", "feature42", "feature3", "feature54", "feature74", "feature25", "feature38", "feature13", "feature18", "feature28", "feature33", "feature34", "feature35", "feature43", "feature45", "feature49", "feature59", "feature6", "feature64", "feature66", "feature67", "feature68", "feature69", "feature7", "feature70", "feature73", "feature77", "feature78", "feature79", "feature92", "feature93", "feature94", "feature96", "feature97"], "scores": [0.4971393623180289, 0.4967896675062283, 0.05942840027871865, 0.057347199866706555, 0.056197211999435615, 0.054127527988727664, 0.05371729826797633, 0.050039462649380306, 0.0499300008258563, 0.04939671014746705, 0.033539661468973136, 0.013986532860388978, 0.012503990275747334, 0.011192325254993696, 0.01077783057088988, 0.008979100270811502, 0.008965058160009809, 0.008535421285697398, 0.00847874029259943, 0.0070585514430943075, 0.007048312458293182, 0.0069787286460827325, 0.00628958406091118, 0.005957074557412678, 0.005785911059217108, 0.005733164234962285, 0.005684313178652145, 0.005543475985573698, 0.005354308349130754, 0.0053510491952850625, 0.004971508252332502, 0.004730279999172415, 0.0046564817214003185, 0.0046216865280033215, 0.004592342017272211, 0.004513959742960205, 0.0044427075122184245, 0.004430705510042765, 0.004380593250794096, 0.004322231293190315, 0.00428597974157241, 0.004246067359815253, 0.0033577098614334666, 0.003038990698433386, 0.0029885214953473405, 0.002765205679781335, 0.002731756145378572, 0.0024971921411780507, 0.0024482193818269327, 0.0024476282352310363, 0.002440898362938926, 0.0023848543444437986, 0.0023564328408598456, 0.0021122697714104355, 0.0020680782195168224, 0.002001996177529497, 0.001884769719547652, 0.0018682427056935236, 0.0017847188558595128, 0.0017752952501537411, 0.001714905695255231, 0.001666647770939722, 0.0016011506387469954, 0.0015322439771796592, 0.0013482286925414755, 0.0010974763016688982, 0.0010866662651345393, 0.0010578789863189275, 0.0006520295195546755, 0.000646498266922535, 0.0005156236222154664, 0.00027765383554045897, 0.00014566408227167926, 0.0, 0.0, 0.0, 0.0, 0.0, 0.0, 0.0, 0.0, 0.0, 0.0, 0.0, 0.0, 0.0, 0.0, 0.0, 0.0, 0.0, 0.0, 0.0, 0.0, 0.0, 0.0, 0.0, 0.0, 0.0, 0.0, 0.0]}, "evaluations": {"eval_method": "jaccard_full_score", "singles": [[1.0, 1.0, 0.5, 0.3333333333333333, 0.25, 0.2, 0.16666666666666666, 0.14285714285714285, 0.125, 0.1111111111111111, 0.1, 0.09090909090909091, 0.08333333333333333, 0.07692307692307693, 0.07142857142857142, 0.10344827586206896, 0.0967741935483871, 0.125, 0.11764705882352941, 0.1111111111111111, 0.10526315789473684, 0.1, 0.09523809523809523, 0.09090909090909091, 0.08695652173913043, 0.08333333333333333, 0.08, 0.07692307692307693, 0.07407407407407407, 0.1111111111111111, 0.12727272727272726, 0.14285714285714285, 0.17857142857142858, 0.19298245614035087, 0.1864406779661017, 0.2, 0.1935483870967742, 0.22580645161290322, 0.21875, 0.23076923076923078, 0.24242424242424243, 0.2727272727272727, 0.2835820895522388, 0.2753623188405797, 0.2676056338028169, 0.2777777777777778, 0.2876712328767123, 0.2972972972972973, 0.32432432432432434, 0.3333333333333333, 0.36, 0.35064935064935066, 0.34177215189873417, 0.35, 0.35802469135802467, 0.36585365853658536, 0.3902439024390244, 0.39759036144578314, 0.42168674698795183, 0.4457831325301205, 0.4523809523809524, 0.47619047619047616, 0.4823529411764706, 0.4883720930232558, 0.4942528735632184, 0.5, 0.5227272727272727, 0.5454545454545454, 0.5681818181818182, 0.5909090909090909, 0.5955056179775281, 0.6, 0.5869565217391305, 0.6086956521739131, 0.6304347826086957, 0.6344086021505376, 0.6559139784946236, 0.6595744680851063, 0.6631578947368421, 0.6666666666666666, 0.6875, 0.7083333333333334, 0.711340206185567, 0.7319587628865979, 0.7346938775510204, 0.7373737373737373, 0.7575757575757576, 0.7777777777777778, 0.78, 0.8, 0.82, 0.84, 0.86, 0.88, 0.9, 0.92, 0.94, 0.96, 0.98, 1.0], 0.41614898130447314], "first_gen": [[1.0, 1.0, 0.5, 0.3333333333333333, 0.42857142857142855, 0.5, 0.5555555555555556, 0.6, 0.6363636363636364, 0.6666666666666666, 0.6923076923076923, 0.7142857142857143, 0.7333333333333333, 0.6470588235294118, 0.5789473684210527, 0.6, 0.5454545454545454, 0.5, 0.46153846153846156, 0.42857142857142855, 0.4, 0.41935483870967744, 0.3939393939393939, 0.37142857142857144, 0.35135135135135137, 0.3684210526315789, 0.38461538461538464, 0.4, 0.38095238095238093, 0.42857142857142855, 0.4418604651162791, 0.45454545454545453, 0.5, 0.5111111111111111, 0.48936170212765956, 0.5, 0.48, 0.49019607843137253, 0.5, 0.5094339622641509, 0.5185185185185185, 0.5555555555555556, 0.5636363636363636, 0.6, 0.5789473684210527, 0.559322033898305, 0.5932203389830508, 0.5737704918032787, 0.6065573770491803, 0.6129032258064516, 0.59375, 0.6, 0.582089552238806, 0.5882352941176471, 0.5714285714285714, 0.5555555555555556, 0.5616438356164384, 0.5466666666666666, 0.5733333333333334, 0.6, 0.6266666666666667, 0.6103896103896104, 0.6153846153846154, 0.6, 0.5853658536585366, 0.5903614457831325, 0.5952380952380952, 0.6, 0.6046511627906976, 0.6091954022988506, 0.6136363636363636, 0.6179775280898876, 0.6404494382022472, 0.6444444444444445, 0.6483516483516484, 0.6521739130434783, 0.6382978723404256, 0.6421052631578947, 0.6631578947368421, 0.6666666666666666, 0.6530612244897959, 0.6565656565656566, 0.6767676767676768, 0.696969696969697, 0.7, 0.72, 0.74, 0.76, 0.78, 0.8, 0.82, 0.84, 0.86, 0.88, 0.9, 0.92, 0.94, 0.96, 0.98, 1.0], 0.607880236222523]}}