{"rank_algo": "mutual_info_score", "seed": 19, "subsampling_proportion": 0.01, "exec_time": 4.126000165939331, "results": {"features": ["feature98", "feature99", "feature89", "feature86", "feature88", "feature87", "feature82", "feature83", "feature85", "feature84", "feature81", "feature23", "feature56", "feature27", "feature48", "feature32", "feature91", "feature63", "feature71", "feature65", "feature5", "feature76", "feature14", "feature22", "feature40", "feature97", "feature90", "feature17", "feature43", "feature54", "feature59", "feature3", "feature13", "feature47", "feature41", "feature37", "feature6", "feature39", "feature21", "feature34", "feature93", "feature15", "feature77", "feature36", "feature96", "feature74", "feature45", "feature26", "feature2", "feature58", "feature51", "feature60", "feature16", "feature19", "feature75", "feature64", "feature30", "feature20", "feature69", "feature95", "feature33", "feature94", "feature24", "feature11", "feature66", "feature38", "feature29", "feature57", "feature8", "feature55", "feature0", "feature1", "feature10", "feature12", "feature18", "feature25", "feature28", "feature31", "feature35", "feature4", "feature42", "feature44", "feature46", "feature49", "feature50", "feature52", "feature53", "feature61", "feature62", "feature67", "feature68", "feature7", "feature70", "feature72", "feature73", "feature78", "feature79", "feature80", "feature9", "feature92"], "scores": [0.502537207934664, 0.5024100461849184, 0.05029507673371203, 0.04762324922674166, 0.04706357363394975, 0.04674121256379249, 0.04551244282409095, 0.04502718141813511, 0.04414036651195419, 0.04335516521703764, 0.038756213593088784, 0.014701035359782955, 0.011361948826205781, 0.010458795554654454, 0.009388450435166451, 0.008588650216265092, 0.008189177291850758, 0.008052702714366422, 0.0077611702918347625, 0.007689400932294976, 0.007245501657725306, 0.0067881918045291645, 0.0063536371107879575, 0.006192545238751457, 0.005737351191800855, 0.005245413354239892, 0.004719232455413946, 0.004554169698156807, 0.004355291140596629, 0.004292823445484428, 0.004156671359393016, 0.0036870307989274043, 0.003644600874466164, 0.0033963478180270013, 0.003372137199638914, 0.0032446163280412943, 0.0030997211107841594, 0.00296896822172088, 0.0028291599150318536, 0.002722943506666242, 0.002693141955480094, 0.0025971079976561118, 0.00257899492150937, 0.0025716145342520313, 0.0025700778783657174, 0.00230383506282128, 0.002281091262225088, 0.0021439233745155217, 0.002103979001794709, 0.00192687959713167, 0.0017203805750534151, 0.0016193317121577788, 0.0015295136566901846, 0.0015030482365256947, 0.0014147953156447013, 0.0013465212243120028, 0.0012440454718112282, 0.0012431111585742283, 0.0011877104149802253, 0.0009680403910161672, 0.00074823456414852, 0.0007439165843330375, 0.0006043820613226281, 0.0005249603939705416, 0.0004684262893899227, 0.00043203947470127346, 0.0004297227856551178, 0.00026544179113408006, 0.00019429519313129973, 1.5303696555335478e-05, 0.0, 0.0, 0.0, 0.0, 0.0, 0.0, 0.0, 0.0, 0.0, 0.0, 0.0, 0.0, 0.0, 0.0, 0.0, 0.0, 0.0, 0.0, 0.0, 0.0, 0.0, 0.0, 0.0, 0.0, 0.0, 0.0, 0.0, 0.0, 0.0, 0.0]}, "evaluations": {"eval_method": "jaccard_full_score", "singles": [[1.0, 1.0, 0.5, 0.3333333333333333, 0.25, 0.2, 0.16666666666666666, 0.14285714285714285, 0.125, 0.1111111111111111, 0.1, 0.14285714285714285, 0.13043478260869565, 0.12, 0.1111111111111111, 0.10344827586206896, 0.0967741935483871, 0.09090909090909091, 0.08571428571428572, 0.08108108108108109, 0.07692307692307693, 0.07317073170731707, 0.06976744186046512, 0.09090909090909091, 0.13636363636363635, 0.13043478260869565, 0.125, 0.12, 0.11538461538461539, 0.15384615384615385, 0.16981132075471697, 0.16363636363636364, 0.2, 0.21428571428571427, 0.22807017543859648, 0.22033898305084745, 0.21311475409836064, 0.22580645161290322, 0.23809523809523808, 0.23076923076923078, 0.24242424242424243, 0.2727272727272727, 0.30303030303030304, 0.29411764705882354, 0.2857142857142857, 0.29577464788732394, 0.3055555555555556, 0.3333333333333333, 0.3611111111111111, 0.3698630136986301, 0.3972602739726027, 0.40540540540540543, 0.43243243243243246, 0.4594594594594595, 0.4666666666666667, 0.45454545454545453, 0.46153846153846156, 0.46835443037974683, 0.475, 0.5, 0.525, 0.55, 0.5555555555555556, 0.5609756097560976, 0.5662650602409639, 0.5529411764705883, 0.5581395348837209, 0.5454545454545454, 0.550561797752809, 0.5555555555555556, 0.5604395604395604, 0.5652173913043478, 0.5869565217391305, 0.5913978494623656, 0.6129032258064516, 0.6, 0.6210526315789474, 0.6082474226804123, 0.6122448979591837, 0.6326530612244898, 0.6530612244897959, 0.673469387755102, 0.6767676767676768, 0.696969696969697, 0.7171717171717171, 0.7373737373737373, 0.74, 0.76, 0.78, 0.8, 0.82, 0.84, 0.86, 0.88, 0.9, 0.92, 0.94, 0.96, 0.98, 1.0], 0.42947186681150207], "first_gen": [[1.0, 1.0, 0.5, 0.3333333333333333, 0.42857142857142855, 0.3333333333333333, 0.4, 0.45454545454545453, 0.6363636363636364, 0.6666666666666666, 0.6923076923076923, 0.8461538461538461, 0.8571428571428571, 0.75, 0.6666666666666666, 0.6, 0.5454545454545454, 0.5, 0.46153846153846156, 0.42857142857142855, 0.4, 0.375, 0.35294117647058826, 0.37142857142857144, 0.35135135135135137, 0.3333333333333333, 0.3170731707317073, 0.3023255813953488, 0.3488372093023256, 0.36363636363636365, 0.37777777777777777, 0.4222222222222222, 0.43478260869565216, 0.44680851063829785, 0.42857142857142855, 0.44, 0.4230769230769231, 0.4339622641509434, 0.4444444444444444, 0.45454545454545453, 0.4642857142857143, 0.5, 0.5087719298245614, 0.5172413793103449, 0.5, 0.5081967213114754, 0.5161290322580645, 0.5483870967741935, 0.5555555555555556, 0.5384615384615384, 0.5454545454545454, 0.5294117647058824, 0.5588235294117647, 0.5652173913043478, 0.5492957746478874, 0.5555555555555556, 0.5616438356164384, 0.5675675675675675, 0.5526315789473685, 0.5384615384615384, 0.525, 0.5308641975308642, 0.5365853658536586, 0.5421686746987951, 0.5476190476190477, 0.5714285714285714, 0.5764705882352941, 0.5813953488372093, 0.5862068965517241, 0.5909090909090909, 0.6136363636363636, 0.6363636363636364, 0.6590909090909091, 0.6629213483146067, 0.6666666666666666, 0.6521739130434783, 0.6739130434782609, 0.6595744680851063, 0.6631578947368421, 0.6494845360824743, 0.6701030927835051, 0.673469387755102, 0.6938775510204082, 0.7142857142857143, 0.7346938775510204, 0.7551020408163265, 0.7575757575757576, 0.76, 0.78, 0.8, 0.82, 0.84, 0.86, 0.88, 0.9, 0.92, 0.94, 0.96, 0.98, 1.0], 0.5875615936851197]}}