{"rank_algo": "mutual_info_score", "seed": 18, "subsampling_proportion": 0.01, "exec_time": 4.105161190032959, "results": {"features": ["feature99", "feature98", "feature82", "feature88", "feature83", "feature85", "feature84", "feature89", "feature87", "feature86", "feature81", "feature56", "feature23", "feature90", "feature48", "feature5", "feature50", "feature63", "feature17", "feature4", "feature91", "feature12", "feature40", "feature65", "feature55", "feature32", "feature39", "feature7", "feature68", "feature16", "feature14", "feature30", "feature13", "feature18", "feature15", "feature0", "feature26", "feature2", "feature52", "feature8", "feature46", "feature43", "feature28", "feature95", "feature6", "feature57", "feature77", "feature27", "feature73", "feature37", "feature69", "feature64", "feature62", "feature44", "feature94", "feature93", "feature25", "feature22", "feature3", "feature67", "feature10", "feature38", "feature11", "feature42", "feature51", "feature29", "feature35", "feature71", "feature19", "feature9", "feature41", "feature78", "feature1", "feature20", "feature21", "feature24", "feature31", "feature33", "feature34", "feature36", "feature45", "feature47", "feature49", "feature53", "feature54", "feature58", "feature59", "feature60", "feature61", "feature66", "feature70", "feature72", "feature74", "feature75", "feature76", "feature79", "feature80", "feature92", "feature96", "feature97"], "scores": [0.5049737535662472, 0.5046240587544465, 0.054075840533770236, 0.05300901130433111, 0.05264952864432293, 0.048490051002944234, 0.04766879985912387, 0.04748096614633579, 0.04625123522513763, 0.045410418008320796, 0.04526571558997938, 0.01873707846706485, 0.018050298751000282, 0.010688019626738043, 0.010216335030637902, 0.008970471715952222, 0.008948294624953945, 0.008339373055405774, 0.007793595051096558, 0.007300963800983329, 0.0068749038876882995, 0.006416777706044208, 0.006115407371777959, 0.005763359669675339, 0.005647950764206655, 0.005546877309273723, 0.005525927882220838, 0.005437469648737592, 0.004996025629508738, 0.004902607221317634, 0.004859135093086664, 0.004750574199308799, 0.004572645289180777, 0.004413581639596265, 0.00439005302916029, 0.003955885199599107, 0.0037337753888064817, 0.0034703362152210815, 0.0034534750034176387, 0.003075443827927904, 0.003025095991143978, 0.0029257547058623157, 0.0028441948946775764, 0.0026347258379881833, 0.00251808923206176, 0.0023235746034875326, 0.0023194157459986986, 0.0022972950354802624, 0.00228452390181344, 0.0022448160186001598, 0.002207658777954924, 0.0021551430131823146, 0.0021377126835555593, 0.0021336888826550826, 0.0020834135073077853, 0.0015942111757456523, 0.0013285208010751504, 0.0011471244908507483, 0.0011164688850717752, 0.001045232625970005, 0.0009723843377593688, 0.0008272897379988375, 0.0007872741298142749, 0.0006967310235896917, 0.00042559655014096087, 0.00032473084441586586, 0.000310145099867265, 0.0002866161701262637, 0.00026961083636134475, 0.00026693123194920787, 0.00019811357580401534, 6.804341041788398e-05, 0.0, 0.0, 0.0, 0.0, 0.0, 0.0, 0.0, 0.0, 0.0, 0.0, 0.0, 0.0, 0.0, 0.0, 0.0, 0.0, 0.0, 0.0, 0.0, 0.0, 0.0, 0.0, 0.0, 0.0, 0.0, 0.0, 0.0, 0.0]}, "evaluations": {"eval_method": "jaccard_full_score", "singles": [[1.0, 1.0, 0.5, 0.3333333333333333, 0.25, 0.2, 0.16666666666666666, 0.14285714285714285, 0.125, 0.1111111111111111, 0.1, 0.09090909090909091, 0.13043478260869565, 0.12, 0.1111111111111111, 0.10344827586206896, 0.0967741935483871, 0.09090909090909091, 0.08571428571428572, 0.08108108108108109, 0.07692307692307693, 0.1, 0.12195121951219512, 0.11627906976744186, 0.13636363636363635, 0.13043478260869565, 0.125, 0.12, 0.11538461538461539, 0.15384615384615385, 0.14814814814814814, 0.14285714285714285, 0.15789473684210525, 0.1724137931034483, 0.20689655172413793, 0.2, 0.21311475409836064, 0.22580645161290322, 0.21875, 0.21212121212121213, 0.24242424242424243, 0.2537313432835821, 0.2647058823529412, 0.2571428571428571, 0.25, 0.24324324324324326, 0.2702702702702703, 0.28, 0.2894736842105263, 0.2987012987012987, 0.3076923076923077, 0.3, 0.30864197530864196, 0.3170731707317073, 0.34146341463414637, 0.36585365853658536, 0.37349397590361444, 0.38095238095238093, 0.40476190476190477, 0.4117647058823529, 0.4186046511627907, 0.42528735632183906, 0.4318181818181818, 0.45454545454545453, 0.4606741573033708, 0.4666666666666667, 0.4725274725274725, 0.4945054945054945, 0.5164835164835165, 0.5384615384615384, 0.5434782608695652, 0.5652173913043478, 0.5869565217391305, 0.6086956521739131, 0.6304347826086957, 0.6344086021505376, 0.6382978723404256, 0.6421052631578947, 0.6288659793814433, 0.6494845360824743, 0.6701030927835051, 0.673469387755102, 0.6938775510204082, 0.696969696969697, 0.7171717171717171, 0.72, 0.74, 0.76, 0.78, 0.8, 0.82, 0.84, 0.86, 0.88, 0.9, 0.92, 0.94, 0.96, 0.98, 1.0], 0.406606430545082], "first_gen": [[1.0, 1.0, 0.5, 0.3333333333333333, 0.25, 0.3333333333333333, 0.4, 0.45454545454545453, 0.5, 0.6666666666666666, 0.6923076923076923, 0.7142857142857143, 0.8571428571428571, 0.75, 0.6666666666666666, 0.6, 0.5454545454545454, 0.5, 0.46153846153846156, 0.42857142857142855, 0.4, 0.375, 0.35294117647058826, 0.3333333333333333, 0.3157894736842105, 0.3, 0.2857142857142857, 0.2727272727272727, 0.28888888888888886, 0.30434782608695654, 0.3191489361702128, 0.3333333333333333, 0.3469387755102041, 0.36, 0.4, 0.44, 0.4230769230769231, 0.46153846153846156, 0.4444444444444444, 0.48148148148148145, 0.4909090909090909, 0.5, 0.4827586206896552, 0.4915254237288136, 0.5, 0.4838709677419355, 0.46875, 0.47692307692307695, 0.48484848484848486, 0.47058823529411764, 0.45714285714285713, 0.4647887323943662, 0.49295774647887325, 0.5211267605633803, 0.5277777777777778, 0.5135135135135135, 0.5, 0.5064935064935064, 0.5324675324675324, 0.5384615384615384, 0.5641025641025641, 0.5897435897435898, 0.5949367088607594, 0.620253164556962, 0.6455696202531646, 0.65, 0.654320987654321, 0.6585365853658537, 0.6626506024096386, 0.6666666666666666, 0.6705882352941176, 0.6551724137931034, 0.6781609195402298, 0.6818181818181818, 0.6853932584269663, 0.6703296703296703, 0.6739130434782609, 0.6774193548387096, 0.6808510638297872, 0.7021276595744681, 0.6875, 0.7083333333333334, 0.7291666666666666, 0.7319587628865979, 0.7525773195876289, 0.7551020408163265, 0.7755102040816326, 0.7777777777777778, 0.78, 0.8, 0.82, 0.84, 0.86, 0.88, 0.9, 0.92, 0.94, 0.96, 0.98, 1.0], 0.5805852022971941]}}