{"rank_algo": "mutual_info_score", "seed": 73, "subsampling_proportion": 0.01, "exec_time": 4.132605075836182, "results": {"features": ["feature99", "feature98", "feature88", "feature84", "feature85", "feature86", "feature83", "feature87", "feature89", "feature82", "feature81", "feature23", "feature56", "feature27", "feature90", "feature5", "feature22", "feature32", "feature48", "feature70", "feature49", "feature15", "feature12", "feature45", "feature37", "feature2", "feature28", "feature64", "feature35", "feature93", "feature53", "feature58", "feature16", "feature40", "feature24", "feature29", "feature66", "feature34", "feature8", "feature30", "feature33", "feature79", "feature43", "feature50", "feature94", "feature54", "feature62", "feature26", "feature71", "feature68", "feature77", "feature9", "feature38", "feature57", "feature18", "feature41", "feature14", "feature19", "feature60", "feature46", "feature25", "feature7", "feature97", "feature39", "feature80", "feature17", "feature0", "feature1", "feature10", "feature11", "feature13", "feature20", "feature21", "feature3", "feature31", "feature36", "feature4", "feature42", "feature44", "feature47", "feature51", "feature52", "feature55", "feature59", "feature6", "feature61", "feature63", "feature65", "feature67", "feature69", "feature72", "feature73", "feature74", "feature75", "feature76", "feature78", "feature91", "feature92", "feature95", "feature96"], "scores": [0.49997580896570604, 0.49981685677852394, 0.05709854205162368, 0.05571888241247769, 0.05365029157765555, 0.05339645915530977, 0.052565114171754246, 0.05073590959686425, 0.050034224291742646, 0.04861375290977943, 0.04348943784589654, 0.015406629658323956, 0.0148375415057449, 0.010127401055214147, 0.009678215635863907, 0.00901096803065582, 0.008895263147410848, 0.008756541318761357, 0.00803378487062334, 0.007518883079700833, 0.006886029530349447, 0.0065605611669141695, 0.006126067450687778, 0.005988240988888283, 0.0057936008645997905, 0.005369906924265644, 0.005237460365692614, 0.005097673372327138, 0.004674329024292101, 0.004507320664870695, 0.004360830758408429, 0.004271787115817771, 0.0037839988173953287, 0.003748269428526463, 0.003544720171490212, 0.0034221677739276757, 0.0033056922589329574, 0.0031909919579018453, 0.003041157677011297, 0.002827161102872733, 0.0026692346220327234, 0.002486101495561943, 0.00231775067811002, 0.0023099830847426173, 0.002236233599985482, 0.002194040143445042, 0.0021355700611700446, 0.0019900241700079313, 0.001826172926522318, 0.0015921446341582435, 0.0014124296171966755, 0.0013780594500070187, 0.001346822286762528, 0.001317254844112714, 0.0012731742679161773, 0.0012717182379267111, 0.0010217611699105955, 0.0010172533482208923, 0.0010146432634690061, 0.0009568986751302688, 0.0006840575017759143, 0.0004724914027702809, 0.00046101107049079104, 0.00018493338702851858, 0.00010843707702679062, 7.469448160923875e-05, 0.0, 0.0, 0.0, 0.0, 0.0, 0.0, 0.0, 0.0, 0.0, 0.0, 0.0, 0.0, 0.0, 0.0, 0.0, 0.0, 0.0, 0.0, 0.0, 0.0, 0.0, 0.0, 0.0, 0.0, 0.0, 0.0, 0.0, 0.0, 0.0, 0.0, 0.0, 0.0, 0.0, 0.0]}, "evaluations": {"eval_method": "jaccard_full_score", "singles": [[1.0, 1.0, 0.5, 0.3333333333333333, 0.25, 0.2, 0.16666666666666666, 0.14285714285714285, 0.125, 0.1111111111111111, 0.1, 0.14285714285714285, 0.13043478260869565, 0.12, 0.1111111111111111, 0.10344827586206896, 0.0967741935483871, 0.09090909090909091, 0.11764705882352941, 0.1111111111111111, 0.13513513513513514, 0.15789473684210525, 0.1794871794871795, 0.17073170731707318, 0.16279069767441862, 0.18181818181818182, 0.2, 0.19148936170212766, 0.1836734693877551, 0.2, 0.19230769230769232, 0.20754716981132076, 0.2222222222222222, 0.25925925925925924, 0.25, 0.2413793103448276, 0.2542372881355932, 0.26666666666666666, 0.25806451612903225, 0.25, 0.28125, 0.2923076923076923, 0.30303030303030304, 0.29411764705882354, 0.2857142857142857, 0.29577464788732394, 0.323943661971831, 0.352112676056338, 0.3611111111111111, 0.35135135135135137, 0.3783783783783784, 0.40540540540540543, 0.39473684210526316, 0.4025974025974026, 0.41025641025641024, 0.4358974358974359, 0.4430379746835443, 0.45, 0.475, 0.5, 0.4878048780487805, 0.5121951219512195, 0.5180722891566265, 0.5058823529411764, 0.5294117647058824, 0.5172413793103449, 0.5227272727272727, 0.5454545454545454, 0.5681818181818182, 0.5909090909090909, 0.5955056179775281, 0.6, 0.6043956043956044, 0.6086956521739131, 0.5957446808510638, 0.6170212765957447, 0.6382978723404256, 0.6421052631578947, 0.6458333333333334, 0.6326530612244898, 0.6530612244897959, 0.673469387755102, 0.6767676767676768, 0.696969696969697, 0.7171717171717171, 0.7373737373737373, 0.7575757575757576, 0.7777777777777778, 0.797979797979798, 0.8, 0.82, 0.84, 0.86, 0.88, 0.9, 0.92, 0.94, 0.96, 0.98, 1.0], 0.4385885706075828], "first_gen": [[1.0, 1.0, 0.5, 0.3333333333333333, 0.25, 0.5, 0.5555555555555556, 0.6, 0.6363636363636364, 0.6666666666666666, 0.6923076923076923, 0.8461538461538461, 0.8571428571428571, 0.75, 0.6666666666666666, 0.6, 0.6190476190476191, 0.5652173913043478, 0.52, 0.48148148148148145, 0.4482758620689655, 0.41935483870967744, 0.3939393939393939, 0.37142857142857144, 0.35135135135135137, 0.3684210526315789, 0.38461538461538464, 0.4, 0.38095238095238093, 0.3953488372093023, 0.4090909090909091, 0.391304347826087, 0.375, 0.3877551020408163, 0.37254901960784315, 0.3584905660377358, 0.34545454545454546, 0.3333333333333333, 0.3448275862068966, 0.3559322033898305, 0.36666666666666664, 0.3548387096774194, 0.3870967741935484, 0.3968253968253968, 0.38461538461538464, 0.3939393939393939, 0.38235294117647056, 0.391304347826087, 0.42028985507246375, 0.42857142857142855, 0.4166666666666667, 0.4444444444444444, 0.4722222222222222, 0.4794520547945205, 0.4864864864864865, 0.49333333333333335, 0.52, 0.5466666666666666, 0.5324675324675324, 0.5384615384615384, 0.5443037974683544, 0.55, 0.5365853658536586, 0.5609756097560976, 0.5662650602409639, 0.5903614457831325, 0.6144578313253012, 0.6190476190476191, 0.6235294117647059, 0.6091954022988506, 0.5955056179775281, 0.6, 0.6222222222222222, 0.6444444444444445, 0.6304347826086957, 0.6344086021505376, 0.6382978723404256, 0.6421052631578947, 0.6458333333333334, 0.6494845360824743, 0.6701030927835051, 0.6907216494845361, 0.6938775510204082, 0.7142857142857143, 0.7346938775510204, 0.7373737373737373, 0.74, 0.76, 0.78, 0.8, 0.82, 0.84, 0.86, 0.88, 0.9, 0.92, 0.94, 0.96, 0.98, 1.0], 0.571743209256375]}}