{"rank_algo": "mutual_info_score", "seed": 46, "subsampling_proportion": 0.01, "exec_time": 4.056997776031494, "results": {"features": ["feature98", "feature99", "feature83", "feature88", "feature86", "feature84", "feature87", "feature82", "feature85", "feature89", "feature81", "feature23", "feature27", "feature56", "feature48", "feature13", "feature42", "feature0", "feature32", "feature72", "feature22", "feature43", "feature2", "feature26", "feature90", "feature40", "feature4", "feature91", "feature29", "feature30", "feature37", "feature41", "feature47", "feature93", "feature39", "feature5", "feature18", "feature71", "feature55", "feature46", "feature19", "feature50", "feature12", "feature44", "feature20", "feature16", "feature53", "feature60", "feature69", "feature17", "feature79", "feature54", "feature76", "feature21", "feature73", "feature8", "feature57", "feature68", "feature15", "feature92", "feature62", "feature14", "feature36", "feature10", "feature35", "feature11", "feature33", "feature97", "feature6", "feature94", "feature78", "feature63", "feature9", "feature25", "feature1", "feature24", "feature28", "feature3", "feature31", "feature34", "feature38", "feature45", "feature49", "feature51", "feature52", "feature58", "feature59", "feature61", "feature64", "feature65", "feature66", "feature67", "feature7", "feature70", "feature74", "feature75", "feature77", "feature80", "feature95", "feature96"], "scores": [0.49992563966534975, 0.49970310660329476, 0.05626074508543821, 0.05580007125152764, 0.05423526400988554, 0.05310573448868228, 0.05267144357561193, 0.0480708052977139, 0.04619546902279148, 0.04507441881352037, 0.03613678040506363, 0.018039181621814615, 0.014695703361709, 0.013795275785991601, 0.010278746062417854, 0.0083831355044377, 0.008322757540845549, 0.008118342109020071, 0.008069964453560452, 0.007833771248424215, 0.00780103181836056, 0.006637107760382843, 0.006075243952986975, 0.005806978318232403, 0.005800698915246594, 0.005717866338635469, 0.005504600191641673, 0.005480513592288405, 0.005280054521534128, 0.005270772308034077, 0.0048242380397136575, 0.0047457845125273845, 0.004712865497567442, 0.004531809014194144, 0.004509112678672045, 0.004392673014679049, 0.004340763047632201, 0.003802676419760287, 0.0036710048156687325, 0.0036360846637870647, 0.0036113064607579126, 0.003541138224243179, 0.0035355494454496483, 0.003525308108508707, 0.0032062634354381725, 0.0026289227281399707, 0.0026047222370739753, 0.002422133474558663, 0.0024084800319819077, 0.0022247644078177142, 0.00212157234345578, 0.0019474587053662784, 0.0019221796385804346, 0.0015902032080870043, 0.0015827273628821192, 0.0015456343659365768, 0.0014297486311036778, 0.0013958609002322486, 0.0012935681212298267, 0.0012234290938140102, 0.0011939739875550526, 0.0010949115772855844, 0.0010621466369553634, 0.000995668920678261, 0.0007656666832105419, 0.0005869745385602698, 0.0005602724813607018, 0.0005225289994783555, 0.00047036927364940695, 0.00046850363718942134, 0.0002821610484318171, 0.0002076184323402952, 0.0001346718085974974, 0.00010863587308307388, 0.0, 0.0, 0.0, 0.0, 0.0, 0.0, 0.0, 0.0, 0.0, 0.0, 0.0, 0.0, 0.0, 0.0, 0.0, 0.0, 0.0, 0.0, 0.0, 0.0, 0.0, 0.0, 0.0, 0.0, 0.0, 0.0]}, "evaluations": {"eval_method": "jaccard_full_score", "singles": [[1.0, 1.0, 0.5, 0.3333333333333333, 0.25, 0.2, 0.16666666666666666, 0.14285714285714285, 0.125, 0.1111111111111111, 0.1, 0.14285714285714285, 0.13043478260869565, 0.12, 0.1111111111111111, 0.10344827586206896, 0.0967741935483871, 0.09090909090909091, 0.08571428571428572, 0.08108108108108109, 0.10526315789473684, 0.1, 0.12195121951219512, 0.17073170731707318, 0.16279069767441862, 0.18181818181818182, 0.17391304347826086, 0.16666666666666666, 0.16, 0.17647058823529413, 0.16981132075471697, 0.20754716981132076, 0.2, 0.21428571428571427, 0.20689655172413793, 0.2, 0.21311475409836064, 0.2459016393442623, 0.23809523809523808, 0.25, 0.28125, 0.2923076923076923, 0.3230769230769231, 0.31343283582089554, 0.3235294117647059, 0.3333333333333333, 0.323943661971831, 0.352112676056338, 0.3424657534246575, 0.3333333333333333, 0.34210526315789475, 0.35064935064935066, 0.34177215189873417, 0.3670886075949367, 0.375, 0.38271604938271603, 0.3902439024390244, 0.38095238095238093, 0.40476190476190477, 0.42857142857142855, 0.43529411764705883, 0.4418604651162791, 0.4482758620689655, 0.45454545454545453, 0.4444444444444444, 0.45054945054945056, 0.4725274725274725, 0.4945054945054945, 0.5, 0.5217391304347826, 0.5268817204301075, 0.5483870967741935, 0.5698924731182796, 0.574468085106383, 0.5957446808510638, 0.6170212765957447, 0.6382978723404256, 0.6595744680851063, 0.6631578947368421, 0.6494845360824743, 0.6530612244897959, 0.673469387755102, 0.6938775510204082, 0.7142857142857143, 0.7346938775510204, 0.7373737373737373, 0.7575757575757576, 0.7777777777777778, 0.78, 0.8, 0.82, 0.84, 0.86, 0.88, 0.9, 0.92, 0.94, 0.96, 0.98, 1.0], 0.42088858133998086], "first_gen": [[1.0, 1.0, 0.5, 0.3333333333333333, 0.42857142857142855, 0.3333333333333333, 0.4, 0.45454545454545453, 0.5, 0.6666666666666666, 0.6923076923076923, 0.8461538461538461, 0.8571428571428571, 0.75, 0.6666666666666666, 0.6, 0.5454545454545454, 0.5, 0.46153846153846156, 0.42857142857142855, 0.5, 0.4666666666666667, 0.4838709677419355, 0.45454545454545453, 0.42857142857142855, 0.4444444444444444, 0.42105263157894735, 0.4, 0.4146341463414634, 0.42857142857142855, 0.4418604651162791, 0.45454545454545453, 0.43478260869565216, 0.4166666666666667, 0.42857142857142855, 0.4117647058823529, 0.45098039215686275, 0.49019607843137253, 0.4716981132075472, 0.48148148148148145, 0.5185185185185185, 0.5272727272727272, 0.5357142857142857, 0.5714285714285714, 0.6071428571428571, 0.5862068965517241, 0.5666666666666667, 0.5483870967741935, 0.5555555555555556, 0.5625, 0.5454545454545454, 0.5757575757575758, 0.582089552238806, 0.5882352941176471, 0.5714285714285714, 0.6, 0.5833333333333334, 0.5675675675675675, 0.5945945945945946, 0.5789473684210527, 0.6052631578947368, 0.631578947368421, 0.6363636363636364, 0.6623376623376623, 0.6883116883116883, 0.6708860759493671, 0.654320987654321, 0.6585365853658537, 0.6626506024096386, 0.6666666666666666, 0.6511627906976745, 0.6363636363636364, 0.6590909090909091, 0.6629213483146067, 0.6853932584269663, 0.6703296703296703, 0.6739130434782609, 0.6956521739130435, 0.6989247311827957, 0.7021276595744681, 0.7052631578947368, 0.7083333333333334, 0.711340206185567, 0.7319587628865979, 0.7525773195876289, 0.7551020408163265, 0.7755102040816326, 0.7777777777777778, 0.78, 0.8, 0.82, 0.84, 0.86, 0.88, 0.9, 0.92, 0.94, 0.96, 0.98, 1.0], 0.6174409079828179]}}