{"rank_algo": "pearson_correlation_score", "seed": 56, "subsampling_proportion": 0.1, "exec_time": 0.14500045776367188, "results": {"features": ["feature82", "feature81", "feature90", "feature5", "feature23", "feature39", "feature40", "feature48", "feature2", "feature17", "feature27", "feature59", "feature15", "feature37", "feature12", "feature42", "feature50", "feature30", "feature43", "feature49", "feature41", "feature38", "feature9", "feature29", "feature10", "feature62", "feature24", "feature52", "feature34", "feature8", "feature26", "feature47", "feature51", "feature36", "feature22", "feature11", "feature71", "feature3", "feature68", "feature28", "feature56", "feature0", "feature16", "feature46", "feature66", "feature35", "feature21", "feature67", "feature31", "feature4", "feature53", "feature69", "feature44", "feature45", "feature13", "feature54", "feature64", "feature18", "feature20", "feature1", "feature25", "feature33", "feature55", "feature6", "feature61", "feature65", "feature57", "feature58", "feature63", "feature60", "feature73", "feature72", "feature19", "feature7"], "scores": [0.3244941341579463, 0.2955236164140576, 0.13158368012472468, 0.12157486571642301, 0.11997301166210231, 0.1050323356328851, 0.10075780015099539, 0.0976353323603343, 0.0941134426859918, 0.08755826144516579, 0.08694387733737573, 0.086140352016121, 0.08167767358632769, 0.07701716567589102, 0.07578932047501122, 0.07380473440374202, 0.06684372901083602, 0.06188596959218333, 0.058601886244415965, 0.05276678899153201, 0.05248407469220932, 0.048825266241809405, 0.047758722382546595, 0.047347323089866694, 0.046633811545986864, 0.04636174690338266, 0.0456553074664358, 0.04506300468485548, 0.042865824301421836, 0.042525267333158236, 0.04200597501204908, 0.041339564826915774, 0.03987611296200401, 0.039709167893384766, 0.039651780845927145, 0.03804009640307116, 0.03732174303192124, 0.036596345865875325, 0.03484453573806072, 0.034658660775693455, 0.03425871957676842, 0.03373733043191116, 0.033109642051390456, 0.032853319729027206, 0.03260474202722097, 0.03215410492355773, 0.03168063879249177, 0.02961544334119291, 0.027832913364540097, 0.027789338166074637, 0.026364389077964498, 0.02507303612977047, 0.02460387752642054, 0.020863598465695205, 0.019860632562753413, 0.016116397650838835, 0.015808921376928783, 0.014544171281596657, 0.013815753738915167, 0.013564439630380568, 0.011281920610831513, 0.011040907156999838, 0.01102329394281627, 0.010632222646338424, 0.008295011125651966, 0.00806304889278998, 0.00804705934637954, 0.00605539185881325, 0.005562316951537086, 0.004801487920855929, 0.0041433268060915695, 0.0034132654757425855, 0.0018290890893058298, 0.00041895968682082504]}, "evaluations": {"eval_method": "jaccard_full_score", "singles": [[0.0, 0.0, 0.0, 0.0, 0.1111111111111111, 0.09090909090909091, 0.07692307692307693, 0.06666666666666667, 0.058823529411764705, 0.05263157894736842, 0.047619047619047616, 0.043478260869565216, 0.13043478260869565, 0.12, 0.2, 0.18518518518518517, 0.1724137931034483, 0.2, 0.1875, 0.21212121212121213, 0.23529411764705882, 0.2222222222222222, 0.21052631578947367, 0.2, 0.21951219512195122, 0.23809523809523808, 0.22727272727272727, 0.24444444444444444, 0.2608695652173913, 0.25, 0.2653061224489796, 0.28, 0.32, 0.3076923076923077, 0.34615384615384615, 0.3584905660377358, 0.37037037037037035, 0.38181818181818183, 0.3684210526315789, 0.40350877192982454, 0.41379310344827586, 0.423728813559322, 0.4576271186440678, 0.4915254237288136, 0.47540983606557374, 0.4838709677419355, 0.5161290322580645, 0.5483870967741935, 0.5555555555555556, 0.5384615384615384, 0.5223880597014925, 0.5294117647058824, 0.5362318840579711, 0.5428571428571428, 0.5492957746478874, 0.5774647887323944, 0.5833333333333334, 0.6111111111111112, 0.6388888888888888, 0.6666666666666666, 0.6486486486486487, 0.6756756756756757, 0.7027027027027027, 0.7297297297297297, 0.7567567567567568, 0.7837837837837838, 0.8108108108108109, 0.8378378378378378, 0.8648648648648649, 0.8918918918918919, 0.918918918918919, 0.9459459459459459, 0.972972972972973, 1.0], 0.4023081345458934], "first_gen": [[0.0, 0.0, 0.2, 0.3333333333333333, 0.42857142857142855, 0.3333333333333333, 0.2727272727272727, 0.23076923076923078, 0.2857142857142857, 0.25, 0.2222222222222222, 0.2, 0.18181818181818182, 0.16666666666666666, 0.15384615384615385, 0.14285714285714285, 0.13333333333333333, 0.125, 0.1875, 0.25, 0.2727272727272727, 0.2571428571428571, 0.3142857142857143, 0.3333333333333333, 0.3888888888888889, 0.3684210526315789, 0.35, 0.36585365853658536, 0.3488372093023256, 0.36363636363636365, 0.4090909090909091, 0.45454545454545453, 0.4666666666666667, 0.44680851063829785, 0.48936170212765956, 0.5, 0.5416666666666666, 0.5833333333333334, 0.5918367346938775, 0.5686274509803921, 0.6078431372549019, 0.6470588235294118, 0.6538461538461539, 0.6923076923076923, 0.6981132075471698, 0.7037037037037037, 0.7090909090909091, 0.7142857142857143, 0.7192982456140351, 0.6949152542372882, 0.6721311475409836, 0.6774193548387096, 0.6825396825396826, 0.6875, 0.6923076923076923, 0.7230769230769231, 0.7014925373134329, 0.7313432835820896, 0.7611940298507462, 0.7910447761194029, 0.7941176470588235, 0.7971014492753623, 0.8260869565217391, 0.8285714285714286, 0.8571428571428571, 0.8857142857142857, 0.8611111111111112, 0.863013698630137, 0.8904109589041096, 0.8918918918918919, 0.918918918918919, 0.9459459459459459, 0.972972972972973, 1.0], 0.5247434076118765]}}