{"rank_algo": "pearson_correlation_score", "seed": 88, "subsampling_proportion": 0.1, "exec_time": 0.1419997215270996, "results": {"features": ["feature82", "feature81", "feature90", "feature5", "feature23", "feature39", "feature2", "feature17", "feature15", "feature42", "feature59", "feature40", "feature12", "feature27", "feature48", "feature50", "feature37", "feature43", "feature9", "feature49", "feature30", "feature10", "feature41", "feature8", "feature38", "feature29", "feature44", "feature34", "feature52", "feature36", "feature24", "feature3", "feature71", "feature0", "feature26", "feature51", "feature46", "feature16", "feature47", "feature4", "feature62", "feature22", "feature35", "feature28", "feature68", "feature11", "feature66", "feature21", "feature53", "feature56", "feature67", "feature13", "feature69", "feature19", "feature61", "feature64", "feature58", "feature55", "feature20", "feature57", "feature7", "feature31", "feature6", "feature65", "feature25", "feature54", "feature63", "feature72", "feature33", "feature73", "feature45", "feature1", "feature60", "feature18", "feature70", "feature92", "feature93", "feature94", "feature95", "feature96", "feature97"], "scores": [0.3283996858859064, 0.29900142462630824, 0.13293986318871012, 0.11276178530560596, 0.10740414340992244, 0.10186842632582926, 0.09535365755795662, 0.09438071050549038, 0.09220736846689577, 0.08693095490834549, 0.08586885330125732, 0.08303508037915676, 0.0744993451590222, 0.07271774529444634, 0.06939659185466443, 0.06863733992099036, 0.06429336211102377, 0.05807431056079962, 0.05435480281819325, 0.05264569645452659, 0.0518408090040277, 0.0500339356091414, 0.049865438728463544, 0.04809061350915898, 0.04760879984452252, 0.04638656193152077, 0.045536243733092494, 0.044815801540698995, 0.04398405833880201, 0.04248049534565817, 0.04235836472989535, 0.04101377139045649, 0.04048864032417566, 0.04043789526741874, 0.040066724188671535, 0.03996014036610267, 0.038735336364194475, 0.038604687153815084, 0.03824027251868418, 0.03714384227693042, 0.03688812990200471, 0.036242711766538656, 0.03457040927524165, 0.033860697838325106, 0.03364572793271897, 0.032848155108437097, 0.03096145374286883, 0.029015239251880494, 0.028144509417904497, 0.027792573667272873, 0.027175320332461582, 0.027116948201762442, 0.025523702999626995, 0.023066226665719596, 0.021341084789201336, 0.015134766683404527, 0.014823828657757807, 0.014640203484185273, 0.013580581375180534, 0.0117206421627324, 0.011641340152190574, 0.011026742210377935, 0.010285395702687453, 0.010113088139340748, 0.009672435004696191, 0.008893994173737547, 0.008879260204055541, 0.008440128904688173, 0.005920723402492605, 0.005282453867975542, 0.004101208634552025, 0.003847094347249313, 0.0030617498218425024, 0.0027243301338224887, NaN, NaN, NaN, NaN, NaN, NaN, NaN]}, "evaluations": {"eval_method": "jaccard_full_score", "singles": [[0.0, 0.0, 0.0, 0.0, 0.1111111111111111, 0.09090909090909091, 0.07692307692307693, 0.06666666666666667, 0.125, 0.1111111111111111, 0.1, 0.09090909090909091, 0.18181818181818182, 0.16666666666666666, 0.2, 0.18518518518518517, 0.1724137931034483, 0.2, 0.1875, 0.21212121212121213, 0.2, 0.2222222222222222, 0.24324324324324326, 0.23076923076923078, 0.21951219512195122, 0.20930232558139536, 0.2, 0.21739130434782608, 0.23404255319148937, 0.22448979591836735, 0.21568627450980393, 0.23076923076923078, 0.2692307692307692, 0.25925925925925924, 0.2962962962962963, 0.3090909090909091, 0.32142857142857145, 0.3333333333333333, 0.3220338983050847, 0.3333333333333333, 0.3442622950819672, 0.3770491803278688, 0.36507936507936506, 0.3968253968253968, 0.38461538461538464, 0.4153846153846154, 0.42424242424242425, 0.43283582089552236, 0.4411764705882353, 0.42857142857142855, 0.43661971830985913, 0.4444444444444444, 0.4520547945205479, 0.4794520547945205, 0.5068493150684932, 0.5135135135135135, 0.5405405405405406, 0.5263157894736842, 0.5526315789473685, 0.5584415584415584, 0.5641025641025641, 0.55, 0.575, 0.6, 0.6049382716049383, 0.6296296296296297, 0.654320987654321, 0.6790123456790124, 0.7037037037037037, 0.7283950617283951, 0.7530864197530864, 0.7777777777777778, 0.8024691358024691, 0.8271604938271605, 0.8518518518518519, 0.8765432098765432, 0.9012345679012346, 0.9259259259259259, 0.9506172839506173, 0.9753086419753086, 1.0], 0.3977719186861054], "first_gen": [[0.0, 0.0, 0.2, 0.3333333333333333, 0.42857142857142855, 0.3333333333333333, 0.2727272727272727, 0.3333333333333333, 0.2857142857142857, 0.25, 0.2222222222222222, 0.2, 0.18181818181818182, 0.16666666666666666, 0.15384615384615385, 0.14285714285714285, 0.13333333333333333, 0.16129032258064516, 0.22580645161290322, 0.2903225806451613, 0.3125, 0.3333333333333333, 0.35294117647058826, 0.4117647058823529, 0.42857142857142855, 0.40540540540540543, 0.42105263157894735, 0.4358974358974359, 0.4146341463414634, 0.3953488372093023, 0.4090909090909091, 0.45454545454545453, 0.4666666666666667, 0.4782608695652174, 0.5217391304347826, 0.5652173913043478, 0.6086956521739131, 0.5833333333333334, 0.625, 0.6326530612244898, 0.673469387755102, 0.68, 0.6538461538461539, 0.6923076923076923, 0.6981132075471698, 0.7037037037037037, 0.6785714285714286, 0.7142857142857143, 0.7192982456140351, 0.7241379310344828, 0.7, 0.6774193548387096, 0.6825396825396826, 0.6875, 0.6666666666666666, 0.6470588235294118, 0.6285714285714286, 0.6338028169014085, 0.6388888888888888, 0.6216216216216216, 0.6486486486486487, 0.6533333333333333, 0.68, 0.6842105263157895, 0.6883116883116883, 0.7142857142857143, 0.717948717948718, 0.7435897435897436, 0.7468354430379747, 0.7721518987341772, 0.775, 0.8, 0.8024691358024691, 0.8271604938271605, 0.8518518518518519, 0.8765432098765432, 0.9012345679012346, 0.9259259259259259, 0.9506172839506173, 0.9753086419753086, 1.0], 0.5416132148145619]}}