{"rank_algo": "pearson_correlation_score", "seed": 95, "subsampling_proportion": 0.1, "exec_time": 0.13699769973754883, "results": {"features": ["feature82", "feature81", "feature90", "feature5", "feature2", "feature59", "feature39", "feature40", "feature48", "feature27", "feature12", "feature15", "feature0", "feature50", "feature37", "feature42", "feature9", "feature17", "feature8", "feature49", "feature30", "feature10", "feature22", "feature41", "feature29", "feature38", "feature3", "feature24", "feature36", "feature34", "feature52", "feature56", "feature51", "feature44", "feature43", "feature71", "feature21", "feature47", "feature66", "feature62", "feature16", "feature4", "feature11", "feature46", "feature28", "feature20", "feature35", "feature13", "feature31", "feature67", "feature45", "feature53", "feature26", "feature1", "feature61", "feature69", "feature19", "feature65", "feature58", "feature64", "feature68", "feature55", "feature33", "feature18", "feature54", "feature72", "feature6", "feature23", "feature57", "feature60", "feature25", "feature7", "feature73", "feature63", "feature70", "feature92", "feature93", "feature94", "feature95", "feature96", "feature97"], "scores": [0.3380304649085255, 0.3171030581326209, 0.13371205663334398, 0.12451203011301426, 0.09888135841791566, 0.09487682004424061, 0.09480395516912911, 0.09033757576540263, 0.0889715626923413, 0.0805395661282762, 0.07654613918451982, 0.07451357027937798, 0.06979809750885592, 0.06868355373407178, 0.06702893405017592, 0.06377323941035719, 0.058393156500455616, 0.05672558407003828, 0.05666958567859425, 0.05611711674103455, 0.055813673655413454, 0.05543103076226879, 0.054632398658321264, 0.052976179742866315, 0.04968746711944959, 0.04881215035512761, 0.047622217814545155, 0.04511201126324654, 0.04493612265339867, 0.04466948726658473, 0.044043571696363366, 0.04401966016934816, 0.043636782812410214, 0.04200665624230055, 0.04194757748641629, 0.04065691236047455, 0.04063687490887197, 0.039308127452632194, 0.037596993852601804, 0.03622126814585018, 0.03557675888136197, 0.035126994593973684, 0.032962830991943505, 0.03256524868419398, 0.03239271787133984, 0.03144548711937193, 0.03074021485935926, 0.03035270742824475, 0.029443193415622425, 0.026820425694037864, 0.026345921550741492, 0.025742471547621177, 0.02384827248552534, 0.021513552853172736, 0.021323067669138777, 0.019619901697160127, 0.018759020712897895, 0.018188352729300538, 0.016147907112405175, 0.015943330198467925, 0.014516532915603113, 0.014065063342197863, 0.01325369883759844, 0.01306758368621704, 0.012727038664024035, 0.011541641850880548, 0.00886334948666958, 0.008185932342020141, 0.008085308467796934, 0.005568617296578711, 0.0038778522700042843, 0.003743301991142665, 0.003706248156494982, 0.0029151161327006757, NaN, NaN, NaN, NaN, NaN, NaN, NaN]}, "evaluations": {"eval_method": "jaccard_full_score", "singles": [[0.0, 0.0, 0.0, 0.0, 0.0, 0.0, 0.0, 0.0, 0.0, 0.0, 0.047619047619047616, 0.09090909090909091, 0.13043478260869565, 0.12, 0.15384615384615385, 0.14285714285714285, 0.13333333333333333, 0.16129032258064516, 0.15151515151515152, 0.17647058823529413, 0.16666666666666666, 0.1891891891891892, 0.21052631578947367, 0.23076923076923078, 0.21951219512195122, 0.20930232558139536, 0.2, 0.21739130434782608, 0.23404255319148937, 0.22448979591836735, 0.21568627450980393, 0.23076923076923078, 0.2692307692307692, 0.25925925925925924, 0.2727272727272727, 0.2857142857142857, 0.2982456140350877, 0.288135593220339, 0.2786885245901639, 0.3114754098360656, 0.3225806451612903, 0.3333333333333333, 0.34375, 0.375, 0.38461538461538464, 0.4153846153846154, 0.42424242424242425, 0.43283582089552236, 0.4411764705882353, 0.42857142857142855, 0.45714285714285713, 0.4444444444444444, 0.4722222222222222, 0.5, 0.5277777777777778, 0.5342465753424658, 0.5616438356164384, 0.5466666666666666, 0.5733333333333334, 0.5584415584415584, 0.5443037974683544, 0.55, 0.575, 0.6, 0.625, 0.65, 0.675, 0.7, 0.725, 0.75, 0.7530864197530864, 0.7777777777777778, 0.8024691358024691, 0.8271604938271605, 0.8518518518518519, 0.8765432098765432, 0.9012345679012346, 0.9259259259259259, 0.9506172839506173, 0.9753086419753086, 1.0], 0.3841723240482844], "first_gen": [[0.0, 0.0, 0.2, 0.3333333333333333, 0.25, 0.2, 0.16666666666666666, 0.23076923076923078, 0.2, 0.17647058823529413, 0.15789473684210525, 0.14285714285714285, 0.18181818181818182, 0.16666666666666666, 0.15384615384615385, 0.14285714285714285, 0.1724137931034483, 0.16129032258064516, 0.22580645161290322, 0.2903225806451613, 0.3125, 0.3333333333333333, 0.3939393939393939, 0.4117647058823529, 0.42857142857142855, 0.40540540540540543, 0.42105263157894735, 0.4358974358974359, 0.4146341463414634, 0.3953488372093023, 0.4090909090909091, 0.45454545454545453, 0.4666666666666667, 0.4782608695652174, 0.5217391304347826, 0.5652173913043478, 0.6086956521739131, 0.6170212765957447, 0.625, 0.6326530612244898, 0.673469387755102, 0.6470588235294118, 0.6226415094339622, 0.660377358490566, 0.6981132075471698, 0.7037037037037037, 0.7090909090909091, 0.7142857142857143, 0.7192982456140351, 0.6949152542372882, 0.6721311475409836, 0.6507936507936508, 0.65625, 0.6615384615384615, 0.6417910447761194, 0.6470588235294118, 0.6521739130434783, 0.6338028169014085, 0.6164383561643836, 0.6, 0.6052631578947368, 0.631578947368421, 0.6363636363636364, 0.6623376623376623, 0.6883116883116883, 0.7142857142857143, 0.7402597402597403, 0.7662337662337663, 0.7692307692307693, 0.75, 0.775, 0.8, 0.825, 0.8271604938271605, 0.8518518518518519, 0.8765432098765432, 0.9012345679012346, 0.9259259259259259, 0.9506172839506173, 0.9753086419753086, 1.0], 0.529147376339565]}}