{"rank_algo": "pearson_correlation_score", "seed": 28, "subsampling_proportion": 0.1, "exec_time": 0.16100049018859863, "results": {"features": ["feature82", "feature81", "feature90", "feature48", "feature5", "feature56", "feature27", "feature42", "feature39", "feature2", "feature59", "feature40", "feature23", "feature17", "feature15", "feature12", "feature50", "feature9", "feature43", "feature30", "feature44", "feature8", "feature10", "feature37", "feature29", "feature49", "feature0", "feature41", "feature24", "feature38", "feature34", "feature52", "feature62", "feature3", "feature71", "feature28", "feature51", "feature36", "feature47", "feature68", "feature26", "feature21", "feature46", "feature4", "feature66", "feature16", "feature67", "feature11", "feature20", "feature35", "feature31", "feature18", "feature45", "feature53", "feature55", "feature69", "feature13", "feature57", "feature65", "feature22", "feature7", "feature64", "feature25", "feature1", "feature33", "feature72", "feature6", "feature54", "feature19", "feature63", "feature61", "feature73", "feature60", "feature58"], "scores": [0.301817999538775, 0.2665181991288812, 0.12932966286484968, 0.12742376109539785, 0.12165281154159881, 0.11680087912659037, 0.11665950771244249, 0.10365622545317642, 0.10099596428503965, 0.0991494749987043, 0.09127644728252342, 0.08454177931761044, 0.07937485745061643, 0.07401351969277913, 0.07190789174232043, 0.06885162477221046, 0.0664003466808635, 0.06257416850737703, 0.06200675441274448, 0.06048008107287354, 0.059382825255124456, 0.05633429718779164, 0.055351079555858856, 0.055134995893705914, 0.05314159102425641, 0.05283532332584957, 0.05061531418204057, 0.05040712263291986, 0.04735049664246004, 0.045832006539741475, 0.04533851715637558, 0.04528984784405393, 0.04362963143730449, 0.04346148823319674, 0.04343016312236596, 0.04327357659275737, 0.04258658733238879, 0.04131112886421588, 0.039139250187233736, 0.03888346337547929, 0.03800131095920406, 0.036415985616899925, 0.03357926725125309, 0.033005742281024604, 0.03283829007784696, 0.03115625634310665, 0.030624642054049873, 0.0293770364145549, 0.029298567911634862, 0.028410883458116185, 0.0276509667891878, 0.02497997215395096, 0.024541025440585878, 0.024489269487147927, 0.021125833171663718, 0.020330003944195405, 0.018291274999477337, 0.018109540888652496, 0.017768591642763516, 0.015873087051913586, 0.014946774911364062, 0.013795047733627686, 0.012820541945127368, 0.012300644453985649, 0.011944012998393759, 0.009991169507848223, 0.009494994768004016, 0.008786354979136825, 0.006923222737063329, 0.005367934778571265, 0.003944413301890459, 0.0025515507626311723, 0.002008212793699227, 0.0014725107148099899]}, "evaluations": {"eval_method": "jaccard_full_score", "singles": [[0.0, 0.0, 0.0, 0.0, 0.0, 0.0, 0.0, 0.0, 0.0, 0.0, 0.0, 0.0, 0.08333333333333333, 0.07692307692307693, 0.15384615384615385, 0.18518518518518517, 0.1724137931034483, 0.2, 0.1875, 0.17647058823529413, 0.16666666666666666, 0.15789473684210525, 0.1794871794871795, 0.17073170731707318, 0.16279069767441862, 0.18181818181818182, 0.17391304347826086, 0.21739130434782608, 0.23404255319148937, 0.22448979591836735, 0.21568627450980393, 0.23076923076923078, 0.2692307692307692, 0.25925925925925924, 0.2962962962962963, 0.2857142857142857, 0.32142857142857145, 0.3333333333333333, 0.3220338983050847, 0.3333333333333333, 0.36666666666666664, 0.4, 0.43333333333333335, 0.4426229508196721, 0.42857142857142855, 0.4603174603174603, 0.49206349206349204, 0.5238095238095238, 0.5555555555555556, 0.5625, 0.5454545454545454, 0.5757575757575758, 0.582089552238806, 0.5652173913043478, 0.5492957746478874, 0.5555555555555556, 0.5833333333333334, 0.6111111111111112, 0.6388888888888888, 0.6666666666666666, 0.6944444444444444, 0.6986301369863014, 0.7027027027027027, 0.7297297297297297, 0.7567567567567568, 0.7837837837837838, 0.8108108108108109, 0.8378378378378378, 0.8648648648648649, 0.8918918918918919, 0.918918918918919, 0.9459459459459459, 0.972972972972973, 1.0], 0.37835732675740885], "first_gen": [[0.0, 0.0, 0.2, 0.3333333333333333, 0.25, 0.2, 0.16666666666666666, 0.14285714285714285, 0.125, 0.17647058823529413, 0.15789473684210525, 0.14285714285714285, 0.18181818181818182, 0.16666666666666666, 0.15384615384615385, 0.14285714285714285, 0.13333333333333333, 0.16129032258064516, 0.22580645161290322, 0.25, 0.3125, 0.3333333333333333, 0.3939393939393939, 0.4117647058823529, 0.42857142857142855, 0.4444444444444444, 0.4594594594594595, 0.47368421052631576, 0.48717948717948717, 0.4634146341463415, 0.47619047619047616, 0.4883720930232558, 0.4666666666666667, 0.4782608695652174, 0.48936170212765956, 0.5, 0.5416666666666666, 0.5833333333333334, 0.625, 0.6, 0.64, 0.68, 0.6862745098039216, 0.6923076923076923, 0.6981132075471698, 0.7037037037037037, 0.6785714285714286, 0.6842105263157895, 0.7192982456140351, 0.7241379310344828, 0.7, 0.7049180327868853, 0.6825396825396826, 0.6875, 0.71875, 0.75, 0.7272727272727273, 0.7313432835820896, 0.7611940298507462, 0.7910447761194029, 0.8208955223880597, 0.8235294117647058, 0.8260869565217391, 0.8285714285714286, 0.8309859154929577, 0.8591549295774648, 0.8611111111111112, 0.8888888888888888, 0.8904109589041096, 0.9178082191780822, 0.9452054794520548, 0.9726027397260274, 0.972972972972973, 1.0], 0.5324280147967385]}}