{"rank_algo": "pearson_correlation_score", "seed": 86, "subsampling_proportion": 0.1, "exec_time": 0.16299986839294434, "results": {"features": ["feature82", "feature81", "feature90", "feature5", "feature39", "feature2", "feature40", "feature15", "feature59", "feature42", "feature50", "feature17", "feature37", "feature22", "feature12", "feature30", "feature23", "feature49", "feature9", "feature28", "feature8", "feature38", "feature24", "feature29", "feature36", "feature52", "feature10", "feature41", "feature34", "feature51", "feature0", "feature26", "feature3", "feature16", "feature68", "feature46", "feature43", "feature47", "feature31", "feature66", "feature44", "feature48", "feature21", "feature4", "feature53", "feature71", "feature67", "feature35", "feature56", "feature45", "feature69", "feature13", "feature65", "feature57", "feature64", "feature62", "feature27", "feature55", "feature61", "feature63", "feature11", "feature54", "feature25", "feature72", "feature6", "feature7", "feature33", "feature58", "feature19", "feature18", "feature1", "feature73", "feature60", "feature20"], "scores": [0.3176055862034231, 0.2965740909120342, 0.13121371514710914, 0.11883869991165366, 0.0998142598705338, 0.0933832876310324, 0.09225203725973136, 0.09006894030477386, 0.0862751501678691, 0.08291830554844934, 0.07261930171136197, 0.0723262324475943, 0.07010345257548715, 0.06680372954766287, 0.06664635272235818, 0.06153330150793442, 0.05558506374738659, 0.055096894602215216, 0.05488786439712038, 0.05262838262903878, 0.051999229364912025, 0.04983288618435134, 0.04931758891551036, 0.04803962161279552, 0.046117308606193064, 0.04481978419445282, 0.04387880569291102, 0.042717041906589766, 0.04179014874589728, 0.040955804890953934, 0.03989250324026125, 0.03930789686926847, 0.03855531812142762, 0.03757409395087285, 0.03747613421632502, 0.037228558051589464, 0.03696677031308145, 0.036159314552205446, 0.03552249849232871, 0.03362310806617954, 0.03297505062034856, 0.032747435476480985, 0.03257907966870144, 0.03240747927320116, 0.0319866308373636, 0.03170765874908284, 0.03151073415975208, 0.029188665305196464, 0.028276978377173228, 0.026606639197727353, 0.024693988461056745, 0.023050463336763062, 0.020579823714300068, 0.01978673026888349, 0.0187013161763229, 0.01625842861842897, 0.014454902123700559, 0.013553825741224636, 0.013496752741901952, 0.013369432649868276, 0.012312034563099249, 0.011334908045168807, 0.009111880656046253, 0.0090755454043723, 0.008808590228926815, 0.008639322030317741, 0.008055045811950504, 0.0078809683994093, 0.0075294777981717, 0.0073131481087709204, 0.005594877194215535, 0.0041113509964450234, 0.0033176942600945244, 0.00048214218222112054]}, "evaluations": {"eval_method": "jaccard_full_score", "singles": [[0.0, 0.0, 0.0, 0.0, 0.0, 0.0, 0.0, 0.06666666666666667, 0.058823529411764705, 0.05263157894736842, 0.047619047619047616, 0.043478260869565216, 0.08333333333333333, 0.07692307692307693, 0.15384615384615385, 0.14285714285714285, 0.21428571428571427, 0.2857142857142857, 0.26666666666666666, 0.25, 0.23529411764705882, 0.2222222222222222, 0.21052631578947367, 0.2, 0.19047619047619047, 0.18181818181818182, 0.2, 0.24444444444444444, 0.2608695652173913, 0.2765957446808511, 0.2653061224489796, 0.30612244897959184, 0.29411764705882354, 0.3076923076923077, 0.32075471698113206, 0.3333333333333333, 0.34545454545454546, 0.35714285714285715, 0.3448275862068966, 0.3559322033898305, 0.36666666666666664, 0.3770491803278688, 0.4098360655737705, 0.41935483870967744, 0.40625, 0.4375, 0.46875, 0.47692307692307695, 0.48484848484848486, 0.5151515151515151, 0.5, 0.5294117647058824, 0.5142857142857142, 0.5211267605633803, 0.5277777777777778, 0.5555555555555556, 0.5833333333333334, 0.589041095890411, 0.6164383561643836, 0.6438356164383562, 0.6712328767123288, 0.6986301369863014, 0.7027027027027027, 0.7297297297297297, 0.7567567567567568, 0.7837837837837838, 0.8108108108108109, 0.8378378378378378, 0.8648648648648649, 0.8918918918918919, 0.918918918918919, 0.9459459459459459, 0.972972972972973, 1.0], 0.3866437128898028], "first_gen": [[0.0, 0.0, 0.2, 0.3333333333333333, 0.25, 0.2, 0.16666666666666666, 0.23076923076923078, 0.2, 0.17647058823529413, 0.15789473684210525, 0.14285714285714285, 0.13043478260869565, 0.16666666666666666, 0.15384615384615385, 0.14285714285714285, 0.1724137931034483, 0.2, 0.26666666666666666, 0.2903225806451613, 0.3548387096774194, 0.3333333333333333, 0.35294117647058826, 0.37142857142857144, 0.3888888888888889, 0.3684210526315789, 0.38461538461538464, 0.4, 0.38095238095238093, 0.3953488372093023, 0.4090909090909091, 0.4222222222222222, 0.43478260869565216, 0.4166666666666667, 0.42857142857142855, 0.46938775510204084, 0.5102040816326531, 0.52, 0.5294117647058824, 0.5384615384615384, 0.5769230769230769, 0.6153846153846154, 0.6226415094339622, 0.6296296296296297, 0.6363636363636364, 0.6428571428571429, 0.6206896551724138, 0.6551724137931034, 0.6896551724137931, 0.6666666666666666, 0.6721311475409836, 0.6507936507936508, 0.6307692307692307, 0.6363636363636364, 0.6417910447761194, 0.6716417910447762, 0.7014925373134329, 0.7058823529411765, 0.7101449275362319, 0.7142857142857143, 0.7428571428571429, 0.7714285714285715, 0.7746478873239436, 0.8028169014084507, 0.8309859154929577, 0.8591549295774648, 0.8611111111111112, 0.863013698630137, 0.8904109589041096, 0.9178082191780822, 0.9452054794520548, 0.9726027397260274, 0.972972972972973, 1.0], 0.5039323681578105]}}