{"rank_algo": "pearson_correlation_score", "seed": 57, "subsampling_proportion": 0.1, "exec_time": 0.13100147247314453, "results": {"features": ["feature82", "feature81", "feature90", "feature5", "feature15", "feature2", "feature39", "feature59", "feature17", "feature48", "feature12", "feature40", "feature50", "feature37", "feature27", "feature9", "feature49", "feature30", "feature22", "feature10", "feature8", "feature38", "feature56", "feature29", "feature36", "feature24", "feature28", "feature42", "feature52", "feature44", "feature3", "feature51", "feature62", "feature71", "feature11", "feature16", "feature4", "feature41", "feature0", "feature21", "feature35", "feature34", "feature47", "feature43", "feature66", "feature53", "feature26", "feature61", "feature46", "feature13", "feature45", "feature67", "feature69", "feature64", "feature1", "feature20", "feature57", "feature33", "feature23", "feature18", "feature6", "feature72", "feature63", "feature54", "feature68", "feature55", "feature31", "feature25", "feature65", "feature19", "feature60", "feature58", "feature73", "feature7", "feature70", "feature92", "feature93", "feature94", "feature95", "feature96", "feature97"], "scores": [0.31624884398160974, 0.28082237320926096, 0.1336781492786467, 0.12043938306941265, 0.09927269150216077, 0.0991692640522957, 0.09399843644864231, 0.08813054431629692, 0.07853295936739212, 0.07643185090511098, 0.07554752345708539, 0.07366523179622794, 0.07360353471188893, 0.07144268027171907, 0.06900743516335729, 0.058261079595480034, 0.058225526159190875, 0.056343966874418276, 0.0556696826576495, 0.0547282304706627, 0.0546738071515594, 0.049989064419612705, 0.04921476690348702, 0.0483468710277324, 0.04740233516696974, 0.04678767006678936, 0.046675013272054124, 0.046451409764174126, 0.04584451998320609, 0.04535313189485444, 0.04437638540857475, 0.04413510933461311, 0.04332862069705981, 0.04331580488743032, 0.04195049414802455, 0.041816371592709026, 0.04099475714451421, 0.04033947344468891, 0.039886091793041464, 0.03674883720637468, 0.03559482321293687, 0.0347537553713684, 0.03471067207745451, 0.03414222923613132, 0.033172979745697724, 0.03177682524876177, 0.031601983344606295, 0.027728299331114568, 0.025275341591003836, 0.0245870481700069, 0.024155872059840554, 0.023418809774705715, 0.0225772845546773, 0.020450942704195223, 0.01992913901114264, 0.01821089628612326, 0.01415640878599134, 0.012724883965167296, 0.012138250200429928, 0.01204242553626541, 0.011810374325677548, 0.011688015264973284, 0.011337182003195488, 0.010020521660200248, 0.010017778029826051, 0.00986166084681898, 0.009487492862483377, 0.00922980101132913, 0.009223247394292897, 0.00607804852431081, 0.00425916209509712, 0.0034054169173581626, 0.0019338402720698452, 0.0001362869723000575, NaN, NaN, NaN, NaN, NaN, NaN, NaN]}, "evaluations": {"eval_method": "jaccard_full_score", "singles": [[0.0, 0.0, 0.0, 0.0, 0.0, 0.0, 0.07692307692307693, 0.06666666666666667, 0.058823529411764705, 0.05263157894736842, 0.1, 0.09090909090909091, 0.13043478260869565, 0.12, 0.15384615384615385, 0.14285714285714285, 0.1724137931034483, 0.2, 0.22580645161290322, 0.25, 0.23529411764705882, 0.2222222222222222, 0.21052631578947367, 0.2, 0.19047619047619047, 0.18181818181818182, 0.17391304347826086, 0.19148936170212766, 0.20833333333333334, 0.2, 0.19230769230769232, 0.23076923076923078, 0.2692307692307692, 0.2830188679245283, 0.32075471698113206, 0.3333333333333333, 0.32142857142857145, 0.35714285714285715, 0.3448275862068966, 0.3793103448275862, 0.36666666666666664, 0.3770491803278688, 0.36507936507936506, 0.375, 0.36363636363636365, 0.373134328358209, 0.40298507462686567, 0.4117647058823529, 0.4411764705882353, 0.4492753623188406, 0.45714285714285713, 0.4647887323943662, 0.4722222222222222, 0.4794520547945205, 0.5068493150684932, 0.5342465753424658, 0.5405405405405406, 0.5466666666666666, 0.5733333333333334, 0.6, 0.6052631578947368, 0.6103896103896104, 0.6363636363636364, 0.6623376623376623, 0.6666666666666666, 0.6708860759493671, 0.675, 0.6790123456790124, 0.7037037037037037, 0.7283950617283951, 0.7530864197530864, 0.7777777777777778, 0.8024691358024691, 0.8271604938271605, 0.8518518518518519, 0.8765432098765432, 0.9012345679012346, 0.9259259259259259, 0.9506172839506173, 0.9753086419753086, 1.0], 0.3971064005981344], "first_gen": [[0.0, 0.0, 0.2, 0.3333333333333333, 0.25, 0.2, 0.16666666666666666, 0.23076923076923078, 0.2, 0.17647058823529413, 0.15789473684210525, 0.14285714285714285, 0.13043478260869565, 0.12, 0.1111111111111111, 0.14285714285714285, 0.13333333333333333, 0.16129032258064516, 0.22580645161290322, 0.2903225806451613, 0.3548387096774194, 0.3333333333333333, 0.35294117647058826, 0.37142857142857144, 0.35135135135135137, 0.3333333333333333, 0.3170731707317073, 0.36585365853658536, 0.38095238095238093, 0.3953488372093023, 0.4418604651162791, 0.4883720930232558, 0.4666666666666667, 0.4782608695652174, 0.48936170212765956, 0.5, 0.5102040816326531, 0.52, 0.56, 0.6, 0.6078431372549019, 0.6153846153846154, 0.6226415094339622, 0.660377358490566, 0.6666666666666666, 0.6727272727272727, 0.6785714285714286, 0.6842105263157895, 0.7192982456140351, 0.6949152542372882, 0.6721311475409836, 0.6507936507936508, 0.65625, 0.6363636363636364, 0.6417910447761194, 0.6470588235294118, 0.6285714285714286, 0.6111111111111112, 0.6164383561643836, 0.6216216216216216, 0.6486486486486487, 0.6756756756756757, 0.6578947368421053, 0.6623376623376623, 0.6883116883116883, 0.7142857142857143, 0.717948717948718, 0.7215189873417721, 0.7468354430379747, 0.7721518987341772, 0.775, 0.7777777777777778, 0.8024691358024691, 0.8271604938271605, 0.8518518518518519, 0.8765432098765432, 0.9012345679012346, 0.9259259259259259, 0.9506172839506173, 0.9753086419753086, 1.0], 0.514482409022887]}}