{"rank_algo": "pearson_correlation_score", "seed": 7, "subsampling_proportion": 0.1, "exec_time": 0.15399861335754395, "results": {"features": ["feature82", "feature81", "feature90", "feature17", "feature5", "feature2", "feature59", "feature40", "feature22", "feature56", "feature15", "feature39", "feature12", "feature50", "feature30", "feature49", "feature23", "feature9", "feature10", "feature37", "feature28", "feature51", "feature29", "feature52", "feature24", "feature36", "feature8", "feature41", "feature71", "feature42", "feature38", "feature3", "feature62", "feature48", "feature16", "feature11", "feature0", "feature34", "feature46", "feature43", "feature21", "feature47", "feature66", "feature4", "feature67", "feature31", "feature20", "feature35", "feature69", "feature53", "feature26", "feature45", "feature19", "feature44", "feature54", "feature25", "feature13", "feature61", "feature64", "feature65", "feature18", "feature27", "feature57", "feature55", "feature6", "feature33", "feature68", "feature72", "feature1", "feature60", "feature7", "feature63", "feature58", "feature73", "feature70", "feature92", "feature93", "feature94", "feature95", "feature96", "feature97"], "scores": [0.32635760286203497, 0.2900327424230266, 0.1317116337787878, 0.12491809398985135, 0.11842258691360194, 0.09967486535614822, 0.08925690036101956, 0.0840984047324417, 0.08336576495027581, 0.07673388617280436, 0.07613541991601963, 0.07263199993950428, 0.07242360769604081, 0.07135218825080186, 0.0580412177324793, 0.05688138141679437, 0.054284739101116315, 0.05257727757202507, 0.05059501097612679, 0.05031297094778987, 0.049454974006484055, 0.046598356308206274, 0.04658882835103553, 0.04616630348700776, 0.04606125640323212, 0.04535951724633406, 0.0444907040457598, 0.0439935489854406, 0.04290942575278188, 0.041010885373490485, 0.040752902802508845, 0.03896911238687978, 0.03860427810672656, 0.038445776051929254, 0.037689143526511946, 0.03698674699852822, 0.036356419402207546, 0.036255056614594626, 0.03611817615813395, 0.036089130540070416, 0.03545900024177041, 0.03522333042227387, 0.03510684037295904, 0.03170383813388113, 0.031507968555428735, 0.029624890629133264, 0.02893837749035684, 0.02864641596183531, 0.02776377024146273, 0.027272674563901235, 0.025279095672123497, 0.024383970885587525, 0.022891524984966022, 0.021966633319501223, 0.021953768520237706, 0.021792733762593493, 0.021437801233000535, 0.02080267517000394, 0.02053114489329663, 0.020497037827801944, 0.01754568303542865, 0.01610900957732998, 0.015837007073222796, 0.014916044418175721, 0.012304830648967988, 0.00990916709194633, 0.007794722954061379, 0.0075146699920102785, 0.006310404570621418, 0.003712642771208703, 0.0022787932192449897, 0.0022186619386539838, 0.001116850538845378, 0.00022575897219655902, NaN, NaN, NaN, NaN, NaN, NaN, NaN]}, "evaluations": {"eval_method": "jaccard_full_score", "singles": [[0.0, 0.0, 0.0, 0.0, 0.0, 0.0, 0.0, 0.0, 0.0, 0.0, 0.047619047619047616, 0.043478260869565216, 0.13043478260869565, 0.12, 0.15384615384615385, 0.18518518518518517, 0.25925925925925924, 0.2857142857142857, 0.3103448275862069, 0.2903225806451613, 0.2727272727272727, 0.29411764705882354, 0.2777777777777778, 0.2631578947368421, 0.25, 0.23809523809523808, 0.22727272727272727, 0.2727272727272727, 0.2608695652173913, 0.30434782608695654, 0.2916666666666667, 0.30612244897959184, 0.32, 0.3076923076923077, 0.34615384615384615, 0.3584905660377358, 0.34545454545454546, 0.35714285714285715, 0.3684210526315789, 0.3793103448275862, 0.3898305084745763, 0.4, 0.3870967741935484, 0.3968253968253968, 0.38461538461538464, 0.3939393939393939, 0.42424242424242425, 0.4117647058823529, 0.42028985507246375, 0.4084507042253521, 0.43661971830985913, 0.4444444444444444, 0.4722222222222222, 0.4794520547945205, 0.5068493150684932, 0.5135135135135135, 0.5405405405405406, 0.5466666666666666, 0.5526315789473685, 0.5384615384615384, 0.5443037974683544, 0.569620253164557, 0.5949367088607594, 0.6, 0.6049382716049383, 0.6296296296296297, 0.654320987654321, 0.6790123456790124, 0.7037037037037037, 0.7283950617283951, 0.7530864197530864, 0.7777777777777778, 0.8024691358024691, 0.8271604938271605, 0.8518518518518519, 0.8765432098765432, 0.9012345679012346, 0.9259259259259259, 0.9506172839506173, 0.9753086419753086, 1.0], 0.40458806311495354], "first_gen": [[0.0, 0.0, 0.2, 0.3333333333333333, 0.25, 0.2, 0.16666666666666666, 0.23076923076923078, 0.2857142857142857, 0.25, 0.2222222222222222, 0.2, 0.18181818181818182, 0.16666666666666666, 0.15384615384615385, 0.14285714285714285, 0.1724137931034483, 0.2413793103448276, 0.3103448275862069, 0.3333333333333333, 0.3548387096774194, 0.3333333333333333, 0.35294117647058826, 0.37142857142857144, 0.35135135135135137, 0.3333333333333333, 0.38461538461538464, 0.4, 0.45, 0.4634146341463415, 0.4418604651162791, 0.45454545454545453, 0.43478260869565216, 0.44680851063829785, 0.4583333333333333, 0.46938775510204084, 0.5102040816326531, 0.52, 0.56, 0.6, 0.64, 0.68, 0.6538461538461539, 0.660377358490566, 0.6666666666666666, 0.6428571428571429, 0.6491228070175439, 0.6842105263157895, 0.6896551724137931, 0.6949152542372882, 0.7, 0.6774193548387096, 0.6825396825396826, 0.6875, 0.6923076923076923, 0.6716417910447762, 0.6521739130434783, 0.6338028169014085, 0.6164383561643836, 0.6, 0.6266666666666667, 0.6533333333333333, 0.6363636363636364, 0.6623376623376623, 0.6883116883116883, 0.6923076923076923, 0.717948717948718, 0.7435897435897436, 0.7692307692307693, 0.7721518987341772, 0.7974683544303798, 0.8, 0.8024691358024691, 0.8271604938271605, 0.8518518518518519, 0.8765432098765432, 0.9012345679012346, 0.9259259259259259, 0.9506172839506173, 0.9753086419753086, 1.0], 0.5272354976841547]}}