{"rank_algo": "pearson_correlation_score", "seed": 25, "subsampling_proportion": 0.1, "exec_time": 0.1509993076324463, "results": {"features": ["feature82", "feature81", "feature90", "feature5", "feature15", "feature2", "feature27", "feature39", "feature59", "feature40", "feature37", "feature42", "feature48", "feature50", "feature12", "feature23", "feature30", "feature9", "feature49", "feature8", "feature10", "feature0", "feature52", "feature38", "feature56", "feature29", "feature43", "feature62", "feature36", "feature3", "feature28", "feature26", "feature24", "feature46", "feature71", "feature41", "feature51", "feature47", "feature44", "feature68", "feature66", "feature34", "feature67", "feature21", "feature4", "feature16", "feature53", "feature69", "feature17", "feature11", "feature35", "feature45", "feature13", "feature55", "feature19", "feature64", "feature54", "feature22", "feature6", "feature33", "feature65", "feature63", "feature18", "feature57", "feature7", "feature1", "feature31", "feature60", "feature72", "feature20", "feature61", "feature25", "feature73", "feature58", "feature70", "feature92", "feature93", "feature94", "feature95", "feature96", "feature97"], "scores": [0.32655616106030594, 0.29249691864355637, 0.13152338928637708, 0.11978328080621917, 0.10401711968269742, 0.10118197051637605, 0.09592079568947481, 0.09314119067289427, 0.08714071287668826, 0.08704897981665771, 0.08222480825137257, 0.07951996356062666, 0.07846106098171628, 0.0759786582438912, 0.07342886401036396, 0.06957381575413517, 0.0600014465043821, 0.0594528343250062, 0.0584988445253586, 0.05769516183190866, 0.0568359242885425, 0.05673524458171551, 0.052565260741241286, 0.0516226095404861, 0.04959784469078836, 0.04936220105381046, 0.04792735147431253, 0.047518389916418734, 0.046722859790470625, 0.04658708179552666, 0.045961339725381335, 0.04552775399292256, 0.045472928336885314, 0.044706232145424595, 0.04435854564821729, 0.044236993202273665, 0.04235436629857232, 0.038615821362308664, 0.03753398129087662, 0.03746746110975399, 0.03740358748928714, 0.03667184492012623, 0.03387160614546136, 0.03304212312901699, 0.03194035659942149, 0.029839900066108628, 0.029633883002364653, 0.0286271360400753, 0.0282090633583092, 0.02689437250440479, 0.02465933956528869, 0.023667178050065695, 0.021196410864934997, 0.01865055472983478, 0.017673789979155776, 0.016893757228433875, 0.014165693667328408, 0.01266147931844293, 0.01251167528164807, 0.012108434966093057, 0.011386607072581937, 0.010730143165144354, 0.009693415716804987, 0.009672591118485606, 0.009086384547541047, 0.008635533407500517, 0.008340243126974926, 0.006385535442761111, 0.006239943047721783, 0.005487864337581726, 0.004489973485713109, 0.0038861267095341087, 0.002805298679493937, 0.0014197157294231337, NaN, NaN, NaN, NaN, NaN, NaN, NaN]}, "evaluations": {"eval_method": "jaccard_full_score", "singles": [[0.0, 0.0, 0.0, 0.0, 0.0, 0.0, 0.07692307692307693, 0.06666666666666667, 0.058823529411764705, 0.05263157894736842, 0.047619047619047616, 0.043478260869565216, 0.08333333333333333, 0.07692307692307693, 0.15384615384615385, 0.18518518518518517, 0.1724137931034483, 0.2, 0.22580645161290322, 0.21212121212121213, 0.23529411764705882, 0.2222222222222222, 0.21052631578947367, 0.2, 0.19047619047619047, 0.18181818181818182, 0.17391304347826086, 0.21739130434782608, 0.23404255319148937, 0.22448979591836735, 0.21568627450980393, 0.23076923076923078, 0.2692307692307692, 0.2830188679245283, 0.32075471698113206, 0.3333333333333333, 0.34545454545454546, 0.35714285714285715, 0.3448275862068966, 0.3559322033898305, 0.3442622950819672, 0.3548387096774194, 0.34375, 0.375, 0.36363636363636365, 0.3939393939393939, 0.40298507462686567, 0.391304347826087, 0.4, 0.4084507042253521, 0.4166666666666667, 0.4246575342465753, 0.4520547945205479, 0.4594594594594595, 0.4864864864864865, 0.49333333333333335, 0.52, 0.5263157894736842, 0.5526315789473685, 0.5584415584415584, 0.5443037974683544, 0.569620253164557, 0.5949367088607594, 0.620253164556962, 0.6455696202531646, 0.6708860759493671, 0.675, 0.7, 0.725, 0.75, 0.775, 0.7777777777777778, 0.8024691358024691, 0.8271604938271605, 0.8518518518518519, 0.8765432098765432, 0.9012345679012346, 0.9259259259259259, 0.9506172839506173, 0.9753086419753086, 1.0], 0.38912210095157473], "first_gen": [[0.0, 0.0, 0.2, 0.3333333333333333, 0.25, 0.2, 0.16666666666666666, 0.23076923076923078, 0.2, 0.17647058823529413, 0.15789473684210525, 0.14285714285714285, 0.13043478260869565, 0.12, 0.1111111111111111, 0.14285714285714285, 0.13333333333333333, 0.16129032258064516, 0.22580645161290322, 0.2903225806451613, 0.3548387096774194, 0.375, 0.3939393939393939, 0.37142857142857144, 0.3888888888888889, 0.3684210526315789, 0.38461538461538464, 0.4, 0.4146341463414634, 0.42857142857142855, 0.4418604651162791, 0.4883720930232558, 0.4666666666666667, 0.4782608695652174, 0.5217391304347826, 0.5319148936170213, 0.574468085106383, 0.6170212765957447, 0.6595744680851063, 0.6326530612244898, 0.64, 0.6470588235294118, 0.6226415094339622, 0.660377358490566, 0.6666666666666666, 0.6727272727272727, 0.6491228070175439, 0.6551724137931034, 0.6896551724137931, 0.6949152542372882, 0.7, 0.6774193548387096, 0.65625, 0.6615384615384615, 0.6666666666666666, 0.6470588235294118, 0.6521739130434783, 0.6571428571428571, 0.6619718309859155, 0.6438356164383562, 0.6486486486486487, 0.6533333333333333, 0.68, 0.6842105263157895, 0.7105263157894737, 0.7368421052631579, 0.7402597402597403, 0.7435897435897436, 0.7692307692307693, 0.7721518987341772, 0.775, 0.8, 0.825, 0.8271604938271605, 0.8518518518518519, 0.8765432098765432, 0.9012345679012346, 0.9259259259259259, 0.9506172839506173, 0.9753086419753086, 1.0], 0.5279480733493596]}}