{"rank_algo": "pearson_correlation_score", "seed": 31, "subsampling_proportion": 0.1, "exec_time": 0.14100217819213867, "results": {"features": ["feature82", "feature81", "feature90", "feature5", "feature23", "feature39", "feature2", "feature59", "feature0", "feature40", "feature22", "feature15", "feature17", "feature50", "feature12", "feature9", "feature8", "feature42", "feature10", "feature49", "feature28", "feature52", "feature41", "feature37", "feature44", "feature3", "feature46", "feature43", "feature36", "feature62", "feature38", "feature30", "feature29", "feature71", "feature48", "feature21", "feature34", "feature24", "feature51", "feature16", "feature56", "feature66", "feature11", "feature26", "feature4", "feature1", "feature47", "feature35", "feature53", "feature67", "feature20", "feature27", "feature31", "feature69", "feature13", "feature45", "feature54", "feature64", "feature33", "feature6", "feature25", "feature65", "feature72", "feature57", "feature55", "feature18", "feature63", "feature60", "feature19", "feature58", "feature61", "feature73", "feature7", "feature68", "feature70", "feature92", "feature93", "feature94", "feature95", "feature96", "feature97"], "scores": [0.325629526713283, 0.2843353300703073, 0.13712968218466914, 0.11680004434786008, 0.10386727968579301, 0.10331823084525764, 0.09746978435808872, 0.08930695692320059, 0.08646275646028, 0.08105393529018635, 0.07941764758730853, 0.0782651054217861, 0.07438881670764526, 0.07082435540970702, 0.0687286225883536, 0.06652253346737577, 0.06588270096779231, 0.06573689453781631, 0.05757340747328803, 0.05345777178660381, 0.04883932840629773, 0.048623722856083886, 0.04703892147095252, 0.04657664336254519, 0.04516102137625154, 0.0451420820192107, 0.0447454445245966, 0.04426218445627789, 0.043883129043488234, 0.04321850448664927, 0.04297661414294313, 0.04129764845939041, 0.04125013560561993, 0.04075207923526109, 0.04038047364579472, 0.039825512315453206, 0.03890871392358404, 0.03873914909810845, 0.03850628890095642, 0.03569245674462665, 0.03496138809844611, 0.03489018720940932, 0.03300628007714305, 0.03259560822068166, 0.032070817458353176, 0.03106063616999639, 0.030420843601559083, 0.029188657064990967, 0.028876175459479205, 0.026529472663312473, 0.02472254841078769, 0.024615789906814168, 0.024315492279207943, 0.023492221739100098, 0.020643347862655575, 0.018520584895339556, 0.017471040528886025, 0.016498856009457125, 0.012865955193583424, 0.00938652995590514, 0.00909621351776601, 0.008946281637380487, 0.005164318601658148, 0.00436879208592931, 0.004066667157079093, 0.003958041402477162, 0.003931905616397137, 0.003151987563747742, 0.003089039344884445, 0.0027258530295434804, 0.002127855548886253, 0.001924976097755009, 0.0015525058275386934, 0.0003219459831955653, NaN, NaN, NaN, NaN, NaN, NaN, NaN]}, "evaluations": {"eval_method": "jaccard_full_score", "singles": [[0.0, 0.0, 0.0, 0.0, 0.1111111111111111, 0.09090909090909091, 0.07692307692307693, 0.06666666666666667, 0.058823529411764705, 0.05263157894736842, 0.047619047619047616, 0.09090909090909091, 0.13043478260869565, 0.12, 0.2, 0.18518518518518517, 0.21428571428571427, 0.2413793103448276, 0.26666666666666666, 0.2903225806451613, 0.2727272727272727, 0.2571428571428571, 0.2777777777777778, 0.2631578947368421, 0.25, 0.23809523809523808, 0.2558139534883721, 0.2727272727272727, 0.28888888888888886, 0.30434782608695654, 0.2916666666666667, 0.28, 0.2692307692307692, 0.2830188679245283, 0.2962962962962963, 0.3090909090909091, 0.2982456140350877, 0.3333333333333333, 0.3448275862068966, 0.3793103448275862, 0.36666666666666664, 0.3770491803278688, 0.3870967741935484, 0.41935483870967744, 0.40625, 0.4375, 0.4461538461538462, 0.43283582089552236, 0.4411764705882353, 0.42857142857142855, 0.45714285714285713, 0.4647887323943662, 0.4722222222222222, 0.4794520547945205, 0.5068493150684932, 0.5342465753424658, 0.5616438356164384, 0.5466666666666666, 0.5733333333333334, 0.5789473684210527, 0.5641025641025641, 0.569620253164557, 0.5949367088607594, 0.620253164556962, 0.6049382716049383, 0.6296296296296297, 0.654320987654321, 0.6790123456790124, 0.7037037037037037, 0.7283950617283951, 0.7530864197530864, 0.7777777777777778, 0.8024691358024691, 0.8271604938271605, 0.8518518518518519, 0.8765432098765432, 0.9012345679012346, 0.9259259259259259, 0.9506172839506173, 0.9753086419753086, 1.0], 0.410230034849413], "first_gen": [[0.0, 0.0, 0.2, 0.3333333333333333, 0.42857142857142855, 0.3333333333333333, 0.2727272727272727, 0.3333333333333333, 0.2857142857142857, 0.25, 0.29411764705882354, 0.3333333333333333, 0.3, 0.2727272727272727, 0.25, 0.28, 0.3076923076923077, 0.2857142857142857, 0.35714285714285715, 0.42857142857142855, 0.4482758620689655, 0.41935483870967744, 0.4375, 0.45454545454545453, 0.5151515151515151, 0.5294117647058824, 0.5, 0.5555555555555556, 0.5263157894736842, 0.5, 0.47619047619047616, 0.45454545454545453, 0.4666666666666667, 0.4782608695652174, 0.5217391304347826, 0.5652173913043478, 0.574468085106383, 0.5833333333333334, 0.625, 0.6326530612244898, 0.673469387755102, 0.68, 0.6538461538461539, 0.6923076923076923, 0.6981132075471698, 0.7037037037037037, 0.7090909090909091, 0.7454545454545455, 0.75, 0.7241379310344828, 0.7288135593220338, 0.7333333333333333, 0.7096774193548387, 0.7142857142857143, 0.6923076923076923, 0.6716417910447762, 0.6764705882352942, 0.6571428571428571, 0.6388888888888888, 0.6438356164383562, 0.6486486486486487, 0.6533333333333333, 0.6578947368421053, 0.6623376623376623, 0.6883116883116883, 0.7142857142857143, 0.717948717948718, 0.7215189873417721, 0.7468354430379747, 0.75, 0.7530864197530864, 0.7777777777777778, 0.8024691358024691, 0.8271604938271605, 0.8518518518518519, 0.8765432098765432, 0.9012345679012346, 0.9259259259259259, 0.9506172839506173, 0.9753086419753086, 1.0], 0.572626357495729]}}