{"rank_algo": "pearson_correlation_score", "seed": 28, "subsampling_proportion": 0.1, "exec_time": 0.1360001564025879, "results": {"features": ["feature82", "feature81", "feature90", "feature48", "feature5", "feature56", "feature27", "feature42", "feature39", "feature2", "feature59", "feature40", "feature23", "feature17", "feature15", "feature12", "feature50", "feature9", "feature43", "feature30", "feature44", "feature8", "feature10", "feature37", "feature29", "feature49", "feature0", "feature41", "feature24", "feature38", "feature34", "feature52", "feature62", "feature3", "feature71", "feature28", "feature51", "feature36", "feature47", "feature68", "feature26", "feature21", "feature46", "feature4", "feature66", "feature16", "feature67", "feature11", "feature20", "feature35", "feature31", "feature18", "feature45", "feature53", "feature55", "feature69", "feature13", "feature57", "feature65", "feature22", "feature7", "feature64", "feature25", "feature1", "feature33", "feature72", "feature6", "feature54", "feature19", "feature63", "feature61", "feature73", "feature60", "feature58", "feature70", "feature92", "feature93", "feature94", "feature95", "feature96", "feature97"], "scores": [0.301817999538775, 0.2665181991288812, 0.12932966286484968, 0.12742376109539785, 0.12165281154159881, 0.11680087912659037, 0.11665950771244249, 0.10365622545317642, 0.10099596428503965, 0.0991494749987043, 0.09127644728252342, 0.08454177931761044, 0.07937485745061643, 0.07401351969277913, 0.07190789174232043, 0.06885162477221046, 0.0664003466808635, 0.06257416850737703, 0.06200675441274448, 0.06048008107287354, 0.059382825255124456, 0.05633429718779164, 0.055351079555858856, 0.055134995893705914, 0.05314159102425641, 0.05283532332584957, 0.05061531418204057, 0.05040712263291986, 0.04735049664246004, 0.045832006539741475, 0.04533851715637558, 0.04528984784405393, 0.04362963143730449, 0.04346148823319674, 0.04343016312236596, 0.04327357659275737, 0.04258658733238879, 0.04131112886421588, 0.039139250187233736, 0.03888346337547929, 0.03800131095920406, 0.036415985616899925, 0.03357926725125309, 0.033005742281024604, 0.03283829007784696, 0.03115625634310665, 0.030624642054049873, 0.0293770364145549, 0.029298567911634862, 0.028410883458116185, 0.0276509667891878, 0.02497997215395096, 0.024541025440585878, 0.024489269487147927, 0.021125833171663718, 0.020330003944195405, 0.018291274999477337, 0.018109540888652496, 0.017768591642763516, 0.015873087051913586, 0.014946774911364062, 0.013795047733627686, 0.012820541945127368, 0.012300644453985649, 0.011944012998393759, 0.009991169507848223, 0.009494994768004016, 0.008786354979136825, 0.006923222737063329, 0.005367934778571265, 0.003944413301890459, 0.0025515507626311723, 0.002008212793699227, 0.0014725107148099899, NaN, NaN, NaN, NaN, NaN, NaN, NaN]}, "evaluations": {"eval_method": "jaccard_full_score", "singles": [[0.0, 0.0, 0.0, 0.0, 0.0, 0.0, 0.0, 0.0, 0.0, 0.0, 0.0, 0.0, 0.08333333333333333, 0.07692307692307693, 0.15384615384615385, 0.18518518518518517, 0.1724137931034483, 0.2, 0.1875, 0.17647058823529413, 0.16666666666666666, 0.15789473684210525, 0.1794871794871795, 0.17073170731707318, 0.16279069767441862, 0.18181818181818182, 0.17391304347826086, 0.21739130434782608, 0.23404255319148937, 0.22448979591836735, 0.21568627450980393, 0.23076923076923078, 0.2692307692307692, 0.25925925925925924, 0.2962962962962963, 0.2857142857142857, 0.2982456140350877, 0.3103448275862069, 0.3, 0.3114754098360656, 0.3225806451612903, 0.3548387096774194, 0.36507936507936506, 0.375, 0.36363636363636365, 0.3939393939393939, 0.40298507462686567, 0.4117647058823529, 0.4411764705882353, 0.42857142857142855, 0.43661971830985913, 0.4444444444444444, 0.4722222222222222, 0.4794520547945205, 0.4864864864864865, 0.49333333333333335, 0.52, 0.5064935064935064, 0.5128205128205128, 0.5384615384615384, 0.5443037974683544, 0.55, 0.5555555555555556, 0.5802469135802469, 0.6049382716049383, 0.6296296296296297, 0.654320987654321, 0.6790123456790124, 0.7037037037037037, 0.7283950617283951, 0.7530864197530864, 0.7777777777777778, 0.8024691358024691, 0.8271604938271605, 0.8518518518518519, 0.8765432098765432, 0.9012345679012346, 0.9259259259259259, 0.9506172839506173, 0.9753086419753086, 1.0], 0.3750488439297542], "first_gen": [[0.0, 0.0, 0.2, 0.3333333333333333, 0.25, 0.2, 0.16666666666666666, 0.14285714285714285, 0.125, 0.17647058823529413, 0.15789473684210525, 0.14285714285714285, 0.18181818181818182, 0.16666666666666666, 0.15384615384615385, 0.14285714285714285, 0.13333333333333333, 0.16129032258064516, 0.22580645161290322, 0.25, 0.3125, 0.3333333333333333, 0.3939393939393939, 0.4117647058823529, 0.42857142857142855, 0.4444444444444444, 0.4594594594594595, 0.47368421052631576, 0.48717948717948717, 0.4634146341463415, 0.47619047619047616, 0.4883720930232558, 0.4666666666666667, 0.4782608695652174, 0.48936170212765956, 0.5, 0.5416666666666666, 0.5833333333333334, 0.625, 0.6, 0.64, 0.68, 0.6862745098039216, 0.6923076923076923, 0.6981132075471698, 0.7037037037037037, 0.6785714285714286, 0.6842105263157895, 0.7192982456140351, 0.7241379310344828, 0.7, 0.7049180327868853, 0.6825396825396826, 0.6615384615384615, 0.6666666666666666, 0.6716417910447762, 0.6521739130434783, 0.6338028169014085, 0.6164383561643836, 0.6216216216216216, 0.6486486486486487, 0.6533333333333333, 0.6578947368421053, 0.6842105263157895, 0.6883116883116883, 0.7142857142857143, 0.7402597402597403, 0.7662337662337663, 0.7922077922077922, 0.7948717948717948, 0.7974683544303798, 0.8227848101265823, 0.825, 0.8271604938271605, 0.8518518518518519, 0.8765432098765432, 0.9012345679012346, 0.9259259259259259, 0.9506172839506173, 0.9753086419753086, 1.0], 0.5334994029618012]}}