{"rank_algo": "pearson_correlation_score", "seed": 78, "subsampling_proportion": 0.1, "exec_time": 0.14300060272216797, "results": {"features": ["feature82", "feature81", "feature23", "feature90", "feature5", "feature40", "feature39", "feature2", "feature56", "feature59", "feature15", "feature42", "feature17", "feature50", "feature12", "feature48", "feature27", "feature37", "feature0", "feature30", "feature49", "feature26", "feature9", "feature29", "feature52", "feature10", "feature41", "feature43", "feature36", "feature24", "feature38", "feature16", "feature46", "feature51", "feature8", "feature3", "feature68", "feature66", "feature34", "feature47", "feature71", "feature28", "feature21", "feature67", "feature4", "feature31", "feature53", "feature22", "feature35", "feature13", "feature69", "feature44", "feature20", "feature45", "feature11", "feature61", "feature55", "feature25", "feature62", "feature64", "feature54", "feature65", "feature57", "feature18", "feature33", "feature1", "feature7", "feature6", "feature72", "feature60", "feature63", "feature58", "feature19", "feature73", "feature70", "feature92", "feature93", "feature94", "feature95", "feature96", "feature97"], "scores": [0.3352688186071146, 0.2876914004138353, 0.15469064647969633, 0.12641705894120825, 0.11391936774984619, 0.10735812497499037, 0.09777867524551408, 0.09746658848243583, 0.09110273944092057, 0.09024719392377901, 0.08868494402225564, 0.08631415957709282, 0.07554155071431914, 0.07434415656442485, 0.07334979159187657, 0.07230479870230302, 0.06941939884116295, 0.06492832213644747, 0.06253503505133774, 0.05858264024331637, 0.05806813381464825, 0.051145412871615864, 0.05063234826658473, 0.050581005081943985, 0.049620489743301244, 0.047776245187045485, 0.04762398324187718, 0.04586746008970857, 0.045125877873475835, 0.044735483468509134, 0.04429864399460308, 0.043558847994052255, 0.0432593715442698, 0.04283463706118965, 0.04233296874477125, 0.04019933181766292, 0.03923963196603967, 0.0389289401928096, 0.0378424145917967, 0.03674003166919474, 0.036662378229135616, 0.03663001067486618, 0.032372287278374975, 0.03097034630637952, 0.02982151313837115, 0.029700028480643705, 0.029220627058631665, 0.029115409661024556, 0.027957459886315757, 0.02504942265365738, 0.023555038186303067, 0.02351396806292956, 0.023160823830765755, 0.02233670679238163, 0.022152305297958943, 0.01872218202706783, 0.017432925806419856, 0.014618960285892883, 0.014490873396896434, 0.014378115031765617, 0.014164881188135811, 0.013937153126926598, 0.013030419854990262, 0.012506298410166355, 0.012500299921997783, 0.012184964611239659, 0.010975226095206958, 0.010600997242452847, 0.007398866652368405, 0.004692237415322162, 0.003204361072041677, 0.003183546051763338, 0.0016082001681748878, 0.00019216035273886015, NaN, NaN, NaN, NaN, NaN, NaN, NaN]}, "evaluations": {"eval_method": "jaccard_full_score", "singles": [[0.0, 0.0, 0.2, 0.14285714285714285, 0.1111111111111111, 0.09090909090909091, 0.07692307692307693, 0.06666666666666667, 0.058823529411764705, 0.05263157894736842, 0.1, 0.09090909090909091, 0.13043478260869565, 0.12, 0.2, 0.18518518518518517, 0.1724137931034483, 0.2, 0.1875, 0.17647058823529413, 0.2, 0.2222222222222222, 0.21052631578947367, 0.2, 0.19047619047619047, 0.20930232558139536, 0.22727272727272727, 0.24444444444444444, 0.2608695652173913, 0.25, 0.24, 0.28, 0.32, 0.3333333333333333, 0.34615384615384615, 0.3333333333333333, 0.32142857142857145, 0.3103448275862069, 0.3, 0.3114754098360656, 0.3225806451612903, 0.3548387096774194, 0.36507936507936506, 0.375, 0.36363636363636365, 0.373134328358209, 0.38235294117647056, 0.391304347826087, 0.4, 0.4084507042253521, 0.4166666666666667, 0.40540540540540543, 0.43243243243243246, 0.4594594594594595, 0.4864864864864865, 0.5135135135135135, 0.52, 0.5064935064935064, 0.5324675324675324, 0.5189873417721519, 0.525, 0.5308641975308642, 0.5555555555555556, 0.5802469135802469, 0.6049382716049383, 0.6296296296296297, 0.654320987654321, 0.6790123456790124, 0.7037037037037037, 0.7283950617283951, 0.7530864197530864, 0.7777777777777778, 0.8024691358024691, 0.8271604938271605, 0.8518518518518519, 0.8765432098765432, 0.9012345679012346, 0.9259259259259259, 0.9506172839506173, 0.9753086419753086, 1.0], 0.3941993809336186], "first_gen": [[0.0, 0.0, 0.5, 0.6, 0.42857142857142855, 0.3333333333333333, 0.2727272727272727, 0.3333333333333333, 0.2857142857142857, 0.25, 0.2222222222222222, 0.2, 0.18181818181818182, 0.16666666666666666, 0.15384615384615385, 0.14285714285714285, 0.13333333333333333, 0.125, 0.1875, 0.21212121212121213, 0.2727272727272727, 0.2571428571428571, 0.3142857142857143, 0.3333333333333333, 0.35135135135135137, 0.40540540540540543, 0.38461538461538464, 0.4358974358974359, 0.45, 0.42857142857142855, 0.4418604651162791, 0.45454545454545453, 0.4666666666666667, 0.4782608695652174, 0.5217391304347826, 0.5652173913043478, 0.574468085106383, 0.5510204081632653, 0.56, 0.6, 0.64, 0.6470588235294118, 0.6538461538461539, 0.660377358490566, 0.6666666666666666, 0.6428571428571429, 0.6206896551724138, 0.6551724137931034, 0.6896551724137931, 0.6666666666666666, 0.6721311475409836, 0.6774193548387096, 0.6825396825396826, 0.6615384615384615, 0.6417910447761194, 0.6231884057971014, 0.6285714285714286, 0.6111111111111112, 0.6164383561643836, 0.6, 0.6266666666666667, 0.631578947368421, 0.6363636363636364, 0.6623376623376623, 0.6666666666666666, 0.6923076923076923, 0.717948717948718, 0.7435897435897436, 0.7692307692307693, 0.7721518987341772, 0.775, 0.7777777777777778, 0.8024691358024691, 0.8271604938271605, 0.8518518518518519, 0.8765432098765432, 0.9012345679012346, 0.9259259259259259, 0.9506172839506173, 0.9753086419753086, 1.0], 0.5327075444649261]}}