{"rank_algo": "pearson_correlation_score", "seed": 44, "subsampling_proportion": 0.1, "exec_time": 0.15900039672851562, "results": {"features": ["feature82", "feature81", "feature90", "feature5", "feature56", "feature17", "feature2", "feature39", "feature40", "feature59", "feature37", "feature48", "feature15", "feature27", "feature42", "feature12", "feature22", "feature50", "feature23", "feature9", "feature8", "feature30", "feature10", "feature49", "feature52", "feature29", "feature0", "feature24", "feature41", "feature43", "feature51", "feature3", "feature36", "feature71", "feature62", "feature38", "feature46", "feature16", "feature47", "feature34", "feature4", "feature66", "feature44", "feature20", "feature21", "feature28", "feature11", "feature26", "feature68", "feature35", "feature1", "feature67", "feature69", "feature53", "feature57", "feature45", "feature31", "feature13", "feature7", "feature54", "feature55", "feature33", "feature18", "feature63", "feature64", "feature65", "feature6", "feature72", "feature25", "feature19", "feature60", "feature61", "feature58", "feature73", "feature70", "feature92", "feature93", "feature94", "feature95", "feature96", "feature97"], "scores": [0.34289217531670263, 0.3128074693196895, 0.1276704794707093, 0.11705467641924615, 0.11692378989181365, 0.11267799577299671, 0.0986573654964269, 0.09742453184052347, 0.0921862243016588, 0.09022509317397862, 0.0834871874297922, 0.08240445204513325, 0.07848410760825075, 0.07792743259356744, 0.07720352114663903, 0.07376747579444577, 0.07353922255460445, 0.07147256571920074, 0.068628637409584, 0.06169382914260942, 0.05873850689528574, 0.05853767269630438, 0.057433718985762, 0.0536513753642052, 0.05111340833324042, 0.049812450097217076, 0.04893754368951634, 0.04675001003502461, 0.04577349414092792, 0.04540596395243124, 0.04467978118779492, 0.04437549591612051, 0.04195657897728631, 0.04156019206070877, 0.04059322985196019, 0.03990345367177815, 0.03755255079307185, 0.036988913216175236, 0.03640820321426337, 0.03576982054685706, 0.03563029736733138, 0.03497622207428364, 0.03493126564341547, 0.03484300163126322, 0.03472065446005506, 0.0323772974253467, 0.031887870158313576, 0.03150254158811318, 0.031179065396832715, 0.030270333627369146, 0.028097798611585675, 0.02741754729036933, 0.027345043909330662, 0.024931020591160254, 0.023992104801460593, 0.02330283514850042, 0.02104757213669281, 0.020256647120272576, 0.017803555842866862, 0.014406739719841714, 0.014316246738716103, 0.0141811954373616, 0.013653182705576623, 0.013051482068661894, 0.012455855964456312, 0.01145304293733854, 0.009154691903916977, 0.008707876313726326, 0.008579558249259494, 0.005521533890833252, 0.005053780607788375, 0.002124884707307596, 0.0020881843163499544, 0.0008000677124964637, NaN, NaN, NaN, NaN, NaN, NaN, NaN]}, "evaluations": {"eval_method": "jaccard_full_score", "singles": [[0.0, 0.0, 0.0, 0.0, 0.0, 0.0, 0.0, 0.0, 0.0, 0.0, 0.0, 0.0, 0.08333333333333333, 0.07692307692307693, 0.1111111111111111, 0.14285714285714285, 0.1724137931034483, 0.2, 0.22580645161290322, 0.21212121212121213, 0.2, 0.1891891891891892, 0.21052631578947367, 0.23076923076923078, 0.21951219512195122, 0.20930232558139536, 0.2, 0.21739130434782608, 0.2608695652173913, 0.25, 0.2653061224489796, 0.28, 0.29411764705882354, 0.3076923076923077, 0.34615384615384615, 0.3333333333333333, 0.34545454545454546, 0.35714285714285715, 0.3448275862068966, 0.3559322033898305, 0.3442622950819672, 0.3548387096774194, 0.34375, 0.375, 0.38461538461538464, 0.4153846153846154, 0.4461538461538462, 0.45454545454545453, 0.4626865671641791, 0.4492753623188406, 0.45714285714285713, 0.4647887323943662, 0.4722222222222222, 0.4794520547945205, 0.4864864864864865, 0.5135135135135135, 0.52, 0.5263157894736842, 0.5526315789473685, 0.5789473684210527, 0.5641025641025641, 0.569620253164557, 0.5949367088607594, 0.620253164556962, 0.625, 0.65, 0.675, 0.7, 0.7037037037037037, 0.7283950617283951, 0.7530864197530864, 0.7777777777777778, 0.8024691358024691, 0.8271604938271605, 0.8518518518518519, 0.8765432098765432, 0.9012345679012346, 0.9259259259259259, 0.9506172839506173, 0.9753086419753086, 1.0], 0.39121357873821005], "first_gen": [[0.0, 0.0, 0.2, 0.3333333333333333, 0.25, 0.2, 0.16666666666666666, 0.23076923076923078, 0.2, 0.17647058823529413, 0.15789473684210525, 0.14285714285714285, 0.13043478260869565, 0.12, 0.1111111111111111, 0.10344827586206896, 0.13333333333333333, 0.125, 0.1875, 0.25, 0.3125, 0.29411764705882354, 0.35294117647058826, 0.4117647058823529, 0.42857142857142855, 0.40540540540540543, 0.42105263157894735, 0.4358974358974359, 0.45, 0.4634146341463415, 0.5121951219512195, 0.5609756097560976, 0.5348837209302325, 0.5454545454545454, 0.5555555555555556, 0.5652173913043478, 0.6086956521739131, 0.6170212765957447, 0.6595744680851063, 0.6666666666666666, 0.673469387755102, 0.6470588235294118, 0.6538461538461539, 0.6923076923076923, 0.7307692307692307, 0.7358490566037735, 0.7090909090909091, 0.7454545454545455, 0.75, 0.7543859649122807, 0.7586206896551724, 0.7333333333333333, 0.7377049180327869, 0.7142857142857143, 0.6923076923076923, 0.6716417910447762, 0.6521739130434783, 0.6338028169014085, 0.6388888888888888, 0.6438356164383562, 0.6712328767123288, 0.6756756756756757, 0.7027027027027027, 0.6842105263157895, 0.6883116883116883, 0.7142857142857143, 0.7402597402597403, 0.7662337662337663, 0.7692307692307693, 0.7948717948717948, 0.775, 0.8, 0.8024691358024691, 0.8271604938271605, 0.8518518518518519, 0.8765432098765432, 0.9012345679012346, 0.9259259259259259, 0.9506172839506173, 0.9753086419753086, 1.0], 0.542283472237694]}}