{"rank_algo": "random_forest_score", "seed": 7, "subsampling_proportion": 0.1, "exec_time": 48.827211141586304, "results": {"features": ["feature82", "feature81", "feature23", "feature22", "feature33", "feature1", "feature57", "feature55", "feature2", "feature60", "feature21", "feature3", "feature49", "feature58", "feature10", "feature0", "feature19", "feature20", "feature9", "feature8", "feature18", "feature67", "feature7", "feature50", "feature44", "feature71", "feature26", "feature29", "feature59", "feature47", "feature30", "feature36", "feature64", "feature11", "feature51", "feature17", "feature41", "feature52", "feature46", "feature69", "feature63", "feature66", "feature43", "feature38", "feature5", "feature15", "feature54", "feature53", "feature37", "feature40", "feature12", "feature28", "feature68", "feature42", "feature39", "feature24", "feature61", "feature62", "feature45", "feature25", "feature31", "feature56", "feature27", "feature65", "feature90", "feature48", "feature13", "feature35", "feature4", "feature16", "feature34", "feature72", "feature6", "feature73"], "scores": [0.06340814139924736, 0.05360606216571882, 0.05326606789721136, 0.02900763671165766, 0.028947442199027618, 0.028306843654531566, 0.026247293918787776, 0.02523583337063191, 0.02520458864121549, 0.023354581961721535, 0.023177200102426836, 0.021849238963195555, 0.02169666310484832, 0.021379294015236416, 0.02068559976315048, 0.020363221779417535, 0.018383210148528072, 0.018119336960703756, 0.017773754466092206, 0.01776119852112377, 0.017570223641429288, 0.016124443882301182, 0.015480697479680663, 0.01535875901988458, 0.015084820599030506, 0.014611416051662789, 0.014420418390604168, 0.01400697612122865, 0.013360403910534837, 0.012592798211157904, 0.012519493909381143, 0.011796013079788115, 0.011658358714276769, 0.011107457957393341, 0.011020422843369175, 0.010829502250800852, 0.010405860856270929, 0.010022160121796133, 0.00991169202835169, 0.009243452234889976, 0.009058689874030038, 0.008869158028646474, 0.008793649723794435, 0.008708958545694685, 0.00846404026527934, 0.00823977973542403, 0.008194214249082806, 0.008133233909013793, 0.007851293140972188, 0.007786083144897625, 0.007696552898937904, 0.007288040499170704, 0.006784423046528722, 0.006770804410737251, 0.0062375693878789626, 0.006174369057691673, 0.005561550526116811, 0.005150136602846137, 0.004845707498624523, 0.004690980431428536, 0.0046235409629890685, 0.004346784840983898, 0.004007691909937521, 0.003977119659773621, 0.003968290526965181, 0.003962683477070213, 0.003566797371785803, 0.0031743938523824487, 0.0029116034549465752, 0.002650492091326884, 0.002308736253280364, 0.00027518035077101757, 1.94701114181479e-05, 9.39911126598301e-06]}, "evaluations": {"eval_method": "jaccard_full_score", "singles": [[0.0, 0.0, 0.2, 0.14285714285714285, 0.1111111111111111, 0.09090909090909091, 0.07692307692307693, 0.06666666666666667, 0.058823529411764705, 0.05263157894736842, 0.15789473684210525, 0.14285714285714285, 0.18181818181818182, 0.16666666666666666, 0.2, 0.18518518518518517, 0.25925925925925924, 0.3333333333333333, 0.3103448275862069, 0.2903225806451613, 0.3125, 0.29411764705882354, 0.2777777777777778, 0.2972972972972973, 0.28205128205128205, 0.3, 0.3170731707317073, 0.3333333333333333, 0.3488372093023256, 0.36363636363636365, 0.37777777777777777, 0.3617021276595745, 0.3469387755102041, 0.36, 0.37254901960784315, 0.3584905660377358, 0.37037037037037035, 0.38181818181818183, 0.41818181818181815, 0.42857142857142855, 0.4642857142857143, 0.47368421052631576, 0.4827586206896552, 0.4666666666666667, 0.47540983606557374, 0.5081967213114754, 0.5409836065573771, 0.5483870967741935, 0.5806451612903226, 0.6129032258064516, 0.6190476190476191, 0.625, 0.6307692307692307, 0.6363636363636364, 0.6176470588235294, 0.6231884057971014, 0.6521739130434783, 0.6811594202898551, 0.7101449275362319, 0.7142857142857143, 0.7183098591549296, 0.7464788732394366, 0.7746478873239436, 0.8028169014084507, 0.8055555555555556, 0.8082191780821918, 0.8356164383561644, 0.863013698630137, 0.8904109589041096, 0.9178082191780822, 0.918918918918919, 0.9459459459459459, 0.972972972972973, 1.0], 0.4533567733060862], "first_gen": [[0.0, 0.0, 0.5, 1.0, 0.6666666666666666, 0.7142857142857143, 0.5555555555555556, 0.45454545454545453, 0.5, 0.42857142857142855, 0.4666666666666667, 0.5, 0.4444444444444444, 0.4, 0.42857142857142855, 0.45454545454545453, 0.4782608695652174, 0.5652173913043478, 0.5833333333333334, 0.6, 0.6153846153846154, 0.5714285714285714, 0.5333333333333333, 0.5, 0.5151515151515151, 0.5294117647058824, 0.5428571428571428, 0.5135135135135135, 0.48717948717948717, 0.5, 0.47619047619047616, 0.45454545454545453, 0.43478260869565216, 0.4166666666666667, 0.4583333333333333, 0.5, 0.48, 0.46153846153846156, 0.4716981132075472, 0.45454545454545453, 0.43859649122807015, 0.423728813559322, 0.4576271186440678, 0.4915254237288136, 0.5, 0.5081967213114754, 0.5409836065573771, 0.5483870967741935, 0.5806451612903226, 0.6129032258064516, 0.6190476190476191, 0.625, 0.6060606060606061, 0.6363636363636364, 0.6666666666666666, 0.6716417910447762, 0.6521739130434783, 0.6811594202898551, 0.6619718309859155, 0.6438356164383562, 0.6486486486486487, 0.6756756756756757, 0.7027027027027027, 0.7297297297297297, 0.7567567567567568, 0.7837837837837838, 0.8108108108108109, 0.8378378378378378, 0.8648648648648649, 0.8918918918918919, 0.918918918918919, 0.9459459459459459, 0.972972972972973, 1.0], 0.5789627427358133]}}