{"rank_algo": "random_forest_score", "seed": 63, "subsampling_proportion": 0.1, "exec_time": 45.38169503211975, "results": {"features": ["feature82", "feature23", "feature81", "feature22", "feature33", "feature57", "feature55", "feature1", "feature2", "feature60", "feature21", "feature58", "feature3", "feature49", "feature10", "feature0", "feature19", "feature20", "feature9", "feature8", "feature18", "feature71", "feature67", "feature44", "feature7", "feature29", "feature50", "feature26", "feature30", "feature59", "feature47", "feature11", "feature64", "feature51", "feature43", "feature36", "feature41", "feature17", "feature52", "feature46", "feature69", "feature63", "feature66", "feature38", "feature54", "feature53", "feature12", "feature15", "feature28", "feature37", "feature40", "feature5", "feature68", "feature42", "feature24", "feature39", "feature61", "feature62", "feature25", "feature31", "feature45", "feature56", "feature90", "feature65", "feature13", "feature48", "feature35", "feature27", "feature16", "feature4", "feature34", "feature72", "feature6", "feature73"], "scores": [0.0683866928085502, 0.06098194372957708, 0.051988549411707136, 0.03168502826042425, 0.02921653046214384, 0.026484718865347614, 0.025197973423427014, 0.02494514949923816, 0.023979346428519895, 0.023707259690025188, 0.023243468218595277, 0.021170757256691, 0.021008905599066714, 0.020162112556685423, 0.02007573776063756, 0.019552462097116023, 0.01860907740535152, 0.018245836082098996, 0.01749261079640922, 0.01738304087676224, 0.0171053355230526, 0.01592440306612585, 0.01577317244728421, 0.015168492404870643, 0.015051856320864851, 0.01504109668222427, 0.014892721952173872, 0.0145934901053463, 0.01314089772152846, 0.01281791819335284, 0.012645226202467436, 0.011500688436033992, 0.011330448809460535, 0.010833733263028446, 0.010669503920003855, 0.010557112502063318, 0.01041296022655551, 0.010152254682512775, 0.00981826455666818, 0.009569970613593643, 0.009289273927127757, 0.008758422704209148, 0.00865581203538377, 0.00843177514672066, 0.00811547638850854, 0.008100679360108562, 0.007609492902118154, 0.0075883101728819536, 0.007578665828614939, 0.007402307395751722, 0.007162756124262545, 0.007086961575820731, 0.0068480377500979425, 0.0065330879549283195, 0.006057371721878984, 0.0058388838977373545, 0.0054361614850585195, 0.005217760292852161, 0.004621682045608676, 0.004560056285400573, 0.004531685405074629, 0.004472488401337664, 0.004455483756917346, 0.004034977194771581, 0.0035371886867152495, 0.0035290824042523584, 0.0031154887419634378, 0.003014290331979745, 0.002707305723486025, 0.002707294200643255, 0.0021779710053178667, 0.0002618138399270241, 3.907242125104351e-05, 6.134033705936692e-06]}, "evaluations": {"eval_method": "jaccard_full_score", "singles": [[0.0, 0.3333333333333333, 0.2, 0.14285714285714285, 0.1111111111111111, 0.09090909090909091, 0.07692307692307693, 0.06666666666666667, 0.058823529411764705, 0.05263157894736842, 0.15789473684210525, 0.14285714285714285, 0.13043478260869565, 0.16666666666666666, 0.2, 0.18518518518518517, 0.25925925925925924, 0.3333333333333333, 0.3103448275862069, 0.2903225806451613, 0.3125, 0.29411764705882354, 0.2777777777777778, 0.2972972972972973, 0.28205128205128205, 0.3, 0.2857142857142857, 0.3333333333333333, 0.3181818181818182, 0.36363636363636365, 0.37777777777777777, 0.391304347826087, 0.375, 0.3877551020408163, 0.37254901960784315, 0.3584905660377358, 0.37037037037037035, 0.38181818181818183, 0.39285714285714285, 0.42857142857142855, 0.43859649122807015, 0.47368421052631576, 0.4827586206896552, 0.4666666666666667, 0.5, 0.5081967213114754, 0.5409836065573771, 0.5737704918032787, 0.5806451612903226, 0.6129032258064516, 0.6190476190476191, 0.625, 0.6307692307692307, 0.6363636363636364, 0.6417910447761194, 0.6231884057971014, 0.6521739130434783, 0.6811594202898551, 0.6857142857142857, 0.6901408450704225, 0.7183098591549296, 0.7464788732394366, 0.7746478873239436, 0.8028169014084507, 0.8055555555555556, 0.8082191780821918, 0.8356164383561644, 0.863013698630137, 0.8904109589041096, 0.9178082191780822, 0.918918918918919, 0.9459459459459459, 0.972972972972973, 1.0], 0.4571907779660805], "first_gen": [[0.0, 0.3333333333333333, 0.5, 1.0, 0.6666666666666666, 0.5, 0.4, 0.45454545454545453, 0.5, 0.42857142857142855, 0.4666666666666667, 0.4117647058823529, 0.4444444444444444, 0.4, 0.42857142857142855, 0.45454545454545453, 0.4782608695652174, 0.5652173913043478, 0.5833333333333334, 0.6, 0.6153846153846154, 0.6296296296296297, 0.5862068965517241, 0.6, 0.5625, 0.5294117647058824, 0.5, 0.5135135135135135, 0.48717948717948717, 0.4634146341463415, 0.47619047619047616, 0.45454545454545453, 0.43478260869565216, 0.44680851063829785, 0.4583333333333333, 0.5, 0.48, 0.49019607843137253, 0.4716981132075472, 0.48148148148148145, 0.4642857142857143, 0.4482758620689655, 0.4576271186440678, 0.4915254237288136, 0.5, 0.4838709677419355, 0.5161290322580645, 0.5483870967741935, 0.5806451612903226, 0.6129032258064516, 0.6190476190476191, 0.625, 0.6060606060606061, 0.6363636363636364, 0.6417910447761194, 0.6716417910447762, 0.6521739130434783, 0.6811594202898551, 0.6619718309859155, 0.6438356164383562, 0.6486486486486487, 0.6756756756756757, 0.7027027027027027, 0.7297297297297297, 0.7567567567567568, 0.7837837837837838, 0.8108108108108109, 0.8378378378378378, 0.8648648648648649, 0.8918918918918919, 0.918918918918919, 0.9459459459459459, 0.972972972972973, 1.0], 0.5805538821404709]}}