{"rank_algo": "random_forest_score", "seed": 96, "subsampling_proportion": 0.1, "exec_time": 45.13636493682861, "results": {"features": ["feature82", "feature23", "feature81", "feature33", "feature22", "feature57", "feature55", "feature2", "feature60", "feature21", "feature1", "feature3", "feature58", "feature49", "feature10", "feature20", "feature19", "feature18", "feature8", "feature0", "feature9", "feature71", "feature67", "feature7", "feature50", "feature44", "feature26", "feature29", "feature30", "feature59", "feature47", "feature64", "feature11", "feature36", "feature41", "feature51", "feature17", "feature46", "feature52", "feature69", "feature63", "feature5", "feature66", "feature38", "feature43", "feature53", "feature40", "feature54", "feature15", "feature37", "feature42", "feature28", "feature12", "feature68", "feature61", "feature39", "feature24", "feature62", "feature56", "feature90", "feature25", "feature31", "feature45", "feature48", "feature65", "feature27", "feature13", "feature4", "feature35", "feature16", "feature34", "feature72", "feature6", "feature73"], "scores": [0.06396160293968879, 0.05110847551796222, 0.05062212439234323, 0.028803556701212176, 0.028601530288674838, 0.026671996310277443, 0.025657295567212062, 0.025074874125115193, 0.023607385433935864, 0.02296817048913821, 0.022701891434816285, 0.02219071237233954, 0.021430315774564033, 0.02118413310957838, 0.02081678585209202, 0.019148947033580863, 0.018957594054977822, 0.018358185518690794, 0.018269766344517355, 0.01786982054481615, 0.017837337099052282, 0.016529528523037587, 0.016004652060617238, 0.015990542393627866, 0.015665934476999637, 0.015173249078822436, 0.01474742500161562, 0.014395612622009704, 0.013279171984837385, 0.013217122265447802, 0.012565728813281435, 0.012223260540106088, 0.011849470736890803, 0.01122270827152984, 0.010817598845454215, 0.010732156216308304, 0.010599363204734364, 0.010149163618832871, 0.009884212161532633, 0.009744205868817095, 0.009643905823845451, 0.00920251602014206, 0.008900762654460376, 0.008838276517607794, 0.00853525522041344, 0.008213660565604408, 0.00813715380190279, 0.00809697625887844, 0.008032367858155956, 0.007965184155318302, 0.0076863253135229055, 0.007668646811640228, 0.007273940405047268, 0.006865874797811172, 0.006141798975741761, 0.005991804353841196, 0.00598731158491111, 0.005739438050379581, 0.00528830700367417, 0.005058102803158784, 0.004691199712447615, 0.004588892996206012, 0.004579424959908435, 0.004378221190522678, 0.0040843448678146215, 0.0034398056801073287, 0.00333995462030056, 0.0029336782860024074, 0.002912674751863939, 0.00273889443749574, 0.0021196632545164634, 0.0002702163817867888, 1.3238238383840385e-05, 8.574057498049783e-06]}, "evaluations": {"eval_method": "jaccard_full_score", "singles": [[0.0, 0.3333333333333333, 0.2, 0.14285714285714285, 0.1111111111111111, 0.09090909090909091, 0.07692307692307693, 0.06666666666666667, 0.058823529411764705, 0.1111111111111111, 0.15789473684210525, 0.14285714285714285, 0.13043478260869565, 0.16666666666666666, 0.2, 0.23076923076923078, 0.3076923076923077, 0.3333333333333333, 0.3103448275862069, 0.2903225806451613, 0.3125, 0.29411764705882354, 0.2777777777777778, 0.2972972972972973, 0.28205128205128205, 0.3, 0.3170731707317073, 0.3333333333333333, 0.3181818181818182, 0.36363636363636365, 0.37777777777777777, 0.3617021276595745, 0.375, 0.36, 0.37254901960784315, 0.38461538461538464, 0.37037037037037035, 0.4074074074074074, 0.41818181818181815, 0.42857142857142855, 0.4642857142857143, 0.47368421052631576, 0.4827586206896552, 0.4666666666666667, 0.47540983606557374, 0.4838709677419355, 0.5161290322580645, 0.5483870967741935, 0.5806451612903226, 0.6129032258064516, 0.6190476190476191, 0.625, 0.65625, 0.6363636363636364, 0.6417910447761194, 0.6231884057971014, 0.6521739130434783, 0.6811594202898551, 0.7101449275362319, 0.7391304347826086, 0.7428571428571429, 0.7464788732394366, 0.7746478873239436, 0.7777777777777778, 0.7808219178082192, 0.8082191780821918, 0.8356164383561644, 0.863013698630137, 0.8904109589041096, 0.9178082191780822, 0.918918918918919, 0.9459459459459459, 0.972972972972973, 1.0], 0.4599818432783664], "first_gen": [[0.0, 0.3333333333333333, 0.5, 0.6, 0.6666666666666666, 0.5, 0.4, 0.45454545454545453, 0.38461538461538464, 0.42857142857142855, 0.4666666666666667, 0.5, 0.4444444444444444, 0.4, 0.42857142857142855, 0.45454545454545453, 0.4782608695652174, 0.5652173913043478, 0.5833333333333334, 0.6, 0.6153846153846154, 0.6296296296296297, 0.5862068965517241, 0.5483870967741935, 0.5151515151515151, 0.5294117647058824, 0.5428571428571428, 0.5135135135135135, 0.48717948717948717, 0.4634146341463415, 0.47619047619047616, 0.45454545454545453, 0.43478260869565216, 0.4166666666666667, 0.42857142857142855, 0.46938775510204084, 0.48, 0.49019607843137253, 0.4716981132075472, 0.45454545454545453, 0.43859649122807015, 0.4482758620689655, 0.4576271186440678, 0.4915254237288136, 0.5, 0.4838709677419355, 0.5161290322580645, 0.5483870967741935, 0.5806451612903226, 0.6129032258064516, 0.6190476190476191, 0.625, 0.6307692307692307, 0.6363636363636364, 0.6417910447761194, 0.6716417910447762, 0.6521739130434783, 0.6811594202898551, 0.6857142857142857, 0.6901408450704225, 0.6944444444444444, 0.6986301369863014, 0.7027027027027027, 0.7297297297297297, 0.7567567567567568, 0.7837837837837838, 0.8108108108108109, 0.8378378378378378, 0.8648648648648649, 0.8918918918918919, 0.918918918918919, 0.9459459459459459, 0.972972972972973, 1.0], 0.574212947278364]}}