{"rank_algo": "random_forest_score", "seed": 30, "subsampling_proportion": 0.1, "exec_time": 47.21899962425232, "results": {"features": ["feature82", "feature23", "feature81", "feature22", "feature33", "feature57", "feature55", "feature2", "feature60", "feature21", "feature1", "feature18", "feature3", "feature58", "feature49", "feature10", "feature19", "feature20", "feature0", "feature9", "feature8", "feature7", "feature67", "feature44", "feature50", "feature71", "feature29", "feature26", "feature59", "feature30", "feature47", "feature64", "feature11", "feature36", "feature51", "feature41", "feature69", "feature52", "feature46", "feature17", "feature63", "feature43", "feature66", "feature38", "feature12", "feature15", "feature53", "feature54", "feature5", "feature28", "feature37", "feature40", "feature68", "feature42", "feature39", "feature24", "feature61", "feature56", "feature31", "feature25", "feature48", "feature45", "feature62", "feature27", "feature65", "feature90", "feature13", "feature35", "feature4", "feature16", "feature34", "feature72", "feature6", "feature73"], "scores": [0.06670909298783176, 0.062289266120140706, 0.04987807188490525, 0.031138906500873465, 0.028590019918716795, 0.026107912575940685, 0.024829348346028405, 0.024534287888067708, 0.023404652064035487, 0.02255340491718657, 0.02240820334724034, 0.021636400804507596, 0.021501169738469567, 0.02093657043774399, 0.020831655300793745, 0.02081328768816686, 0.019059602326948488, 0.01872070053122341, 0.017753153309457283, 0.017704915046485834, 0.017666820102236424, 0.015471773475053, 0.01521417439309282, 0.01515898000134403, 0.015153733471513714, 0.014480279659637475, 0.014050555401059251, 0.01395188839754738, 0.013184049309160941, 0.012378400782921592, 0.012211309729880705, 0.012085002098706957, 0.011987329824331955, 0.011049399601417396, 0.010792345764244041, 0.010367230698884265, 0.009937805617335285, 0.009873466159087957, 0.009616061345914152, 0.009402172689145375, 0.00924522110874342, 0.009239411164587352, 0.008744418751961767, 0.00840866746464345, 0.008304765211790324, 0.008253506496547413, 0.008171032842924971, 0.008052489168629905, 0.007812679659205358, 0.007669619538515351, 0.007383514674041768, 0.0067973370979069955, 0.006742244609286164, 0.006740784526697925, 0.006274593879985685, 0.006085593598064538, 0.0059921714838108535, 0.004964909916298935, 0.004824571248454718, 0.004751566010277987, 0.00468245307819127, 0.004607465294243363, 0.004500782423457972, 0.004117124239493848, 0.004043137852185716, 0.0037793376908438633, 0.003618544982939638, 0.0029959960237655766, 0.0028257124503772734, 0.00249422990537397, 0.0021638694326719787, 0.0002559546622128561, 1.4824576922421363e-05, 8.0686776665537e-06]}, "evaluations": {"eval_method": "jaccard_full_score", "singles": [[0.0, 0.3333333333333333, 0.2, 0.14285714285714285, 0.1111111111111111, 0.09090909090909091, 0.07692307692307693, 0.06666666666666667, 0.058823529411764705, 0.1111111111111111, 0.15789473684210525, 0.14285714285714285, 0.13043478260869565, 0.12, 0.15384615384615385, 0.18518518518518517, 0.25925925925925924, 0.3333333333333333, 0.3103448275862069, 0.2903225806451613, 0.3125, 0.29411764705882354, 0.2777777777777778, 0.2972972972972973, 0.28205128205128205, 0.3, 0.2857142857142857, 0.3333333333333333, 0.3488372093023256, 0.36363636363636365, 0.37777777777777777, 0.3617021276595745, 0.375, 0.36, 0.37254901960784315, 0.38461538461538464, 0.37037037037037035, 0.38181818181818183, 0.41818181818181815, 0.42857142857142855, 0.4642857142857143, 0.47368421052631576, 0.4827586206896552, 0.4666666666666667, 0.5, 0.5333333333333333, 0.5409836065573771, 0.5737704918032787, 0.5806451612903226, 0.6129032258064516, 0.6190476190476191, 0.625, 0.6307692307692307, 0.6363636363636364, 0.6176470588235294, 0.6231884057971014, 0.6521739130434783, 0.6811594202898551, 0.6857142857142857, 0.6901408450704225, 0.6944444444444444, 0.7222222222222222, 0.75, 0.7777777777777778, 0.7808219178082192, 0.8082191780821918, 0.8356164383561644, 0.863013698630137, 0.8904109589041096, 0.9178082191780822, 0.918918918918919, 0.9459459459459459, 0.972972972972973, 1.0], 0.4557461987449296], "first_gen": [[0.0, 0.3333333333333333, 0.5, 1.0, 0.6666666666666666, 0.5, 0.4, 0.45454545454545453, 0.38461538461538464, 0.42857142857142855, 0.4666666666666667, 0.4117647058823529, 0.4444444444444444, 0.4, 0.36363636363636365, 0.45454545454545453, 0.4782608695652174, 0.5652173913043478, 0.5833333333333334, 0.6, 0.6153846153846154, 0.5714285714285714, 0.5333333333333333, 0.5483870967741935, 0.5151515151515151, 0.5294117647058824, 0.5, 0.5135135135135135, 0.48717948717948717, 0.4634146341463415, 0.47619047619047616, 0.45454545454545453, 0.43478260869565216, 0.4166666666666667, 0.4583333333333333, 0.46938775510204084, 0.45098039215686275, 0.4339622641509434, 0.4444444444444444, 0.45454545454545453, 0.43859649122807015, 0.4482758620689655, 0.4576271186440678, 0.4915254237288136, 0.5, 0.5081967213114754, 0.5161290322580645, 0.5483870967741935, 0.5806451612903226, 0.6129032258064516, 0.6190476190476191, 0.625, 0.6060606060606061, 0.6363636363636364, 0.6666666666666666, 0.6716417910447762, 0.6521739130434783, 0.6811594202898551, 0.6619718309859155, 0.6438356164383562, 0.6712328767123288, 0.6756756756756757, 0.7027027027027027, 0.7297297297297297, 0.7567567567567568, 0.7837837837837838, 0.8108108108108109, 0.8378378378378378, 0.8648648648648649, 0.8918918918918919, 0.918918918918919, 0.9459459459459459, 0.972972972972973, 1.0], 0.5730955737015724]}}