{"rank_algo": "pearson_correlation_score", "seed": 15, "subsampling_proportion": 0.1, "exec_time": 0.23200178146362305, "results": {"features": ["feature98", "feature99", "feature85", "feature86", "feature87", "feature88", "feature89", "feature84", "feature83", "feature82", "feature81", "feature32", "feature90", "feature14", "feature5", "feature39", "feature2", "feature91", "feature40", "feature27", "feature59", "feature12", "feature42", "feature50", "feature15", "feature9", "feature48", "feature8", "feature0", "feature30", "feature10", "feature49", "feature62", "feature56", "feature37", "feature44", "feature29", "feature28", "feature41", "feature51", "feature3", "feature36", "feature71", "feature46", "feature38", "feature52", "feature26", "feature24", "feature34", "feature43", "feature47", "feature11", "feature4", "feature35", "feature21", "feature16", "feature66", "feature68", "feature13", "feature53", "feature67", "feature45", "feature23", "feature31", "feature1", "feature57", "feature19", "feature33", "feature64", "feature18", "feature54", "feature65", "feature22", "feature72", "feature6", "feature7", "feature55", "feature61", "feature25", "feature63", "feature69", "feature20", "feature60", "feature17", "feature73", "feature74", "feature75", "feature76", "feature77", "feature78", "feature79", "feature80", "feature58", "feature70", "feature92", "feature93", "feature94", "feature95", "feature96", "feature97"], "scores": [1.0, 1.0, 0.31773058112919805, 0.3176596940516837, 0.317640317592538, 0.317640317592538, 0.317640317592538, 0.3156385733614917, 0.3129602566913107, 0.30361235071564546, 0.25348754643366644, 0.13188612811049133, 0.1314410779733094, 0.13105071567145923, 0.11725180256166563, 0.1031770521781256, 0.09879981006672722, 0.09348404871263769, 0.09252005754573336, 0.09181996378503333, 0.08725210253650464, 0.0775084093081253, 0.07403097559045928, 0.07060975160646267, 0.06942690394649283, 0.06827005697992343, 0.06530675229798676, 0.06511451565877359, 0.06365788870631081, 0.059749558257269256, 0.059420010692934504, 0.05851967775926091, 0.057172845758922, 0.057064215132897625, 0.05251110386961369, 0.05132640326734553, 0.05120925042610351, 0.04995154593643597, 0.0496934445941576, 0.04780385238227942, 0.04680256103882149, 0.04557995016856568, 0.0454556735373423, 0.044653409458605374, 0.044160445310208254, 0.04383498561194112, 0.04324006689876044, 0.04282683341584603, 0.04004100574133651, 0.037388422680571264, 0.0371119158953396, 0.0335811917542839, 0.03225538712128274, 0.032238593865069505, 0.03200209768207041, 0.03181770235837632, 0.03162799232257527, 0.031528915058947365, 0.027990771872324086, 0.026623866007794313, 0.026156574134090903, 0.024087849215845992, 0.018288910398212618, 0.01770155030348615, 0.016017050063515698, 0.015354931792769278, 0.01435359142833411, 0.014215287647800145, 0.012942914996261889, 0.011998613650201426, 0.010272652105179041, 0.00875818726224567, 0.008756918108202541, 0.00822574586902156, 0.008213761910445852, 0.007905500962742711, 0.006706840970357293, 0.0064751635472252034, 0.00566362668500251, 0.004470191478888301, 0.0038703970247833427, 0.0037453753265999103, 0.0032008798539627705, 0.002984764514494045, 0.0009448463314386321, 0.0009448463314386321, 0.0009448463314386321, 0.0009448463314386321, 0.0009448463314386321, 0.0009448463314386321, 0.0009448463314386321, 0.0009448463314386321, 0.0004606850620928733, NaN, NaN, NaN, NaN, NaN, NaN, NaN]}, "evaluations": {"eval_method": "jaccard_full_score", "singles": [[1.0, 1.0, 0.5, 0.3333333333333333, 0.25, 0.2, 0.16666666666666666, 0.14285714285714285, 0.125, 0.1111111111111111, 0.1, 0.09090909090909091, 0.08333333333333333, 0.07692307692307693, 0.07142857142857142, 0.06666666666666667, 0.0625, 0.058823529411764705, 0.08571428571428572, 0.1111111111111111, 0.13513513513513514, 0.15789473684210525, 0.15, 0.14285714285714285, 0.16279069767441862, 0.15555555555555556, 0.14893617021276595, 0.14285714285714285, 0.13725490196078433, 0.15384615384615385, 0.19230769230769232, 0.23076923076923078, 0.24528301886792453, 0.25925925925925924, 0.25, 0.2413793103448276, 0.23333333333333334, 0.2459016393442623, 0.25806451612903225, 0.2698412698412698, 0.28125, 0.2923076923076923, 0.3230769230769231, 0.3333333333333333, 0.3235294117647059, 0.3142857142857143, 0.34285714285714286, 0.352112676056338, 0.3611111111111111, 0.35135135135135137, 0.36, 0.3684210526315789, 0.37662337662337664, 0.38461538461538464, 0.3924050632911392, 0.4177215189873418, 0.425, 0.4146341463414634, 0.43902439024390244, 0.4457831325301205, 0.43529411764705883, 0.4588235294117647, 0.46511627906976744, 0.47126436781609193, 0.4772727272727273, 0.48314606741573035, 0.5056179775280899, 0.5280898876404494, 0.5333333333333333, 0.5555555555555556, 0.5604395604395604, 0.5652173913043478, 0.5698924731182796, 0.574468085106383, 0.5957446808510638, 0.6, 0.6041666666666666, 0.625, 0.6122448979591837, 0.6326530612244898, 0.6363636363636364, 0.6565656565656566, 0.6767676767676768, 0.68, 0.7, 0.72, 0.74, 0.76, 0.78, 0.8, 0.82, 0.84, 0.86, 0.88, 0.9, 0.92, 0.94, 0.96, 0.98, 1.0], 0.4237588472431346], "first_gen": [[1.0, 1.0, 0.5, 0.3333333333333333, 0.42857142857142855, 0.5, 0.5555555555555556, 0.6, 0.6363636363636364, 0.6666666666666666, 0.6923076923076923, 0.7142857142857143, 0.7333333333333333, 0.6470588235294118, 0.5789473684210527, 0.5238095238095238, 0.5454545454545454, 0.5, 0.46153846153846156, 0.42857142857142855, 0.4, 0.375, 0.35294117647058826, 0.3333333333333333, 0.3157894736842105, 0.3333333333333333, 0.3170731707317073, 0.36585365853658536, 0.4146341463414634, 0.42857142857142855, 0.47619047619047616, 0.5238095238095238, 0.5348837209302325, 0.5111111111111111, 0.5217391304347826, 0.5319148936170213, 0.5416666666666666, 0.52, 0.5, 0.5384615384615384, 0.5769230769230769, 0.5555555555555556, 0.5925925925925926, 0.6, 0.6071428571428571, 0.5862068965517241, 0.6206896551724138, 0.6271186440677966, 0.6333333333333333, 0.6666666666666666, 0.7, 0.6774193548387096, 0.6825396825396826, 0.6875, 0.6923076923076923, 0.7230769230769231, 0.7272727272727273, 0.7313432835820896, 0.7101449275362319, 0.7142857142857143, 0.7183098591549296, 0.6986301369863014, 0.7027027027027027, 0.6842105263157895, 0.6883116883116883, 0.6708860759493671, 0.675, 0.6585365853658537, 0.6428571428571429, 0.6470588235294118, 0.6511627906976745, 0.6363636363636364, 0.6404494382022472, 0.6263736263736264, 0.6304347826086957, 0.6344086021505376, 0.6382978723404256, 0.625, 0.6288659793814433, 0.6326530612244898, 0.6530612244897959, 0.673469387755102, 0.6767676767676768, 0.696969696969697, 0.7171717171717171, 0.7373737373737373, 0.7575757575757576, 0.7777777777777778, 0.797979797979798, 0.8181818181818182, 0.8383838383838383, 0.8585858585858586, 0.86, 0.88, 0.9, 0.92, 0.94, 0.96, 0.98, 1.0], 0.6320003585549505]}}