{"rank_algo": "pearson_correlation_score", "seed": 40, "subsampling_proportion": 0.1, "exec_time": 0.18799948692321777, "results": {"features": ["feature98", "feature99", "feature85", "feature86", "feature87", "feature88", "feature89", "feature84", "feature83", "feature82", "feature81", "feature32", "feature90", "feature14", "feature5", "feature56", "feature39", "feature2", "feature91", "feature40", "feature59", "feature27", "feature37", "feature48", "feature15", "feature50", "feature42", "feature30", "feature22", "feature12", "feature43", "feature9", "feature8", "feature0", "feature44", "feature49", "feature29", "feature10", "feature23", "feature38", "feature71", "feature41", "feature52", "feature51", "feature24", "feature34", "feature11", "feature68", "feature3", "feature20", "feature26", "feature36", "feature4", "feature21", "feature16", "feature47", "feature66", "feature17", "feature28", "feature35", "feature46", "feature67", "feature61", "feature53", "feature13", "feature18", "feature69", "feature31", "feature54", "feature64", "feature62", "feature7", "feature19", "feature33", "feature57", "feature72", "feature65", "feature6", "feature1", "feature45", "feature55", "feature63", "feature58", "feature73", "feature76", "feature77", "feature78", "feature79", "feature80", "feature74", "feature75", "feature25", "feature60", "feature70", "feature92", "feature93", "feature94", "feature95", "feature96", "feature97"], "scores": [1.0, 1.0, 0.33933392645999005, 0.33933305443267514, 0.33924605587508566, 0.33924605587508566, 0.33924605587508566, 0.3383135309805372, 0.33670182310770086, 0.3232488139022644, 0.3046868008688688, 0.12772876717883785, 0.12769394848392507, 0.1260959860282986, 0.11850350813903061, 0.10617657994240075, 0.10138919920026758, 0.09119500522506026, 0.08931173930258861, 0.0889642342271118, 0.08814143016986105, 0.07542135518241837, 0.07389297939340474, 0.07295535192372016, 0.06827890302534295, 0.06754471512644174, 0.06637389647042227, 0.06326462514493415, 0.0623240649800742, 0.0620919036424464, 0.059491542143457324, 0.05744212608796747, 0.05674278065003611, 0.05440856327407028, 0.05350655281638624, 0.052107292446367574, 0.050730051873459206, 0.049783774171534706, 0.04963855393909086, 0.04759473815604725, 0.047569266739359024, 0.04584645627749583, 0.045119404836660805, 0.04259369638083706, 0.04228030308271424, 0.04073075126995818, 0.040378981560224986, 0.03805628644569878, 0.037710700856947256, 0.03765851631976214, 0.03722333970079738, 0.03681450952767848, 0.036764963869883295, 0.03675699753360183, 0.03661643660178983, 0.0360034096452232, 0.0354240133188223, 0.035371149164575136, 0.031094911418355915, 0.029993506209330438, 0.0297113135912427, 0.02901521717798136, 0.027456887509204282, 0.02536746526417816, 0.0246522285471806, 0.024621041289846667, 0.023040433686498298, 0.022207361450785192, 0.01881372974923715, 0.017773570765489223, 0.016584086590547595, 0.012746861075908774, 0.012144623146799812, 0.009931356250540622, 0.009928571020269963, 0.009544003609767341, 0.008924894957570203, 0.008013815981319632, 0.007154215454839485, 0.006336246992240898, 0.006295052292304761, 0.005399448073950279, 0.0038640532184737054, 0.0035937867542734495, 0.0035937867542734495, 0.0035937867542734495, 0.0035937867542734495, 0.0035937867542734495, 0.0035937867542734495, 0.003011733477655468, 0.002911105615524534, 0.0022459491364620974, 0.0004078810166096301, NaN, NaN, NaN, NaN, NaN, NaN, NaN]}, "evaluations": {"eval_method": "jaccard_full_score", "singles": [[1.0, 1.0, 0.5, 0.3333333333333333, 0.25, 0.2, 0.16666666666666666, 0.14285714285714285, 0.125, 0.1111111111111111, 0.1, 0.09090909090909091, 0.08333333333333333, 0.07692307692307693, 0.07142857142857142, 0.06666666666666667, 0.0625, 0.058823529411764705, 0.05555555555555555, 0.1111111111111111, 0.13513513513513514, 0.1282051282051282, 0.12195121951219512, 0.11627906976744186, 0.13636363636363635, 0.13043478260869565, 0.125, 0.12, 0.13725490196078433, 0.17647058823529413, 0.16981132075471697, 0.20754716981132076, 0.2, 0.21428571428571427, 0.20689655172413793, 0.22033898305084745, 0.21311475409836064, 0.2459016393442623, 0.25806451612903225, 0.25, 0.28125, 0.3125, 0.3230769230769231, 0.3333333333333333, 0.34328358208955223, 0.3333333333333333, 0.34285714285714286, 0.3333333333333333, 0.32432432432432434, 0.3333333333333333, 0.36, 0.3684210526315789, 0.37662337662337664, 0.4025974025974026, 0.41025641025641024, 0.4177215189873418, 0.425, 0.4146341463414634, 0.43902439024390244, 0.4457831325301205, 0.4523809523809524, 0.4588235294117647, 0.46511627906976744, 0.47126436781609193, 0.4772727272727273, 0.5, 0.5056179775280899, 0.5111111111111111, 0.5333333333333333, 0.5384615384615384, 0.5434782608695652, 0.5652173913043478, 0.5698924731182796, 0.5913978494623656, 0.5957446808510638, 0.5833333333333334, 0.5876288659793815, 0.6082474226804123, 0.6122448979591837, 0.6326530612244898, 0.6363636363636364, 0.6565656565656566, 0.6767676767676768, 0.696969696969697, 0.7171717171717171, 0.7373737373737373, 0.7575757575757576, 0.7777777777777778, 0.797979797979798, 0.8181818181818182, 0.8383838383838383, 0.84, 0.86, 0.88, 0.9, 0.92, 0.94, 0.96, 0.98, 1.0], 0.42054840606531224], "first_gen": [[1.0, 1.0, 0.5, 0.3333333333333333, 0.42857142857142855, 0.5, 0.5555555555555556, 0.6, 0.6363636363636364, 0.6666666666666666, 0.6923076923076923, 0.7142857142857143, 0.7333333333333333, 0.6470588235294118, 0.5789473684210527, 0.5238095238095238, 0.4782608695652174, 0.5, 0.46153846153846156, 0.42857142857142855, 0.4, 0.375, 0.35294117647058826, 0.3333333333333333, 0.3157894736842105, 0.3, 0.2857142857142857, 0.3023255813953488, 0.3488372093023256, 0.36363636363636365, 0.4090909090909091, 0.45454545454545453, 0.5, 0.5111111111111111, 0.5555555555555556, 0.5652173913043478, 0.574468085106383, 0.5833333333333334, 0.5918367346938775, 0.6, 0.64, 0.6153846153846154, 0.6226415094339622, 0.660377358490566, 0.6363636363636364, 0.6140350877192983, 0.5932203389830508, 0.6, 0.6333333333333333, 0.639344262295082, 0.6721311475409836, 0.6774193548387096, 0.6825396825396826, 0.6875, 0.6923076923076923, 0.7230769230769231, 0.7272727272727273, 0.7313432835820896, 0.7352941176470589, 0.7647058823529411, 0.7941176470588235, 0.7714285714285715, 0.75, 0.7297297297297297, 0.7105263157894737, 0.7142857142857143, 0.717948717948718, 0.7, 0.7037037037037037, 0.6867469879518072, 0.6904761904761905, 0.6941176470588235, 0.6976744186046512, 0.6818181818181818, 0.6666666666666666, 0.6521739130434783, 0.6382978723404256, 0.6421052631578947, 0.6631578947368421, 0.6666666666666666, 0.6875, 0.6907216494845361, 0.6938775510204082, 0.7142857142857143, 0.7346938775510204, 0.7551020408163265, 0.7755102040816326, 0.7959183673469388, 0.797979797979798, 0.8181818181818182, 0.8383838383838383, 0.8585858585858586, 0.86, 0.88, 0.9, 0.92, 0.94, 0.96, 0.98, 1.0], 0.6426466020957222]}}