{"rank_algo": "pearson_correlation_score", "seed": 34, "subsampling_proportion": 0.1, "exec_time": 0.17200088500976562, "results": {"features": ["feature98", "feature99", "feature85", "feature86", "feature87", "feature88", "feature89", "feature84", "feature83", "feature82", "feature81", "feature14", "feature32", "feature90", "feature91", "feature5", "feature48", "feature2", "feature27", "feature59", "feature39", "feature40", "feature15", "feature12", "feature50", "feature42", "feature30", "feature56", "feature37", "feature28", "feature49", "feature10", "feature24", "feature9", "feature62", "feature41", "feature29", "feature34", "feature52", "feature71", "feature38", "feature17", "feature8", "feature51", "feature26", "feature0", "feature36", "feature3", "feature16", "feature46", "feature47", "feature4", "feature66", "feature31", "feature68", "feature21", "feature44", "feature35", "feature13", "feature23", "feature53", "feature67", "feature11", "feature45", "feature22", "feature7", "feature69", "feature18", "feature20", "feature43", "feature25", "feature64", "feature57", "feature1", "feature55", "feature65", "feature63", "feature54", "feature6", "feature72", "feature33", "feature75", "feature73", "feature76", "feature78", "feature79", "feature80", "feature61", "feature77", "feature74", "feature60", "feature19", "feature58", "feature70", "feature92", "feature93", "feature94", "feature95", "feature96", "feature97"], "scores": [0.9999999999999999, 0.9999999999999999, 0.3462390930791838, 0.3462318811383436, 0.34618127209802085, 0.34618127209802085, 0.34618127209802085, 0.34430365253387796, 0.34421675072174407, 0.33314667431535316, 0.29318110433624023, 0.13670808179190724, 0.13411301321388983, 0.13400883630969795, 0.12461050282327074, 0.11537625375986647, 0.09875187516028548, 0.09534528182282374, 0.0870665203948828, 0.08665012626757698, 0.08629923044269636, 0.08569439602520793, 0.07593595613620706, 0.07112428883497662, 0.06791054897047065, 0.0619765461653074, 0.056786903780266955, 0.0560824639337267, 0.055773409681138524, 0.05381795014366696, 0.05243947482457076, 0.04826898633659631, 0.04690650251668634, 0.04673964629891187, 0.04473931946549456, 0.044349880105268455, 0.04399628066846258, 0.04368529297196345, 0.04328157955880146, 0.04280649494587651, 0.04128274559220212, 0.041078824163288244, 0.040933975458262446, 0.040316182902804, 0.038843950415972994, 0.03804624468020612, 0.037504778758223674, 0.03735450245930417, 0.03690949838543452, 0.03582393983881932, 0.03482833049147571, 0.03320402729925195, 0.03262226078369388, 0.03191144707739746, 0.03093368490028522, 0.030555013727317372, 0.029647595945638535, 0.028984694827470847, 0.028679897350466613, 0.028125056880587678, 0.02801248290083494, 0.027912456528327845, 0.025522200600338447, 0.02511200409806617, 0.024181848928571895, 0.02375743290747919, 0.02196748092265021, 0.01823445941064843, 0.01821296983233689, 0.017260831320890797, 0.016828152922776344, 0.015849291624757192, 0.01571317726569159, 0.015640501778589323, 0.012023066591553715, 0.011128064697885964, 0.010585526229041005, 0.01039129235956716, 0.010008869429194218, 0.007059827872401583, 0.006791248158997659, 0.002266236401225663, 0.002263163399562847, 0.002263163399562847, 0.002263163399562847, 0.002263163399562847, 0.002263163399562847, 0.0022567075192378916, 0.0018052342652554385, 0.0016493962069699998, 0.0009056827251675202, 0.0001719818462360892, 0.00012586258778071632, NaN, NaN, NaN, NaN, NaN, NaN, NaN]}, "evaluations": {"eval_method": "jaccard_full_score", "singles": [[1.0, 1.0, 0.5, 0.3333333333333333, 0.25, 0.2, 0.16666666666666666, 0.14285714285714285, 0.125, 0.1111111111111111, 0.1, 0.09090909090909091, 0.08333333333333333, 0.07692307692307693, 0.07142857142857142, 0.06666666666666667, 0.0625, 0.058823529411764705, 0.05555555555555555, 0.1111111111111111, 0.10526315789473684, 0.1282051282051282, 0.15, 0.17073170731707318, 0.16279069767441862, 0.15555555555555556, 0.14893617021276595, 0.14285714285714285, 0.13725490196078433, 0.15384615384615385, 0.16981132075471697, 0.20754716981132076, 0.2, 0.23636363636363636, 0.25, 0.2631578947368421, 0.27586206896551724, 0.288135593220339, 0.2786885245901639, 0.2903225806451613, 0.30158730158730157, 0.3125, 0.3230769230769231, 0.3333333333333333, 0.34328358208955223, 0.3333333333333333, 0.34285714285714286, 0.3333333333333333, 0.3611111111111111, 0.3698630136986301, 0.3783783783783784, 0.3684210526315789, 0.37662337662337664, 0.38461538461538464, 0.375, 0.4, 0.4074074074074074, 0.39759036144578314, 0.42168674698795183, 0.4457831325301205, 0.43529411764705883, 0.4418604651162791, 0.4482758620689655, 0.47126436781609193, 0.4772727272727273, 0.5, 0.5056179775280899, 0.5280898876404494, 0.550561797752809, 0.5555555555555556, 0.5434782608695652, 0.5483870967741935, 0.5368421052631579, 0.5578947368421052, 0.5625, 0.5510204081632653, 0.5714285714285714, 0.5757575757575758, 0.58, 0.6, 0.62, 0.64, 0.66, 0.68, 0.7, 0.72, 0.74, 0.76, 0.78, 0.8, 0.82, 0.84, 0.86, 0.88, 0.9, 0.92, 0.94, 0.96, 0.98, 1.0], 0.4199235860854141], "first_gen": [[1.0, 1.0, 0.5, 0.3333333333333333, 0.42857142857142855, 0.5, 0.5555555555555556, 0.6, 0.6363636363636364, 0.6666666666666666, 0.6923076923076923, 0.7142857142857143, 0.7333333333333333, 0.6470588235294118, 0.5789473684210527, 0.5238095238095238, 0.4782608695652174, 0.5, 0.46153846153846156, 0.42857142857142855, 0.4, 0.375, 0.35294117647058826, 0.3333333333333333, 0.3157894736842105, 0.3, 0.2857142857142857, 0.3023255813953488, 0.3181818181818182, 0.3333333333333333, 0.37777777777777777, 0.4222222222222222, 0.43478260869565216, 0.44680851063829785, 0.4583333333333333, 0.44, 0.45098039215686275, 0.4339622641509434, 0.41818181818181815, 0.45454545454545453, 0.4642857142857143, 0.47368421052631576, 0.5087719298245614, 0.543859649122807, 0.5517241379310345, 0.559322033898305, 0.5666666666666667, 0.6, 0.6065573770491803, 0.639344262295082, 0.6721311475409836, 0.6774193548387096, 0.6825396825396826, 0.6875, 0.6666666666666666, 0.696969696969697, 0.7272727272727273, 0.7313432835820896, 0.7101449275362319, 0.7391304347826086, 0.7428571428571429, 0.7222222222222222, 0.7027027027027027, 0.6842105263157895, 0.6883116883116883, 0.6923076923076923, 0.6962025316455697, 0.7, 0.7037037037037037, 0.7073170731707317, 0.6904761904761905, 0.6744186046511628, 0.6590909090909091, 0.6629213483146067, 0.6666666666666666, 0.6521739130434783, 0.6382978723404256, 0.6421052631578947, 0.6458333333333334, 0.6666666666666666, 0.6701030927835051, 0.6907216494845361, 0.711340206185567, 0.7319587628865979, 0.7525773195876289, 0.7731958762886598, 0.7938144329896907, 0.7959183673469388, 0.8163265306122449, 0.8367346938775511, 0.8383838383838383, 0.8585858585858586, 0.86, 0.88, 0.9, 0.92, 0.94, 0.96, 0.98, 1.0], 0.6210737151816967]}}