{"rank_algo": "pearson_correlation_score", "seed": 86, "subsampling_proportion": 0.1, "exec_time": 0.17400145530700684, "results": {"features": ["feature98", "feature99", "feature86", "feature85", "feature87", "feature88", "feature89", "feature84", "feature83", "feature82", "feature81", "feature14", "feature32", "feature90", "feature91", "feature5", "feature39", "feature2", "feature40", "feature15", "feature59", "feature42", "feature50", "feature17", "feature37", "feature22", "feature12", "feature30", "feature23", "feature49", "feature9", "feature28", "feature8", "feature38", "feature24", "feature29", "feature36", "feature52", "feature10", "feature41", "feature34", "feature51", "feature0", "feature26", "feature3", "feature16", "feature68", "feature46", "feature43", "feature47", "feature31", "feature66", "feature44", "feature48", "feature21", "feature4", "feature53", "feature71", "feature67", "feature35", "feature56", "feature45", "feature69", "feature13", "feature65", "feature57", "feature64", "feature62", "feature27", "feature55", "feature61", "feature63", "feature11", "feature54", "feature25", "feature72", "feature6", "feature7", "feature33", "feature58", "feature19", "feature18", "feature1", "feature73", "feature74", "feature75", "feature76", "feature77", "feature78", "feature79", "feature80", "feature60", "feature20", "feature70", "feature92", "feature93", "feature94", "feature95", "feature96", "feature97"], "scores": [1.0, 1.0, 0.3339629025377126, 0.333829136886285, 0.33376662247438527, 0.33376662247438527, 0.33376662247438527, 0.33305741909617265, 0.3318131233401335, 0.3176055862034231, 0.2965740909120342, 0.13267553932326848, 0.13158015572530932, 0.13121371514710914, 0.12088914023662178, 0.11883869991165366, 0.0998142598705338, 0.0933832876310324, 0.09225203725973136, 0.09006894030477386, 0.0862751501678691, 0.08291830554844934, 0.07261930171136197, 0.0723262324475943, 0.07010345257548715, 0.06680372954766287, 0.06664635272235818, 0.06153330150793442, 0.05558506374738659, 0.055096894602215216, 0.05488786439712038, 0.05262838262903878, 0.051999229364912025, 0.04983288618435134, 0.04931758891551036, 0.04803962161279552, 0.046117308606193064, 0.04481978419445282, 0.04387880569291102, 0.042717041906589766, 0.04179014874589728, 0.040955804890953934, 0.03989250324026125, 0.03930789686926847, 0.03855531812142762, 0.03757409395087285, 0.03747613421632502, 0.037228558051589464, 0.03696677031308145, 0.036159314552205446, 0.03552249849232871, 0.03362310806617954, 0.03297505062034856, 0.032747435476480985, 0.03257907966870144, 0.03240747927320116, 0.0319866308373636, 0.03170765874908284, 0.03151073415975208, 0.029188665305196464, 0.028276978377173228, 0.026606639197727353, 0.024693988461056745, 0.023050463336763062, 0.020579823714300068, 0.01978673026888349, 0.0187013161763229, 0.01625842861842897, 0.014454902123700559, 0.013553825741224636, 0.013496752741901952, 0.013369432649868276, 0.012312034563099249, 0.011334908045168807, 0.009111880656046253, 0.0090755454043723, 0.008808590228926815, 0.008639322030317741, 0.008055045811950504, 0.0078809683994093, 0.0075294777981717, 0.0073131481087709204, 0.005594877194215535, 0.0041113509964450234, 0.0041113509964450234, 0.0041113509964450234, 0.0041113509964450234, 0.0041113509964450234, 0.0041113509964450234, 0.0041113509964450234, 0.0041113509964450234, 0.0033176942600945244, 0.00048214218222112054, NaN, NaN, NaN, NaN, NaN, NaN, NaN]}, "evaluations": {"eval_method": "jaccard_full_score", "singles": [[1.0, 1.0, 0.5, 0.3333333333333333, 0.25, 0.2, 0.16666666666666666, 0.14285714285714285, 0.125, 0.1111111111111111, 0.1, 0.09090909090909091, 0.08333333333333333, 0.07692307692307693, 0.07142857142857142, 0.06666666666666667, 0.0625, 0.058823529411764705, 0.08571428571428572, 0.14285714285714285, 0.16666666666666666, 0.15789473684210525, 0.15, 0.14285714285714285, 0.13636363636363635, 0.15555555555555556, 0.17391304347826086, 0.16666666666666666, 0.1836734693877551, 0.22448979591836735, 0.24, 0.2549019607843137, 0.24528301886792453, 0.25925925925925924, 0.25, 0.2413793103448276, 0.2542372881355932, 0.2459016393442623, 0.25806451612903225, 0.2698412698412698, 0.28125, 0.3125, 0.3230769230769231, 0.3333333333333333, 0.3235294117647059, 0.3333333333333333, 0.34285714285714286, 0.352112676056338, 0.3611111111111111, 0.35135135135135137, 0.36, 0.35064935064935066, 0.358974358974359, 0.3670886075949367, 0.375, 0.38271604938271603, 0.3902439024390244, 0.39759036144578314, 0.40476190476190477, 0.4117647058823529, 0.40229885057471265, 0.42528735632183906, 0.4157303370786517, 0.43820224719101125, 0.42857142857142855, 0.43478260869565216, 0.44086021505376344, 0.46236559139784944, 0.4838709677419355, 0.48936170212765956, 0.49473684210526314, 0.5157894736842106, 0.5208333333333334, 0.5416666666666666, 0.5463917525773195, 0.5353535353535354, 0.5555555555555556, 0.5757575757575758, 0.58, 0.6, 0.62, 0.64, 0.66, 0.68, 0.7, 0.72, 0.74, 0.76, 0.78, 0.8, 0.82, 0.84, 0.86, 0.88, 0.9, 0.92, 0.94, 0.96, 0.98, 1.0], 0.41460336860058045], "first_gen": [[1.0, 1.0, 0.5, 0.3333333333333333, 0.42857142857142855, 0.5, 0.5555555555555556, 0.6, 0.6363636363636364, 0.6666666666666666, 0.6923076923076923, 0.7142857142857143, 0.7333333333333333, 0.6470588235294118, 0.5789473684210527, 0.5238095238095238, 0.4782608695652174, 0.5, 0.46153846153846156, 0.42857142857142855, 0.4, 0.375, 0.35294117647058826, 0.3333333333333333, 0.3157894736842105, 0.3333333333333333, 0.3170731707317073, 0.3333333333333333, 0.38095238095238093, 0.42857142857142855, 0.47619047619047616, 0.4883720930232558, 0.5348837209302325, 0.5111111111111111, 0.5217391304347826, 0.5319148936170213, 0.5416666666666666, 0.52, 0.5294117647058824, 0.5384615384615384, 0.5185185185185185, 0.5272727272727272, 0.5357142857142857, 0.543859649122807, 0.5517241379310345, 0.5333333333333333, 0.5409836065573771, 0.5737704918032787, 0.6065573770491803, 0.6129032258064516, 0.6190476190476191, 0.625, 0.65625, 0.6875, 0.6923076923076923, 0.696969696969697, 0.7014925373134329, 0.7058823529411765, 0.6857142857142857, 0.7142857142857143, 0.7428571428571429, 0.7222222222222222, 0.726027397260274, 0.7066666666666667, 0.6883116883116883, 0.6708860759493671, 0.654320987654321, 0.6585365853658537, 0.6626506024096386, 0.6666666666666666, 0.6511627906976745, 0.6363636363636364, 0.6222222222222222, 0.6263736263736264, 0.6129032258064516, 0.6, 0.6041666666666666, 0.6082474226804123, 0.6122448979591837, 0.6161616161616161, 0.6363636363636364, 0.6565656565656566, 0.6767676767676768, 0.696969696969697, 0.7171717171717171, 0.7373737373737373, 0.7575757575757576, 0.7777777777777778, 0.797979797979798, 0.8181818181818182, 0.8383838383838383, 0.84, 0.86, 0.88, 0.9, 0.92, 0.94, 0.96, 0.98, 1.0], 0.6217360945908968]}}