{"rank_algo": "pearson_correlation_score", "seed": 93, "subsampling_proportion": 0.1, "exec_time": 0.1810004711151123, "results": {"features": ["feature98", "feature99", "feature86", "feature87", "feature88", "feature89", "feature85", "feature84", "feature83", "feature82", "feature81", "feature23", "feature14", "feature32", "feature90", "feature91", "feature5", "feature39", "feature22", "feature2", "feature40", "feature59", "feature15", "feature48", "feature27", "feature42", "feature37", "feature50", "feature12", "feature30", "feature44", "feature49", "feature56", "feature9", "feature34", "feature29", "feature8", "feature52", "feature10", "feature38", "feature28", "feature51", "feature36", "feature0", "feature3", "feature24", "feature35", "feature41", "feature66", "feature47", "feature71", "feature11", "feature16", "feature4", "feature21", "feature67", "feature43", "feature31", "feature46", "feature53", "feature57", "feature13", "feature65", "feature64", "feature68", "feature18", "feature61", "feature20", "feature62", "feature54", "feature45", "feature19", "feature26", "feature7", "feature1", "feature72", "feature6", "feature73", "feature76", "feature77", "feature78", "feature79", "feature80", "feature25", "feature17", "feature74", "feature75", "feature33", "feature55", "feature69", "feature63", "feature60", "feature58", "feature70", "feature92", "feature93", "feature94", "feature95", "feature96", "feature97"], "scores": [1.0, 1.0, 0.3494735262356486, 0.3493974910371612, 0.3493974910371612, 0.3493974910371612, 0.34937751013510127, 0.3467305296762467, 0.3464216071933451, 0.33910609264072905, 0.31841993808581154, 0.16079382999510045, 0.13081688789325854, 0.1287890107173293, 0.1281935473180329, 0.12710871425793513, 0.11202842354956809, 0.10091471355300066, 0.10065280641498872, 0.09855440965811899, 0.09526027028804006, 0.09104220357745729, 0.07932686805331245, 0.07823232888971564, 0.07555494460496669, 0.07261156897646857, 0.07089828529166876, 0.07048959856098995, 0.06685673410425601, 0.06242196656725862, 0.060903386552307696, 0.05772485980540535, 0.056010499019844076, 0.05480885518219716, 0.05403819662397856, 0.053266526792059954, 0.05178068214391346, 0.04941401653553063, 0.04912372530255735, 0.04898053881649801, 0.04727128598205613, 0.046958624080208254, 0.0456915597974444, 0.04494579761578678, 0.04443564129075693, 0.04394809313117238, 0.03921451194648762, 0.03844780345549661, 0.037834504015374464, 0.037108696072741115, 0.03602699687269799, 0.03518881923481653, 0.035104912567155644, 0.03360453980379784, 0.03250358947180065, 0.02867008284495341, 0.026733149181505413, 0.02315478346943852, 0.022617853183081807, 0.021808456207416792, 0.020106211855649044, 0.01997044979443801, 0.01754662869278454, 0.016479292006961747, 0.016031893586785435, 0.01556389702234452, 0.014805790554267607, 0.014556792063815329, 0.013579522677918912, 0.01298641146289221, 0.011260250951896254, 0.011161105187569992, 0.010852251313167808, 0.010520389940230569, 0.009988097848289326, 0.008897877680055866, 0.006879715988127899, 0.005479143552608876, 0.005479143552608876, 0.005479143552608876, 0.005479143552608876, 0.005479143552608876, 0.005479143552608876, 0.005088574892248821, 0.004471438343711053, 0.003974008737084878, 0.003974008737084878, 0.003297748946969963, 0.002376613941623631, 0.0013009169712942573, 0.000698695395875639, 0.0004504574329245354, 0.00014027133389803883, NaN, NaN, NaN, NaN, NaN, NaN, NaN]}, "evaluations": {"eval_method": "jaccard_full_score", "singles": [[1.0, 1.0, 0.5, 0.3333333333333333, 0.25, 0.2, 0.16666666666666666, 0.14285714285714285, 0.125, 0.1111111111111111, 0.1, 0.14285714285714285, 0.13043478260869565, 0.12, 0.1111111111111111, 0.10344827586206896, 0.0967741935483871, 0.09090909090909091, 0.11764705882352941, 0.14285714285714285, 0.16666666666666666, 0.1891891891891892, 0.21052631578947367, 0.2, 0.19047619047619047, 0.18181818181818182, 0.17391304347826086, 0.16666666666666666, 0.1836734693877551, 0.2, 0.19230769230769232, 0.23076923076923078, 0.2222222222222222, 0.25925925925925924, 0.25, 0.2413793103448276, 0.23333333333333334, 0.2459016393442623, 0.25806451612903225, 0.25, 0.26153846153846155, 0.2923076923076923, 0.30303030303030304, 0.29411764705882354, 0.2857142857142857, 0.29577464788732394, 0.3055555555555556, 0.3150684931506849, 0.32432432432432434, 0.3157894736842105, 0.34210526315789475, 0.35064935064935066, 0.37662337662337664, 0.38461538461538464, 0.3924050632911392, 0.4, 0.4074074074074074, 0.39759036144578314, 0.42168674698795183, 0.42857142857142855, 0.4186046511627907, 0.4418604651162791, 0.4318181818181818, 0.43820224719101125, 0.42857142857142855, 0.45054945054945056, 0.4725274725274725, 0.4945054945054945, 0.5164835164835165, 0.5384615384615384, 0.5434782608695652, 0.5652173913043478, 0.5698924731182796, 0.5913978494623656, 0.6129032258064516, 0.6, 0.6210526315789474, 0.6421052631578947, 0.6458333333333334, 0.6666666666666666, 0.6875, 0.7083333333333334, 0.7291666666666666, 0.7319587628865979, 0.7346938775510204, 0.7551020408163265, 0.7575757575757576, 0.7777777777777778, 0.797979797979798, 0.8, 0.82, 0.84, 0.86, 0.88, 0.9, 0.92, 0.94, 0.96, 0.98, 1.0], 0.42824513942425596], "first_gen": [[1.0, 1.0, 0.5, 0.3333333333333333, 0.42857142857142855, 0.3333333333333333, 0.5555555555555556, 0.6, 0.6363636363636364, 0.6666666666666666, 0.6923076923076923, 0.8461538461538461, 0.8571428571428571, 0.75, 0.6666666666666666, 0.6, 0.5454545454545454, 0.5, 0.52, 0.5384615384615384, 0.5, 0.4666666666666667, 0.4375, 0.4117647058823529, 0.3888888888888889, 0.3684210526315789, 0.35, 0.36585365853658536, 0.38095238095238093, 0.3953488372093023, 0.4418604651162791, 0.4883720930232558, 0.5, 0.5111111111111111, 0.5217391304347826, 0.5, 0.5416666666666666, 0.52, 0.5294117647058824, 0.5384615384615384, 0.5471698113207547, 0.5555555555555556, 0.5636363636363636, 0.6, 0.6071428571428571, 0.5862068965517241, 0.5932203389830508, 0.6, 0.6065573770491803, 0.6129032258064516, 0.6451612903225806, 0.625, 0.65625, 0.6615384615384615, 0.6666666666666666, 0.6716417910447762, 0.7014925373134329, 0.7058823529411765, 0.7101449275362319, 0.7142857142857143, 0.7183098591549296, 0.6986301369863014, 0.68, 0.6623376623376623, 0.6455696202531646, 0.65, 0.6341463414634146, 0.6385542168674698, 0.6428571428571429, 0.6470588235294118, 0.632183908045977, 0.6363636363636364, 0.6404494382022472, 0.6444444444444445, 0.6483516483516484, 0.6344086021505376, 0.6382978723404256, 0.6421052631578947, 0.6631578947368421, 0.6842105263157895, 0.7052631578947368, 0.7263157894736842, 0.7473684210526316, 0.75, 0.7708333333333334, 0.7916666666666666, 0.8125, 0.8144329896907216, 0.8350515463917526, 0.8556701030927835, 0.8571428571428571, 0.8585858585858586, 0.86, 0.88, 0.9, 0.92, 0.94, 0.96, 0.98, 1.0], 0.6404520604937102]}}