{"rank_algo": "pearson_correlation_score", "seed": 59, "subsampling_proportion": 0.01, "exec_time": 0.01694488525390625, "results": {"features": ["feature98", "feature99", "feature85", "feature87", "feature88", "feature89", "feature86", "feature84", "feature83", "feature82", "feature81", "feature14", "feature32", "feature90", "feature91", "feature5", "feature15", "feature39", "feature40", "feature59", "feature49", "feature50", "feature27", "feature2", "feature42", "feature48", "feature56", "feature36", "feature23", "feature37", "feature51", "feature41", "feature34", "feature47", "feature35", "feature52", "feature38", "feature22", "feature44", "feature46", "feature10", "feature67", "feature43", "feature16", "feature9", "feature0", "feature3", "feature53", "feature28", "feature8", "feature17", "feature24", "feature66", "feature68", "feature54", "feature13", "feature45", "feature65", "feature63", "feature21", "feature58", "feature61", "feature60", "feature18", "feature33", "feature69", "feature73", "feature74", "feature75", "feature76", "feature77", "feature78", "feature79", "feature80", "feature20", "feature57", "feature25", "feature6", "feature7", "feature64", "feature72", "feature1", "feature11", "feature31", "feature55", "feature26", "feature19", "feature29", "feature4", "feature30", "feature62", "feature71", "feature12", "feature70", "feature92", "feature93", "feature94", "feature95", "feature96", "feature97"], "scores": [1.0, 1.0, 0.343198700584487, 0.343198700584487, 0.343198700584487, 0.343198700584487, 0.34289365965310364, 0.342253292867666, 0.34009915901296023, 0.328426298943819, 0.30812619156133314, 0.13588656995135592, 0.13581521597365606, 0.13466853141158555, 0.13172602379928916, 0.10892027658436726, 0.1071224925940359, 0.10666823128634902, 0.09968726063584175, 0.09130335149293849, 0.08763336245020398, 0.08357775546127434, 0.08235731320256888, 0.08113952453710628, 0.08001561244953, 0.07902311105396656, 0.07457273690042834, 0.07096031847041566, 0.06729058558326587, 0.059355324101541374, 0.05736735495801778, 0.05317973843287904, 0.053179580486216044, 0.053133319448292866, 0.04923922515818693, 0.047497188277300414, 0.04622238737973946, 0.04597135558608164, 0.04444048993694385, 0.043245418310611565, 0.04288574527278324, 0.04252948824513514, 0.041220076911508155, 0.039248587229887964, 0.038843602030285564, 0.03878973162848011, 0.038265498980319064, 0.03763254544040686, 0.036991278607957916, 0.036915625505364466, 0.03479716273391799, 0.03408022453249761, 0.03365868673421255, 0.03355206741723677, 0.030473889129545895, 0.030341886234716915, 0.02769341410665896, 0.0249923637478141, 0.0249819018644961, 0.021468432589666294, 0.01811561504248139, 0.01791496239205992, 0.012417688656351185, 0.009355619855528324, 0.009221872629346099, 0.008648629622001337, 0.008315329822502422, 0.008315329822502422, 0.008315329822502422, 0.008315329822502422, 0.008315329822502422, 0.008315329822502422, 0.008315329822502422, 0.008315329822502422, 0.007033505726431943, 0.005859396433945394, -0.0004539306698304152, -0.0030786127222716376, -0.009322138156731354, -0.009610992705066677, -0.011113553619414808, -0.0133204225139954, -0.018361303651631584, -0.02316541954182208, -0.024100513327632352, -0.03145867567154902, -0.032204250506789905, -0.04909406566891995, -0.05220764888665612, -0.05591386328038924, -0.05948243233155231, -0.07704290357458096, -0.08299606389154156, NaN, NaN, NaN, NaN, NaN, NaN, NaN]}, "evaluations": {"eval_method": "jaccard_full_score", "singles": [[1.0, 1.0, 0.5, 0.3333333333333333, 0.25, 0.2, 0.16666666666666666, 0.14285714285714285, 0.125, 0.1111111111111111, 0.1, 0.09090909090909091, 0.08333333333333333, 0.07692307692307693, 0.07142857142857142, 0.06666666666666667, 0.0967741935483871, 0.09090909090909091, 0.11764705882352941, 0.14285714285714285, 0.16666666666666666, 0.15789473684210525, 0.15, 0.17073170731707318, 0.16279069767441862, 0.15555555555555556, 0.14893617021276595, 0.14285714285714285, 0.16, 0.17647058823529413, 0.19230769230769232, 0.23076923076923078, 0.2222222222222222, 0.23636363636363636, 0.22807017543859648, 0.22033898305084745, 0.21311475409836064, 0.2459016393442623, 0.23809523809523808, 0.25, 0.28125, 0.2923076923076923, 0.30303030303030304, 0.31343283582089554, 0.3235294117647059, 0.3142857142857143, 0.3055555555555556, 0.2972972972972973, 0.32432432432432434, 0.3157894736842105, 0.3246753246753247, 0.3333333333333333, 0.34177215189873417, 0.35, 0.35802469135802467, 0.38271604938271603, 0.4074074074074074, 0.39759036144578314, 0.42168674698795183, 0.4457831325301205, 0.4523809523809524, 0.47619047619047616, 0.4823529411764706, 0.5058823529411764, 0.5116279069767442, 0.5172413793103449, 0.5402298850574713, 0.5632183908045977, 0.5862068965517241, 0.5909090909090909, 0.5955056179775281, 0.6179775280898876, 0.6043956043956044, 0.6086956521739131, 0.6304347826086957, 0.6344086021505376, 0.6382978723404256, 0.6421052631578947, 0.6631578947368421, 0.6666666666666666, 0.6875, 0.6907216494845361, 0.711340206185567, 0.7142857142857143, 0.7171717171717171, 0.7373737373737373, 0.7575757575757576, 0.7777777777777778, 0.797979797979798, 0.8, 0.82, 0.84, 0.86, 0.88, 0.9, 0.92, 0.94, 0.96, 0.98, 1.0], 0.42918088119131304], "first_gen": [[1.0, 1.0, 0.5, 0.3333333333333333, 0.25, 0.3333333333333333, 0.5555555555555556, 0.6, 0.6363636363636364, 0.6666666666666666, 0.6923076923076923, 0.7142857142857143, 0.7333333333333333, 0.6470588235294118, 0.5789473684210527, 0.5238095238095238, 0.4782608695652174, 0.44, 0.4074074074074074, 0.3793103448275862, 0.3548387096774194, 0.3333333333333333, 0.3142857142857143, 0.3333333333333333, 0.3157894736842105, 0.3, 0.3170731707317073, 0.3333333333333333, 0.38095238095238093, 0.3953488372093023, 0.4090909090909091, 0.4222222222222222, 0.43478260869565216, 0.4166666666666667, 0.42857142857142855, 0.4117647058823529, 0.4230769230769231, 0.4339622641509434, 0.4716981132075472, 0.48148148148148145, 0.5185185185185185, 0.5272727272727272, 0.5636363636363636, 0.5714285714285714, 0.6071428571428571, 0.6140350877192983, 0.6491228070175439, 0.6551724137931034, 0.6333333333333333, 0.639344262295082, 0.6721311475409836, 0.6774193548387096, 0.6825396825396826, 0.6875, 0.6923076923076923, 0.696969696969697, 0.7014925373134329, 0.7058823529411765, 0.6857142857142857, 0.7142857142857143, 0.7183098591549296, 0.6986301369863014, 0.68, 0.6842105263157895, 0.6666666666666666, 0.6708860759493671, 0.654320987654321, 0.6385542168674698, 0.6235294117647059, 0.6091954022988506, 0.6136363636363636, 0.6179775280898876, 0.6222222222222222, 0.6263736263736264, 0.6483516483516484, 0.6521739130434783, 0.6559139784946236, 0.6774193548387096, 0.6808510638297872, 0.6842105263157895, 0.7052631578947368, 0.7263157894736842, 0.7291666666666666, 0.7319587628865979, 0.7346938775510204, 0.7551020408163265, 0.7755102040816326, 0.7777777777777778, 0.797979797979798, 0.8, 0.82, 0.84, 0.86, 0.88, 0.9, 0.92, 0.94, 0.96, 0.98, 1.0], 0.614485153564827]}}