{"rank_algo": "pearson_correlation_score", "seed": 71, "subsampling_proportion": 0.01, "exec_time": 0.017000675201416016, "results": {"features": ["feature98", "feature99", "feature85", "feature87", "feature88", "feature89", "feature86", "feature84", "feature83", "feature82", "feature81", "feature14", "feature23", "feature27", "feature5", "feature48", "feature39", "feature56", "feature59", "feature22", "feature37", "feature15", "feature40", "feature42", "feature2", "feature49", "feature38", "feature50", "feature0", "feature28", "feature36", "feature17", "feature51", "feature41", "feature9", "feature52", "feature8", "feature10", "feature16", "feature3", "feature35", "feature66", "feature54", "feature44", "feature47", "feature43", "feature45", "feature67", "feature69", "feature34", "feature21", "feature46", "feature57", "feature24", "feature53", "feature25", "feature18", "feature1", "feature33", "feature20", "feature63", "feature60", "feature55", "feature31", "feature68", "feature19", "feature73", "feature74", "feature75", "feature76", "feature77", "feature78", "feature79", "feature80", "feature58", "feature72", "feature6", "feature11", "feature13", "feature7", "feature61", "feature64", "feature65", "feature26", "feature4", "feature29", "feature30", "feature62", "feature12", "feature71", "feature91", "feature90", "feature32", "feature70", "feature92", "feature93", "feature94", "feature95", "feature96", "feature97"], "scores": [1.0, 1.0, 0.3529573337795693, 0.3529573337795693, 0.3529573337795693, 0.3529573337795693, 0.3526991940351367, 0.35190861814798907, 0.3507869444696271, 0.34144546486690175, 0.3176884801336189, 0.14345928535685726, 0.13439235802230046, 0.12302363906456067, 0.1078946371208679, 0.10341986890746555, 0.09970280762960722, 0.09720721060443563, 0.0956980563962393, 0.0953159944751549, 0.08621454944910421, 0.07882420843987542, 0.07724436573017049, 0.07290966732094285, 0.07021989676678202, 0.06922180731421326, 0.06861401272398991, 0.06835597606030308, 0.062092974497686915, 0.0568471857696735, 0.056594133343840454, 0.056366038016986766, 0.05552559519934773, 0.05453811040797046, 0.053799606101549206, 0.05143337712220365, 0.04991147622844559, 0.0471720664752749, 0.044925414109316775, 0.0447288124798767, 0.04324517001173377, 0.03804090913554101, 0.0376790618345576, 0.03766358457979015, 0.03752228617771117, 0.034286872804833134, 0.030457764533879855, 0.02966590932749236, 0.02627144158737548, 0.02608459352769884, 0.023972733927413517, 0.0238602731335326, 0.023735996662191346, 0.02214404341931859, 0.015035365300892159, 0.013941343761016044, 0.012245310951953142, 0.008187856048735676, 0.00713790103576089, 0.005896859685840968, 0.004047558621358975, -0.0011887671847062218, -0.0017800977645537445, -0.0020963076279085055, -0.0032525637620811716, -0.003624803815993615, -0.0040197774022911375, -0.0040197774022911375, -0.0040197774022911375, -0.0040197774022911375, -0.0040197774022911375, -0.0040197774022911375, -0.0040197774022911375, -0.0040197774022911375, -0.005629297011801852, -0.008232600265558044, -0.014499046119401051, -0.014669549232771213, -0.015777170151958703, -0.017573803376287375, -0.024610356669079667, -0.0251047257191554, -0.027841775043323143, -0.029906320757475315, -0.03551559726996882, -0.046497164416513144, -0.05715307573966468, -0.06050971526625463, -0.0708829355554456, -0.07446040248071299, -0.10637816528253674, -0.1422862717033063, -0.142688015441769, NaN, NaN, NaN, NaN, NaN, NaN, NaN]}, "evaluations": {"eval_method": "jaccard_full_score", "singles": [[1.0, 1.0, 0.5, 0.3333333333333333, 0.25, 0.2, 0.16666666666666666, 0.14285714285714285, 0.125, 0.1111111111111111, 0.1, 0.09090909090909091, 0.13043478260869565, 0.12, 0.1111111111111111, 0.10344827586206896, 0.0967741935483871, 0.09090909090909091, 0.11764705882352941, 0.14285714285714285, 0.13513513513513514, 0.15789473684210525, 0.1794871794871795, 0.17073170731707318, 0.19047619047619047, 0.20930232558139536, 0.2, 0.19148936170212766, 0.1836734693877551, 0.2, 0.19230769230769232, 0.20754716981132076, 0.2222222222222222, 0.25925925925925924, 0.2727272727272727, 0.2631578947368421, 0.2542372881355932, 0.288135593220339, 0.3, 0.2903225806451613, 0.30158730158730157, 0.3125, 0.3230769230769231, 0.31343283582089554, 0.30434782608695654, 0.29577464788732394, 0.323943661971831, 0.3150684931506849, 0.32432432432432434, 0.3157894736842105, 0.34210526315789475, 0.35064935064935066, 0.358974358974359, 0.38461538461538464, 0.375, 0.38271604938271603, 0.3902439024390244, 0.39759036144578314, 0.42168674698795183, 0.4457831325301205, 0.4523809523809524, 0.47619047619047616, 0.46511627906976744, 0.47126436781609193, 0.4606741573033708, 0.48314606741573035, 0.5056179775280899, 0.5280898876404494, 0.550561797752809, 0.5555555555555556, 0.5604395604395604, 0.5824175824175825, 0.5698924731182796, 0.574468085106383, 0.5789473684210527, 0.5833333333333334, 0.6041666666666666, 0.625, 0.6458333333333334, 0.6494845360824743, 0.6701030927835051, 0.6565656565656566, 0.6767676767676768, 0.696969696969697, 0.7171717171717171, 0.7373737373737373, 0.74, 0.76, 0.78, 0.8, 0.82, 0.84, 0.86, 0.88, 0.9, 0.92, 0.94, 0.96, 0.98, 1.0], 0.4296758399249397], "first_gen": [[1.0, 1.0, 0.5, 0.3333333333333333, 0.25, 0.3333333333333333, 0.5555555555555556, 0.6, 0.6363636363636364, 0.6666666666666666, 0.6923076923076923, 0.7142857142857143, 0.8571428571428571, 0.75, 0.6666666666666666, 0.6, 0.5454545454545454, 0.5, 0.46153846153846156, 0.48148148148148145, 0.4482758620689655, 0.41935483870967744, 0.3939393939393939, 0.37142857142857144, 0.3888888888888889, 0.3684210526315789, 0.38461538461538464, 0.4, 0.45, 0.42857142857142855, 0.4090909090909091, 0.391304347826087, 0.40425531914893614, 0.3877551020408163, 0.42857142857142855, 0.44, 0.48, 0.49019607843137253, 0.5, 0.5384615384615384, 0.5471698113207547, 0.5272727272727272, 0.5357142857142857, 0.5714285714285714, 0.5789473684210527, 0.6140350877192983, 0.6206896551724138, 0.6271186440677966, 0.6065573770491803, 0.5873015873015873, 0.6190476190476191, 0.6507936507936508, 0.65625, 0.6615384615384615, 0.6417910447761194, 0.6470588235294118, 0.6764705882352942, 0.7058823529411765, 0.6857142857142857, 0.7142857142857143, 0.7183098591549296, 0.7222222222222222, 0.726027397260274, 0.7066666666666667, 0.6883116883116883, 0.6923076923076923, 0.675, 0.6585365853658537, 0.6428571428571429, 0.627906976744186, 0.632183908045977, 0.6363636363636364, 0.6404494382022472, 0.6444444444444445, 0.6483516483516484, 0.6521739130434783, 0.6739130434782609, 0.6774193548387096, 0.6808510638297872, 0.7021276595744681, 0.7052631578947368, 0.7083333333333334, 0.711340206185567, 0.7319587628865979, 0.7346938775510204, 0.7373737373737373, 0.74, 0.76, 0.78, 0.8, 0.82, 0.84, 0.86, 0.88, 0.9, 0.92, 0.94, 0.96, 0.98, 1.0], 0.6272496480926527]}}