{"rank_algo": "pearson_correlation_score", "seed": 97, "subsampling_proportion": 0.01, "exec_time": 0.016999244689941406, "results": {"features": ["feature98", "feature99", "feature85", "feature87", "feature88", "feature89", "feature86", "feature84", "feature83", "feature82", "feature81", "feature5", "feature14", "feature90", "feature32", "feature40", "feature59", "feature91", "feature15", "feature39", "feature2", "feature42", "feature50", "feature48", "feature49", "feature47", "feature8", "feature9", "feature27", "feature23", "feature51", "feature10", "feature36", "feature17", "feature37", "feature46", "feature24", "feature52", "feature34", "feature41", "feature68", "feature3", "feature38", "feature16", "feature44", "feature20", "feature21", "feature28", "feature43", "feature35", "feature19", "feature1", "feature67", "feature31", "feature0", "feature45", "feature53", "feature66", "feature54", "feature73", "feature74", "feature75", "feature76", "feature77", "feature78", "feature79", "feature80", "feature69", "feature18", "feature57", "feature13", "feature60", "feature33", "feature25", "feature55", "feature58", "feature7", "feature65", "feature22", "feature6", "feature63", "feature72", "feature26", "feature61", "feature64", "feature4", "feature11", "feature29", "feature30", "feature62", "feature71", "feature56", "feature12", "feature70", "feature92", "feature93", "feature94", "feature95", "feature96", "feature97"], "scores": [1.0, 1.0, 0.3499728532158546, 0.3499728532158546, 0.3499728532158546, 0.3499728532158546, 0.3499380561341519, 0.346662356605665, 0.34546359426739126, 0.3355608225828235, 0.292006059983705, 0.13541834078670845, 0.12238498141122367, 0.11496135530112793, 0.11490540847247878, 0.10259770752518861, 0.1016131426428644, 0.10005461030006982, 0.09725534034521491, 0.09614595848219663, 0.09325933854189752, 0.07889709742874314, 0.07712276460485884, 0.07418794685771904, 0.06735786394030235, 0.06680875676211961, 0.0665376626909368, 0.06452128127242915, 0.061379564418182944, 0.06128385934376099, 0.05981950736027592, 0.059432600722408586, 0.056241912132334544, 0.054816059871163225, 0.054074575964547546, 0.053908783642472785, 0.051862618043642374, 0.05053731437382432, 0.0486177374769087, 0.04708110354016086, 0.04654553847349838, 0.046366351091085466, 0.04508221789806635, 0.04404690321684837, 0.043395529905622114, 0.04213527027800255, 0.0402969660138473, 0.038154214645897876, 0.0369723611225542, 0.03517875598878931, 0.03287160462122784, 0.032090250183739844, 0.03143951149108757, 0.02849291425632898, 0.027301748374178095, 0.02505970183018969, 0.02451525061676831, 0.02368512200062975, 0.02310401544515139, 0.02253046686444895, 0.02253046686444895, 0.02253046686444895, 0.02253046686444895, 0.02253046686444895, 0.02253046686444895, 0.02253046686444895, 0.02253046686444895, 0.021277502762671926, 0.021177642543440466, 0.014021710941583079, 0.013856409293427012, 0.00824591435032919, 0.007435332430847223, 0.005448551094302037, 0.004725927485021467, 0.002041071663536729, 0.0019106646735556594, 0.00188928052069965, -0.0049348188489499204, -0.005172690366463776, -0.006714771095529244, -0.014481413639675608, -0.015116667801770737, -0.02740129471444364, -0.029319393151650733, -0.030560963245929974, -0.04252426502789947, -0.04954152385498884, -0.06247922637162298, -0.06282741430022537, -0.0667178690265288, -0.06748381314942589, -0.0801253347556926, NaN, NaN, NaN, NaN, NaN, NaN, NaN]}, "evaluations": {"eval_method": "jaccard_full_score", "singles": [[1.0, 1.0, 0.5, 0.3333333333333333, 0.25, 0.2, 0.16666666666666666, 0.14285714285714285, 0.125, 0.1111111111111111, 0.1, 0.09090909090909091, 0.08333333333333333, 0.07692307692307693, 0.07142857142857142, 0.10344827586206896, 0.13333333333333333, 0.125, 0.15151515151515152, 0.14285714285714285, 0.16666666666666666, 0.15789473684210525, 0.15, 0.14285714285714285, 0.16279069767441862, 0.15555555555555556, 0.14893617021276595, 0.14285714285714285, 0.13725490196078433, 0.17647058823529413, 0.21568627450980393, 0.2549019607843137, 0.24528301886792453, 0.25925925925925924, 0.25, 0.2631578947368421, 0.27586206896551724, 0.288135593220339, 0.2786885245901639, 0.2903225806451613, 0.30158730158730157, 0.3125, 0.3230769230769231, 0.3333333333333333, 0.3235294117647059, 0.3333333333333333, 0.34285714285714286, 0.352112676056338, 0.3611111111111111, 0.35135135135135137, 0.3783783783783784, 0.38666666666666666, 0.39473684210526316, 0.4025974025974026, 0.3924050632911392, 0.4177215189873418, 0.425, 0.4146341463414634, 0.43902439024390244, 0.4634146341463415, 0.46987951807228917, 0.4939759036144578, 0.4823529411764706, 0.5058823529411764, 0.4942528735632184, 0.5, 0.5227272727272727, 0.5280898876404494, 0.550561797752809, 0.5555555555555556, 0.5777777777777777, 0.6, 0.6043956043956044, 0.5913978494623656, 0.5957446808510638, 0.6170212765957447, 0.6382978723404256, 0.625, 0.6458333333333334, 0.6666666666666666, 0.6701030927835051, 0.673469387755102, 0.6938775510204082, 0.7142857142857143, 0.7171717171717171, 0.7373737373737373, 0.7575757575757576, 0.7777777777777778, 0.78, 0.8, 0.82, 0.84, 0.86, 0.88, 0.9, 0.92, 0.94, 0.96, 0.98, 1.0], 0.43643148016172795], "first_gen": [[1.0, 1.0, 0.5, 0.3333333333333333, 0.25, 0.3333333333333333, 0.5555555555555556, 0.6, 0.6363636363636364, 0.6666666666666666, 0.6923076923076923, 0.7142857142857143, 0.7333333333333333, 0.6470588235294118, 0.5789473684210527, 0.5238095238095238, 0.4782608695652174, 0.44, 0.4074074074074074, 0.3793103448275862, 0.4, 0.375, 0.35294117647058826, 0.3333333333333333, 0.3157894736842105, 0.3, 0.35, 0.4, 0.4146341463414634, 0.4634146341463415, 0.47619047619047616, 0.5238095238095238, 0.5348837209302325, 0.5111111111111111, 0.5217391304347826, 0.5319148936170213, 0.5416666666666666, 0.52, 0.5294117647058824, 0.5384615384615384, 0.5185185185185185, 0.5555555555555556, 0.5636363636363636, 0.5714285714285714, 0.6071428571428571, 0.6140350877192983, 0.6491228070175439, 0.6551724137931034, 0.6610169491525424, 0.639344262295082, 0.6721311475409836, 0.7049180327868853, 0.7096774193548387, 0.7142857142857143, 0.71875, 0.7230769230769231, 0.7272727272727273, 0.7313432835820896, 0.7352941176470589, 0.7391304347826086, 0.7428571428571429, 0.7222222222222222, 0.7027027027027027, 0.6842105263157895, 0.6666666666666666, 0.65, 0.6341463414634146, 0.6385542168674698, 0.6428571428571429, 0.627906976744186, 0.632183908045977, 0.6363636363636364, 0.6404494382022472, 0.6444444444444445, 0.6666666666666666, 0.6703296703296703, 0.6923076923076923, 0.6956521739130435, 0.6989247311827957, 0.7204301075268817, 0.723404255319149, 0.7446808510638298, 0.7659574468085106, 0.75, 0.7346938775510204, 0.7551020408163265, 0.7755102040816326, 0.7777777777777778, 0.78, 0.8, 0.82, 0.84, 0.86, 0.88, 0.9, 0.92, 0.94, 0.96, 0.98, 1.0], 0.6336578913164639]}}