{"rank_algo": "pearson_correlation_score", "seed": 28, "subsampling_proportion": 0.01, "exec_time": 0.018940210342407227, "results": {"features": ["feature98", "feature99", "feature85", "feature87", "feature88", "feature89", "feature86", "feature84", "feature83", "feature82", "feature81", "feature48", "feature56", "feature27", "feature32", "feature90", "feature91", "feature14", "feature59", "feature5", "feature39", "feature42", "feature49", "feature40", "feature36", "feature43", "feature2", "feature17", "feature50", "feature37", "feature44", "feature38", "feature15", "feature51", "feature9", "feature8", "feature24", "feature10", "feature41", "feature0", "feature28", "feature34", "feature67", "feature68", "feature47", "feature52", "feature20", "feature3", "feature21", "feature16", "feature66", "feature54", "feature53", "feature18", "feature25", "feature45", "feature73", "feature74", "feature75", "feature76", "feature77", "feature78", "feature79", "feature80", "feature46", "feature35", "feature65", "feature13", "feature1", "feature69", "feature19", "feature57", "feature63", "feature33", "feature60", "feature7", "feature72", "feature58", "feature61", "feature6", "feature22", "feature64", "feature55", "feature11", "feature31", "feature4", "feature26", "feature29", "feature62", "feature30", "feature71", "feature12", "feature23", "feature70", "feature92", "feature93", "feature94", "feature95", "feature96", "feature97"], "scores": [0.9999999999999999, 0.9999999999999999, 0.3082057492213525, 0.3082057492213525, 0.3082057492213525, 0.3082057492213525, 0.30756341545100924, 0.30534325213295554, 0.30472450226175424, 0.28739624649330336, 0.24690286656332236, 0.1316875492199643, 0.13056661090969832, 0.12659813268255757, 0.12165827483910563, 0.1212270518741382, 0.11694642657713603, 0.115542522837572, 0.10163904299596035, 0.10163797861811576, 0.10003407715891732, 0.09092310021183792, 0.07847988757944255, 0.07837108494498786, 0.07608949112397413, 0.07549695539470104, 0.0749794126928673, 0.0740198954215616, 0.07114939375339106, 0.06646541776297839, 0.06536787178704262, 0.06481462570102134, 0.0638291926764525, 0.06382252667302638, 0.05693573882605192, 0.054315773318536376, 0.05031411615636742, 0.04794447877071044, 0.04622029760912876, 0.045425409170830953, 0.04440157702783616, 0.04151610925644916, 0.03928188534367538, 0.037486045728884594, 0.03709466899569911, 0.03608248007812955, 0.0319127565056195, 0.0288457607119388, 0.028079822804321624, 0.02768517487357899, 0.02658818717221182, 0.025674361625107396, 0.02457435620841209, 0.022305843937958186, 0.022216493115739512, 0.021697340205427063, 0.021693170767690347, 0.021693170767690347, 0.021693170767690347, 0.021693170767690347, 0.021693170767690347, 0.021693170767690347, 0.021693170767690347, 0.021693170767690347, 0.021605398937211112, 0.02067672071080045, 0.016577782291768112, 0.01601695429564032, 0.010865059289261188, 0.008528761735218587, 0.007966993922803962, 0.006188209703494867, -0.0011086190150307832, -0.002193569737025485, -0.0022383768202145857, -0.00509818848427261, -0.0057364555594189865, -0.006063351889814117, -0.009718443377122635, -0.011125512932528612, -0.016871664938845028, -0.02212308400809256, -0.02694753864999072, -0.034054304542622205, -0.037974061783550964, -0.040532440657244415, -0.05205740222956188, -0.053426751106155135, -0.05639390950763188, -0.06152751472060141, -0.06515230104777549, -0.06628732157257415, -0.09646550102947433, NaN, NaN, NaN, NaN, NaN, NaN, NaN]}, "evaluations": {"eval_method": "jaccard_full_score", "singles": [[1.0, 1.0, 0.5, 0.3333333333333333, 0.25, 0.2, 0.16666666666666666, 0.14285714285714285, 0.125, 0.1111111111111111, 0.1, 0.09090909090909091, 0.08333333333333333, 0.07692307692307693, 0.07142857142857142, 0.06666666666666667, 0.0625, 0.058823529411764705, 0.08571428571428572, 0.08108108108108109, 0.07692307692307693, 0.07317073170731707, 0.09523809523809523, 0.11627906976744186, 0.1111111111111111, 0.10638297872340426, 0.125, 0.12, 0.11538461538461539, 0.1320754716981132, 0.12727272727272726, 0.14285714285714285, 0.15789473684210525, 0.19298245614035087, 0.20689655172413793, 0.2, 0.21311475409836064, 0.2459016393442623, 0.25806451612903225, 0.25, 0.26153846153846155, 0.2727272727272727, 0.2835820895522388, 0.2753623188405797, 0.2676056338028169, 0.2602739726027397, 0.2876712328767123, 0.28, 0.30666666666666664, 0.3157894736842105, 0.3246753246753247, 0.3333333333333333, 0.34177215189873417, 0.3670886075949367, 0.35802469135802467, 0.38271604938271603, 0.4074074074074074, 0.4146341463414634, 0.43902439024390244, 0.4457831325301205, 0.4523809523809524, 0.4588235294117647, 0.4482758620689655, 0.47126436781609193, 0.4772727272727273, 0.48314606741573035, 0.4888888888888889, 0.5111111111111111, 0.5333333333333333, 0.5384615384615384, 0.5604395604395604, 0.5652173913043478, 0.5698924731182796, 0.574468085106383, 0.5957446808510638, 0.6170212765957447, 0.6210526315789474, 0.6421052631578947, 0.6631578947368421, 0.6842105263157895, 0.7052631578947368, 0.6907216494845361, 0.6938775510204082, 0.7142857142857143, 0.7171717171717171, 0.7373737373737373, 0.7575757575757576, 0.7777777777777778, 0.797979797979798, 0.8, 0.82, 0.84, 0.86, 0.88, 0.9, 0.92, 0.94, 0.96, 0.98, 1.0], 0.4115845347816688], "first_gen": [[1.0, 1.0, 0.5, 0.3333333333333333, 0.25, 0.3333333333333333, 0.5555555555555556, 0.6, 0.6363636363636364, 0.6666666666666666, 0.6923076923076923, 0.7142857142857143, 0.7333333333333333, 0.6470588235294118, 0.5789473684210527, 0.5238095238095238, 0.4782608695652174, 0.44, 0.4074074074074074, 0.3793103448275862, 0.3548387096774194, 0.3333333333333333, 0.3142857142857143, 0.2972972972972973, 0.28205128205128205, 0.3, 0.35, 0.3333333333333333, 0.3488372093023256, 0.36363636363636365, 0.4090909090909091, 0.4222222222222222, 0.4666666666666667, 0.44680851063829785, 0.48936170212765956, 0.5319148936170213, 0.5416666666666666, 0.5510204081632653, 0.56, 0.6, 0.6078431372549019, 0.5849056603773585, 0.5925925925925926, 0.6, 0.6071428571428571, 0.5862068965517241, 0.6206896551724138, 0.6551724137931034, 0.6610169491525424, 0.639344262295082, 0.6451612903225806, 0.6774193548387096, 0.6825396825396826, 0.7142857142857143, 0.6923076923076923, 0.696969696969697, 0.7014925373134329, 0.6811594202898551, 0.6619718309859155, 0.6666666666666666, 0.6712328767123288, 0.6533333333333333, 0.6363636363636364, 0.620253164556962, 0.625, 0.6296296296296297, 0.6144578313253012, 0.6, 0.6046511627906976, 0.6091954022988506, 0.632183908045977, 0.6363636363636364, 0.6404494382022472, 0.6444444444444445, 0.6483516483516484, 0.6703296703296703, 0.6739130434782609, 0.6774193548387096, 0.6808510638297872, 0.7021276595744681, 0.723404255319149, 0.7263157894736842, 0.7473684210526316, 0.75, 0.7346938775510204, 0.7551020408163265, 0.7755102040816326, 0.7777777777777778, 0.797979797979798, 0.8, 0.82, 0.84, 0.86, 0.88, 0.9, 0.92, 0.94, 0.96, 0.98, 1.0], 0.6191912141840743]}}