{"rank_algo": "pearson_correlation_score", "seed": 78, "subsampling_proportion": 0.01, "exec_time": 0.01800084114074707, "results": {"features": ["feature98", "feature99", "feature85", "feature87", "feature88", "feature89", "feature86", "feature84", "feature83", "feature82", "feature81", "feature23", "feature14", "feature32", "feature90", "feature91", "feature40", "feature5", "feature39", "feature59", "feature42", "feature15", "feature2", "feature49", "feature17", "feature50", "feature56", "feature0", "feature41", "feature27", "feature66", "feature47", "feature37", "feature48", "feature51", "feature16", "feature43", "feature10", "feature36", "feature9", "feature8", "feature46", "feature38", "feature35", "feature28", "feature34", "feature52", "feature21", "feature3", "feature24", "feature53", "feature44", "feature25", "feature22", "feature20", "feature65", "feature68", "feature69", "feature60", "feature54", "feature67", "feature57", "feature18", "feature45", "feature63", "feature33", "feature73", "feature74", "feature75", "feature76", "feature77", "feature78", "feature79", "feature80", "feature58", "feature1", "feature19", "feature7", "feature64", "feature55", "feature72", "feature11", "feature62", "feature61", "feature6", "feature31", "feature4", "feature26", "feature13", "feature29", "feature30", "feature71", "feature12", "feature70", "feature92", "feature93", "feature94", "feature95", "feature96", "feature97"], "scores": [1.0, 1.0, 0.3463841370772108, 0.3463841370772108, 0.3463841370772108, 0.3463841370772108, 0.345732787045428, 0.3438986488126118, 0.3437021662229408, 0.3392277492893227, 0.2857023689406447, 0.1509870518201996, 0.1398312448862167, 0.13686880753673833, 0.13551039479402086, 0.1220006970755271, 0.11594770172960418, 0.11479207517568767, 0.10797522599442783, 0.09847488156457239, 0.0983387492621307, 0.09401958104167633, 0.08531028083536801, 0.08340100915749449, 0.08107648015057214, 0.07498287176567058, 0.07198493645933764, 0.07011332135420094, 0.066424724184212, 0.0625605055305659, 0.059695801790192266, 0.0586521324208885, 0.0583541101527959, 0.05742371791834254, 0.05387583143797167, 0.05076372098106267, 0.05065929709686156, 0.047134501912368586, 0.04697960679650082, 0.04692559082259013, 0.042830490801938376, 0.04282724931045323, 0.04166050991055409, 0.039422166325951, 0.039419943900149856, 0.03888498408506925, 0.03709430456312331, 0.0366614604705158, 0.036128786155312204, 0.03454963768785101, 0.03420001107279954, 0.031680097891898615, 0.0261959433153369, 0.026121827026115686, 0.02293828557944463, 0.02135124015506702, 0.020438883327936093, 0.01975781168700522, 0.017017897321230203, 0.01644222318590688, 0.012858786601734295, 0.011412516787607872, 0.009914828246642325, 0.009415125137717422, 0.009260124638098855, 0.006995565517075012, 0.006876721483091324, 0.006876721483091324, 0.006876721483091324, 0.006876721483091324, 0.006876721483091324, 0.006876721483091324, 0.006876721483091324, 0.006876721483091324, 0.005419137449003542, 0.004630995541531274, -0.001558163273126803, -0.0025612143511248276, -0.0028808289734310486, -0.007610759722003063, -0.007786660913507478, -0.015623863412877463, -0.016091991630495843, -0.017699342857871444, -0.019240810448916373, -0.025916530571319683, -0.02713069148114731, -0.03642032138737727, -0.03904724368397115, -0.0446396332566518, -0.05251399165182017, -0.056598435340309325, -0.0657787588742634, NaN, NaN, NaN, NaN, NaN, NaN, NaN]}, "evaluations": {"eval_method": "jaccard_full_score", "singles": [[1.0, 1.0, 0.5, 0.3333333333333333, 0.25, 0.2, 0.16666666666666666, 0.14285714285714285, 0.125, 0.1111111111111111, 0.1, 0.14285714285714285, 0.13043478260869565, 0.12, 0.1111111111111111, 0.10344827586206896, 0.13333333333333333, 0.125, 0.11764705882352941, 0.14285714285714285, 0.13513513513513514, 0.15789473684210525, 0.1794871794871795, 0.2, 0.19047619047619047, 0.18181818181818182, 0.17391304347826086, 0.16666666666666666, 0.1836734693877551, 0.2, 0.19230769230769232, 0.20754716981132076, 0.2, 0.21428571428571427, 0.22807017543859648, 0.2413793103448276, 0.23333333333333334, 0.26666666666666666, 0.25806451612903225, 0.2698412698412698, 0.28125, 0.3125, 0.3230769230769231, 0.31343283582089554, 0.30434782608695654, 0.29577464788732394, 0.3055555555555556, 0.3150684931506849, 0.32432432432432434, 0.3333333333333333, 0.34210526315789475, 0.3333333333333333, 0.34177215189873417, 0.3670886075949367, 0.375, 0.38271604938271603, 0.3902439024390244, 0.38095238095238093, 0.40476190476190477, 0.42857142857142855, 0.4186046511627907, 0.42528735632183906, 0.4318181818181818, 0.45454545454545453, 0.4606741573033708, 0.48314606741573035, 0.5056179775280899, 0.5280898876404494, 0.550561797752809, 0.5555555555555556, 0.5604395604395604, 0.5824175824175825, 0.5698924731182796, 0.574468085106383, 0.5957446808510638, 0.6170212765957447, 0.6382978723404256, 0.6421052631578947, 0.6458333333333334, 0.6494845360824743, 0.6701030927835051, 0.673469387755102, 0.6938775510204082, 0.7142857142857143, 0.7346938775510204, 0.7373737373737373, 0.7575757575757576, 0.7777777777777778, 0.797979797979798, 0.8181818181818182, 0.82, 0.84, 0.86, 0.88, 0.9, 0.92, 0.94, 0.96, 0.98, 1.0], 0.42784192704011326], "first_gen": [[1.0, 1.0, 0.5, 0.3333333333333333, 0.25, 0.3333333333333333, 0.5555555555555556, 0.6, 0.6363636363636364, 0.6666666666666666, 0.6923076923076923, 0.8461538461538461, 0.8571428571428571, 0.75, 0.6666666666666666, 0.6, 0.5454545454545454, 0.5, 0.46153846153846156, 0.42857142857142855, 0.4, 0.375, 0.3939393939393939, 0.37142857142857144, 0.35135135135135137, 0.3333333333333333, 0.35, 0.4, 0.4146341463414634, 0.42857142857142855, 0.4418604651162791, 0.45454545454545453, 0.4666666666666667, 0.44680851063829785, 0.4583333333333333, 0.46938775510204084, 0.5102040816326531, 0.52, 0.5294117647058824, 0.5686274509803921, 0.6078431372549019, 0.6153846153846154, 0.6226415094339622, 0.6296296296296297, 0.6363636363636364, 0.6140350877192983, 0.6206896551724138, 0.6551724137931034, 0.6610169491525424, 0.639344262295082, 0.6451612903225806, 0.6774193548387096, 0.6825396825396826, 0.7142857142857143, 0.71875, 0.7230769230769231, 0.7272727272727273, 0.7313432835820896, 0.7101449275362319, 0.7391304347826086, 0.7428571428571429, 0.7464788732394366, 0.75, 0.7297297297297297, 0.7105263157894737, 0.6923076923076923, 0.675, 0.6585365853658537, 0.6428571428571429, 0.627906976744186, 0.632183908045977, 0.6363636363636364, 0.6404494382022472, 0.6444444444444445, 0.6483516483516484, 0.6703296703296703, 0.6923076923076923, 0.7142857142857143, 0.6989247311827957, 0.7204301075268817, 0.7419354838709677, 0.7446808510638298, 0.7659574468085106, 0.7684210526315789, 0.7708333333333334, 0.7551020408163265, 0.7755102040816326, 0.7959183673469388, 0.8163265306122449, 0.8181818181818182, 0.82, 0.84, 0.86, 0.88, 0.9, 0.92, 0.94, 0.96, 0.98, 1.0], 0.6445007630695913]}}