{"rank_algo": "pearson_correlation_score", "seed": 82, "subsampling_proportion": 0.1, "exec_time": 0.2014017105102539, "results": {"features": ["feature98", "feature99", "feature86", "feature85", "feature87", "feature88", "feature89", "feature84", "feature83", "feature82", "feature81", "feature14", "feature32", "feature90", "feature17", "feature5", "feature91", "feature48", "feature27", "feature56", "feature2", "feature39", "feature40", "feature59", "feature23", "feature15", "feature42", "feature50", "feature37", "feature43", "feature49", "feature9", "feature44", "feature52", "feature41", "feature10", "feature8", "feature28", "feature38", "feature36", "feature51", "feature24", "feature34", "feature3", "feature68", "feature46", "feature21", "feature66", "feature35", "feature0", "feature47", "feature67", "feature16", "feature22", "feature53", "feature69", "feature18", "feature20", "feature45", "feature65", "feature54", "feature33", "feature25", "feature57", "feature60", "feature1", "feature74", "feature75", "feature58", "feature73", "feature76", "feature77", "feature78", "feature79", "feature80", "feature19", "feature63", "feature72", "feature6", "feature55", "feature62", "feature64", "feature61", "feature13", "feature31", "feature7", "feature26", "feature4", "feature11", "feature29", "feature71", "feature30", "feature12", "feature70", "feature92", "feature93", "feature94", "feature95", "feature96", "feature97"], "scores": [1.0, 1.0, 0.3351317756558487, 0.3350382485609262, 0.3349781427886249, 0.3349781427886249, 0.3349781427886249, 0.33398219105186516, 0.33140194796034766, 0.3223190387320259, 0.2970667673610427, 0.12879881276527125, 0.12850172418625544, 0.12825108155813617, 0.12748409449372208, 0.12091781627878051, 0.119651759550536, 0.10808250501897126, 0.10409441086234408, 0.09752375300751903, 0.09672063524556328, 0.09670396053324207, 0.09404094664616383, 0.09287451819033024, 0.09135869302149308, 0.0831565423936426, 0.082185282024211, 0.0686739763716917, 0.06458859391730344, 0.05597556898864903, 0.054482784049567204, 0.04939889448245138, 0.04762814274219941, 0.046990505328698876, 0.046982270256907065, 0.046171288493660645, 0.04525146545508847, 0.04399794271629164, 0.043654475683774875, 0.04344427394048171, 0.040879220773624714, 0.04035393636732678, 0.03982651140224955, 0.03628888048093129, 0.035433100424771435, 0.03510356358370412, 0.033555620660219575, 0.03309211195194701, 0.03134423714056971, 0.029752942910755614, 0.028599455302289904, 0.027723894266957018, 0.026973498207223664, 0.026491689075307478, 0.025665580210869142, 0.02537716215673101, 0.01732470465479283, 0.017186049794725693, 0.011742713601921535, 0.011200129127981535, 0.01005457569532869, 0.00859701236064461, 0.008361985008415538, 0.0029634970658961456, 0.002469093700023927, 0.0008205820867133323, 0.0003764779762302942, 0.0003764779762302942, -0.0001383342812782764, -0.0002512243447657004, -0.0002512243447657004, -0.0002512243447657004, -0.0002512243447657004, -0.0002512243447657004, -0.0002512243447657004, -0.005134454452826238, -0.006962157906865264, -0.008691827802368348, -0.010570702455237575, -0.012605664674232244, -0.013237396489654376, -0.019942648013594966, -0.021632854352933828, -0.022803842606743365, -0.023046031409763076, -0.026217313045475414, -0.02735980476191915, -0.034380894018661505, -0.037163819740489414, -0.038116253056687525, -0.04199069574049897, -0.0506314948402053, -0.07587061525303086, NaN, NaN, NaN, NaN, NaN, NaN, NaN]}, "evaluations": {"eval_method": "jaccard_full_score", "singles": [[1.0, 1.0, 0.5, 0.3333333333333333, 0.25, 0.2, 0.16666666666666666, 0.14285714285714285, 0.125, 0.1111111111111111, 0.1, 0.09090909090909091, 0.08333333333333333, 0.07692307692307693, 0.07142857142857142, 0.06666666666666667, 0.0625, 0.058823529411764705, 0.05555555555555555, 0.05263157894736842, 0.07692307692307693, 0.07317073170731707, 0.09523809523809523, 0.11627906976744186, 0.13636363636363635, 0.15555555555555556, 0.14893617021276595, 0.14285714285714285, 0.13725490196078433, 0.15384615384615385, 0.16981132075471697, 0.20754716981132076, 0.2, 0.21428571428571427, 0.22807017543859648, 0.2413793103448276, 0.23333333333333334, 0.2459016393442623, 0.23809523809523808, 0.23076923076923078, 0.26153846153846155, 0.2923076923076923, 0.30303030303030304, 0.29411764705882354, 0.2857142857142857, 0.29577464788732394, 0.323943661971831, 0.3150684931506849, 0.32432432432432434, 0.3157894736842105, 0.3246753246753247, 0.31645569620253167, 0.34177215189873417, 0.3670886075949367, 0.35802469135802467, 0.36585365853658536, 0.3902439024390244, 0.39759036144578314, 0.42168674698795183, 0.42857142857142855, 0.43529411764705883, 0.4588235294117647, 0.4482758620689655, 0.45454545454545453, 0.4606741573033708, 0.48314606741573035, 0.5056179775280899, 0.5280898876404494, 0.550561797752809, 0.5730337078651685, 0.5604395604395604, 0.5824175824175825, 0.5869565217391305, 0.574468085106383, 0.5957446808510638, 0.6170212765957447, 0.6382978723404256, 0.6421052631578947, 0.6631578947368421, 0.6666666666666666, 0.6875, 0.673469387755102, 0.6938775510204082, 0.7142857142857143, 0.7171717171717171, 0.7373737373737373, 0.7575757575757576, 0.7777777777777778, 0.797979797979798, 0.8181818181818182, 0.8383838383838383, 0.84, 0.86, 0.88, 0.9, 0.92, 0.94, 0.96, 0.98, 1.0], 0.4165236762107776], "first_gen": [[1.0, 1.0, 0.5, 0.3333333333333333, 0.42857142857142855, 0.5, 0.5555555555555556, 0.6, 0.6363636363636364, 0.6666666666666666, 0.6923076923076923, 0.7142857142857143, 0.7333333333333333, 0.6470588235294118, 0.5789473684210527, 0.5238095238095238, 0.4782608695652174, 0.44, 0.4074074074074074, 0.3793103448275862, 0.4, 0.375, 0.35294117647058826, 0.3333333333333333, 0.35135135135135137, 0.3333333333333333, 0.3170731707317073, 0.3333333333333333, 0.3488372093023256, 0.3953488372093023, 0.4418604651162791, 0.4883720930232558, 0.5348837209302325, 0.5111111111111111, 0.5217391304347826, 0.5652173913043478, 0.6086956521739131, 0.5833333333333334, 0.56, 0.5686274509803921, 0.6078431372549019, 0.5849056603773585, 0.5925925925925926, 0.6296296296296297, 0.6071428571428571, 0.6140350877192983, 0.6491228070175439, 0.6551724137931034, 0.6333333333333333, 0.639344262295082, 0.6721311475409836, 0.6507936507936508, 0.6825396825396826, 0.7142857142857143, 0.6923076923076923, 0.696969696969697, 0.7272727272727273, 0.7575757575757576, 0.7352941176470589, 0.7391304347826086, 0.7681159420289855, 0.7714285714285715, 0.75, 0.7297297297297297, 0.7105263157894737, 0.7142857142857143, 0.6962025316455697, 0.6790123456790124, 0.6626506024096386, 0.6470588235294118, 0.6511627906976745, 0.6551724137931034, 0.6590909090909091, 0.6629213483146067, 0.6666666666666666, 0.6888888888888889, 0.6923076923076923, 0.6956521739130435, 0.717391304347826, 0.7391304347826086, 0.7608695652173914, 0.7634408602150538, 0.7659574468085106, 0.75, 0.7346938775510204, 0.7551020408163265, 0.7755102040816326, 0.7959183673469388, 0.8163265306122449, 0.8181818181818182, 0.8383838383838383, 0.84, 0.86, 0.88, 0.9, 0.92, 0.94, 0.96, 0.98, 1.0], 0.6447758176047037]}}