{"rank_algo": "pearson_correlation_score", "seed": 78, "subsampling_proportion": 0.1, "exec_time": 0.19699978828430176, "results": {"features": ["feature98", "feature99", "feature85", "feature87", "feature88", "feature89", "feature86", "feature84", "feature83", "feature82", "feature81", "feature23", "feature14", "feature32", "feature90", "feature91", "feature5", "feature40", "feature39", "feature2", "feature56", "feature59", "feature15", "feature42", "feature17", "feature50", "feature48", "feature27", "feature37", "feature0", "feature49", "feature9", "feature52", "feature10", "feature41", "feature43", "feature36", "feature24", "feature38", "feature16", "feature46", "feature51", "feature8", "feature3", "feature68", "feature66", "feature34", "feature47", "feature28", "feature21", "feature67", "feature53", "feature22", "feature35", "feature69", "feature44", "feature20", "feature45", "feature25", "feature54", "feature65", "feature57", "feature18", "feature33", "feature1", "feature60", "feature63", "feature58", "feature74", "feature75", "feature19", "feature73", "feature76", "feature77", "feature78", "feature79", "feature80", "feature72", "feature6", "feature7", "feature64", "feature62", "feature55", "feature61", "feature11", "feature13", "feature31", "feature4", "feature71", "feature29", "feature26", "feature30", "feature12", "feature70", "feature92", "feature93", "feature94", "feature95", "feature96", "feature97"], "scores": [0.9999999999999999, 0.9999999999999999, 0.3398913375562635, 0.33982709766823155, 0.33982709766823155, 0.33982709766823155, 0.3397351509670907, 0.3380475718765783, 0.3357603948796408, 0.3352688186071146, 0.2876914004138353, 0.15469064647969633, 0.12830091169383243, 0.12664753914982674, 0.12641705894120825, 0.11738882486778726, 0.11391936774984619, 0.10735812497499037, 0.09777867524551408, 0.09746658848243583, 0.09110273944092057, 0.09024719392377901, 0.08868494402225564, 0.08631415957709282, 0.07554155071431914, 0.07434415656442485, 0.07230479870230302, 0.06941939884116295, 0.06492832213644747, 0.06253503505133774, 0.05806813381464825, 0.05063234826658473, 0.049620489743301244, 0.047776245187045485, 0.04762398324187718, 0.04586746008970857, 0.045125877873475835, 0.044735483468509134, 0.04429864399460308, 0.043558847994052255, 0.0432593715442698, 0.04283463706118965, 0.04233296874477125, 0.04019933181766292, 0.03923963196603967, 0.0389289401928096, 0.0378424145917967, 0.03674003166919474, 0.03663001067486618, 0.032372287278374975, 0.03097034630637952, 0.029220627058631665, 0.029115409661024556, 0.027957459886315757, 0.023555038186303067, 0.02351396806292956, 0.023160823830765755, 0.02233670679238163, 0.014618960285892883, 0.014164881188135811, 0.013937153126926598, 0.013030419854990262, 0.012506298410166355, 0.012500299921997783, 0.012184964611239659, 0.004692237415322162, 0.003204361072041677, 0.003183546051763338, 0.0018668176545341498, 0.0018668176545341498, 0.0016082001681748878, -0.00019216035273886015, -0.00019216035273886015, -0.00019216035273886015, -0.00019216035273886015, -0.00019216035273886015, -0.00019216035273886015, -0.007398866652368405, -0.010600997242452847, -0.010975226095206958, -0.014378115031765617, -0.014490873396896434, -0.017432925806419856, -0.01872218202706783, -0.022152305297958943, -0.02504942265365738, -0.029700028480643705, -0.02982151313837115, -0.036662378229135616, -0.050581005081943985, -0.051145412871615864, -0.05858264024331637, -0.07334979159187657, NaN, NaN, NaN, NaN, NaN, NaN, NaN]}, "evaluations": {"eval_method": "jaccard_full_score", "singles": [[1.0, 1.0, 0.5, 0.3333333333333333, 0.25, 0.2, 0.16666666666666666, 0.14285714285714285, 0.125, 0.1111111111111111, 0.1, 0.14285714285714285, 0.13043478260869565, 0.12, 0.1111111111111111, 0.10344827586206896, 0.0967741935483871, 0.125, 0.11764705882352941, 0.14285714285714285, 0.13513513513513514, 0.15789473684210525, 0.1794871794871795, 0.17073170731707318, 0.16279069767441862, 0.15555555555555556, 0.14893617021276595, 0.14285714285714285, 0.13725490196078433, 0.15384615384615385, 0.16981132075471697, 0.20754716981132076, 0.2, 0.23636363636363636, 0.25, 0.2413793103448276, 0.23333333333333334, 0.26666666666666666, 0.25806451612903225, 0.2698412698412698, 0.30158730158730157, 0.3333333333333333, 0.34375, 0.3333333333333333, 0.3235294117647059, 0.3142857142857143, 0.3055555555555556, 0.2972972972972973, 0.32432432432432434, 0.3333333333333333, 0.34210526315789475, 0.3333333333333333, 0.358974358974359, 0.3670886075949367, 0.35802469135802467, 0.36585365853658536, 0.3902439024390244, 0.39759036144578314, 0.40476190476190477, 0.42857142857142855, 0.4186046511627907, 0.42528735632183906, 0.4318181818181818, 0.45454545454545453, 0.4606741573033708, 0.48314606741573035, 0.5056179775280899, 0.5280898876404494, 0.550561797752809, 0.5730337078651685, 0.5777777777777777, 0.6, 0.5869565217391305, 0.5913978494623656, 0.6129032258064516, 0.6170212765957447, 0.6382978723404256, 0.6421052631578947, 0.6631578947368421, 0.6842105263157895, 0.6875, 0.6907216494845361, 0.6938775510204082, 0.7142857142857143, 0.7346938775510204, 0.7551020408163265, 0.7575757575757576, 0.7777777777777778, 0.797979797979798, 0.8181818181818182, 0.8383838383838383, 0.84, 0.86, 0.88, 0.9, 0.92, 0.94, 0.96, 0.98, 1.0], 0.4287349389000093], "first_gen": [[1.0, 1.0, 0.5, 0.3333333333333333, 0.25, 0.3333333333333333, 0.5555555555555556, 0.6, 0.6363636363636364, 0.6666666666666666, 0.6923076923076923, 0.8461538461538461, 0.8571428571428571, 0.75, 0.6666666666666666, 0.6, 0.5454545454545454, 0.5, 0.46153846153846156, 0.48148148148148145, 0.4482758620689655, 0.41935483870967744, 0.3939393939393939, 0.37142857142857144, 0.35135135135135137, 0.3333333333333333, 0.3170731707317073, 0.3333333333333333, 0.3488372093023256, 0.3953488372093023, 0.4418604651162791, 0.4883720930232558, 0.5, 0.5111111111111111, 0.5217391304347826, 0.5652173913043478, 0.574468085106383, 0.5510204081632653, 0.5294117647058824, 0.5384615384615384, 0.5471698113207547, 0.5555555555555556, 0.5925925925925926, 0.6296296296296297, 0.6363636363636364, 0.6140350877192983, 0.6206896551724138, 0.6551724137931034, 0.6333333333333333, 0.639344262295082, 0.6451612903225806, 0.6507936507936508, 0.6825396825396826, 0.6875, 0.6666666666666666, 0.696969696969697, 0.7272727272727273, 0.7313432835820896, 0.7101449275362319, 0.7391304347826086, 0.7428571428571429, 0.7464788732394366, 0.75, 0.7297297297297297, 0.7333333333333333, 0.7142857142857143, 0.6962025316455697, 0.6790123456790124, 0.6626506024096386, 0.6470588235294118, 0.6705882352941176, 0.6744186046511628, 0.6781609195402298, 0.6818181818181818, 0.6666666666666666, 0.6703296703296703, 0.6923076923076923, 0.6956521739130435, 0.717391304347826, 0.7391304347826086, 0.7419354838709677, 0.7634408602150538, 0.7849462365591398, 0.7684210526315789, 0.7708333333333334, 0.7731958762886598, 0.7755102040816326, 0.7959183673469388, 0.8163265306122449, 0.8181818181818182, 0.8383838383838383, 0.84, 0.86, 0.88, 0.9, 0.92, 0.94, 0.96, 0.98, 1.0], 0.6483485947973697]}}