{"rank_algo": "pearson_correlation_score", "seed": 28, "subsampling_proportion": 0.1, "exec_time": 0.21400141716003418, "results": {"features": ["feature98", "feature99", "feature85", "feature87", "feature88", "feature89", "feature86", "feature84", "feature83", "feature82", "feature81", "feature32", "feature90", "feature14", "feature48", "feature5", "feature91", "feature56", "feature27", "feature42", "feature39", "feature2", "feature59", "feature40", "feature17", "feature15", "feature50", "feature9", "feature43", "feature44", "feature8", "feature10", "feature37", "feature49", "feature0", "feature41", "feature24", "feature38", "feature34", "feature52", "feature3", "feature28", "feature51", "feature36", "feature47", "feature68", "feature21", "feature46", "feature66", "feature16", "feature67", "feature20", "feature35", "feature18", "feature45", "feature53", "feature69", "feature13", "feature57", "feature65", "feature25", "feature1", "feature33", "feature54", "feature19", "feature74", "feature63", "feature75", "feature73", "feature76", "feature77", "feature78", "feature79", "feature80", "feature60", "feature58", "feature61", "feature6", "feature72", "feature64", "feature7", "feature22", "feature55", "feature31", "feature11", "feature4", "feature26", "feature71", "feature62", "feature29", "feature30", "feature12", "feature23", "feature70", "feature92", "feature93", "feature94", "feature95", "feature96", "feature97"], "scores": [1.0, 1.0, 0.3217258396766243, 0.3216947026567512, 0.3216947026567512, 0.3216947026567512, 0.3214101133758084, 0.3191130086021559, 0.31551945963285066, 0.301817999538775, 0.2665181991288812, 0.1295058233684889, 0.12932966286484968, 0.12884849702322274, 0.12742376109539785, 0.12165281154159881, 0.12121581258728363, 0.11680087912659037, 0.11665950771244249, 0.10365622545317642, 0.10099596428503965, 0.0991494749987043, 0.09127644728252342, 0.08454177931761044, 0.07401351969277913, 0.07190789174232043, 0.0664003466808635, 0.06257416850737703, 0.06200675441274448, 0.059382825255124456, 0.05633429718779164, 0.055351079555858856, 0.055134995893705914, 0.05283532332584957, 0.05061531418204057, 0.05040712263291986, 0.04735049664246004, 0.045832006539741475, 0.04533851715637558, 0.04528984784405393, 0.04346148823319674, 0.04327357659275737, 0.04258658733238879, 0.04131112886421588, 0.039139250187233736, 0.03888346337547929, 0.036415985616899925, 0.03357926725125309, 0.03283829007784696, 0.03115625634310665, 0.030624642054049873, 0.029298567911634862, 0.028410883458116185, 0.02497997215395096, 0.024541025440585878, 0.024489269487147927, 0.020330003944195405, 0.018291274999477337, 0.018109540888652496, 0.017768591642763516, 0.012820541945127368, 0.012300644453985649, 0.011944012998393759, 0.008786354979136825, 0.006923222737063329, 0.006058595910767414, 0.005367934778571265, 0.0034101414676225854, 0.0025515507626311723, 0.0025515507626311723, 0.0025515507626311723, 0.0025515507626311723, 0.0025515507626311723, 0.0025515507626311723, 0.002008212793699227, -0.0014725107148099899, -0.003944413301890459, -0.009494994768004016, -0.009991169507848223, -0.013795047733627686, -0.014946774911364062, -0.015873087051913586, -0.021125833171663718, -0.0276509667891878, -0.0293770364145549, -0.033005742281024604, -0.03800131095920406, -0.04343016312236596, -0.04362963143730449, -0.05314159102425641, -0.06048008107287354, -0.06885162477221046, -0.07937485745061643, NaN, NaN, NaN, NaN, NaN, NaN, NaN]}, "evaluations": {"eval_method": "jaccard_full_score", "singles": [[1.0, 1.0, 0.5, 0.3333333333333333, 0.25, 0.2, 0.16666666666666666, 0.14285714285714285, 0.125, 0.1111111111111111, 0.1, 0.09090909090909091, 0.08333333333333333, 0.07692307692307693, 0.07142857142857142, 0.06666666666666667, 0.0625, 0.058823529411764705, 0.05555555555555555, 0.05263157894736842, 0.05, 0.07317073170731707, 0.09523809523809523, 0.11627906976744186, 0.1111111111111111, 0.13043478260869565, 0.125, 0.12, 0.11538461538461539, 0.1320754716981132, 0.14814814814814814, 0.18518518518518517, 0.17857142857142858, 0.21428571428571427, 0.20689655172413793, 0.22033898305084745, 0.23333333333333334, 0.2459016393442623, 0.23809523809523808, 0.23076923076923078, 0.24242424242424243, 0.2537313432835821, 0.2835820895522388, 0.2753623188405797, 0.2676056338028169, 0.2602739726027397, 0.2876712328767123, 0.2972972972972973, 0.30666666666666664, 0.3157894736842105, 0.3246753246753247, 0.3333333333333333, 0.34177215189873417, 0.3670886075949367, 0.375, 0.38271604938271603, 0.3902439024390244, 0.39759036144578314, 0.40476190476190477, 0.4117647058823529, 0.40229885057471265, 0.42528735632183906, 0.4318181818181818, 0.45454545454545453, 0.4606741573033708, 0.48314606741573035, 0.5056179775280899, 0.5280898876404494, 0.550561797752809, 0.5555555555555556, 0.5604395604395604, 0.5824175824175825, 0.5698924731182796, 0.574468085106383, 0.5957446808510638, 0.6170212765957447, 0.6382978723404256, 0.6421052631578947, 0.6631578947368421, 0.6666666666666666, 0.6875, 0.6907216494845361, 0.6938775510204082, 0.696969696969697, 0.7171717171717171, 0.7373737373737373, 0.7575757575757576, 0.7777777777777778, 0.797979797979798, 0.8181818181818182, 0.82, 0.84, 0.86, 0.88, 0.9, 0.92, 0.94, 0.96, 0.98, 1.0], 0.4103055125760977], "first_gen": [[1.0, 1.0, 0.5, 0.3333333333333333, 0.25, 0.3333333333333333, 0.5555555555555556, 0.6, 0.6363636363636364, 0.6666666666666666, 0.6923076923076923, 0.7142857142857143, 0.7333333333333333, 0.6470588235294118, 0.5789473684210527, 0.5238095238095238, 0.4782608695652174, 0.44, 0.4074074074074074, 0.3793103448275862, 0.3548387096774194, 0.375, 0.35294117647058826, 0.3333333333333333, 0.3157894736842105, 0.3, 0.2857142857142857, 0.3333333333333333, 0.38095238095238093, 0.42857142857142855, 0.47619047619047616, 0.5238095238095238, 0.5348837209302325, 0.5454545454545454, 0.5909090909090909, 0.6, 0.6086956521739131, 0.5833333333333334, 0.56, 0.5686274509803921, 0.6078431372549019, 0.5849056603773585, 0.6226415094339622, 0.6296296296296297, 0.6363636363636364, 0.6140350877192983, 0.6491228070175439, 0.6842105263157895, 0.6610169491525424, 0.639344262295082, 0.6451612903225806, 0.6774193548387096, 0.6825396825396826, 0.7142857142857143, 0.6923076923076923, 0.696969696969697, 0.7014925373134329, 0.7058823529411765, 0.6857142857142857, 0.6901408450704225, 0.6944444444444444, 0.7222222222222222, 0.7027027027027027, 0.7066666666666667, 0.7105263157894737, 0.6923076923076923, 0.675, 0.6585365853658537, 0.6428571428571429, 0.627906976744186, 0.632183908045977, 0.6363636363636364, 0.6404494382022472, 0.6444444444444445, 0.6483516483516484, 0.6521739130434783, 0.6559139784946236, 0.6774193548387096, 0.6808510638297872, 0.6842105263157895, 0.7052631578947368, 0.7263157894736842, 0.7473684210526316, 0.7319587628865979, 0.7346938775510204, 0.7551020408163265, 0.7755102040816326, 0.7959183673469388, 0.8163265306122449, 0.8181818181818182, 0.82, 0.84, 0.86, 0.88, 0.9, 0.92, 0.94, 0.96, 0.98, 1.0], 0.6347025233035297]}}