{"rank_algo": "pearson_correlation_score", "seed": 60, "subsampling_proportion": 0.1, "exec_time": 0.1951427459716797, "results": {"features": ["feature98", "feature99", "feature85", "feature86", "feature87", "feature88", "feature89", "feature83", "feature84", "feature82", "feature81", "feature14", "feature32", "feature90", "feature48", "feature5", "feature91", "feature27", "feature39", "feature2", "feature59", "feature40", "feature15", "feature50", "feature9", "feature37", "feature8", "feature42", "feature34", "feature10", "feature49", "feature41", "feature38", "feature24", "feature44", "feature52", "feature51", "feature36", "feature3", "feature68", "feature43", "feature21", "feature35", "feature28", "feature67", "feature66", "feature47", "feature22", "feature16", "feature53", "feature46", "feature1", "feature57", "feature54", "feature20", "feature0", "feature65", "feature33", "feature63", "feature58", "feature17", "feature75", "feature73", "feature76", "feature78", "feature79", "feature80", "feature74", "feature77", "feature60", "feature18", "feature25", "feature69", "feature55", "feature7", "feature19", "feature6", "feature72", "feature64", "feature61", "feature13", "feature31", "feature45", "feature4", "feature71", "feature11", "feature23", "feature26", "feature62", "feature29", "feature30", "feature12", "feature56", "feature70", "feature92", "feature93", "feature94", "feature95", "feature96", "feature97"], "scores": [1.0, 1.0, 0.3491765236447512, 0.3491696800641554, 0.3491497226422492, 0.3491497226422492, 0.3491497226422492, 0.3468950962506746, 0.3462633073341302, 0.3324432837233493, 0.30761115489664526, 0.1272911486655039, 0.12703646514815026, 0.12680684156226116, 0.12168663024200387, 0.12123926130270266, 0.11732725851240268, 0.10494015651865093, 0.09892138446091567, 0.0981674926497129, 0.09014781432075637, 0.08699007579220965, 0.07116708297220145, 0.07048461965286758, 0.06562975226642587, 0.06413072719318118, 0.06199263608267227, 0.060289740938409137, 0.056018092761479836, 0.05582602817685786, 0.055644748850148064, 0.04870770338419297, 0.04859394185702794, 0.047242942440023215, 0.04536265528968978, 0.04524572138135563, 0.04354281730956558, 0.04113898986338649, 0.04046367157603314, 0.039707496434532856, 0.03877166750723277, 0.03799862489722569, 0.03638252472193215, 0.03531018339464283, 0.032447460718996325, 0.03219232050195644, 0.03149592753023465, 0.029939323157968427, 0.02809362940893345, 0.027803812325919594, 0.02355584380534151, 0.022529557546982958, 0.016133582722758083, 0.014606131703793608, 0.012314184913180903, 0.00982605652554994, 0.009476500928490712, 0.00914804727170349, 0.009062790509842777, 0.008352141820443755, 0.00658595185006821, 0.006414084238203994, 0.005968351749328205, 0.005968351749328205, 0.005968351749328205, 0.005968351749328205, 0.005968351749328205, 0.005089750013669658, 0.004722907079367026, 0.0028097530843929157, -0.0003227419790840317, -0.0022899212300965103, -0.006947449816964286, -0.007755474519480667, -0.010720452813011195, -0.011192242486628833, -0.011509501633883154, -0.012716599331195379, -0.01565294163229536, -0.018461888348682415, -0.019724477752337773, -0.021546026930009368, -0.022375250461414555, -0.03342181383729371, -0.03362797790919715, -0.03689775299304806, -0.03802824475345747, -0.041299323338195054, -0.043079811810843194, -0.04341550940566732, -0.05353108551290803, -0.06919951873964847, -0.08304665749308687, NaN, NaN, NaN, NaN, NaN, NaN, NaN]}, "evaluations": {"eval_method": "jaccard_full_score", "singles": [[1.0, 1.0, 0.5, 0.3333333333333333, 0.25, 0.2, 0.16666666666666666, 0.14285714285714285, 0.125, 0.1111111111111111, 0.1, 0.09090909090909091, 0.08333333333333333, 0.07692307692307693, 0.07142857142857142, 0.06666666666666667, 0.0625, 0.058823529411764705, 0.05555555555555555, 0.08108108108108109, 0.10526315789473684, 0.1282051282051282, 0.15, 0.14285714285714285, 0.13636363636363635, 0.13043478260869565, 0.125, 0.12, 0.11538461538461539, 0.15384615384615385, 0.19230769230769232, 0.23076923076923078, 0.2222222222222222, 0.23636363636363636, 0.22807017543859648, 0.22033898305084745, 0.2542372881355932, 0.26666666666666666, 0.25806451612903225, 0.25, 0.26153846153846155, 0.2923076923076923, 0.30303030303030304, 0.29411764705882354, 0.2857142857142857, 0.2777777777777778, 0.2876712328767123, 0.2972972972972973, 0.32432432432432434, 0.3157894736842105, 0.34210526315789475, 0.35064935064935066, 0.358974358974359, 0.38461538461538464, 0.3924050632911392, 0.4, 0.4074074074074074, 0.4146341463414634, 0.43902439024390244, 0.4634146341463415, 0.4523809523809524, 0.47619047619047616, 0.4823529411764706, 0.4883720930232558, 0.4772727272727273, 0.48314606741573035, 0.5056179775280899, 0.5280898876404494, 0.550561797752809, 0.5730337078651685, 0.5955056179775281, 0.6, 0.5869565217391305, 0.574468085106383, 0.5957446808510638, 0.6170212765957447, 0.6382978723404256, 0.6421052631578947, 0.6458333333333334, 0.6666666666666666, 0.6701030927835051, 0.6565656565656566, 0.6767676767676768, 0.696969696969697, 0.7171717171717171, 0.7373737373737373, 0.7575757575757576, 0.7777777777777778, 0.797979797979798, 0.8181818181818182, 0.82, 0.84, 0.86, 0.88, 0.9, 0.92, 0.94, 0.96, 0.98, 1.0], 0.4214289632032282], "first_gen": [[1.0, 1.0, 0.5, 0.3333333333333333, 0.42857142857142855, 0.5, 0.5555555555555556, 0.6, 0.6363636363636364, 0.6666666666666666, 0.6923076923076923, 0.7142857142857143, 0.7333333333333333, 0.6470588235294118, 0.5789473684210527, 0.5238095238095238, 0.4782608695652174, 0.44, 0.4074074074074074, 0.42857142857142855, 0.4, 0.375, 0.35294117647058826, 0.3333333333333333, 0.35135135135135137, 0.3333333333333333, 0.35, 0.36585365853658536, 0.38095238095238093, 0.42857142857142855, 0.47619047619047616, 0.4883720930232558, 0.5, 0.4782608695652174, 0.5217391304347826, 0.5, 0.5102040816326531, 0.49019607843137253, 0.5294117647058824, 0.5384615384615384, 0.5471698113207547, 0.5555555555555556, 0.5636363636363636, 0.5714285714285714, 0.5517241379310345, 0.5333333333333333, 0.5666666666666667, 0.6, 0.5806451612903226, 0.5625, 0.59375, 0.625, 0.6307692307692307, 0.6615384615384615, 0.6666666666666666, 0.696969696969697, 0.7014925373134329, 0.7058823529411765, 0.6857142857142857, 0.6901408450704225, 0.7183098591549296, 0.6986301369863014, 0.68, 0.6623376623376623, 0.6455696202531646, 0.6296296296296297, 0.6144578313253012, 0.6, 0.5862068965517241, 0.5730337078651685, 0.5955056179775281, 0.6, 0.6222222222222222, 0.6444444444444445, 0.6666666666666666, 0.6888888888888889, 0.7111111111111111, 0.7142857142857143, 0.717391304347826, 0.7204301075268817, 0.723404255319149, 0.7263157894736842, 0.7291666666666666, 0.7142857142857143, 0.7346938775510204, 0.7551020408163265, 0.7755102040816326, 0.7959183673469388, 0.8163265306122449, 0.8181818181818182, 0.82, 0.84, 0.86, 0.88, 0.9, 0.92, 0.94, 0.96, 0.98, 1.0], 0.622598543846181]}}