{"rank_algo": "pearson_correlation_score", "seed": 99, "subsampling_proportion": 0.1, "exec_time": 0.2440016269683838, "results": {"features": ["feature85", "feature86", "feature87", "feature88", "feature89", "feature83", "feature84", "feature82", "feature81", "feature14", "feature5", "feature56", "feature2", "feature39", "feature59", "feature15", "feature40", "feature37", "feature27", "feature50", "feature48", "feature0", "feature17", "feature23", "feature49", "feature9", "feature22", "feature8", "feature10", "feature38", "feature43", "feature42", "feature52", "feature41", "feature51", "feature28", "feature24", "feature36", "feature34", "feature3", "feature44", "feature21", "feature66", "feature67", "feature46", "feature16", "feature47", "feature53", "feature35", "feature20", "feature65", "feature54", "feature69", "feature18", "feature33", "feature58", "feature1", "feature63", "feature68", "feature45", "feature57", "feature25", "feature60", "feature73", "feature76", "feature77", "feature78", "feature79", "feature80", "feature74", "feature75", "feature19", "feature72", "feature61", "feature6", "feature7", "feature64", "feature55", "feature11", "feature31", "feature13", "feature4", "feature71", "feature26", "feature29", "feature30", "feature62", "feature12", "feature91", "feature90", "feature32", "feature98", "feature99", "feature70", "feature92", "feature93", "feature94", "feature95", "feature96", "feature97"], "scores": [0.35378344740845724, 0.3536526029503988, 0.3536452169836884, 0.3536452169836884, 0.3536452169836884, 0.3517530466161099, 0.3508070917222479, 0.3398065894578339, 0.3104737842926133, 0.13052413263695312, 0.11597049649436551, 0.1019354300597094, 0.10064669801040244, 0.08805914864951415, 0.08765604456567369, 0.0857007580161242, 0.07950559120136129, 0.07478823349012576, 0.07319452479346637, 0.07171689457980086, 0.07007976253345258, 0.0642472510041057, 0.06144322595178977, 0.06122517764180334, 0.05814962576171307, 0.05707431368694085, 0.05457659872477062, 0.0533751796553101, 0.04935874721589674, 0.048651106327863146, 0.04781041338089839, 0.04641886408834286, 0.04591018447343453, 0.04465135067042082, 0.04440685116449817, 0.044258119678202784, 0.04287521211267349, 0.041252050430571355, 0.041050973855100883, 0.04063229952759698, 0.03840908612111326, 0.03713710968451334, 0.03526874221348495, 0.034804256968489766, 0.03388774241866993, 0.03157330874133584, 0.030702673876875954, 0.02913358353709426, 0.02910879810781776, 0.02347176740716357, 0.01985332826290074, 0.016879746280693938, 0.01552443827141641, 0.014404524254299854, 0.012437369471813502, 0.009378404972312088, 0.009371265328420463, 0.007685697086626201, 0.006941347731717027, 0.006166015032320826, 0.005571269798814447, 0.0037374380716923257, 0.0018283716388522095, 2.3341328589728115e-05, 2.3341328589728115e-05, 2.3341328589728115e-05, 2.3341328589728115e-05, 2.3341328589728115e-05, 2.3341328589728115e-05, -0.0005430756648753749, -0.0005430756648753749, -0.002929950696981933, -0.005608586106345385, -0.008225741146711495, -0.010100859219877075, -0.010494607343217704, -0.01574432982514039, -0.017108102292015998, -0.024131445561910443, -0.02645211379013765, -0.026641823828725292, -0.03349187178547146, -0.04112034217618602, -0.04157133329870655, -0.04455062063263161, -0.04561716940335807, -0.047475948595828994, -0.07646988171167214, -0.09432683964618241, -0.1298508371232525, -0.1302226565515357, -0.9999999999999999, -0.9999999999999999, NaN, NaN, NaN, NaN, NaN, NaN, NaN]}, "evaluations": {"eval_method": "jaccard_full_score", "singles": [[0.0, 0.0, 0.0, 0.0, 0.0, 0.0, 0.0, 0.0, 0.0, 0.0, 0.0, 0.0, 0.0, 0.0, 0.0, 0.03225806451612903, 0.0967741935483871, 0.09090909090909091, 0.08571428571428572, 0.1111111111111111, 0.10526315789473684, 0.1, 0.09523809523809523, 0.11627906976744186, 0.13636363636363635, 0.13043478260869565, 0.14893617021276595, 0.14285714285714285, 0.16, 0.17647058823529413, 0.19230769230769232, 0.20754716981132076, 0.2, 0.23636363636363636, 0.25, 0.2413793103448276, 0.2542372881355932, 0.26666666666666666, 0.25806451612903225, 0.25, 0.26153846153846155, 0.2923076923076923, 0.2835820895522388, 0.2753623188405797, 0.2857142857142857, 0.29577464788732394, 0.3055555555555556, 0.2972972972972973, 0.30666666666666664, 0.3157894736842105, 0.3246753246753247, 0.3333333333333333, 0.34177215189873417, 0.3670886075949367, 0.375, 0.4, 0.4074074074074074, 0.4146341463414634, 0.42168674698795183, 0.4457831325301205, 0.43529411764705883, 0.4418604651162791, 0.4482758620689655, 0.47126436781609193, 0.4606741573033708, 0.48314606741573035, 0.4888888888888889, 0.4945054945054945, 0.5164835164835165, 0.5384615384615384, 0.5604395604395604, 0.5824175824175825, 0.5698924731182796, 0.574468085106383, 0.5789473684210527, 0.6, 0.6041666666666666, 0.6082474226804123, 0.6288659793814433, 0.6326530612244898, 0.6530612244897959, 0.6565656565656566, 0.6767676767676768, 0.696969696969697, 0.7171717171717171, 0.72, 0.74, 0.76, 0.78, 0.8, 0.82, 0.84, 0.86, 0.88, 0.9, 0.92, 0.94, 0.96, 0.98, 1.0], 0.37732963288562127], "first_gen": [[0.0, 0.0, 0.0, 0.0, 0.1111111111111111, 0.2, 0.2727272727272727, 0.3333333333333333, 0.38461538461538464, 0.42857142857142855, 0.4666666666666667, 0.5, 0.5294117647058824, 0.47368421052631576, 0.42857142857142855, 0.391304347826087, 0.4166666666666667, 0.38461538461538464, 0.35714285714285715, 0.3333333333333333, 0.3125, 0.3333333333333333, 0.3142857142857143, 0.3333333333333333, 0.3157894736842105, 0.3333333333333333, 0.38461538461538464, 0.4358974358974359, 0.48717948717948717, 0.4634146341463415, 0.47619047619047616, 0.45454545454545453, 0.4666666666666667, 0.44680851063829785, 0.4583333333333333, 0.46938775510204084, 0.48, 0.46153846153846156, 0.4716981132075472, 0.5094339622641509, 0.5471698113207547, 0.5555555555555556, 0.5636363636363636, 0.5714285714285714, 0.5789473684210527, 0.559322033898305, 0.5932203389830508, 0.6, 0.5806451612903226, 0.5873015873015873, 0.59375, 0.625, 0.6307692307692307, 0.6615384615384615, 0.6417910447761194, 0.6470588235294118, 0.6764705882352942, 0.6811594202898551, 0.6619718309859155, 0.6666666666666666, 0.6712328767123288, 0.6756756756756757, 0.6578947368421053, 0.6410256410256411, 0.625, 0.6097560975609756, 0.5952380952380952, 0.5813953488372093, 0.5681818181818182, 0.5555555555555556, 0.5604395604395604, 0.5824175824175825, 0.5869565217391305, 0.5913978494623656, 0.6129032258064516, 0.6344086021505376, 0.6382978723404256, 0.6595744680851063, 0.6631578947368421, 0.6666666666666666, 0.6701030927835051, 0.673469387755102, 0.6938775510204082, 0.7142857142857143, 0.7171717171717171, 0.72, 0.74, 0.76, 0.78, 0.8, 0.82, 0.84, 0.86, 0.88, 0.9, 0.92, 0.94, 0.96, 0.98, 1.0], 0.5544396612608607]}}