{"rank_algo": "pearson_correlation_score", "seed": 86, "subsampling_proportion": 0.1, "exec_time": 0.19800114631652832, "results": {"features": ["feature98", "feature99", "feature86", "feature85", "feature87", "feature88", "feature89", "feature84", "feature83", "feature82", "feature81", "feature14", "feature32", "feature90", "feature91", "feature5", "feature39", "feature2", "feature40", "feature15", "feature59", "feature42", "feature50", "feature37", "feature22", "feature23", "feature49", "feature9", "feature28", "feature8", "feature38", "feature24", "feature36", "feature52", "feature10", "feature41", "feature34", "feature51", "feature0", "feature3", "feature16", "feature68", "feature46", "feature43", "feature47", "feature66", "feature44", "feature21", "feature53", "feature67", "feature35", "feature45", "feature69", "feature65", "feature57", "feature27", "feature63", "feature54", "feature25", "feature33", "feature58", "feature18", "feature1", "feature73", "feature74", "feature75", "feature76", "feature77", "feature78", "feature79", "feature80", "feature60", "feature20", "feature19", "feature7", "feature6", "feature72", "feature11", "feature61", "feature55", "feature62", "feature64", "feature13", "feature56", "feature71", "feature4", "feature48", "feature31", "feature26", "feature29", "feature30", "feature12", "feature17", "feature70", "feature92", "feature93", "feature94", "feature95", "feature96", "feature97"], "scores": [1.0, 1.0, 0.3339629025377126, 0.333829136886285, 0.33376662247438527, 0.33376662247438527, 0.33376662247438527, 0.33305741909617265, 0.3318131233401335, 0.3176055862034231, 0.2965740909120342, 0.13267553932326848, 0.13158015572530932, 0.13121371514710914, 0.12088914023662178, 0.11883869991165366, 0.0998142598705338, 0.0933832876310324, 0.09225203725973136, 0.09006894030477386, 0.0862751501678691, 0.08291830554844934, 0.07261930171136197, 0.07010345257548715, 0.06680372954766287, 0.05558506374738659, 0.055096894602215216, 0.05488786439712038, 0.05262838262903878, 0.051999229364912025, 0.04983288618435134, 0.04931758891551036, 0.046117308606193064, 0.04481978419445282, 0.04387880569291102, 0.042717041906589766, 0.04179014874589728, 0.040955804890953934, 0.03989250324026125, 0.03855531812142762, 0.03757409395087285, 0.03747613421632502, 0.037228558051589464, 0.03696677031308145, 0.036159314552205446, 0.03362310806617954, 0.03297505062034856, 0.03257907966870144, 0.0319866308373636, 0.03151073415975208, 0.029188665305196464, 0.026606639197727353, 0.024693988461056745, 0.020579823714300068, 0.01978673026888349, 0.014454902123700559, 0.013369432649868276, 0.011334908045168807, 0.009111880656046253, 0.008055045811950504, 0.0078809683994093, 0.0073131481087709204, 0.005594877194215535, 0.0041113509964450234, 0.0041113509964450234, 0.0041113509964450234, 0.0041113509964450234, 0.0041113509964450234, 0.0041113509964450234, 0.0041113509964450234, 0.0041113509964450234, 0.0033176942600945244, 0.00048214218222112054, -0.0075294777981717, -0.008639322030317741, -0.008808590228926815, -0.0090755454043723, -0.012312034563099249, -0.013496752741901952, -0.013553825741224636, -0.01625842861842897, -0.0187013161763229, -0.023050463336763062, -0.028276978377173228, -0.03170765874908284, -0.03240747927320116, -0.032747435476480985, -0.03552249849232871, -0.03930789686926847, -0.04803962161279552, -0.06153330150793442, -0.06664635272235818, -0.0723262324475943, NaN, NaN, NaN, NaN, NaN, NaN, NaN]}, "evaluations": {"eval_method": "jaccard_full_score", "singles": [[1.0, 1.0, 0.5, 0.3333333333333333, 0.25, 0.2, 0.16666666666666666, 0.14285714285714285, 0.125, 0.1111111111111111, 0.1, 0.09090909090909091, 0.08333333333333333, 0.07692307692307693, 0.07142857142857142, 0.06666666666666667, 0.0625, 0.058823529411764705, 0.08571428571428572, 0.14285714285714285, 0.16666666666666666, 0.15789473684210525, 0.15, 0.14285714285714285, 0.16279069767441862, 0.18181818181818182, 0.2, 0.19148936170212766, 0.1836734693877551, 0.2, 0.21568627450980393, 0.23076923076923078, 0.2222222222222222, 0.23636363636363636, 0.25, 0.2631578947368421, 0.27586206896551724, 0.288135593220339, 0.2786885245901639, 0.2698412698412698, 0.30158730158730157, 0.3125, 0.34375, 0.3333333333333333, 0.3235294117647059, 0.3142857142857143, 0.323943661971831, 0.3333333333333333, 0.3424657534246575, 0.3333333333333333, 0.34210526315789475, 0.35064935064935066, 0.358974358974359, 0.3670886075949367, 0.35802469135802467, 0.38271604938271603, 0.4074074074074074, 0.4146341463414634, 0.42168674698795183, 0.4457831325301205, 0.4523809523809524, 0.47619047619047616, 0.4823529411764706, 0.5058823529411764, 0.5116279069767442, 0.5348837209302325, 0.5402298850574713, 0.5632183908045977, 0.5681818181818182, 0.5730337078651685, 0.5955056179775281, 0.6179775280898876, 0.6222222222222222, 0.6263736263736264, 0.6483516483516484, 0.6703296703296703, 0.6739130434782609, 0.6956521739130435, 0.717391304347826, 0.7204301075268817, 0.723404255319149, 0.7083333333333334, 0.7291666666666666, 0.75, 0.7708333333333334, 0.7916666666666666, 0.7938144329896907, 0.7959183673469388, 0.8163265306122449, 0.8367346938775511, 0.8383838383838383, 0.8585858585858586, 0.86, 0.88, 0.9, 0.92, 0.94, 0.96, 0.98, 1.0], 0.44137848073766683], "first_gen": [[1.0, 1.0, 0.5, 0.3333333333333333, 0.42857142857142855, 0.5, 0.5555555555555556, 0.6, 0.6363636363636364, 0.6666666666666666, 0.6923076923076923, 0.7142857142857143, 0.7333333333333333, 0.6470588235294118, 0.5789473684210527, 0.5238095238095238, 0.4782608695652174, 0.5, 0.46153846153846156, 0.42857142857142855, 0.4, 0.375, 0.35294117647058826, 0.3333333333333333, 0.35135135135135137, 0.3684210526315789, 0.38461538461538464, 0.4358974358974359, 0.45, 0.5, 0.5121951219512195, 0.5238095238095238, 0.5348837209302325, 0.5111111111111111, 0.5555555555555556, 0.5319148936170213, 0.5416666666666666, 0.52, 0.56, 0.6, 0.5769230769230769, 0.5555555555555556, 0.5357142857142857, 0.543859649122807, 0.5789473684210527, 0.559322033898305, 0.5932203389830508, 0.6271186440677966, 0.6065573770491803, 0.5873015873015873, 0.59375, 0.6, 0.6060606060606061, 0.6119402985074627, 0.5942028985507246, 0.6231884057971014, 0.6285714285714286, 0.6571428571428571, 0.6388888888888888, 0.6438356164383562, 0.6486486486486487, 0.6756756756756757, 0.68, 0.6623376623376623, 0.6455696202531646, 0.6296296296296297, 0.6144578313253012, 0.6, 0.5862068965517241, 0.5730337078651685, 0.5777777777777777, 0.5824175824175825, 0.6043956043956044, 0.6263736263736264, 0.6483516483516484, 0.6703296703296703, 0.6739130434782609, 0.6774193548387096, 0.6808510638297872, 0.7021276595744681, 0.723404255319149, 0.7263157894736842, 0.7291666666666666, 0.75, 0.7525773195876289, 0.7731958762886598, 0.7938144329896907, 0.7959183673469388, 0.8163265306122449, 0.8181818181818182, 0.82, 0.84, 0.86, 0.88, 0.9, 0.92, 0.94, 0.96, 0.98, 1.0], 0.6244628165748297]}}