{"rank_algo": "chi2_score", "seed": 71, "subsampling_proportion": 0.01, "exec_time": 0.00899648666381836, "results": {"features": ["feature50", "feature49", "feature82", "feature59", "feature2", "feature52", "feature81", "feature36", "feature71", "feature51", "feature3", "feature10", "feature9", "feature66", "feature47", "feature8", "feature21", "feature53", "feature38", "feature0", "feature22", "feature54", "feature33", "feature15", "feature23", "feature44", "feature37", "feature24", "feature27", "feature67", "feature12", "feature41", "feature40", "feature28", "feature43", "feature16", "feature26", "feature39", "feature30", "feature42", "feature48", "feature62", "feature29", "feature1", "feature35", "feature18", "feature46", "feature57", "feature56", "feature5", "feature64", "feature17", "feature60", "feature90", "feature20", "feature7", "feature69", "feature11", "feature4", "feature45", "feature34", "feature19", "feature61", "feature55", "feature25", "feature65", "feature13", "feature6", "feature58", "feature72", "feature63", "feature73", "feature68", "feature31", "feature70", "feature92", "feature93", "feature94", "feature95", "feature96", "feature97"], "scores": [220313.5116814481, 193687.43747840688, 99579.522382056, 98173.38886439675, 97315.20274950568, 65402.2092121145, 51158.584331167585, 45702.951480151794, 39033.44433395374, 35471.16852428185, 22405.31672829144, 22177.69874822696, 17092.201649358976, 16971.42525823711, 13256.677873816287, 11952.870746271172, 6340.2203553094, 6133.633813741633, 4649.993408074474, 2934.45736568673, 2455.7554347476434, 2170.2005495292633, 2021.9836898658118, 1792.7372494969, 1431.6908647026012, 1256.1493527100133, 1036.3664360822384, 1024.5103700021796, 976.3775816890115, 975.0046972212308, 919.5881712770229, 812.3279710796116, 773.1917987246, 721.4185044277768, 558.9656945846298, 556.79736093977, 497.9565271778969, 491.19493424811776, 472.75686244280485, 402.6850513953486, 386.60118893089543, 378.5571653393354, 271.6515862329667, 252.862311524649, 210.28576105216192, 185.61292400596795, 169.06370022804896, 142.48267108041873, 141.38333114840447, 134.75914148028116, 109.03624228362389, 76.19068409935771, 71.48925375659282, 54.15639983323256, 34.82462675459543, 33.980938852815505, 31.074078088912156, 28.780554289976283, 17.631257223908783, 17.054180143795943, 13.842084757408687, 12.587549849601684, 4.8352449301122284, 4.6100686923975625, 4.386705295582767, 3.850371948338055, 3.7716816649148015, 3.303644047524121, 2.1289206041483584, 1.131807856099438, 0.3123743604761584, 0.25412646519416315, 0.11390915873023953, 0.07919644476173426, NaN, NaN, NaN, NaN, NaN, NaN, NaN]}, "evaluations": {"eval_method": "jaccard_full_score", "singles": [[0.0, 0.0, 0.0, 0.0, 0.0, 0.0, 0.0, 0.06666666666666667, 0.058823529411764705, 0.1111111111111111, 0.1, 0.14285714285714285, 0.13043478260869565, 0.12, 0.15384615384615385, 0.14285714285714285, 0.1724137931034483, 0.2, 0.1875, 0.17647058823529413, 0.2, 0.1891891891891892, 0.1794871794871795, 0.2, 0.21951219512195122, 0.23809523809523808, 0.2558139534883721, 0.2727272727272727, 0.2608695652173913, 0.2765957446808511, 0.2916666666666667, 0.3333333333333333, 0.375, 0.36, 0.34615384615384615, 0.3584905660377358, 0.37037037037037035, 0.38181818181818183, 0.3684210526315789, 0.40350877192982454, 0.3898305084745763, 0.423728813559322, 0.4098360655737705, 0.4426229508196721, 0.42857142857142855, 0.4603174603174603, 0.49206349206349204, 0.47692307692307695, 0.48484848484848486, 0.47058823529411764, 0.4782608695652174, 0.4647887323943662, 0.49295774647887325, 0.5211267605633803, 0.5492957746478874, 0.5774647887323944, 0.5833333333333334, 0.589041095890411, 0.5945945945945946, 0.6216216216216216, 0.6052631578947368, 0.6103896103896104, 0.6363636363636364, 0.6410256410256411, 0.625, 0.65, 0.675, 0.7, 0.725, 0.7283950617283951, 0.7530864197530864, 0.7777777777777778, 0.8024691358024691, 0.8271604938271605, 0.8518518518518519, 0.8765432098765432, 0.9012345679012346, 0.9259259259259259, 0.9506172839506173, 0.9753086419753086, 1.0], 0.4166782785994735], "first_gen": [[0.0, 0.0, 0.2, 0.14285714285714285, 0.1111111111111111, 0.09090909090909091, 0.16666666666666666, 0.23076923076923078, 0.2, 0.17647058823529413, 0.2222222222222222, 0.2631578947368421, 0.3, 0.2727272727272727, 0.25, 0.28, 0.3076923076923077, 0.3333333333333333, 0.3103448275862069, 0.3333333333333333, 0.3548387096774194, 0.375, 0.35294117647058826, 0.37142857142857144, 0.3888888888888889, 0.40540540540540543, 0.42105263157894735, 0.4, 0.38095238095238093, 0.3953488372093023, 0.4090909090909091, 0.391304347826087, 0.40425531914893614, 0.4166666666666667, 0.4583333333333333, 0.46938775510204084, 0.5102040816326531, 0.52, 0.5294117647058824, 0.5686274509803921, 0.6078431372549019, 0.6470588235294118, 0.6226415094339622, 0.660377358490566, 0.6363636363636364, 0.6727272727272727, 0.6785714285714286, 0.6842105263157895, 0.7192982456140351, 0.7241379310344828, 0.7, 0.7049180327868853, 0.6825396825396826, 0.6875, 0.6923076923076923, 0.696969696969697, 0.7014925373134329, 0.6811594202898551, 0.6619718309859155, 0.6438356164383562, 0.6712328767123288, 0.6986301369863014, 0.68, 0.6842105263157895, 0.6883116883116883, 0.7142857142857143, 0.717948717948718, 0.7435897435897436, 0.725, 0.75, 0.7530864197530864, 0.7777777777777778, 0.8024691358024691, 0.8271604938271605, 0.8518518518518519, 0.8765432098765432, 0.9012345679012346, 0.9259259259259259, 0.9506172839506173, 0.9753086419753086, 1.0], 0.5304480293004714]}}