{"rank_algo": "chi2_score", "seed": 20, "subsampling_proportion": 0.01, "exec_time": 0.008999824523925781, "results": {"features": ["feature50", "feature49", "feature2", "feature59", "feature82", "feature36", "feature52", "feature71", "feature51", "feature81", "feature53", "feature47", "feature10", "feature3", "feature9", "feature21", "feature8", "feature24", "feature66", "feature0", "feature60", "feature44", "feature38", "feature15", "feature40", "feature39", "feature19", "feature67", "feature43", "feature41", "feature26", "feature28", "feature12", "feature42", "feature16", "feature46", "feature37", "feature54", "feature27", "feature22", "feature62", "feature34", "feature30", "feature48", "feature35", "feature90", "feature33", "feature20", "feature5", "feature55", "feature11", "feature29", "feature17", "feature18", "feature57", "feature1", "feature64", "feature13", "feature23", "feature4", "feature7", "feature31", "feature61", "feature73", "feature58", "feature69", "feature65", "feature45", "feature63", "feature56", "feature6", "feature25", "feature72", "feature68"], "scores": [251638.06068670432, 203774.22823494172, 127301.1641203992, 105629.68205855445, 76875.3620172376, 62039.98092740163, 44209.234310179396, 43760.99203821276, 33813.334776210315, 32155.34237761915, 31642.044215989925, 30022.41950009265, 27155.386046839467, 20871.93718782314, 20405.43244211787, 18734.889563397646, 13502.645998752856, 5487.720687906718, 5046.315497288708, 3619.65377716077, 3332.7786172493034, 2396.5761991277673, 2080.914942905148, 1784.4645559346982, 1728.6972501899975, 1457.6114672821996, 1338.6022840570377, 1203.9282831233118, 1186.9843202883528, 883.4636172456505, 797.4919954110767, 781.1978538842901, 772.7278612898406, 743.4991672173398, 659.9808862836999, 613.1440925756506, 511.24070441435697, 509.6964300249014, 390.96434697130144, 324.80935149193215, 318.11337298729376, 283.47142984139003, 268.30997331614327, 258.67563308986865, 241.5762048565577, 232.41497664036328, 219.68310924779155, 200.86641119333967, 191.07816273858995, 176.79368862348008, 163.3668214711106, 123.79883193864923, 74.50153519795766, 61.50084230039441, 50.9365198754651, 48.07170874498776, 27.021081660874973, 21.392020689202866, 20.154488072946624, 14.169820191074528, 13.47279756356238, 13.46819696665583, 13.201656121719264, 12.215736859077715, 9.799586443116915, 8.02737505757731, 6.6989434047994525, 6.60715043617164, 5.882163320883594, 2.0213319437144714, 1.719094004910113, 0.9066346122704797, 0.4050023727566261, 0.4018356442316766]}, "evaluations": {"eval_method": "jaccard_full_score", "singles": [[0.0, 0.0, 0.0, 0.0, 0.0, 0.0, 0.0, 0.06666666666666667, 0.058823529411764705, 0.1111111111111111, 0.1, 0.09090909090909091, 0.13043478260869565, 0.12, 0.15384615384615385, 0.18518518518518517, 0.1724137931034483, 0.2, 0.1875, 0.17647058823529413, 0.16666666666666666, 0.15789473684210525, 0.15, 0.2, 0.21951219512195122, 0.20930232558139536, 0.22727272727272727, 0.24444444444444444, 0.23404255319148937, 0.2765957446808511, 0.2916666666666667, 0.30612244897959184, 0.32, 0.3333333333333333, 0.34615384615384615, 0.3584905660377358, 0.37037037037037035, 0.4074074074074074, 0.41818181818181815, 0.45454545454545453, 0.4909090909090909, 0.5, 0.5087719298245614, 0.5172413793103449, 0.5254237288135594, 0.559322033898305, 0.5932203389830508, 0.6271186440677966, 0.6333333333333333, 0.639344262295082, 0.6451612903225806, 0.625, 0.6060606060606061, 0.6119402985074627, 0.6176470588235294, 0.6231884057971014, 0.6285714285714286, 0.6338028169014085, 0.6619718309859155, 0.6901408450704225, 0.7183098591549296, 0.7222222222222222, 0.75, 0.7777777777777778, 0.8055555555555556, 0.8082191780821918, 0.8356164383561644, 0.8378378378378378, 0.8648648648648649, 0.8918918918918919, 0.918918918918919, 0.9459459459459459, 0.972972972972973, 1.0], 0.42100913688509756], "first_gen": [[0.0, 0.0, 0.0, 0.0, 0.1111111111111111, 0.09090909090909091, 0.07692307692307693, 0.14285714285714285, 0.125, 0.17647058823529413, 0.15789473684210525, 0.14285714285714285, 0.18181818181818182, 0.21739130434782608, 0.25, 0.28, 0.3076923076923077, 0.3333333333333333, 0.3103448275862069, 0.3333333333333333, 0.3125, 0.375, 0.35294117647058826, 0.37142857142857144, 0.3888888888888889, 0.40540540540540543, 0.4594594594594595, 0.4358974358974359, 0.45, 0.4634146341463415, 0.47619047619047616, 0.45454545454545453, 0.43478260869565216, 0.44680851063829785, 0.4583333333333333, 0.5, 0.5102040816326531, 0.52, 0.56, 0.6, 0.64, 0.6470588235294118, 0.6226415094339622, 0.660377358490566, 0.6666666666666666, 0.7037037037037037, 0.6785714285714286, 0.7142857142857143, 0.75, 0.7543859649122807, 0.7288135593220338, 0.7049180327868853, 0.7096774193548387, 0.7419354838709677, 0.746031746031746, 0.75, 0.7272727272727273, 0.7313432835820896, 0.7352941176470589, 0.7647058823529411, 0.7941176470588235, 0.7971014492753623, 0.7746478873239436, 0.8028169014084507, 0.7808219178082192, 0.8082191780821918, 0.8108108108108109, 0.8378378378378378, 0.8648648648648649, 0.8918918918918919, 0.918918918918919, 0.9459459459459459, 0.972972972972973, 1.0], 0.5190738063095064]}}