{"rank_algo": "chi2_score", "seed": 41, "subsampling_proportion": 0.01, "exec_time": 0.009000778198242188, "results": {"features": ["feature50", "feature49", "feature2", "feature59", "feature82", "feature52", "feature36", "feature51", "feature81", "feature10", "feature3", "feature47", "feature21", "feature71", "feature9", "feature66", "feature8", "feature24", "feature38", "feature53", "feature15", "feature44", "feature60", "feature26", "feature40", "feature0", "feature33", "feature67", "feature54", "feature39", "feature20", "feature43", "feature22", "feature55", "feature46", "feature37", "feature42", "feature12", "feature28", "feature41", "feature27", "feature35", "feature34", "feature16", "feature30", "feature19", "feature17", "feature29", "feature90", "feature18", "feature48", "feature5", "feature57", "feature56", "feature11", "feature23", "feature64", "feature68", "feature61", "feature69", "feature4", "feature13", "feature72", "feature63", "feature31", "feature58", "feature45", "feature25", "feature62", "feature1", "feature65", "feature6", "feature73", "feature7", "feature70", "feature92", "feature93", "feature94", "feature95", "feature96", "feature97"], "scores": [319498.0486974951, 296212.38631228457, 177002.22055333195, 107953.99658573244, 107228.54220359435, 103686.70660541183, 80291.0295288552, 50666.71170459973, 47789.26268642514, 40551.35507988278, 36973.34859726485, 31933.39824712078, 24550.747962727757, 23508.01188502894, 21200.989649668933, 20923.752912955348, 14842.502473992508, 6276.122078488104, 3928.8791846135327, 3098.816862263212, 2635.7941743075753, 2155.571029431545, 2149.3963744909147, 2076.5873501204555, 2049.904138402009, 1923.4697873592854, 1710.2098445736037, 1655.488268222363, 1420.3907161957, 1358.573438314057, 1340.0994269319808, 1329.3687680024868, 1212.484787228685, 978.0145125714289, 854.9141554536833, 836.2887120014591, 822.2880365346639, 708.1382209780055, 602.883766583433, 596.6478896072108, 593.3186160411211, 540.7816504500619, 457.9956980455653, 429.0836488619385, 396.1082596318455, 358.2209617792699, 341.90085703292885, 332.4965663268099, 282.88761151973847, 247.87801926277956, 166.0135595398738, 155.53457241829256, 111.42859630616508, 111.08460195868373, 88.8026642340263, 83.16526962416118, 66.02611428617439, 36.829051756152126, 17.331049999823925, 14.88249669156818, 11.779974862961637, 6.969238663151577, 5.0078680595719085, 3.096738132647027, 2.9386631005490487, 2.609350483600102, 2.171850843409139, 1.238931858144479, 0.9926187234905234, 0.976109150309832, 0.6749041088839758, 0.576212947328232, 0.24243621139110516, 0.05323179031927564, NaN, NaN, NaN, NaN, NaN, NaN, NaN]}, "evaluations": {"eval_method": "jaccard_full_score", "singles": [[0.0, 0.0, 0.0, 0.0, 0.0, 0.0, 0.0, 0.06666666666666667, 0.058823529411764705, 0.17647058823529413, 0.15789473684210525, 0.14285714285714285, 0.18181818181818182, 0.16666666666666666, 0.2, 0.18518518518518517, 0.1724137931034483, 0.2, 0.1875, 0.17647058823529413, 0.2, 0.1891891891891892, 0.1794871794871795, 0.23076923076923078, 0.25, 0.23809523809523808, 0.2558139534883721, 0.2727272727272727, 0.28888888888888886, 0.30434782608695654, 0.3191489361702128, 0.3333333333333333, 0.3469387755102041, 0.3333333333333333, 0.34615384615384615, 0.3333333333333333, 0.34545454545454546, 0.35714285714285715, 0.3684210526315789, 0.40350877192982454, 0.41379310344827586, 0.423728813559322, 0.4098360655737705, 0.4426229508196721, 0.42857142857142855, 0.4603174603174603, 0.46875, 0.45454545454545453, 0.48484848484848486, 0.4925373134328358, 0.5, 0.4857142857142857, 0.49295774647887325, 0.5, 0.5277777777777778, 0.5555555555555556, 0.5616438356164384, 0.5466666666666666, 0.5526315789473685, 0.5584415584415584, 0.5641025641025641, 0.569620253164557, 0.5949367088607594, 0.620253164556962, 0.625, 0.65, 0.675, 0.6790123456790124, 0.7037037037037037, 0.7283950617283951, 0.7530864197530864, 0.7777777777777778, 0.8024691358024691, 0.8271604938271605, 0.8518518518518519, 0.8765432098765432, 0.9012345679012346, 0.9259259259259259, 0.9506172839506173, 0.9753086419753086, 1.0], 0.4160224229187538], "first_gen": [[0.0, 0.0, 0.0, 0.0, 0.1111111111111111, 0.09090909090909091, 0.07692307692307693, 0.14285714285714285, 0.2, 0.25, 0.29411764705882354, 0.2631578947368421, 0.3, 0.2727272727272727, 0.30434782608695654, 0.28, 0.3076923076923077, 0.3333333333333333, 0.3103448275862069, 0.2903225806451613, 0.3125, 0.375, 0.35294117647058826, 0.3333333333333333, 0.35135135135135137, 0.40540540540540543, 0.42105263157894735, 0.4, 0.38095238095238093, 0.42857142857142855, 0.4418604651162791, 0.45454545454545453, 0.4666666666666667, 0.4782608695652174, 0.5217391304347826, 0.5319148936170213, 0.5416666666666666, 0.5510204081632653, 0.56, 0.5384615384615384, 0.5769230769230769, 0.5849056603773585, 0.5636363636363636, 0.6, 0.6071428571428571, 0.6428571428571429, 0.6785714285714286, 0.6842105263157895, 0.7192982456140351, 0.7241379310344828, 0.7288135593220338, 0.7333333333333333, 0.7096774193548387, 0.7142857142857143, 0.6923076923076923, 0.696969696969697, 0.6764705882352942, 0.6571428571428571, 0.6388888888888888, 0.6438356164383562, 0.6486486486486487, 0.6533333333333333, 0.68, 0.6623376623376623, 0.6666666666666666, 0.6708860759493671, 0.675, 0.6790123456790124, 0.7037037037037037, 0.7283950617283951, 0.7530864197530864, 0.7777777777777778, 0.8024691358024691, 0.8271604938271605, 0.8518518518518519, 0.8765432098765432, 0.9012345679012346, 0.9259259259259259, 0.9506172839506173, 0.9753086419753086, 1.0], 0.5232306914750957]}}