{"rank_algo": "chi2_score", "seed": 63, "subsampling_proportion": 0.01, "exec_time": 0.008001565933227539, "results": {"features": ["feature50", "feature49", "feature2", "feature59", "feature82", "feature36", "feature52", "feature81", "feature10", "feature71", "feature51", "feature47", "feature9", "feature53", "feature3", "feature66", "feature8", "feature21", "feature0", "feature24", "feature15", "feature67", "feature38", "feature44", "feature40", "feature22", "feature28", "feature54", "feature39", "feature43", "feature12", "feature26", "feature46", "feature42", "feature23", "feature16", "feature37", "feature41", "feature33", "feature27", "feature60", "feature48", "feature30", "feature62", "feature90", "feature20", "feature35", "feature29", "feature56", "feature69", "feature5", "feature7", "feature55", "feature18", "feature34", "feature68", "feature65", "feature31", "feature17", "feature64", "feature58", "feature13", "feature11", "feature63", "feature72", "feature25", "feature45", "feature1", "feature6", "feature4", "feature57", "feature19", "feature61", "feature70", "feature73", "feature92", "feature93", "feature94", "feature95", "feature96", "feature97"], "scores": [171432.89802826743, 138176.57137322196, 110942.2309968929, 85081.97390370938, 81372.44782441888, 45029.321193390206, 35082.64818529764, 33643.267684378145, 20263.575476210455, 20245.509594249517, 19960.354583953424, 19407.779597847668, 16763.734426531442, 15604.994844297333, 15413.134465935758, 11958.323330764662, 9963.65920263813, 8467.969210549007, 2772.167982757378, 2673.939721386063, 2009.7771312311595, 1833.7985468765128, 1716.010126815229, 1446.6945505678148, 1267.9335301275523, 1223.1040318360103, 1077.5071349444354, 1036.69361144312, 992.3770660302184, 851.1423391208646, 800.4271950613846, 678.9702649589576, 568.303683242184, 543.8788145648894, 542.9219116799305, 505.9575437213476, 503.68526944579907, 459.92667843901836, 451.613193172733, 445.24632207645936, 360.49527804252125, 346.40919146246614, 286.4281010952227, 269.58554468342817, 247.5470683422641, 225.2614235830872, 203.50517995581274, 159.05305756446722, 131.90240734655998, 67.86649306374026, 55.11077371974511, 48.87841294199906, 43.747045421504765, 32.30158979705022, 26.72125311204491, 24.514649260889062, 20.838264629857566, 13.77362464327698, 12.66629497381779, 11.026178952960912, 8.374839599578522, 6.147189943799095, 5.877264737015481, 5.791302739894939, 5.756226745876932, 5.359631456002293, 5.14372394551154, 3.418250636568055, 1.8381737295989748, 1.461318515931144, 0.7438684378276479, 0.1943181692676531, 0.07437911709800131, NaN, NaN, NaN, NaN, NaN, NaN, NaN, NaN]}, "evaluations": {"eval_method": "jaccard_full_score", "singles": [[0.0, 0.0, 0.0, 0.0, 0.0, 0.0, 0.0, 0.06666666666666667, 0.125, 0.1111111111111111, 0.15789473684210525, 0.14285714285714285, 0.13043478260869565, 0.12, 0.15384615384615385, 0.14285714285714285, 0.13333333333333333, 0.2, 0.1875, 0.17647058823529413, 0.2, 0.1891891891891892, 0.1794871794871795, 0.17073170731707318, 0.19047619047619047, 0.20930232558139536, 0.2, 0.24444444444444444, 0.23404255319148937, 0.25, 0.2653061224489796, 0.30612244897959184, 0.32, 0.3333333333333333, 0.34615384615384615, 0.3584905660377358, 0.34545454545454546, 0.38181818181818183, 0.39285714285714285, 0.42857142857142855, 0.43859649122807015, 0.4482758620689655, 0.43333333333333335, 0.4666666666666667, 0.47540983606557374, 0.5081967213114754, 0.5161290322580645, 0.5, 0.5076923076923077, 0.4925373134328358, 0.5, 0.5072463768115942, 0.5142857142857142, 0.5428571428571428, 0.5492957746478874, 0.5555555555555556, 0.5616438356164384, 0.5466666666666666, 0.5324675324675324, 0.5189873417721519, 0.525, 0.55, 0.575, 0.6, 0.625, 0.6296296296296297, 0.654320987654321, 0.6790123456790124, 0.7037037037037037, 0.7283950617283951, 0.7530864197530864, 0.7777777777777778, 0.8024691358024691, 0.8271604938271605, 0.8518518518518519, 0.8765432098765432, 0.9012345679012346, 0.9259259259259259, 0.9506172839506173, 0.9753086419753086, 1.0], 0.41152041756843005], "first_gen": [[0.0, 0.0, 0.0, 0.0, 0.1111111111111111, 0.09090909090909091, 0.07692307692307693, 0.23076923076923078, 0.2857142857142857, 0.25, 0.2222222222222222, 0.2, 0.23809523809523808, 0.21739130434782608, 0.25, 0.23076923076923078, 0.25925925925925924, 0.3333333333333333, 0.35714285714285715, 0.3333333333333333, 0.3548387096774194, 0.375, 0.35294117647058826, 0.37142857142857144, 0.3888888888888889, 0.40540540540540543, 0.42105263157894735, 0.4, 0.4146341463414634, 0.4634146341463415, 0.4418604651162791, 0.45454545454545453, 0.4666666666666667, 0.5111111111111111, 0.5555555555555556, 0.5652173913043478, 0.574468085106383, 0.5510204081632653, 0.56, 0.6, 0.6078431372549019, 0.6470588235294118, 0.6226415094339622, 0.660377358490566, 0.6666666666666666, 0.6727272727272727, 0.6785714285714286, 0.6842105263157895, 0.7192982456140351, 0.7241379310344828, 0.7288135593220338, 0.7333333333333333, 0.7377049180327869, 0.7419354838709677, 0.746031746031746, 0.7230769230769231, 0.7014925373134329, 0.6811594202898551, 0.6857142857142857, 0.6666666666666666, 0.6712328767123288, 0.6756756756756757, 0.68, 0.6842105263157895, 0.7105263157894737, 0.6923076923076923, 0.6962025316455697, 0.7215189873417721, 0.7468354430379747, 0.7721518987341772, 0.7530864197530864, 0.7777777777777778, 0.8024691358024691, 0.8271604938271605, 0.8518518518518519, 0.8765432098765432, 0.9012345679012346, 0.9259259259259259, 0.9506172839506173, 0.9753086419753086, 1.0], 0.5367140238116219]}}