{"rank_algo": "chi2_score", "seed": 88, "subsampling_proportion": 0.01, "exec_time": 0.00800013542175293, "results": {"features": ["feature49", "feature50", "feature2", "feature59", "feature82", "feature36", "feature52", "feature10", "feature51", "feature81", "feature47", "feature53", "feature9", "feature71", "feature3", "feature8", "feature60", "feature21", "feature66", "feature24", "feature38", "feature33", "feature54", "feature15", "feature44", "feature26", "feature43", "feature40", "feature12", "feature19", "feature39", "feature67", "feature42", "feature55", "feature23", "feature41", "feature46", "feature1", "feature37", "feature16", "feature27", "feature35", "feature0", "feature22", "feature30", "feature62", "feature48", "feature34", "feature29", "feature28", "feature90", "feature17", "feature11", "feature5", "feature64", "feature20", "feature57", "feature68", "feature69", "feature13", "feature4", "feature61", "feature56", "feature7", "feature25", "feature6", "feature18", "feature72", "feature65", "feature73", "feature31", "feature45", "feature63", "feature58"], "scores": [293109.2168303679, 287334.0164040847, 132386.1860147075, 106909.29909557865, 78017.2998310476, 65970.99517767841, 53278.27959050564, 48775.29084258795, 40510.33167979958, 38566.04286746961, 33911.49166350675, 33896.701468974716, 26284.812780506756, 23083.537378286164, 22514.908784572173, 20531.5631425309, 17924.772706306765, 17846.294113490603, 14017.09106348423, 5594.337446672807, 4166.69160311712, 3073.514400686974, 2376.173293399195, 1841.4820862479046, 1701.4600004811166, 1447.2567619537754, 1343.2879320579023, 1254.4776758792166, 1226.170242921873, 1132.4316058691013, 1132.2293445474625, 1110.4706636357344, 1100.5366130590514, 1083.9177911130932, 905.6828717154883, 870.9197951130675, 844.1672957344496, 831.6235806728753, 665.1520636954533, 615.7012516337005, 523.5587869962396, 423.8897213362935, 383.19751902641997, 380.16559733535155, 341.3540997637789, 324.3072222850178, 317.261982023053, 312.79149843726515, 280.45705339428866, 248.01171794162389, 206.9834419271393, 188.85946453986443, 162.5807685224708, 147.28073388321235, 105.13821011162446, 90.39285322099165, 32.46974828955082, 29.97809606111212, 29.76996962639056, 20.997872212823154, 15.910622268001038, 10.341039350853231, 7.458789707715867, 7.014561824875997, 4.2327973383644455, 3.6985812792264405, 3.286450115549962, 2.365611274560787, 1.3450821618521724, 0.739716255845288, 0.5698644248396532, 0.04789152856701185, 0.012525888633341883, 0.0017772144587575485]}, "evaluations": {"eval_method": "jaccard_full_score", "singles": [[0.0, 0.0, 0.0, 0.0, 0.0, 0.0, 0.0, 0.14285714285714285, 0.125, 0.17647058823529413, 0.15789473684210525, 0.14285714285714285, 0.13043478260869565, 0.12, 0.15384615384615385, 0.14285714285714285, 0.13333333333333333, 0.2, 0.1875, 0.17647058823529413, 0.16666666666666666, 0.15789473684210525, 0.15, 0.2, 0.19047619047619047, 0.23809523809523808, 0.2558139534883721, 0.3023255813953488, 0.3181818181818182, 0.36363636363636365, 0.34782608695652173, 0.3617021276595745, 0.375, 0.36, 0.37254901960784315, 0.38461538461538464, 0.39622641509433965, 0.4339622641509434, 0.41818181818181815, 0.45454545454545453, 0.4909090909090909, 0.5, 0.5087719298245614, 0.543859649122807, 0.5517241379310345, 0.5862068965517241, 0.5932203389830508, 0.6, 0.5806451612903226, 0.6129032258064516, 0.6190476190476191, 0.6, 0.6060606060606061, 0.6119402985074627, 0.5942028985507246, 0.6, 0.6285714285714286, 0.6338028169014085, 0.6388888888888888, 0.6666666666666666, 0.6944444444444444, 0.7222222222222222, 0.726027397260274, 0.7534246575342466, 0.7567567567567568, 0.7837837837837838, 0.8108108108108109, 0.8378378378378378, 0.8648648648648649, 0.8918918918918919, 0.918918918918919, 0.9459459459459459, 0.972972972972973, 1.0], 0.42718554644006995], "first_gen": [[0.0, 0.0, 0.0, 0.0, 0.1111111111111111, 0.09090909090909091, 0.07692307692307693, 0.23076923076923078, 0.2, 0.25, 0.2222222222222222, 0.2, 0.23809523809523808, 0.21739130434782608, 0.25, 0.28, 0.25925925925925924, 0.3333333333333333, 0.3103448275862069, 0.2903225806451613, 0.2727272727272727, 0.29411764705882354, 0.2777777777777778, 0.2972972972972973, 0.3157894736842105, 0.3333333333333333, 0.38461538461538464, 0.4, 0.38095238095238093, 0.42857142857142855, 0.4418604651162791, 0.4222222222222222, 0.43478260869565216, 0.44680851063829785, 0.48936170212765956, 0.5, 0.5416666666666666, 0.5510204081632653, 0.56, 0.5686274509803921, 0.6078431372549019, 0.5849056603773585, 0.5925925925925926, 0.6296296296296297, 0.6071428571428571, 0.6428571428571429, 0.6785714285714286, 0.7142857142857143, 0.7192982456140351, 0.7241379310344828, 0.7288135593220338, 0.7333333333333333, 0.7096774193548387, 0.7419354838709677, 0.746031746031746, 0.75, 0.7272727272727273, 0.7575757575757576, 0.7611940298507462, 0.7647058823529411, 0.7941176470588235, 0.7714285714285715, 0.7746478873239436, 0.8028169014084507, 0.8055555555555556, 0.8333333333333334, 0.8356164383561644, 0.863013698630137, 0.8648648648648649, 0.8918918918918919, 0.918918918918919, 0.9459459459459459, 0.972972972972973, 1.0], 0.5123170166006153]}}