{"rank_algo": "chi2_score", "seed": 39, "subsampling_proportion": 0.01, "exec_time": 0.009004354476928711, "results": {"features": ["feature50", "feature49", "feature2", "feature82", "feature36", "feature59", "feature52", "feature81", "feature47", "feature51", "feature10", "feature71", "feature9", "feature3", "feature66", "feature8", "feature53", "feature60", "feature38", "feature24", "feature0", "feature15", "feature21", "feature54", "feature40", "feature22", "feature12", "feature37", "feature39", "feature67", "feature41", "feature30", "feature46", "feature23", "feature42", "feature44", "feature26", "feature28", "feature43", "feature27", "feature29", "feature1", "feature62", "feature16", "feature90", "feature20", "feature48", "feature34", "feature17", "feature33", "feature11", "feature5", "feature35", "feature18", "feature56", "feature57", "feature55", "feature64", "feature68", "feature69", "feature4", "feature65", "feature61", "feature13", "feature45", "feature7", "feature72", "feature73", "feature6", "feature63", "feature31", "feature19", "feature58", "feature25"], "scores": [256572.47578777027, 241201.56898547098, 122266.7508523599, 95426.12894556852, 83985.77866826988, 82982.85194379721, 68739.8915515457, 39510.62013561341, 31823.61093810199, 30485.276001774506, 25847.294023288785, 25827.816943054182, 16377.576106714285, 14585.71618845595, 12478.161776990519, 11738.186730914045, 11367.464661573329, 6350.748169405964, 6045.503608240027, 5442.65529650956, 3777.571208850542, 2466.175487629844, 2453.9717234850223, 1551.5111908155795, 1523.7674713223548, 1234.598252526514, 1119.3760743423413, 1115.0493256465695, 1076.956594213709, 1072.054576958326, 863.2057888374735, 826.9672692540437, 783.4875426141532, 677.9551635267512, 668.9487667886275, 597.5871777574391, 561.9108915021088, 449.73439463977905, 441.2988466637047, 420.54289745901104, 416.0212296166535, 415.46055830835934, 401.07648903556213, 329.7931408872852, 274.1983730246986, 263.6636493474133, 259.00590988793783, 212.6928966024371, 204.18995377206835, 195.18782435777067, 194.59980017829514, 178.26880816168614, 171.9906482413861, 167.28573250091011, 155.8518533142592, 98.10775934916501, 95.12067423852965, 72.16543050350592, 30.79929365978616, 26.637077191054093, 21.227881786285316, 19.335125183432243, 16.65187507578517, 14.854039857323103, 10.996846540159739, 7.9204203373150435, 7.586185643380061, 3.9428032683846643, 1.7753865773951856, 1.7506310959634213, 1.0948789879123493, 0.9530768664896611, 0.5368849534558783, 0.23223904717876126]}, "evaluations": {"eval_method": "jaccard_full_score", "singles": [[0.0, 0.0, 0.0, 0.0, 0.0, 0.0, 0.0, 0.06666666666666667, 0.058823529411764705, 0.1111111111111111, 0.15789473684210525, 0.14285714285714285, 0.13043478260869565, 0.12, 0.15384615384615385, 0.14285714285714285, 0.13333333333333333, 0.16129032258064516, 0.15151515151515152, 0.14285714285714285, 0.13513513513513514, 0.15789473684210525, 0.1794871794871795, 0.2, 0.21951219512195122, 0.23809523809523808, 0.2857142857142857, 0.3023255813953488, 0.28888888888888886, 0.30434782608695654, 0.3191489361702128, 0.3333333333333333, 0.3469387755102041, 0.36, 0.37254901960784315, 0.3584905660377358, 0.37037037037037035, 0.4074074074074074, 0.39285714285714285, 0.42857142857142855, 0.43859649122807015, 0.47368421052631576, 0.5087719298245614, 0.543859649122807, 0.5789473684210527, 0.6140350877192983, 0.6206896551724138, 0.6271186440677966, 0.6065573770491803, 0.639344262295082, 0.6451612903225806, 0.6507936507936508, 0.6307692307692307, 0.6363636363636364, 0.6176470588235294, 0.6470588235294118, 0.6521739130434783, 0.6338028169014085, 0.6619718309859155, 0.6666666666666666, 0.6944444444444444, 0.7222222222222222, 0.726027397260274, 0.7534246575342466, 0.7808219178082192, 0.8082191780821918, 0.8356164383561644, 0.8378378378378378, 0.8648648648648649, 0.8918918918918919, 0.918918918918919, 0.9459459459459459, 0.972972972972973, 1.0], 0.42495585677926173], "first_gen": [[0.0, 0.0, 0.0, 0.14285714285714285, 0.1111111111111111, 0.09090909090909091, 0.07692307692307693, 0.23076923076923078, 0.2, 0.17647058823529413, 0.2222222222222222, 0.2, 0.23809523809523808, 0.2727272727272727, 0.25, 0.28, 0.25925925925925924, 0.2857142857142857, 0.26666666666666666, 0.25, 0.2727272727272727, 0.3333333333333333, 0.35294117647058826, 0.3333333333333333, 0.35135135135135137, 0.3684210526315789, 0.38461538461538464, 0.36585365853658536, 0.38095238095238093, 0.3953488372093023, 0.37777777777777777, 0.3617021276595745, 0.375, 0.4166666666666667, 0.4583333333333333, 0.5, 0.5416666666666666, 0.52, 0.56, 0.5686274509803921, 0.5769230769230769, 0.6153846153846154, 0.6226415094339622, 0.660377358490566, 0.6666666666666666, 0.6727272727272727, 0.6785714285714286, 0.7142857142857143, 0.75, 0.7241379310344828, 0.7, 0.7049180327868853, 0.7096774193548387, 0.7419354838709677, 0.7741935483870968, 0.75, 0.7538461538461538, 0.7575757575757576, 0.7611940298507462, 0.7647058823529411, 0.7941176470588235, 0.7971014492753623, 0.7746478873239436, 0.8028169014084507, 0.8055555555555556, 0.8333333333333334, 0.8356164383561644, 0.863013698630137, 0.8648648648648649, 0.8918918918918919, 0.918918918918919, 0.9459459459459459, 0.972972972972973, 1.0], 0.5133278955728077]}}