{"rank_algo": "chi2_score", "seed": 68, "subsampling_proportion": 0.01, "exec_time": 0.008003711700439453, "results": {"features": ["feature50", "feature49", "feature2", "feature59", "feature82", "feature10", "feature36", "feature51", "feature81", "feature3", "feature53", "feature9", "feature71", "feature8", "feature52", "feature47", "feature21", "feature60", "feature24", "feature0", "feature44", "feature1", "feature38", "feature66", "feature15", "feature39", "feature40", "feature22", "feature23", "feature42", "feature37", "feature54", "feature67", "feature16", "feature43", "feature12", "feature41", "feature30", "feature29", "feature46", "feature35", "feature34", "feature20", "feature28", "feature62", "feature18", "feature55", "feature90", "feature11", "feature7", "feature56", "feature57", "feature5", "feature64", "feature33", "feature4", "feature68", "feature17", "feature26", "feature27", "feature13", "feature69", "feature31", "feature48", "feature19", "feature63", "feature58", "feature45", "feature6", "feature25", "feature72", "feature73", "feature61", "feature65"], "scores": [233438.32317363785, 188295.00431365316, 169625.57541120288, 140202.17371924222, 92412.99615999614, 58758.56199735215, 51594.90327241545, 45586.49017854466, 41496.92919838352, 37770.65748304548, 35277.508757053954, 33129.18095508219, 27645.939075362698, 26464.805371809915, 25523.610353955304, 17081.435826517507, 10926.07783282987, 6847.3186114807795, 4263.085381533512, 4113.922040649978, 3870.6333517974044, 3206.8001564285732, 3165.0220780126497, 2036.9579408551485, 1990.928893939063, 1292.0639726686368, 1287.0723366120333, 1137.222071502341, 1109.4000864030354, 1107.6166381540934, 1082.028204078506, 944.1765459364206, 859.8606327218545, 752.4385435268301, 748.0947403929127, 715.2977749050463, 702.3157888247284, 503.03379778809284, 502.3023462358566, 479.93487082681213, 454.72235842123416, 451.7933797197254, 376.03001913515385, 322.01209857275535, 313.81700439767644, 277.40714270102416, 242.3811588690038, 229.14805027856957, 88.37031732313311, 79.22753240896641, 72.43322263211692, 70.55629918531045, 52.98997978270618, 48.4870685852988, 28.387710705326587, 24.270247324612658, 22.062510165415077, 20.265368725222956, 15.997198452329302, 12.29949002175145, 11.726901480552058, 11.578593400687152, 10.334986939223542, 8.43233873786917, 8.243008545123198, 5.357861765878949, 4.713148170430699, 3.854596899489124, 3.195168316831683, 2.2743957648314534, 0.4974613091344581, 0.24578217821782178, 0.19886758515905506, 0.0802928809806259]}, "evaluations": {"eval_method": "jaccard_full_score", "singles": [[0.0, 0.0, 0.0, 0.0, 0.0, 0.09090909090909091, 0.07692307692307693, 0.14285714285714285, 0.125, 0.17647058823529413, 0.15789473684210525, 0.14285714285714285, 0.13043478260869565, 0.12, 0.15384615384615385, 0.14285714285714285, 0.1724137931034483, 0.2, 0.1875, 0.17647058823529413, 0.16666666666666666, 0.1891891891891892, 0.1794871794871795, 0.2, 0.21951219512195122, 0.20930232558139536, 0.22727272727272727, 0.2727272727272727, 0.28888888888888886, 0.3333333333333333, 0.3191489361702128, 0.3617021276595745, 0.3469387755102041, 0.36, 0.34615384615384615, 0.3584905660377358, 0.37037037037037035, 0.38181818181818183, 0.3684210526315789, 0.40350877192982454, 0.41379310344827586, 0.423728813559322, 0.4576271186440678, 0.4915254237288136, 0.5254237288135594, 0.559322033898305, 0.5666666666666667, 0.6, 0.6065573770491803, 0.639344262295082, 0.6190476190476191, 0.6, 0.6307692307692307, 0.6119402985074627, 0.6176470588235294, 0.6470588235294118, 0.6521739130434783, 0.6571428571428571, 0.6857142857142857, 0.7142857142857143, 0.7428571428571429, 0.7464788732394366, 0.75, 0.7534246575342466, 0.7808219178082192, 0.8082191780821918, 0.8356164383561644, 0.8378378378378378, 0.8648648648648649, 0.8918918918918919, 0.918918918918919, 0.9459459459459459, 0.972972972972973, 1.0], 0.42697240568632083], "first_gen": [[0.0, 0.0, 0.0, 0.0, 0.1111111111111111, 0.2, 0.16666666666666666, 0.23076923076923078, 0.2857142857142857, 0.3333333333333333, 0.29411764705882354, 0.3333333333333333, 0.3, 0.3333333333333333, 0.30434782608695654, 0.28, 0.3076923076923077, 0.3333333333333333, 0.3103448275862069, 0.3333333333333333, 0.3548387096774194, 0.41935483870967744, 0.3939393939393939, 0.37142857142857144, 0.3888888888888889, 0.40540540540540543, 0.4594594594594595, 0.47368421052631576, 0.48717948717948717, 0.5384615384615384, 0.5121951219512195, 0.4883720930232558, 0.4666666666666667, 0.4782608695652174, 0.5217391304347826, 0.5319148936170213, 0.5416666666666666, 0.52, 0.5294117647058824, 0.5686274509803921, 0.5769230769230769, 0.5555555555555556, 0.5636363636363636, 0.6, 0.6363636363636364, 0.6727272727272727, 0.6785714285714286, 0.7142857142857143, 0.7192982456140351, 0.7241379310344828, 0.7288135593220338, 0.7049180327868853, 0.7096774193548387, 0.7142857142857143, 0.71875, 0.696969696969697, 0.7014925373134329, 0.7313432835820896, 0.7611940298507462, 0.7647058823529411, 0.7941176470588235, 0.7971014492753623, 0.8, 0.8028169014084507, 0.8055555555555556, 0.8082191780821918, 0.8108108108108109, 0.8378378378378378, 0.8648648648648649, 0.8918918918918919, 0.918918918918919, 0.9459459459459459, 0.972972972972973, 1.0], 0.536077110764289]}}