{"rank_algo": "chi2_score", "seed": 95, "subsampling_proportion": 0.01, "exec_time": 0.00900125503540039, "results": {"features": ["feature50", "feature49", "feature2", "feature59", "feature82", "feature36", "feature52", "feature10", "feature81", "feature51", "feature71", "feature9", "feature8", "feature3", "feature47", "feature53", "feature21", "feature66", "feature38", "feature0", "feature24", "feature1", "feature44", "feature54", "feature12", "feature40", "feature22", "feature41", "feature20", "feature27", "feature37", "feature43", "feature15", "feature39", "feature16", "feature29", "feature30", "feature55", "feature33", "feature48", "feature19", "feature26", "feature62", "feature42", "feature67", "feature5", "feature46", "feature11", "feature18", "feature28", "feature17", "feature35", "feature90", "feature34", "feature56", "feature23", "feature45", "feature57", "feature69", "feature4", "feature64", "feature58", "feature13", "feature31", "feature73", "feature60", "feature6", "feature68", "feature25", "feature61", "feature72", "feature65", "feature63", "feature7", "feature70", "feature92", "feature93", "feature94", "feature95", "feature96", "feature97"], "scores": [272717.1061437692, 230837.1893840168, 170476.72099422046, 126240.85640487759, 91859.89239884446, 67083.03977162422, 52100.44432588192, 51240.43852021568, 49336.13000127852, 42056.70296380816, 36182.35663554667, 33172.49740635455, 25329.23872209369, 24862.43451271064, 22621.42141487809, 22432.540403752613, 18635.59337126479, 11877.111548882502, 5662.865426700735, 4373.132657827531, 3514.2554602984465, 2598.813968593502, 1968.7005093434595, 1501.353796857683, 1230.3262734696489, 1041.3905137327272, 1013.2039206764284, 956.075547429096, 918.8959734306294, 786.763517641537, 749.5461148821257, 720.0469983305686, 641.929472388114, 437.78692370381543, 434.8820478355728, 410.1389790212801, 396.7391945106684, 342.82350666119004, 337.05277540461475, 321.5575719984838, 313.5689773578375, 277.5727609576014, 273.1407333632144, 269.5056381610287, 266.30279195490976, 192.57257794865137, 153.55123900660294, 144.69661963544712, 135.878230219347, 126.17280862660101, 68.851757913388, 67.76325749781239, 48.63790766159668, 47.91689282385176, 46.351975504299304, 40.47302202080613, 26.874781599020658, 21.722684164959524, 16.16220811339506, 15.084435359300317, 12.435613658206654, 11.568455412613718, 9.112946089828283, 8.985109492385963, 4.086675291073739, 3.709121918909183, 3.4257676479898698, 2.7814755322113447, 2.299133180806972, 1.6961865375008092, 1.5844975451803944, 0.9096681795402375, 0.8731480803516646, 0.2788178720435536, NaN, NaN, NaN, NaN, NaN, NaN, NaN]}, "evaluations": {"eval_method": "jaccard_full_score", "singles": [[0.0, 0.0, 0.0, 0.0, 0.0, 0.0, 0.0, 0.14285714285714285, 0.125, 0.17647058823529413, 0.15789473684210525, 0.14285714285714285, 0.13043478260869565, 0.12, 0.15384615384615385, 0.14285714285714285, 0.1724137931034483, 0.2, 0.1875, 0.17647058823529413, 0.16666666666666666, 0.1891891891891892, 0.1794871794871795, 0.17073170731707318, 0.19047619047619047, 0.20930232558139536, 0.2558139534883721, 0.3023255813953488, 0.3181818181818182, 0.3333333333333333, 0.3191489361702128, 0.3333333333333333, 0.375, 0.36, 0.37254901960784315, 0.3584905660377358, 0.34545454545454546, 0.3333333333333333, 0.3448275862068966, 0.3559322033898305, 0.36666666666666664, 0.4, 0.4098360655737705, 0.4426229508196721, 0.42857142857142855, 0.4375, 0.46875, 0.47692307692307695, 0.5076923076923077, 0.5151515151515151, 0.5223880597014925, 0.5072463768115942, 0.5362318840579711, 0.5428571428571428, 0.5492957746478874, 0.5774647887323944, 0.6056338028169014, 0.589041095890411, 0.5733333333333334, 0.6, 0.5844155844155844, 0.5897435897435898, 0.6153846153846154, 0.620253164556962, 0.625, 0.65, 0.675, 0.7, 0.7037037037037037, 0.7283950617283951, 0.7530864197530864, 0.7777777777777778, 0.8024691358024691, 0.8271604938271605, 0.8518518518518519, 0.8765432098765432, 0.9012345679012346, 0.9259259259259259, 0.9506172839506173, 0.9753086419753086, 1.0], 0.41916571048143875], "first_gen": [[0.0, 0.0, 0.0, 0.0, 0.1111111111111111, 0.09090909090909091, 0.07692307692307693, 0.23076923076923078, 0.2857142857142857, 0.25, 0.2222222222222222, 0.2631578947368421, 0.3, 0.3333333333333333, 0.30434782608695654, 0.28, 0.3076923076923077, 0.3333333333333333, 0.3103448275862069, 0.3333333333333333, 0.3125, 0.375, 0.3939393939393939, 0.37142857142857144, 0.35135135135135137, 0.3684210526315789, 0.42105263157894735, 0.4, 0.4146341463414634, 0.42857142857142855, 0.4418604651162791, 0.45454545454545453, 0.4666666666666667, 0.5111111111111111, 0.5217391304347826, 0.5319148936170213, 0.5416666666666666, 0.52, 0.5294117647058824, 0.5686274509803921, 0.6078431372549019, 0.6153846153846154, 0.6226415094339622, 0.660377358490566, 0.6363636363636364, 0.6428571428571429, 0.6785714285714286, 0.6842105263157895, 0.7192982456140351, 0.7241379310344828, 0.7288135593220338, 0.7333333333333333, 0.7377049180327869, 0.7419354838709677, 0.746031746031746, 0.75, 0.7272727272727273, 0.7058823529411765, 0.7101449275362319, 0.6901408450704225, 0.6944444444444444, 0.6986301369863014, 0.68, 0.6623376623376623, 0.6883116883116883, 0.6923076923076923, 0.717948717948718, 0.7435897435897436, 0.7468354430379747, 0.75, 0.775, 0.8, 0.8024691358024691, 0.8271604938271605, 0.8518518518518519, 0.8765432098765432, 0.9012345679012346, 0.9259259259259259, 0.9506172839506173, 0.9753086419753086, 1.0], 0.5385137014780705]}}