{"rank_algo": "chi2_score", "seed": 55, "subsampling_proportion": 0.01, "exec_time": 0.008999824523925781, "results": {"features": ["feature49", "feature50", "feature2", "feature59", "feature82", "feature81", "feature36", "feature47", "feature51", "feature71", "feature53", "feature52", "feature10", "feature21", "feature3", "feature9", "feature8", "feature66", "feature24", "feature33", "feature38", "feature0", "feature67", "feature12", "feature44", "feature15", "feature40", "feature54", "feature1", "feature55", "feature16", "feature48", "feature27", "feature26", "feature62", "feature20", "feature41", "feature30", "feature29", "feature39", "feature35", "feature42", "feature34", "feature46", "feature37", "feature19", "feature18", "feature90", "feature28", "feature43", "feature11", "feature56", "feature22", "feature69", "feature60", "feature64", "feature23", "feature5", "feature17", "feature68", "feature7", "feature4", "feature45", "feature31", "feature13", "feature61", "feature58", "feature65", "feature63", "feature57", "feature6", "feature25", "feature72", "feature70", "feature73", "feature92", "feature93", "feature94", "feature95", "feature96", "feature97"], "scores": [207580.3584346617, 197157.11058897577, 154986.25366037205, 121907.06043075911, 91202.31651870492, 44382.186878082706, 41768.81127754902, 34287.08450550397, 34150.27900615629, 30755.319887358142, 25971.565195832143, 25704.098209371492, 23485.938492949743, 18522.67777303833, 17392.058456024733, 16107.33128636882, 15422.7255927227, 12092.80746110602, 4416.628849076547, 3418.980177735849, 3402.782345862147, 3289.88154148012, 2576.608999666674, 1813.9986187701, 1813.0433992550998, 1563.2932639556673, 1540.4392341365374, 998.9542512432955, 866.9032152202606, 813.8116008181316, 803.352154051297, 570.8120663620955, 530.2867326235857, 456.58004199333106, 450.6536787688435, 448.838019851941, 442.3332933813075, 441.6480784278248, 440.0107210387381, 416.4669037651994, 412.17969904362815, 397.04646348326065, 369.98632282559527, 367.7304055933924, 299.34986987316927, 258.2627004448936, 228.86223312313246, 222.08259518191738, 192.5420222352143, 182.89990872157188, 154.21379419783187, 132.52868683145869, 112.47141830857737, 101.78282837298626, 87.68038509985868, 77.7892999343729, 67.50201812737618, 57.36096431643142, 45.53788691136839, 37.34258364065731, 24.404617459737324, 20.977791498583205, 15.77133001103806, 11.19557693276349, 11.04680831658121, 10.444560153099035, 7.4183258857728305, 6.601803998211561, 1.0621450896190208, 0.8970011983743922, 0.7815912258871259, 0.33646964923710204, 0.00569865545405673, NaN, NaN, NaN, NaN, NaN, NaN, NaN, NaN]}, "evaluations": {"eval_method": "jaccard_full_score", "singles": [[0.0, 0.0, 0.0, 0.0, 0.0, 0.0, 0.0, 0.06666666666666667, 0.058823529411764705, 0.1111111111111111, 0.1, 0.09090909090909091, 0.13043478260869565, 0.16666666666666666, 0.2, 0.18518518518518517, 0.1724137931034483, 0.2, 0.1875, 0.17647058823529413, 0.16666666666666666, 0.15789473684210525, 0.15, 0.17073170731707318, 0.16279069767441862, 0.20930232558139536, 0.22727272727272727, 0.2727272727272727, 0.28888888888888886, 0.30434782608695654, 0.3191489361702128, 0.3333333333333333, 0.3469387755102041, 0.36, 0.37254901960784315, 0.38461538461538464, 0.39622641509433965, 0.38181818181818183, 0.3684210526315789, 0.3793103448275862, 0.36666666666666664, 0.4, 0.3870967741935484, 0.41935483870967744, 0.40625, 0.4375, 0.46875, 0.47692307692307695, 0.5076923076923077, 0.4925373134328358, 0.5223880597014925, 0.5072463768115942, 0.5362318840579711, 0.5428571428571428, 0.5714285714285714, 0.5555555555555556, 0.5833333333333334, 0.589041095890411, 0.5733333333333334, 0.5584415584415584, 0.5641025641025641, 0.569620253164557, 0.5949367088607594, 0.6, 0.625, 0.65, 0.675, 0.7, 0.725, 0.75, 0.775, 0.7777777777777778, 0.8024691358024691, 0.8271604938271605, 0.8518518518518519, 0.8765432098765432, 0.9012345679012346, 0.9259259259259259, 0.9506172839506173, 0.9753086419753086, 1.0], 0.4139917751326241], "first_gen": [[0.0, 0.0, 0.0, 0.0, 0.1111111111111111, 0.2, 0.16666666666666666, 0.23076923076923078, 0.2, 0.17647058823529413, 0.15789473684210525, 0.14285714285714285, 0.18181818181818182, 0.21739130434782608, 0.25, 0.28, 0.3076923076923077, 0.3333333333333333, 0.3103448275862069, 0.2903225806451613, 0.2727272727272727, 0.3333333333333333, 0.3142857142857143, 0.2972972972972973, 0.3157894736842105, 0.3333333333333333, 0.38461538461538464, 0.36585365853658536, 0.38095238095238093, 0.3953488372093023, 0.37777777777777777, 0.391304347826087, 0.40425531914893614, 0.44680851063829785, 0.4583333333333333, 0.5, 0.5102040816326531, 0.52, 0.5294117647058824, 0.5686274509803921, 0.5471698113207547, 0.5555555555555556, 0.5357142857142857, 0.5714285714285714, 0.6071428571428571, 0.6428571428571429, 0.6785714285714286, 0.7142857142857143, 0.75, 0.7543859649122807, 0.7288135593220338, 0.7333333333333333, 0.7377049180327869, 0.7419354838709677, 0.71875, 0.696969696969697, 0.7014925373134329, 0.7058823529411765, 0.7101449275362319, 0.6901408450704225, 0.7183098591549296, 0.7222222222222222, 0.726027397260274, 0.7066666666666667, 0.7105263157894737, 0.7142857142857143, 0.717948717948718, 0.7435897435897436, 0.7468354430379747, 0.7283950617283951, 0.7530864197530864, 0.7777777777777778, 0.8024691358024691, 0.8271604938271605, 0.8518518518518519, 0.8765432098765432, 0.9012345679012346, 0.9259259259259259, 0.9506172839506173, 0.9753086419753086, 1.0], 0.5194499090053437]}}