{"rank_algo": "chi2_score", "seed": 45, "subsampling_proportion": 0.01, "exec_time": 0.010000228881835938, "results": {"features": ["feature50", "feature49", "feature2", "feature59", "feature82", "feature36", "feature52", "feature81", "feature71", "feature53", "feature47", "feature51", "feature10", "feature9", "feature3", "feature8", "feature24", "feature21", "feature38", "feature66", "feature67", "feature26", "feature40", "feature20", "feature39", "feature0", "feature37", "feature22", "feature41", "feature15", "feature54", "feature23", "feature18", "feature60", "feature42", "feature33", "feature30", "feature44", "feature43", "feature29", "feature16", "feature34", "feature55", "feature46", "feature28", "feature27", "feature35", "feature12", "feature90", "feature48", "feature5", "feature11", "feature56", "feature17", "feature57", "feature64", "feature4", "feature7", "feature19", "feature31", "feature73", "feature72", "feature63", "feature45", "feature68", "feature58", "feature61", "feature69", "feature13", "feature6", "feature25", "feature62", "feature65", "feature1"], "scores": [321146.8536357948, 296268.00430330395, 151248.73120301083, 115222.8232208511, 90646.9862119479, 81528.07419695813, 77219.49050289857, 42986.89869805594, 42243.600129515806, 31802.1522287099, 31558.961181292045, 31346.880452410856, 30895.26731487702, 16543.38470909734, 12134.743791597983, 11009.608930162187, 6626.873362045226, 5264.20193919188, 4594.769766343466, 3901.6630300622874, 1712.3661011042204, 1537.3401620212544, 1236.1715691397922, 1173.6968914848298, 1167.9962761151628, 1075.532164001495, 1071.9282247180793, 992.6308368618658, 958.4869984384941, 867.5758685971699, 858.6842996154136, 804.146401710017, 786.5590748258912, 604.6980048079896, 576.6612642935943, 511.53952231786775, 486.1919110008903, 481.3475820032873, 472.04464973241795, 443.77604749505895, 402.03667468960134, 377.44818799098897, 342.54678674007073, 308.0681720549746, 301.7715430126729, 275.32449343117094, 237.15681542031547, 218.13335397828138, 202.52836088479427, 194.0413985946045, 181.70226606025614, 108.88697865716202, 103.08814873019732, 102.75750691047851, 92.85957519816915, 65.03262370696717, 35.83157988097581, 28.11005102472055, 13.056172225783406, 11.178317091551047, 7.183816564830034, 7.14946449034482, 6.980208589694133, 5.034789560649678, 4.048270422095723, 2.2195624204991447, 1.793808156385529, 1.558221572369386, 1.4658900680484914, 0.903358667484856, 0.4967216740670075, 0.39692528129784044, 0.10788334801703728, 0.0016209880942702716]}, "evaluations": {"eval_method": "jaccard_full_score", "singles": [[0.0, 0.0, 0.0, 0.0, 0.0, 0.0, 0.0, 0.06666666666666667, 0.058823529411764705, 0.05263157894736842, 0.047619047619047616, 0.09090909090909091, 0.13043478260869565, 0.12, 0.15384615384615385, 0.14285714285714285, 0.13333333333333333, 0.2, 0.1875, 0.17647058823529413, 0.16666666666666666, 0.1891891891891892, 0.21052631578947367, 0.23076923076923078, 0.21951219512195122, 0.20930232558139536, 0.2, 0.24444444444444444, 0.2608695652173913, 0.30434782608695654, 0.3191489361702128, 0.3617021276595745, 0.375, 0.3877551020408163, 0.4, 0.4117647058823529, 0.39622641509433965, 0.4074074074074074, 0.39285714285714285, 0.40350877192982454, 0.43859649122807015, 0.4482758620689655, 0.4576271186440678, 0.4915254237288136, 0.5254237288135594, 0.559322033898305, 0.5666666666666667, 0.6, 0.6065573770491803, 0.6129032258064516, 0.6190476190476191, 0.625, 0.6060606060606061, 0.5882352941176471, 0.5942028985507246, 0.6, 0.6285714285714286, 0.6338028169014085, 0.6619718309859155, 0.6666666666666666, 0.6944444444444444, 0.7222222222222222, 0.75, 0.7777777777777778, 0.8055555555555556, 0.8333333333333334, 0.8611111111111112, 0.8378378378378378, 0.8648648648648649, 0.8918918918918919, 0.918918918918919, 0.9459459459459459, 0.972972972972973, 1.0], 0.4186222499729576], "first_gen": [[0.0, 0.0, 0.0, 0.0, 0.1111111111111111, 0.09090909090909091, 0.07692307692307693, 0.23076923076923078, 0.2, 0.17647058823529413, 0.15789473684210525, 0.14285714285714285, 0.18181818181818182, 0.21739130434782608, 0.25, 0.28, 0.25925925925925924, 0.3333333333333333, 0.3103448275862069, 0.2903225806451613, 0.2727272727272727, 0.29411764705882354, 0.3142857142857143, 0.3333333333333333, 0.35135135135135137, 0.40540540540540543, 0.42105263157894735, 0.4358974358974359, 0.4146341463414634, 0.4634146341463415, 0.4418604651162791, 0.45454545454545453, 0.4666666666666667, 0.4782608695652174, 0.5217391304347826, 0.5319148936170213, 0.5102040816326531, 0.52, 0.56, 0.5384615384615384, 0.5769230769230769, 0.5555555555555556, 0.5357142857142857, 0.5714285714285714, 0.6071428571428571, 0.6140350877192983, 0.6491228070175439, 0.6842105263157895, 0.7192982456140351, 0.7241379310344828, 0.7288135593220338, 0.7049180327868853, 0.7096774193548387, 0.7419354838709677, 0.746031746031746, 0.7230769230769231, 0.7014925373134329, 0.7313432835820896, 0.7611940298507462, 0.7391304347826086, 0.7681159420289855, 0.7971014492753623, 0.7746478873239436, 0.7534246575342466, 0.7808219178082192, 0.7837837837837838, 0.8108108108108109, 0.8378378378378378, 0.8648648648648649, 0.8918918918918919, 0.918918918918919, 0.9459459459459459, 0.972972972972973, 1.0], 0.5063780604416201]}}