{"rank_algo": "chi2_score", "seed": 74, "subsampling_proportion": 0.01, "exec_time": 0.009002208709716797, "results": {"features": ["feature50", "feature49", "feature2", "feature59", "feature82", "feature52", "feature36", "feature81", "feature51", "feature47", "feature10", "feature3", "feature71", "feature9", "feature66", "feature53", "feature21", "feature8", "feature33", "feature0", "feature24", "feature22", "feature60", "feature40", "feature44", "feature38", "feature19", "feature23", "feature54", "feature41", "feature67", "feature15", "feature12", "feature43", "feature46", "feature28", "feature37", "feature18", "feature27", "feature62", "feature16", "feature29", "feature48", "feature34", "feature30", "feature35", "feature39", "feature42", "feature26", "feature20", "feature17", "feature56", "feature64", "feature1", "feature5", "feature90", "feature11", "feature57", "feature4", "feature68", "feature55", "feature61", "feature69", "feature13", "feature25", "feature58", "feature31", "feature7", "feature63", "feature6", "feature65", "feature45", "feature72", "feature73"], "scores": [227518.51671484514, 214981.33346236026, 157123.53650377234, 106989.79412157276, 90601.4731748106, 63779.30438133222, 51197.07779156571, 47685.5764396281, 31529.54213337342, 30697.324880549422, 29413.95448657528, 23828.6012779605, 23591.366078758474, 13569.937448327848, 11166.109161961698, 8039.094056445421, 7862.793365068371, 7316.483936755024, 4574.752479770916, 2661.534868547728, 2184.9344987981713, 1964.652002067934, 1935.6082974798203, 1836.8526763236755, 1595.214746105768, 1573.723234445191, 1426.5363360536105, 1108.1189743580335, 1028.1666552831057, 986.5998368670146, 976.1384367479382, 876.3147782572053, 814.1987980383703, 771.2064820919234, 569.7757780063916, 541.3171179748522, 504.47522203204414, 413.0867016605657, 398.44004308424286, 369.6180202748001, 352.85522439245096, 310.1191462586671, 288.86189430973485, 264.97676089605915, 245.14054971159555, 240.8413459374549, 235.50533708296138, 217.57964326570934, 204.04620423727377, 177.52857513130044, 136.52187893318506, 136.25821515313723, 97.59823959948548, 97.55357369415518, 51.29127165439218, 51.27185072042964, 33.582614988114635, 32.34588357955672, 26.79152075609607, 20.941488440253202, 19.658601851598352, 17.097221066576992, 11.97138757069243, 11.127961476999477, 9.339245098062449, 8.126854908471362, 4.185161597333491, 2.784230644488451, 2.4136735193948553, 2.2090257105117646, 2.0386705887982157, 1.6173086469720643, 0.28955844706099704, 0.24086785009861936]}, "evaluations": {"eval_method": "jaccard_full_score", "singles": [[0.0, 0.0, 0.0, 0.0, 0.0, 0.0, 0.0, 0.06666666666666667, 0.058823529411764705, 0.1111111111111111, 0.15789473684210525, 0.14285714285714285, 0.13043478260869565, 0.12, 0.15384615384615385, 0.14285714285714285, 0.1724137931034483, 0.2, 0.1875, 0.17647058823529413, 0.16666666666666666, 0.1891891891891892, 0.1794871794871795, 0.23076923076923078, 0.21951219512195122, 0.23809523809523808, 0.2558139534883721, 0.3023255813953488, 0.3181818181818182, 0.36363636363636365, 0.34782608695652173, 0.391304347826087, 0.40425531914893614, 0.3877551020408163, 0.4, 0.38461538461538464, 0.39622641509433965, 0.4339622641509434, 0.4444444444444444, 0.48148148148148145, 0.5185185185185185, 0.5272727272727272, 0.5357142857142857, 0.543859649122807, 0.5517241379310345, 0.559322033898305, 0.5666666666666667, 0.6, 0.6065573770491803, 0.639344262295082, 0.6190476190476191, 0.6, 0.582089552238806, 0.5882352941176471, 0.5942028985507246, 0.6231884057971014, 0.6521739130434783, 0.6571428571428571, 0.6857142857142857, 0.7142857142857143, 0.7183098591549296, 0.7464788732394366, 0.726027397260274, 0.7534246575342466, 0.7567567567567568, 0.7837837837837838, 0.8108108108108109, 0.8378378378378378, 0.8648648648648649, 0.8918918918918919, 0.918918918918919, 0.9459459459459459, 0.972972972972973, 1.0], 0.43218505039327876], "first_gen": [[0.0, 0.0, 0.0, 0.0, 0.1111111111111111, 0.09090909090909091, 0.07692307692307693, 0.23076923076923078, 0.2, 0.17647058823529413, 0.2222222222222222, 0.2631578947368421, 0.23809523809523808, 0.2727272727272727, 0.25, 0.23076923076923078, 0.25925925925925924, 0.3333333333333333, 0.3103448275862069, 0.3333333333333333, 0.3125, 0.375, 0.35294117647058826, 0.37142857142857144, 0.3888888888888889, 0.3684210526315789, 0.42105263157894735, 0.4358974358974359, 0.4146341463414634, 0.42857142857142855, 0.4090909090909091, 0.4222222222222222, 0.40425531914893614, 0.44680851063829785, 0.48936170212765956, 0.5, 0.5102040816326531, 0.52, 0.56, 0.5686274509803921, 0.6078431372549019, 0.6153846153846154, 0.6226415094339622, 0.6296296296296297, 0.6363636363636364, 0.6428571428571429, 0.6491228070175439, 0.6842105263157895, 0.7192982456140351, 0.7241379310344828, 0.7288135593220338, 0.7333333333333333, 0.7096774193548387, 0.7419354838709677, 0.7741935483870968, 0.7777777777777778, 0.7538461538461538, 0.7575757575757576, 0.7611940298507462, 0.7647058823529411, 0.7941176470588235, 0.7714285714285715, 0.7746478873239436, 0.8028169014084507, 0.8055555555555556, 0.8082191780821918, 0.8108108108108109, 0.8378378378378378, 0.8648648648648649, 0.8918918918918919, 0.918918918918919, 0.9459459459459459, 0.972972972972973, 1.0], 0.518272634908752]}}