{"rank_algo": "chi2_score", "seed": 72, "subsampling_proportion": 0.01, "exec_time": 0.00899815559387207, "results": {"features": ["feature49", "feature50", "feature2", "feature82", "feature59", "feature36", "feature52", "feature81", "feature71", "feature10", "feature51", "feature47", "feature9", "feature66", "feature3", "feature8", "feature53", "feature21", "feature24", "feature38", "feature23", "feature0", "feature40", "feature15", "feature37", "feature26", "feature67", "feature39", "feature12", "feature33", "feature54", "feature41", "feature18", "feature22", "feature43", "feature28", "feature20", "feature27", "feature44", "feature48", "feature1", "feature42", "feature62", "feature16", "feature46", "feature34", "feature35", "feature29", "feature60", "feature90", "feature30", "feature11", "feature56", "feature5", "feature17", "feature64", "feature7", "feature55", "feature57", "feature19", "feature4", "feature65", "feature69", "feature31", "feature58", "feature13", "feature73", "feature6", "feature45", "feature63", "feature72", "feature68", "feature25", "feature61", "feature70", "feature92", "feature93", "feature94", "feature95", "feature96", "feature97"], "scores": [228605.7056271182, 225127.64199449724, 145526.0685973719, 107075.98007195992, 97592.5677901353, 81494.80834815075, 63590.259981930605, 51951.622530600485, 43586.977459114234, 25904.249814293027, 20767.24301833319, 19339.83251304349, 18168.1324388849, 18054.177015943063, 14991.988495101337, 12090.788461156431, 11535.970290935416, 6603.353648286335, 5851.0075234126225, 4954.7868240081625, 2886.4510282144593, 2880.809373481039, 2589.768292282704, 1718.694329238109, 1712.480199441392, 1599.2697494196764, 1421.1374602625478, 1029.035995586501, 870.1271081062866, 828.0438807537164, 804.7168004464208, 629.6234800960649, 609.3133358071848, 595.356733807738, 577.5215836326075, 551.4594351305473, 540.1720766431777, 537.7813300708872, 500.30942335613634, 486.1050987435571, 479.4013948741912, 478.81527152125966, 439.64489007372924, 403.7512316468649, 368.4934277770022, 348.07765309216734, 312.3209529040363, 286.82111962351945, 261.8149924564748, 220.58068059983356, 194.34651669972527, 165.83175664008613, 158.20543958065386, 157.1612986373899, 122.87495504703249, 86.89920210147478, 66.43162141626908, 56.936230224070556, 31.906338931373284, 26.855276582950985, 23.641497331199822, 23.22575210649839, 10.702218785446517, 8.903914979664581, 7.023971544830973, 6.98807913168355, 4.055609128897461, 2.2191487675358643, 1.6686447970285285, 1.5837524041674547, 0.3533533804894996, 0.31758920899117465, 0.2881519945557932, 0.01819711096049343, NaN, NaN, NaN, NaN, NaN, NaN, NaN]}, "evaluations": {"eval_method": "jaccard_full_score", "singles": [[0.0, 0.0, 0.0, 0.0, 0.0, 0.0, 0.0, 0.06666666666666667, 0.058823529411764705, 0.1111111111111111, 0.15789473684210525, 0.14285714285714285, 0.13043478260869565, 0.12, 0.15384615384615385, 0.14285714285714285, 0.13333333333333333, 0.2, 0.1875, 0.17647058823529413, 0.2, 0.1891891891891892, 0.21052631578947367, 0.23076923076923078, 0.21951219512195122, 0.23809523809523808, 0.22727272727272727, 0.24444444444444444, 0.2608695652173913, 0.30434782608695654, 0.3191489361702128, 0.3617021276595745, 0.375, 0.3877551020408163, 0.37254901960784315, 0.3584905660377358, 0.37037037037037035, 0.4074074074074074, 0.39285714285714285, 0.40350877192982454, 0.41379310344827586, 0.4482758620689655, 0.4576271186440678, 0.4915254237288136, 0.5, 0.5081967213114754, 0.5161290322580645, 0.5, 0.53125, 0.5384615384615384, 0.5454545454545454, 0.5522388059701493, 0.5588235294117647, 0.5652173913043478, 0.5714285714285714, 0.5774647887323944, 0.6056338028169014, 0.589041095890411, 0.5733333333333334, 0.6, 0.6052631578947368, 0.6103896103896104, 0.6153846153846154, 0.620253164556962, 0.625, 0.65, 0.675, 0.7, 0.725, 0.75, 0.775, 0.8, 0.8024691358024691, 0.8271604938271605, 0.8518518518518519, 0.8765432098765432, 0.9012345679012346, 0.9259259259259259, 0.9506172839506173, 0.9753086419753086, 1.0], 0.4282738460929699], "first_gen": [[0.0, 0.0, 0.0, 0.14285714285714285, 0.1111111111111111, 0.09090909090909091, 0.07692307692307693, 0.23076923076923078, 0.2, 0.25, 0.2222222222222222, 0.2, 0.23809523809523808, 0.21739130434782608, 0.25, 0.28, 0.25925925925925924, 0.3333333333333333, 0.3103448275862069, 0.2903225806451613, 0.3125, 0.375, 0.3939393939393939, 0.4117647058823529, 0.3888888888888889, 0.40540540540540543, 0.42105263157894735, 0.4358974358974359, 0.4146341463414634, 0.42857142857142855, 0.4090909090909091, 0.391304347826087, 0.40425531914893614, 0.44680851063829785, 0.48936170212765956, 0.5, 0.5416666666666666, 0.5510204081632653, 0.5918367346938775, 0.6, 0.64, 0.68, 0.6862745098039216, 0.7254901960784313, 0.7307692307692307, 0.7358490566037735, 0.7407407407407407, 0.7454545454545455, 0.75, 0.7543859649122807, 0.7288135593220338, 0.7049180327868853, 0.7096774193548387, 0.7142857142857143, 0.71875, 0.696969696969697, 0.7014925373134329, 0.7058823529411765, 0.6857142857142857, 0.6901408450704225, 0.6944444444444444, 0.6986301369863014, 0.7027027027027027, 0.7066666666666667, 0.7105263157894737, 0.7142857142857143, 0.7402597402597403, 0.7662337662337663, 0.7692307692307693, 0.75, 0.7530864197530864, 0.7777777777777778, 0.8024691358024691, 0.8271604938271605, 0.8518518518518519, 0.8765432098765432, 0.9012345679012346, 0.9259259259259259, 0.9506172839506173, 0.9753086419753086, 1.0], 0.5407137663285362]}}