{"rank_algo": "chi2_score", "seed": 29, "subsampling_proportion": 0.01, "exec_time": 0.008000373840332031, "results": {"features": ["feature50", "feature49", "feature2", "feature82", "feature59", "feature81", "feature36", "feature51", "feature71", "feature10", "feature52", "feature47", "feature9", "feature3", "feature8", "feature53", "feature66", "feature24", "feature33", "feature21", "feature0", "feature22", "feature67", "feature60", "feature44", "feature23", "feature15", "feature38", "feature40", "feature18", "feature16", "feature39", "feature26", "feature41", "feature54", "feature12", "feature28", "feature42", "feature43", "feature37", "feature1", "feature30", "feature46", "feature29", "feature27", "feature11", "feature90", "feature19", "feature48", "feature5", "feature56", "feature34", "feature35", "feature64", "feature7", "feature69", "feature62", "feature68", "feature17", "feature20", "feature4", "feature58", "feature45", "feature61", "feature63", "feature72", "feature31", "feature65", "feature13", "feature6", "feature25", "feature57", "feature73", "feature55"], "scores": [206274.58424854817, 183932.80069354022, 140680.80478000653, 94231.88866501555, 71743.3947763142, 47309.0178445112, 41491.60398536097, 37471.72594778505, 33658.60683879976, 31463.868356728086, 31371.46536026134, 24073.265263021967, 23875.899230330364, 22722.176541194058, 19939.075004317256, 12312.435988815932, 7563.217206410978, 6315.9134650994365, 3911.1687535591495, 3734.32923324325, 2994.6052472346373, 2410.149495279011, 2123.5002752711016, 2096.9946495967492, 1768.8954637500415, 1737.3577016486279, 1668.8360323820066, 1402.6820658166234, 1349.2937318839495, 1291.6331781251881, 884.130171798053, 882.1526251370951, 804.6690881529096, 708.32650764806, 660.9393381880142, 581.1929513515088, 516.7388427562864, 492.1192915621215, 474.6523781370955, 472.28785039255445, 419.79183465738754, 416.31147715110023, 330.17052731771713, 322.60259735628745, 266.220348067121, 246.21856887686926, 228.05768576810647, 204.32077902069068, 182.556141430036, 156.54516635183052, 139.4031803320001, 101.66309892250729, 92.60752424648646, 84.81106848533159, 84.63741986246113, 44.03031778548411, 42.35122780161555, 38.69385650397544, 34.521461647266904, 30.501083617468815, 24.09735238416723, 15.21201514651114, 9.654235762558248, 9.531655416223835, 6.518649054631605, 5.513344313305939, 4.773952459226576, 3.2666585420915113, 2.7873354633814404, 1.8523381973766653, 0.6178643960248493, 0.5641038473362601, 0.34525397835479676, 0.20848510594891714]}, "evaluations": {"eval_method": "jaccard_full_score", "singles": [[0.0, 0.0, 0.0, 0.0, 0.0, 0.0, 0.0, 0.06666666666666667, 0.058823529411764705, 0.17647058823529413, 0.15789473684210525, 0.14285714285714285, 0.13043478260869565, 0.12, 0.15384615384615385, 0.14285714285714285, 0.13333333333333333, 0.16129032258064516, 0.15151515151515152, 0.17647058823529413, 0.16666666666666666, 0.1891891891891892, 0.1794871794871795, 0.2, 0.19047619047619047, 0.23809523809523808, 0.2558139534883721, 0.2727272727272727, 0.28888888888888886, 0.30434782608695654, 0.34782608695652173, 0.3617021276595745, 0.375, 0.3877551020408163, 0.4, 0.4117647058823529, 0.4230769230769231, 0.46153846153846156, 0.4444444444444444, 0.45454545454545453, 0.4909090909090909, 0.5, 0.5357142857142857, 0.543859649122807, 0.5789473684210527, 0.6140350877192983, 0.6491228070175439, 0.6842105263157895, 0.6610169491525424, 0.6949152542372882, 0.6721311475409836, 0.6507936507936508, 0.6307692307692307, 0.6119402985074627, 0.6176470588235294, 0.6231884057971014, 0.6521739130434783, 0.6571428571428571, 0.6619718309859155, 0.6901408450704225, 0.6944444444444444, 0.7222222222222222, 0.726027397260274, 0.7534246575342466, 0.7808219178082192, 0.8082191780821918, 0.8356164383561644, 0.8378378378378378, 0.8648648648648649, 0.8918918918918919, 0.918918918918919, 0.9459459459459459, 0.972972972972973, 1.0], 0.4356115725406084], "first_gen": [[0.0, 0.0, 0.0, 0.14285714285714285, 0.1111111111111111, 0.2, 0.16666666666666666, 0.23076923076923078, 0.2, 0.25, 0.2222222222222222, 0.2, 0.23809523809523808, 0.2727272727272727, 0.30434782608695654, 0.28, 0.25925925925925924, 0.2857142857142857, 0.26666666666666666, 0.2903225806451613, 0.3125, 0.375, 0.35294117647058826, 0.3333333333333333, 0.35135135135135137, 0.3684210526315789, 0.42105263157894735, 0.4, 0.4146341463414634, 0.4634146341463415, 0.4418604651162791, 0.45454545454545453, 0.4666666666666667, 0.44680851063829785, 0.48936170212765956, 0.5, 0.5102040816326531, 0.52, 0.56, 0.5686274509803921, 0.6078431372549019, 0.6153846153846154, 0.6226415094339622, 0.6296296296296297, 0.6363636363636364, 0.6140350877192983, 0.6206896551724138, 0.6551724137931034, 0.6896551724137931, 0.6949152542372882, 0.7, 0.7049180327868853, 0.7096774193548387, 0.7142857142857143, 0.746031746031746, 0.75, 0.7538461538461538, 0.7846153846153846, 0.7878787878787878, 0.7910447761194029, 0.8208955223880597, 0.7971014492753623, 0.7746478873239436, 0.7777777777777778, 0.7808219178082192, 0.8082191780821918, 0.8356164383561644, 0.863013698630137, 0.8904109589041096, 0.9178082191780822, 0.9452054794520548, 0.9459459459459459, 0.972972972972973, 1.0], 0.5223362703123126]}}