{"rank_algo": "chi2_score", "seed": 69, "subsampling_proportion": 0.01, "exec_time": 0.009006261825561523, "results": {"features": ["feature49", "feature2", "feature50", "feature59", "feature82", "feature36", "feature81", "feature52", "feature71", "feature47", "feature9", "feature10", "feature8", "feature3", "feature51", "feature21", "feature66", "feature38", "feature53", "feature24", "feature60", "feature15", "feature0", "feature40", "feature37", "feature12", "feature43", "feature30", "feature29", "feature27", "feature42", "feature41", "feature35", "feature22", "feature39", "feature44", "feature55", "feature26", "feature48", "feature34", "feature1", "feature67", "feature46", "feature23", "feature54", "feature62", "feature20", "feature28", "feature33", "feature18", "feature5", "feature17", "feature56", "feature16", "feature69", "feature57", "feature7", "feature64", "feature11", "feature90", "feature61", "feature68", "feature45", "feature4", "feature19", "feature58", "feature65", "feature13", "feature31", "feature63", "feature25", "feature6", "feature72", "feature73"], "scores": [167982.94005536108, 163419.14478115574, 148921.4371438604, 123190.4855631846, 98579.35595511273, 75923.7856420673, 46630.11035865697, 46594.66353318741, 33669.80762280476, 27918.66667937752, 27721.04845391891, 25762.818019759703, 20495.90214714929, 19461.209873292642, 14514.269099377349, 6130.521564964944, 5200.992286318706, 4942.081748816373, 4639.30271709883, 4519.419149507993, 1716.878620993204, 1535.3610156583154, 1455.7942496181313, 1371.5717296852033, 1349.665191384603, 1008.8270018725347, 1005.1408964361694, 939.6059731544105, 817.1644381004342, 768.6150938514689, 679.480947832553, 675.5343502979235, 643.9175449485336, 640.9081760727861, 628.9694993422432, 607.3899517110939, 598.4097893039542, 597.7721668343435, 543.8288619464108, 533.4772047503061, 470.70623159296366, 441.17207676633063, 422.33533848685965, 387.456730121806, 349.49579084365814, 342.42305703731176, 336.56561980619875, 278.60822881309593, 278.32661219166687, 240.32823929177403, 202.1650539848929, 177.47966116745505, 137.90757023362877, 135.73327729877943, 91.83665344903454, 76.69064030375728, 63.59816612307735, 52.365741298004494, 47.243023530160954, 45.55683986029519, 28.314771733225122, 20.306383679967645, 18.52057139061574, 14.633008457686252, 7.105684232151716, 5.442950943049779, 5.3381505130208735, 4.988954038989525, 1.7423267278571777, 0.6009929397035002, 0.16706150624903277, 0.16011136433410944, 0.0005560345060421585, NaN]}, "evaluations": {"eval_method": "jaccard_full_score", "singles": [[0.0, 0.0, 0.0, 0.0, 0.0, 0.0, 0.0, 0.06666666666666667, 0.058823529411764705, 0.05263157894736842, 0.047619047619047616, 0.09090909090909091, 0.08333333333333333, 0.07692307692307693, 0.15384615384615385, 0.18518518518518517, 0.1724137931034483, 0.2, 0.1875, 0.17647058823529413, 0.16666666666666666, 0.1891891891891892, 0.1794871794871795, 0.23076923076923078, 0.21951219512195122, 0.23809523809523808, 0.22727272727272727, 0.24444444444444444, 0.23404255319148937, 0.25, 0.2653061224489796, 0.30612244897959184, 0.32, 0.3333333333333333, 0.32075471698113206, 0.3090909090909091, 0.2982456140350877, 0.3333333333333333, 0.3220338983050847, 0.3333333333333333, 0.36666666666666664, 0.3770491803278688, 0.4098360655737705, 0.4426229508196721, 0.47540983606557374, 0.5081967213114754, 0.5409836065573771, 0.5737704918032787, 0.5806451612903226, 0.6129032258064516, 0.6190476190476191, 0.6, 0.582089552238806, 0.5882352941176471, 0.5714285714285714, 0.6, 0.6285714285714286, 0.6111111111111112, 0.6388888888888888, 0.6666666666666666, 0.6944444444444444, 0.7222222222222222, 0.726027397260274, 0.7534246575342466, 0.7808219178082192, 0.8082191780821918, 0.8356164383561644, 0.8378378378378378, 0.8648648648648649, 0.8918918918918919, 0.918918918918919, 0.9459459459459459, 0.972972972972973, 1.0], 0.3989135192423661], "first_gen": [[0.0, 0.0, 0.0, 0.0, 0.1111111111111111, 0.09090909090909091, 0.16666666666666666, 0.23076923076923078, 0.2, 0.17647058823529413, 0.2222222222222222, 0.2631578947368421, 0.3, 0.3333333333333333, 0.30434782608695654, 0.3333333333333333, 0.3076923076923077, 0.3333333333333333, 0.3103448275862069, 0.2903225806451613, 0.2727272727272727, 0.3333333333333333, 0.35294117647058826, 0.37142857142857144, 0.35135135135135137, 0.3333333333333333, 0.38461538461538464, 0.36585365853658536, 0.3488372093023256, 0.36363636363636365, 0.4090909090909091, 0.391304347826087, 0.375, 0.3877551020408163, 0.42857142857142855, 0.46938775510204084, 0.48, 0.49019607843137253, 0.5294117647058824, 0.5094339622641509, 0.5471698113207547, 0.5272727272727272, 0.5357142857142857, 0.5714285714285714, 0.6071428571428571, 0.6428571428571429, 0.6785714285714286, 0.7142857142857143, 0.7192982456140351, 0.7241379310344828, 0.7288135593220338, 0.7333333333333333, 0.7377049180327869, 0.7704918032786885, 0.8032786885245902, 0.7777777777777778, 0.78125, 0.7575757575757576, 0.7611940298507462, 0.7647058823529411, 0.7681159420289855, 0.7714285714285715, 0.75, 0.7777777777777778, 0.8055555555555556, 0.8082191780821918, 0.8108108108108109, 0.8378378378378378, 0.8648648648648649, 0.8918918918918919, 0.918918918918919, 0.9459459459459459, 0.972972972972973, 1.0], 0.5100077819566557]}}