{"rank_algo": "random_forest_score", "seed": 48, "subsampling_proportion": 0.0016, "exec_time": 0.3100004196166992, "results": {"features": ["feature99", "feature98", "feature88", "feature83", "feature87", "feature89", "feature23", "feature84", "feature81", "feature86", "feature85", "feature82", "feature22", "feature1", "feature0", "feature2", "feature55", "feature19", "feature49", "feature33", "feature67", "feature10", "feature3", "feature20", "feature57", "feature21", "feature60", "feature8", "feature29", "feature44", "feature41", "feature9", "feature42", "feature58", "feature5", "feature47", "feature40", "feature18", "feature59", "feature26", "feature50", "feature17", "feature51", "feature46", "feature71", "feature7", "feature64", "feature38", "feature52", "feature37", "feature15", "feature54", "feature43", "feature66", "feature12", "feature30", "feature36", "feature62", "feature11", "feature63", "feature53", "feature28", "feature14", "feature27", "feature68", "feature25", "feature61", "feature45", "feature69", "feature32", "feature90", "feature24", "feature48", "feature39", "feature91", "feature65", "feature35", "feature16", "feature56", "feature34", "feature31", "feature13", "feature4", "feature79", "feature72", "feature73", "feature78", "feature80", "feature75", "feature6", "feature70", "feature74", "feature76", "feature77", "feature92", "feature93", "feature94", "feature95", "feature96", "feature97"], "scores": [0.38514334992724014, 0.3801711291848717, 0.015903607859932188, 0.013444676772931456, 0.013020341823530648, 0.012137373566845067, 0.010409214317717866, 0.009650046975282163, 0.009423329130666559, 0.0094207631079192, 0.009300552582491895, 0.008275016432406728, 0.004232369289494362, 0.003993597407189056, 0.003811999288686747, 0.0037714495198424747, 0.003444761149603243, 0.003216095550035512, 0.0031575453945464076, 0.0031122322846279023, 0.0030666289955040616, 0.0030605408418699076, 0.0030360982927831936, 0.0030304571033426516, 0.00294783519502795, 0.0028143981960853225, 0.002503001498091627, 0.0024783103566299717, 0.0024456264784208453, 0.002444174725529961, 0.0024162444664222824, 0.0023727995334655865, 0.002349378084373249, 0.002339086131261573, 0.002104750352858197, 0.0020961704564578434, 0.0020248495430385052, 0.0020197868591676706, 0.002001412405563502, 0.0019959180045145764, 0.001954860424040671, 0.0018843523146715624, 0.0018225662242532944, 0.0018084479575068207, 0.0016075523322816997, 0.0015232015460960103, 0.0015006957904032776, 0.0014946156719433826, 0.0014731991132318997, 0.001407078512053506, 0.0013652361159490326, 0.0013532976786432163, 0.0013445793267708103, 0.0012633995609240179, 0.0012470741579101662, 0.0011510623493248768, 0.0011488611446129919, 0.0011050599634355096, 0.0011011538334593132, 0.0010863565609585731, 0.0010230262832395273, 0.0009779846552209898, 0.0009746976555846064, 0.0009661589645415306, 0.0009497991019390842, 0.0009384383596945406, 0.0009250713374360812, 0.0008766269775486224, 0.0008500644828873968, 0.0008020399344899483, 0.0007620540725926023, 0.000756373434338424, 0.0007086808984322074, 0.0006489686831116365, 0.000642613884328277, 0.000587594489784087, 0.0005420672811263664, 0.0005075243816606284, 0.0004800329344095332, 0.0004798953499412919, 0.00044648352703752665, 0.0003595171260343899, 0.0001968258650173199, 0.00010080528800217594, 8.319284391719212e-05, 7.526972464896036e-05, 6.476776628236414e-05, 2.2925120946593742e-05, 2.0929911065599833e-05, 0.0, 0.0, 0.0, 0.0, 0.0, 0.0, 0.0, 0.0, 0.0, 0.0, 0.0]}, "evaluations": {"eval_method": "jaccard_full_score", "singles": [[1.0, 1.0, 0.5, 0.3333333333333333, 0.25, 0.2, 0.2727272727272727, 0.23076923076923078, 0.2, 0.17647058823529413, 0.15789473684210525, 0.14285714285714285, 0.13043478260869565, 0.16666666666666666, 0.15384615384615385, 0.14285714285714285, 0.13333333333333333, 0.16129032258064516, 0.22580645161290322, 0.25, 0.23529411764705882, 0.2571428571428571, 0.24324324324324326, 0.2631578947368421, 0.25, 0.2682926829268293, 0.2857142857142857, 0.3023255813953488, 0.28888888888888886, 0.30434782608695654, 0.3191489361702128, 0.3333333333333333, 0.3469387755102041, 0.3877551020408163, 0.37254901960784315, 0.3584905660377358, 0.37037037037037035, 0.38181818181818183, 0.39285714285714285, 0.40350877192982454, 0.41379310344827586, 0.423728813559322, 0.43333333333333335, 0.4426229508196721, 0.45161290322580644, 0.4375, 0.42424242424242425, 0.4117647058823529, 0.4, 0.4084507042253521, 0.43661971830985913, 0.4444444444444444, 0.4520547945205479, 0.4594594594594595, 0.4666666666666667, 0.47368421052631576, 0.4805194805194805, 0.48717948717948717, 0.5128205128205128, 0.5384615384615384, 0.525, 0.55, 0.5365853658536586, 0.5609756097560976, 0.5476190476190477, 0.5529411764705883, 0.5764705882352941, 0.6, 0.6046511627906976, 0.627906976744186, 0.632183908045977, 0.6551724137931034, 0.6404494382022472, 0.6263736263736264, 0.6304347826086957, 0.6170212765957447, 0.6210526315789474, 0.625, 0.6122448979591837, 0.6161616161616161, 0.62, 0.64, 0.66, 0.68, 0.7, 0.72, 0.74, 0.76, 0.78, 0.8, 0.82, 0.84, 0.86, 0.88, 0.9, 0.92, 0.94, 0.96, 0.98, 1.0], 0.4883905909713279], "first_gen": [[1.0, 1.0, 0.5, 0.3333333333333333, 0.25, 0.2, 0.4, 0.45454545454545453, 0.5, 0.6666666666666666, 0.8333333333333334, 0.8461538461538461, 1.0, 0.8666666666666667, 0.875, 0.7777777777777778, 0.7894736842105263, 0.7142857142857143, 0.6521739130434783, 0.6, 0.6153846153846154, 0.6923076923076923, 0.7037037037037037, 0.7142857142857143, 0.6666666666666666, 0.6774193548387096, 0.6875, 0.696969696969697, 0.6571428571428571, 0.6666666666666666, 0.631578947368421, 0.6410256410256411, 0.6097560975609756, 0.5813953488372093, 0.5555555555555556, 0.5319148936170213, 0.574468085106383, 0.5833333333333334, 0.56, 0.6, 0.5769230769230769, 0.6153846153846154, 0.6226415094339622, 0.6, 0.6363636363636364, 0.6140350877192983, 0.5932203389830508, 0.6, 0.5806451612903226, 0.5625, 0.59375, 0.6, 0.6307692307692307, 0.6119402985074627, 0.6417910447761194, 0.6470588235294118, 0.6521739130434783, 0.6571428571428571, 0.6619718309859155, 0.6666666666666666, 0.6712328767123288, 0.6756756756756757, 0.68, 0.6842105263157895, 0.6666666666666666, 0.65, 0.6341463414634146, 0.6190476190476191, 0.6235294117647059, 0.627906976744186, 0.632183908045977, 0.6179775280898876, 0.6222222222222222, 0.6263736263736264, 0.6304347826086957, 0.6170212765957447, 0.6210526315789474, 0.625, 0.6288659793814433, 0.6494845360824743, 0.6530612244897959, 0.6565656565656566, 0.66, 0.68, 0.7, 0.72, 0.74, 0.76, 0.78, 0.8, 0.82, 0.84, 0.86, 0.88, 0.9, 0.92, 0.94, 0.96, 0.98, 1.0], 0.6699406345286021]}}