{"rank_algo": "random_forest_score", "seed": 85, "subsampling_proportion": 0.0001, "exec_time": 0.10500025749206543, "results": {"features": ["feature99", "feature98", "feature89", "feature87", "feature83", "feature84", "feature88", "feature15", "feature1", "feature54", "feature22", "feature60", "feature85", "feature26", "feature86", "feature51", "feature82", "feature20", "feature57", "feature81", "feature9", "feature52", "feature2", "feature21", "feature39", "feature33", "feature44", "feature19", "feature55", "feature49", "feature46", "feature66", "feature64", "feature7", "feature29", "feature3", "feature8", "feature38", "feature58", "feature40", "feature43", "feature18", "feature17", "feature10", "feature53", "feature28", "feature50", "feature23", "feature63", "feature27", "feature37", "feature0", "feature59", "feature36", "feature67", "feature4", "feature14", "feature69", "feature71", "feature91", "feature11", "feature41", "feature61", "feature47", "feature5", "feature13", "feature56", "feature12", "feature45", "feature30", "feature31", "feature32", "feature25", "feature48", "feature90", "feature62", "feature68", "feature16", "feature35", "feature24", "feature42", "feature34", "feature6", "feature65", "feature70", "feature72", "feature73", "feature74", "feature75", "feature76", "feature77", "feature78", "feature79", "feature80", "feature92", "feature93", "feature94", "feature95", "feature96", "feature97"], "scores": [0.27373903480523715, 0.22040256877167744, 0.018448913034741204, 0.018370188195770742, 0.017007968438920853, 0.016913094936867053, 0.016755530012032692, 0.012986462258990908, 0.012736774994483283, 0.01220526654838529, 0.012178385512944527, 0.012002966621298763, 0.0119111410508318, 0.011769180656916785, 0.011672681179875848, 0.011612452581407032, 0.011497558140968691, 0.010992670313213297, 0.010565384761643952, 0.010423010287702802, 0.010159797459057152, 0.009674369354188032, 0.00944841743515534, 0.009346396110329074, 0.009213565065170074, 0.008998813623100076, 0.008275623347590716, 0.00775224859902536, 0.007558131176628396, 0.00748766047237241, 0.007481665838439013, 0.007347366140805807, 0.00714645728131806, 0.0068537931527525575, 0.006287725119836422, 0.006268897194497049, 0.006109883990400602, 0.006080814470693591, 0.00597098296480543, 0.0057898252705402, 0.0056527560845175346, 0.004925364420822321, 0.0048688926812868755, 0.004811399862653458, 0.004614097127316197, 0.004490927151585084, 0.004448699364191676, 0.0043990414544349795, 0.004158763452984021, 0.0039747803319975595, 0.003962538537155761, 0.0038729103938831533, 0.0036607397706923143, 0.003564372125587755, 0.003503603820298494, 0.0034219687613257885, 0.0033543766140099627, 0.0032089096822820605, 0.003003624833257055, 0.0028926237475620535, 0.0027671114375727467, 0.0023232115288929676, 0.0021788921213096654, 0.0021654086301578206, 0.0020067293499864644, 0.0018839411808008624, 0.0018742975237384712, 0.001843331605873276, 0.0018149970031082127, 0.0018022449842551177, 0.0016420938361238065, 0.0016260668311612776, 0.0013776772342296625, 0.001266733074291545, 0.0011563518832119904, 0.0011471030035857927, 0.0009382300517059213, 0.0008090245445344095, 0.00036989760036008706, 0.000335234132215489, 0.00029466966966966977, 0.00014269538475533006, 0.0, 0.0, 0.0, 0.0, 0.0, 0.0, 0.0, 0.0, 0.0, 0.0, 0.0, 0.0, 0.0, 0.0, 0.0, 0.0, 0.0, 0.0]}, "evaluations": {"eval_method": "jaccard_full_score", "singles": [[1.0, 1.0, 0.5, 0.3333333333333333, 0.25, 0.2, 0.16666666666666666, 0.14285714285714285, 0.2, 0.17647058823529413, 0.15789473684210525, 0.14285714285714285, 0.18181818181818182, 0.16666666666666666, 0.15384615384615385, 0.23076923076923078, 0.21428571428571427, 0.2413793103448276, 0.26666666666666666, 0.25, 0.23529411764705882, 0.2222222222222222, 0.24324324324324326, 0.2631578947368421, 0.25, 0.2682926829268293, 0.2558139534883721, 0.3023255813953488, 0.3181818181818182, 0.36363636363636365, 0.4090909090909091, 0.391304347826087, 0.375, 0.3877551020408163, 0.37254901960784315, 0.3584905660377358, 0.34545454545454546, 0.3333333333333333, 0.3448275862068966, 0.3559322033898305, 0.36666666666666664, 0.4, 0.3870967741935484, 0.3968253968253968, 0.38461538461538464, 0.373134328358209, 0.38235294117647056, 0.391304347826087, 0.4, 0.42857142857142855, 0.43661971830985913, 0.4246575342465753, 0.4520547945205479, 0.4794520547945205, 0.4666666666666667, 0.47368421052631576, 0.46153846153846156, 0.45, 0.475, 0.48148148148148145, 0.4878048780487805, 0.5121951219512195, 0.5180722891566265, 0.5238095238095238, 0.5116279069767442, 0.5348837209302325, 0.5402298850574713, 0.5632183908045977, 0.5862068965517241, 0.5909090909090909, 0.5777777777777777, 0.6, 0.5869565217391305, 0.5913978494623656, 0.6129032258064516, 0.6170212765957447, 0.6210526315789474, 0.625, 0.6122448979591837, 0.6161616161616161, 0.6363636363636364, 0.64, 0.66, 0.68, 0.7, 0.72, 0.74, 0.76, 0.78, 0.8, 0.82, 0.84, 0.86, 0.88, 0.9, 0.92, 0.94, 0.96, 0.98, 1.0], 0.4800906702385223], "first_gen": [[1.0, 1.0, 0.5, 0.3333333333333333, 0.25, 0.2, 0.2727272727272727, 0.3333333333333333, 0.38461538461538464, 0.42857142857142855, 0.5714285714285714, 0.5, 0.5294117647058824, 0.47368421052631576, 0.5789473684210527, 0.5238095238095238, 0.5454545454545454, 0.5, 0.46153846153846156, 0.48148148148148145, 0.5, 0.4666666666666667, 0.5333333333333333, 0.5483870967741935, 0.5151515151515151, 0.4857142857142857, 0.5, 0.5555555555555556, 0.5263157894736842, 0.5384615384615384, 0.5121951219512195, 0.4883720930232558, 0.4666666666666667, 0.44680851063829785, 0.4583333333333333, 0.46938775510204084, 0.48, 0.49019607843137253, 0.5, 0.5094339622641509, 0.5185185185185185, 0.5272727272727272, 0.5357142857142857, 0.543859649122807, 0.5517241379310345, 0.559322033898305, 0.5409836065573771, 0.5483870967741935, 0.53125, 0.5384615384615384, 0.5454545454545454, 0.5522388059701493, 0.582089552238806, 0.6119402985074627, 0.6176470588235294, 0.6, 0.6056338028169014, 0.589041095890411, 0.6164383561643836, 0.6438356164383562, 0.6486486486486487, 0.6756756756756757, 0.6578947368421053, 0.6623376623376623, 0.6666666666666666, 0.65, 0.654320987654321, 0.6585365853658537, 0.6428571428571429, 0.627906976744186, 0.6136363636363636, 0.6179775280898876, 0.6043956043956044, 0.6086956521739131, 0.6129032258064516, 0.6170212765957447, 0.6041666666666666, 0.6082474226804123, 0.6122448979591837, 0.6161616161616161, 0.6363636363636364, 0.6565656565656566, 0.66, 0.68, 0.7, 0.72, 0.74, 0.76, 0.78, 0.8, 0.82, 0.84, 0.86, 0.88, 0.9, 0.92, 0.94, 0.96, 0.98, 1.0], 0.5970944781710144]}}