{"rank_algo": "random_forest_score", "seed": 71, "subsampling_proportion": 0.0025, "exec_time": 0.4570028781890869, "results": {"features": ["feature99", "feature98", "feature89", "feature86", "feature87", "feature83", "feature85", "feature88", "feature84", "feature23", "feature82", "feature81", "feature22", "feature55", "feature33", "feature1", "feature21", "feature2", "feature3", "feature57", "feature60", "feature20", "feature71", "feature49", "feature19", "feature8", "feature7", "feature0", "feature9", "feature26", "feature58", "feature29", "feature43", "feature10", "feature50", "feature44", "feature38", "feature47", "feature18", "feature51", "feature30", "feature42", "feature37", "feature11", "feature67", "feature52", "feature36", "feature28", "feature15", "feature54", "feature41", "feature66", "feature12", "feature69", "feature64", "feature17", "feature59", "feature53", "feature46", "feature40", "feature24", "feature90", "feature68", "feature65", "feature63", "feature61", "feature14", "feature62", "feature5", "feature91", "feature39", "feature32", "feature35", "feature27", "feature25", "feature45", "feature13", "feature31", "feature48", "feature4", "feature16", "feature56", "feature34", "feature6", "feature70", "feature72", "feature73", "feature74", "feature75", "feature76", "feature77", "feature78", "feature79", "feature80", "feature92", "feature93", "feature94", "feature95", "feature96", "feature97"], "scores": [0.4040265717766156, 0.3370535299066444, 0.020401454295943262, 0.017508052144144512, 0.015251917413184686, 0.015126039015876358, 0.01422330965579931, 0.012126981414630525, 0.011383990446629378, 0.01023611852663614, 0.010151937514772003, 0.008152737276812518, 0.005149292103985788, 0.0038706961138010886, 0.0037783841600616884, 0.003688461438896243, 0.003397926461545632, 0.0032547796839866422, 0.0031238462140321136, 0.0028985444990772173, 0.0028704116308694567, 0.002862225632704224, 0.0027912622056336543, 0.002772257373113215, 0.0027231444859539045, 0.0025875933590480626, 0.0025785385509881466, 0.002484421023520889, 0.002476664013526668, 0.0024361552647136474, 0.0024289039388448387, 0.002282795426266215, 0.002268481278832951, 0.002219285918101426, 0.002152977598950956, 0.0020678058255412875, 0.0019915333874995305, 0.0019465441170787067, 0.0018519484405809976, 0.001838423446681589, 0.001833963514714539, 0.001821715457642062, 0.001745630324939953, 0.0017182424893920508, 0.0016681559066913957, 0.0016417427549852098, 0.0016307648913529756, 0.0016045389702316593, 0.001594243576888921, 0.0015889272834240908, 0.0015723825553722968, 0.0015349652051371305, 0.0015148948077196409, 0.0015127908362028686, 0.0013557461498603582, 0.0013485377503973516, 0.0013408822580460323, 0.0012971035110541033, 0.001291070579056201, 0.0012771365405326112, 0.0012726668882231595, 0.0012385046099331674, 0.001125891402724697, 0.0011119161190765938, 0.0010561547982290715, 0.00099057656285802, 0.000948451204022194, 0.0009039116112366932, 0.0008914595253502587, 0.000866262950172542, 0.000783079643322988, 0.0006848628688728737, 0.0005983808904544145, 0.0005918902134231196, 0.0005767787838199207, 0.0004658332542678898, 0.00041827673540157517, 0.0004102341852765044, 0.0003820689708174535, 0.00037532287007203545, 0.0003618902841122297, 0.00036159465020390766, 0.00023703168116060244, 1.7580951801164032e-05, 0.0, 0.0, 0.0, 0.0, 0.0, 0.0, 0.0, 0.0, 0.0, 0.0, 0.0, 0.0, 0.0, 0.0, 0.0, 0.0]}, "evaluations": {"eval_method": "jaccard_full_score", "singles": [[1.0, 1.0, 0.5, 0.3333333333333333, 0.25, 0.2, 0.16666666666666666, 0.14285714285714285, 0.125, 0.17647058823529413, 0.15789473684210525, 0.14285714285714285, 0.13043478260869565, 0.12, 0.1111111111111111, 0.14285714285714285, 0.1724137931034483, 0.16129032258064516, 0.1875, 0.21212121212121213, 0.2, 0.2222222222222222, 0.21052631578947367, 0.23076923076923078, 0.25, 0.2682926829268293, 0.2558139534883721, 0.2727272727272727, 0.2608695652173913, 0.30434782608695654, 0.34782608695652173, 0.3333333333333333, 0.3469387755102041, 0.3877551020408163, 0.37254901960784315, 0.3584905660377358, 0.34545454545454546, 0.3333333333333333, 0.3448275862068966, 0.3559322033898305, 0.36666666666666664, 0.4, 0.3870967741935484, 0.3968253968253968, 0.38461538461538464, 0.373134328358209, 0.36231884057971014, 0.37142857142857144, 0.4, 0.42857142857142855, 0.45714285714285713, 0.4444444444444444, 0.4722222222222222, 0.4794520547945205, 0.4666666666666667, 0.47368421052631576, 0.4805194805194805, 0.46835443037974683, 0.4936708860759494, 0.5189873417721519, 0.525, 0.55, 0.5365853658536586, 0.5421686746987951, 0.5476190476190477, 0.5714285714285714, 0.5764705882352941, 0.6, 0.6046511627906976, 0.6091954022988506, 0.5955056179775281, 0.6179775280898876, 0.6043956043956044, 0.6086956521739131, 0.6129032258064516, 0.6170212765957447, 0.6382978723404256, 0.625, 0.6122448979591837, 0.6326530612244898, 0.6363636363636364, 0.6565656565656566, 0.66, 0.68, 0.7, 0.72, 0.74, 0.76, 0.78, 0.8, 0.82, 0.84, 0.86, 0.88, 0.9, 0.92, 0.94, 0.96, 0.98, 1.0], 0.4759733578229643], "first_gen": [[1.0, 1.0, 0.5, 0.3333333333333333, 0.42857142857142855, 0.3333333333333333, 0.5555555555555556, 0.6, 0.6363636363636364, 0.8181818181818182, 0.8333333333333334, 0.8461538461538461, 1.0, 0.8666666666666667, 0.7647058823529411, 0.7777777777777778, 0.7, 0.7142857142857143, 0.8095238095238095, 0.7391304347826086, 0.68, 0.6296296296296297, 0.6428571428571429, 0.6, 0.6129032258064516, 0.625, 0.6363636363636364, 0.6470588235294118, 0.6571428571428571, 0.6216216216216216, 0.5897435897435898, 0.5609756097560976, 0.5714285714285714, 0.6190476190476191, 0.5909090909090909, 0.6, 0.574468085106383, 0.5833333333333334, 0.5918367346938775, 0.6, 0.5769230769230769, 0.6153846153846154, 0.5925925925925926, 0.5714285714285714, 0.5517241379310345, 0.5333333333333333, 0.5409836065573771, 0.5238095238095238, 0.53125, 0.5384615384615384, 0.5454545454545454, 0.5294117647058824, 0.5588235294117647, 0.5652173913043478, 0.5714285714285714, 0.6, 0.6056338028169014, 0.589041095890411, 0.6164383561643836, 0.6438356164383562, 0.6486486486486487, 0.6756756756756757, 0.6578947368421053, 0.6410256410256411, 0.625, 0.6097560975609756, 0.6144578313253012, 0.6190476190476191, 0.6235294117647059, 0.627906976744186, 0.632183908045977, 0.6363636363636364, 0.6404494382022472, 0.6444444444444445, 0.6304347826086957, 0.6170212765957447, 0.6041666666666666, 0.5918367346938775, 0.5959595959595959, 0.6, 0.62, 0.64, 0.66, 0.68, 0.7, 0.72, 0.74, 0.76, 0.78, 0.8, 0.82, 0.84, 0.86, 0.88, 0.9, 0.92, 0.94, 0.96, 0.98, 1.0], 0.6629112619539159]}}