{"rank_algo": "random_forest_score", "seed": 27, "subsampling_proportion": 0.001, "exec_time": 0.22403693199157715, "results": {"features": ["feature98", "feature99", "feature84", "feature88", "feature81", "feature23", "feature89", "feature83", "feature86", "feature82", "feature85", "feature87", "feature22", "feature20", "feature37", "feature40", "feature3", "feature38", "feature2", "feature55", "feature18", "feature19", "feature67", "feature57", "feature33", "feature44", "feature49", "feature1", "feature21", "feature10", "feature39", "feature59", "feature29", "feature36", "feature26", "feature7", "feature47", "feature50", "feature15", "feature9", "feature8", "feature0", "feature60", "feature51", "feature58", "feature48", "feature43", "feature46", "feature42", "feature41", "feature53", "feature64", "feature71", "feature11", "feature63", "feature5", "feature17", "feature34", "feature30", "feature27", "feature24", "feature52", "feature69", "feature66", "feature12", "feature28", "feature54", "feature16", "feature68", "feature56", "feature61", "feature14", "feature25", "feature35", "feature13", "feature31", "feature62", "feature91", "feature32", "feature90", "feature4", "feature45", "feature65", "feature6", "feature70", "feature72", "feature73", "feature74", "feature75", "feature76", "feature77", "feature78", "feature79", "feature80", "feature92", "feature93", "feature94", "feature95", "feature96", "feature97"], "scores": [0.4111323362010574, 0.3328018196664726, 0.013116130297934276, 0.011109751140779252, 0.010047565575077202, 0.009377903307665162, 0.00931661961916115, 0.00912727593985821, 0.008313099154292777, 0.007933120254294747, 0.007374548117036836, 0.006064334580068419, 0.005839001235020599, 0.005689514657834353, 0.0054233902010866995, 0.0049023435932287664, 0.004645515272651675, 0.0045894116204778885, 0.004366266879406646, 0.004309713613599393, 0.0042165450501167705, 0.004116448229857165, 0.004100018594242208, 0.0038582938694301542, 0.0038445797304581786, 0.0037101256485742255, 0.003587798084895835, 0.003547264063572751, 0.003460480174569186, 0.003380992559654582, 0.0033486648500866464, 0.003209692986571736, 0.003091188819645164, 0.003089552361327731, 0.00306909248152353, 0.002910729460733485, 0.0027363678391718314, 0.0027179591742983573, 0.0026814658455038497, 0.002480938707465745, 0.0024660047937073585, 0.002444963727300333, 0.0024156619901176276, 0.0022342993730086274, 0.002105335909233051, 0.0020735542368507808, 0.001998834602352806, 0.0019469295218105293, 0.0018784584657800015, 0.0018374835098239508, 0.001829267891688758, 0.0017983608181762446, 0.0017734927245666645, 0.001773044959622217, 0.0017393680171133514, 0.0017272775837931262, 0.0016335578231508859, 0.0016176437705325297, 0.0015616466225497339, 0.00148969381794813, 0.0014800983735039068, 0.0014107338786783351, 0.001357939280345649, 0.001215665539141699, 0.0011709197389913292, 0.0010946090190393789, 0.001016683582122435, 0.0010018932203244351, 0.0009498783357875435, 0.0009464455818889316, 0.0009310674221077766, 0.0008553055166293957, 0.0007905964351819358, 0.0007272585966675175, 0.0006408887592234052, 0.0006400537090904972, 0.0005994991841331323, 0.0004619816621386874, 0.0004028972723728223, 0.00038288697891756743, 0.0003629842957604429, 0.00034930240738118896, 0.00018904827329882136, 3.862331944335247e-05, 0.0, 0.0, 0.0, 0.0, 0.0, 0.0, 0.0, 0.0, 0.0, 0.0, 0.0, 0.0, 0.0, 0.0, 0.0, 0.0]}, "evaluations": {"eval_method": "jaccard_full_score", "singles": [[1.0, 1.0, 0.5, 0.3333333333333333, 0.25, 0.3333333333333333, 0.2727272727272727, 0.23076923076923078, 0.2, 0.17647058823529413, 0.15789473684210525, 0.14285714285714285, 0.13043478260869565, 0.12, 0.1111111111111111, 0.14285714285714285, 0.13333333333333333, 0.16129032258064516, 0.1875, 0.21212121212121213, 0.2, 0.2222222222222222, 0.21052631578947367, 0.2, 0.19047619047619047, 0.18181818181818182, 0.2, 0.24444444444444444, 0.2608695652173913, 0.30434782608695654, 0.2916666666666667, 0.30612244897959184, 0.29411764705882354, 0.3076923076923077, 0.34615384615384615, 0.3333333333333333, 0.32142857142857145, 0.3103448275862069, 0.3220338983050847, 0.3333333333333333, 0.3442622950819672, 0.3548387096774194, 0.36507936507936506, 0.375, 0.38461538461538464, 0.373134328358209, 0.36231884057971014, 0.37142857142857144, 0.4, 0.42857142857142855, 0.43661971830985913, 0.4246575342465753, 0.4520547945205479, 0.4794520547945205, 0.4864864864864865, 0.49333333333333335, 0.4805194805194805, 0.46835443037974683, 0.475, 0.5, 0.5061728395061729, 0.5121951219512195, 0.5, 0.5058823529411764, 0.5116279069767442, 0.5348837209302325, 0.5581395348837209, 0.5813953488372093, 0.5862068965517241, 0.5909090909090909, 0.5955056179775281, 0.6, 0.5869565217391305, 0.574468085106383, 0.5789473684210527, 0.5670103092783505, 0.5876288659793815, 0.5918367346938775, 0.5959595959595959, 0.6, 0.62, 0.64, 0.66, 0.68, 0.7, 0.72, 0.74, 0.76, 0.78, 0.8, 0.82, 0.84, 0.86, 0.88, 0.9, 0.92, 0.94, 0.96, 0.98, 1.0], 0.4656405842214917], "first_gen": [[1.0, 1.0, 0.5, 0.3333333333333333, 0.25, 0.3333333333333333, 0.4, 0.45454545454545453, 0.5, 0.5384615384615384, 0.6923076923076923, 0.8461538461538461, 1.0, 0.8666666666666667, 0.7647058823529411, 0.6842105263157895, 0.7, 0.6363636363636364, 0.6521739130434783, 0.6, 0.5555555555555556, 0.5714285714285714, 0.5862068965517241, 0.5483870967741935, 0.5625, 0.5757575757575758, 0.5882352941176471, 0.6, 0.6571428571428571, 0.6666666666666666, 0.631578947368421, 0.6, 0.5714285714285714, 0.5454545454545454, 0.5555555555555556, 0.5319148936170213, 0.5102040816326531, 0.52, 0.5294117647058824, 0.5384615384615384, 0.5471698113207547, 0.5849056603773585, 0.5636363636363636, 0.5714285714285714, 0.5517241379310345, 0.559322033898305, 0.5932203389830508, 0.6271186440677966, 0.6333333333333333, 0.6129032258064516, 0.6190476190476191, 0.6, 0.6307692307692307, 0.6119402985074627, 0.6176470588235294, 0.6470588235294118, 0.6521739130434783, 0.6571428571428571, 0.6619718309859155, 0.6666666666666666, 0.6712328767123288, 0.6756756756756757, 0.68, 0.6623376623376623, 0.6666666666666666, 0.6708860759493671, 0.675, 0.6790123456790124, 0.6626506024096386, 0.6666666666666666, 0.6511627906976745, 0.6551724137931034, 0.6404494382022472, 0.6444444444444445, 0.6304347826086957, 0.6170212765957447, 0.6210526315789474, 0.625, 0.6288659793814433, 0.6494845360824743, 0.6530612244897959, 0.6565656565656566, 0.66, 0.68, 0.7, 0.72, 0.74, 0.76, 0.78, 0.8, 0.82, 0.84, 0.86, 0.88, 0.9, 0.92, 0.94, 0.96, 0.98, 1.0], 0.6538401050599305]}}