{"rank_algo": "random_forest_score", "seed": 74, "subsampling_proportion": 0.001, "exec_time": 0.23400044441223145, "results": {"features": ["feature99", "feature98", "feature86", "feature87", "feature85", "feature88", "feature84", "feature82", "feature89", "feature83", "feature23", "feature81", "feature22", "feature55", "feature1", "feature49", "feature69", "feature57", "feature10", "feature0", "feature2", "feature21", "feature19", "feature33", "feature58", "feature50", "feature20", "feature60", "feature18", "feature3", "feature9", "feature51", "feature46", "feature5", "feature8", "feature44", "feature38", "feature36", "feature67", "feature54", "feature71", "feature40", "feature29", "feature52", "feature26", "feature11", "feature47", "feature7", "feature64", "feature17", "feature63", "feature12", "feature43", "feature30", "feature59", "feature53", "feature68", "feature41", "feature15", "feature42", "feature61", "feature37", "feature39", "feature25", "feature91", "feature28", "feature14", "feature62", "feature24", "feature66", "feature90", "feature31", "feature35", "feature45", "feature27", "feature56", "feature48", "feature13", "feature32", "feature34", "feature65", "feature4", "feature16", "feature72", "feature6", "feature70", "feature73", "feature74", "feature75", "feature76", "feature77", "feature78", "feature79", "feature80", "feature92", "feature93", "feature94", "feature95", "feature96", "feature97"], "scores": [0.3895524421116851, 0.3165231924598052, 0.017403445490587817, 0.013534076260865679, 0.012797228329436926, 0.012433420941032575, 0.01158557126338081, 0.011429195252771496, 0.011269378245388319, 0.010690194937805448, 0.007942416452072675, 0.006430556119546298, 0.005875244806156891, 0.005765899830598297, 0.0057046550396905845, 0.005667121324331903, 0.005384205140845807, 0.005339708422440182, 0.0053110853513053365, 0.004967251086227033, 0.00482678337821876, 0.0045650448601110595, 0.004557806179754673, 0.004231316909129242, 0.003893392292043397, 0.0038325175644617644, 0.0038288385556764196, 0.0038174444107226735, 0.0037314467306288207, 0.0036764704747000083, 0.003600302757060163, 0.003586003319248815, 0.003077280860660325, 0.0030240260879653784, 0.0029993760125529992, 0.002992053475972518, 0.0028576463350586836, 0.0028383501765421016, 0.0028044049757330594, 0.0027855200181526665, 0.0027486734292198256, 0.0027467368845936996, 0.0027055581036426295, 0.0024387551520346023, 0.002421577698015129, 0.0023792085189875013, 0.002306758167114495, 0.0022909924853301727, 0.0021397393863324173, 0.002114842305153986, 0.0020992754220183632, 0.0020674894151832767, 0.002024251483519162, 0.0019340047718430092, 0.0018782772576587303, 0.0018636927989319147, 0.0018587523247071316, 0.001826659646261261, 0.0018093828594376513, 0.0017730391470932396, 0.0012340882226595023, 0.001215860173398672, 0.001190008316033233, 0.0011603696340327146, 0.0011085294498100135, 0.0011047668730254912, 0.0010005273280925145, 0.0009405288891570393, 0.0009115139100830059, 0.0008166222878769491, 0.0007919508305860321, 0.0007536404551754425, 0.0007525367986098428, 0.0007415948423371045, 0.000723293743547576, 0.0007183386785090314, 0.0007051085633005494, 0.0006968576409180771, 0.0006888206919432184, 0.0006247821154472253, 0.0006213833923758556, 0.0005603710863426537, 0.0002192404032332042, 0.0001592841760589424, 0.0, 0.0, 0.0, 0.0, 0.0, 0.0, 0.0, 0.0, 0.0, 0.0, 0.0, 0.0, 0.0, 0.0, 0.0, 0.0]}, "evaluations": {"eval_method": "jaccard_full_score", "singles": [[1.0, 1.0, 0.5, 0.3333333333333333, 0.25, 0.2, 0.16666666666666666, 0.14285714285714285, 0.125, 0.1111111111111111, 0.15789473684210525, 0.14285714285714285, 0.13043478260869565, 0.12, 0.15384615384615385, 0.18518518518518517, 0.1724137931034483, 0.16129032258064516, 0.22580645161290322, 0.21212121212121213, 0.23529411764705882, 0.2571428571428571, 0.2777777777777778, 0.2631578947368421, 0.28205128205128205, 0.2682926829268293, 0.2857142857142857, 0.3333333333333333, 0.3181818181818182, 0.3333333333333333, 0.34782608695652173, 0.3617021276595745, 0.375, 0.3877551020408163, 0.4, 0.38461538461538464, 0.37037037037037035, 0.35714285714285715, 0.3448275862068966, 0.3559322033898305, 0.3898305084745763, 0.423728813559322, 0.4098360655737705, 0.3968253968253968, 0.40625, 0.4153846153846154, 0.40298507462686567, 0.391304347826087, 0.4, 0.4084507042253521, 0.43661971830985913, 0.4444444444444444, 0.4520547945205479, 0.4594594594594595, 0.4666666666666667, 0.47368421052631576, 0.46153846153846156, 0.46835443037974683, 0.4936708860759494, 0.5189873417721519, 0.525, 0.5308641975308642, 0.5180722891566265, 0.5238095238095238, 0.5116279069767442, 0.5348837209302325, 0.5402298850574713, 0.5632183908045977, 0.5862068965517241, 0.5909090909090909, 0.5955056179775281, 0.6, 0.5869565217391305, 0.5913978494623656, 0.6129032258064516, 0.6, 0.6041666666666666, 0.6082474226804123, 0.6122448979591837, 0.6, 0.62, 0.64, 0.66, 0.68, 0.7, 0.72, 0.74, 0.76, 0.78, 0.8, 0.82, 0.84, 0.86, 0.88, 0.9, 0.92, 0.94, 0.96, 0.98, 1.0], 0.47865241596122826], "first_gen": [[1.0, 1.0, 0.5, 0.3333333333333333, 0.42857142857142855, 0.5, 0.5555555555555556, 0.6, 0.6363636363636364, 0.6666666666666666, 0.8333333333333334, 0.8461538461538461, 1.0, 0.8666666666666667, 0.875, 0.7777777777777778, 0.7, 0.6363636363636364, 0.6521739130434783, 0.6, 0.68, 0.6923076923076923, 0.7037037037037037, 0.6551724137931034, 0.6129032258064516, 0.5757575757575758, 0.6363636363636364, 0.6, 0.6111111111111112, 0.6216216216216216, 0.631578947368421, 0.6, 0.5714285714285714, 0.5454545454545454, 0.5555555555555556, 0.5652173913043478, 0.5416666666666666, 0.52, 0.5294117647058824, 0.5384615384615384, 0.5471698113207547, 0.5555555555555556, 0.5357142857142857, 0.5172413793103449, 0.5517241379310345, 0.559322033898305, 0.5932203389830508, 0.5737704918032787, 0.5555555555555556, 0.5625, 0.5692307692307692, 0.5757575757575758, 0.582089552238806, 0.5652173913043478, 0.5942028985507246, 0.5774647887323944, 0.5616438356164384, 0.5675675675675675, 0.5945945945945946, 0.6216216216216216, 0.6266666666666667, 0.6533333333333333, 0.6578947368421053, 0.6410256410256411, 0.6455696202531646, 0.65, 0.654320987654321, 0.6585365853658537, 0.6428571428571429, 0.627906976744186, 0.632183908045977, 0.6179775280898876, 0.6222222222222222, 0.6086956521739131, 0.6129032258064516, 0.6170212765957447, 0.6210526315789474, 0.6082474226804123, 0.6122448979591837, 0.6326530612244898, 0.6363636363636364, 0.64, 0.66, 0.68, 0.7, 0.72, 0.74, 0.76, 0.78, 0.8, 0.82, 0.84, 0.86, 0.88, 0.9, 0.92, 0.94, 0.96, 0.98, 1.0], 0.6587526979192938]}}