{"rank_algo": "random_forest_score", "seed": 60, "subsampling_proportion": 0.0016, "exec_time": 0.30299997329711914, "results": {"features": ["feature99", "feature98", "feature84", "feature85", "feature83", "feature89", "feature87", "feature86", "feature88", "feature82", "feature1", "feature81", "feature0", "feature33", "feature18", "feature2", "feature21", "feature55", "feature49", "feature23", "feature3", "feature20", "feature58", "feature10", "feature22", "feature9", "feature57", "feature19", "feature8", "feature44", "feature60", "feature36", "feature52", "feature67", "feature7", "feature47", "feature51", "feature50", "feature37", "feature11", "feature24", "feature38", "feature59", "feature30", "feature46", "feature29", "feature15", "feature5", "feature69", "feature53", "feature17", "feature43", "feature63", "feature64", "feature54", "feature26", "feature56", "feature41", "feature66", "feature12", "feature40", "feature68", "feature48", "feature28", "feature61", "feature71", "feature27", "feature62", "feature91", "feature65", "feature34", "feature45", "feature42", "feature13", "feature35", "feature39", "feature90", "feature31", "feature32", "feature14", "feature25", "feature4", "feature16", "feature6", "feature70", "feature72", "feature73", "feature74", "feature75", "feature76", "feature77", "feature78", "feature79", "feature80", "feature92", "feature93", "feature94", "feature95", "feature96", "feature97"], "scores": [0.38093495222967316, 0.37455688735483517, 0.020653400411536245, 0.015884096402152714, 0.01302003319084792, 0.012688304014078385, 0.012483346687569787, 0.012080504148000193, 0.011894891837593914, 0.00883092424517906, 0.007426607826654629, 0.005186164464313779, 0.004520996680757735, 0.0041551528945557754, 0.004123004551444633, 0.0038662616216346255, 0.0035822356933779454, 0.0035665958192776584, 0.003445972787213921, 0.003345122967712304, 0.003187456072479377, 0.003143563102263353, 0.0030586049624080386, 0.0028590793918590956, 0.0028031063872656892, 0.0027061070345431692, 0.002686806665715542, 0.0025274331439527156, 0.0024745771942081703, 0.0024675934380882563, 0.002362358266720835, 0.002354576489675126, 0.0023545196865537047, 0.0021897632102896164, 0.0021790312259679714, 0.002062903441921718, 0.0019399799829461605, 0.0019094419931923842, 0.0018642855949519237, 0.0018637793903593697, 0.0018610585930926393, 0.0018328668663164947, 0.001799225417281769, 0.0017623728557443759, 0.0017559895305701155, 0.0016618888275840354, 0.00165937233286734, 0.0015786954023533975, 0.0015757987595854414, 0.0014516789596815602, 0.0014119510099815495, 0.00139888488376104, 0.0013940065060006675, 0.0013937075048246319, 0.0013121397906278314, 0.00126687950345336, 0.0012413539793740417, 0.0012023135871506434, 0.0011991381839343662, 0.001186415004193071, 0.001167108736504246, 0.0010991665561936033, 0.0010779353178929363, 0.0010661493463660881, 0.0010014912487763265, 0.0009282155585021905, 0.0009135553573060847, 0.0007703906755592364, 0.0007700889773022937, 0.000682545975428271, 0.0006261055271106676, 0.0006113663394175339, 0.0005814061004854249, 0.0005451360268321281, 0.0004832571077143696, 0.0004151782857933652, 0.0003969238269161487, 0.00039509321810112034, 0.0003610589793334082, 0.0003237206945116265, 0.00029143561591333595, 0.00020747833816959002, 9.903218771992131e-05, 0.0, 0.0, 0.0, 0.0, 0.0, 0.0, 0.0, 0.0, 0.0, 0.0, 0.0, 0.0, 0.0, 0.0, 0.0, 0.0, 0.0]}, "evaluations": {"eval_method": "jaccard_full_score", "singles": [[1.0, 1.0, 0.5, 0.3333333333333333, 0.25, 0.2, 0.16666666666666666, 0.14285714285714285, 0.125, 0.1111111111111111, 0.1, 0.09090909090909091, 0.13043478260869565, 0.12, 0.1111111111111111, 0.10344827586206896, 0.13333333333333333, 0.125, 0.15151515151515152, 0.21212121212121213, 0.2, 0.2222222222222222, 0.24324324324324326, 0.2631578947368421, 0.28205128205128205, 0.2682926829268293, 0.2558139534883721, 0.3023255813953488, 0.28888888888888886, 0.30434782608695654, 0.34782608695652173, 0.3333333333333333, 0.32, 0.3333333333333333, 0.34615384615384615, 0.3333333333333333, 0.34545454545454546, 0.3333333333333333, 0.3220338983050847, 0.3333333333333333, 0.36666666666666664, 0.3770491803278688, 0.3870967741935484, 0.375, 0.38461538461538464, 0.373134328358209, 0.38235294117647056, 0.37142857142857144, 0.38028169014084506, 0.3888888888888889, 0.3972602739726027, 0.38666666666666666, 0.41333333333333333, 0.42105263157894735, 0.42857142857142855, 0.45454545454545453, 0.4430379746835443, 0.45, 0.4567901234567901, 0.48148148148148145, 0.4878048780487805, 0.4939759036144578, 0.4823529411764706, 0.5058823529411764, 0.5116279069767442, 0.5348837209302325, 0.5581395348837209, 0.5813953488372093, 0.5862068965517241, 0.5909090909090909, 0.5777777777777777, 0.6, 0.6043956043956044, 0.6086956521739131, 0.6129032258064516, 0.6, 0.6210526315789474, 0.6082474226804123, 0.6122448979591837, 0.6161616161616161, 0.62, 0.64, 0.66, 0.68, 0.7, 0.72, 0.74, 0.76, 0.78, 0.8, 0.82, 0.84, 0.86, 0.88, 0.9, 0.92, 0.94, 0.96, 0.98, 1.0], 0.4626184952272301], "first_gen": [[1.0, 1.0, 0.5, 0.3333333333333333, 0.25, 0.3333333333333333, 0.4, 0.6, 0.6363636363636364, 0.6666666666666666, 0.6923076923076923, 0.7142857142857143, 0.7333333333333333, 0.6470588235294118, 0.6666666666666666, 0.6, 0.6190476190476191, 0.5652173913043478, 0.5833333333333334, 0.6, 0.68, 0.6296296296296297, 0.6428571428571429, 0.6551724137931034, 0.7241379310344828, 0.7333333333333333, 0.7419354838709677, 0.75, 0.7575757575757576, 0.7647058823529411, 0.7222222222222222, 0.6842105263157895, 0.65, 0.6190476190476191, 0.5909090909090909, 0.5652173913043478, 0.5416666666666666, 0.52, 0.5294117647058824, 0.5094339622641509, 0.4909090909090909, 0.5, 0.4827586206896552, 0.4666666666666667, 0.47540983606557374, 0.4603174603174603, 0.49206349206349204, 0.5238095238095238, 0.5076923076923077, 0.4925373134328358, 0.5223880597014925, 0.5294117647058824, 0.5362318840579711, 0.5211267605633803, 0.5492957746478874, 0.5555555555555556, 0.5616438356164384, 0.5675675675675675, 0.5733333333333334, 0.6, 0.6266666666666667, 0.631578947368421, 0.6363636363636364, 0.6410256410256411, 0.625, 0.6296296296296297, 0.6341463414634146, 0.6385542168674698, 0.6428571428571429, 0.627906976744186, 0.632183908045977, 0.6179775280898876, 0.6222222222222222, 0.6086956521739131, 0.6129032258064516, 0.6170212765957447, 0.6210526315789474, 0.6082474226804123, 0.6122448979591837, 0.6326530612244898, 0.6363636363636364, 0.64, 0.66, 0.68, 0.7, 0.72, 0.74, 0.76, 0.78, 0.8, 0.82, 0.84, 0.86, 0.88, 0.9, 0.92, 0.94, 0.96, 0.98, 1.0], 0.6393578572778928]}}