{"rank_algo": "random_forest_score", "seed": 22, "subsampling_proportion": 0.00016, "exec_time": 0.1120004653930664, "results": {"features": ["feature99", "feature98", "feature23", "feature88", "feature85", "feature33", "feature86", "feature81", "feature84", "feature52", "feature82", "feature3", "feature89", "feature22", "feature43", "feature83", "feature42", "feature48", "feature21", "feature26", "feature10", "feature1", "feature49", "feature87", "feature55", "feature58", "feature29", "feature57", "feature19", "feature12", "feature50", "feature44", "feature66", "feature18", "feature71", "feature59", "feature8", "feature20", "feature0", "feature2", "feature28", "feature67", "feature27", "feature46", "feature61", "feature15", "feature30", "feature37", "feature9", "feature36", "feature17", "feature63", "feature69", "feature11", "feature64", "feature60", "feature53", "feature45", "feature7", "feature38", "feature32", "feature54", "feature47", "feature51", "feature41", "feature39", "feature40", "feature31", "feature13", "feature91", "feature68", "feature24", "feature25", "feature62", "feature5", "feature16", "feature72", "feature65", "feature90", "feature56", "feature35", "feature14", "feature34", "feature4", "feature6", "feature70", "feature73", "feature74", "feature75", "feature76", "feature77", "feature78", "feature79", "feature80", "feature92", "feature93", "feature94", "feature95", "feature96", "feature97"], "scores": [0.31329936749229986, 0.2871948753579011, 0.019293012003581723, 0.017098961293883014, 0.01373509261293731, 0.012593673846218314, 0.01113995820306343, 0.010684748697841596, 0.009634444911784001, 0.009589614648273563, 0.00906921595087241, 0.008878003251180433, 0.00870893971578644, 0.008388131442693384, 0.008377796449256113, 0.008375591787054687, 0.008033942925141308, 0.007865338349181355, 0.007581200531839741, 0.0075212030392636, 0.007099305231474576, 0.0069539496337439315, 0.006894087983192505, 0.006861598802766954, 0.006837145939460441, 0.0065710403916702815, 0.006415017724837416, 0.006204393944180588, 0.00614347354740238, 0.006067154792141978, 0.005930315082872951, 0.005528729737976611, 0.005213879711780315, 0.005212070011741347, 0.004884581908886846, 0.004785982687639114, 0.004717130110396365, 0.0046213415083490505, 0.0046059066397040995, 0.004508997599774026, 0.0043332479199976, 0.004004241199292044, 0.0038820071900842043, 0.003786587755608802, 0.0036269497339212024, 0.00361028083152449, 0.0035956392458085895, 0.0035536536839947345, 0.003338594577307044, 0.0031207950478263995, 0.003104440281684097, 0.003099731738745292, 0.00303877477112073, 0.0028671439496990294, 0.0028379083758166127, 0.0028197897026929187, 0.0027237505196268446, 0.0026228848748655375, 0.0024778940673501255, 0.002472304288914875, 0.002355935633595762, 0.00235334486716126, 0.0022520118135176776, 0.002232062191121699, 0.002219972921948531, 0.0020830817853354743, 0.001987548973201128, 0.001966253710811243, 0.0017947043979179948, 0.0016549886722971132, 0.0014987569790557672, 0.0014791204212104227, 0.0014247791679423963, 0.0014149561739740548, 0.0013795657385416156, 0.0013296336134919148, 0.0007788066106380343, 0.0004939853949489346, 0.00048719952664181144, 0.00047601007228955457, 0.0003014460784313727, 0.0, 0.0, 0.0, 0.0, 0.0, 0.0, 0.0, 0.0, 0.0, 0.0, 0.0, 0.0, 0.0, 0.0, 0.0, 0.0, 0.0, 0.0, 0.0]}, "evaluations": {"eval_method": "jaccard_full_score", "singles": [[1.0, 1.0, 1.0, 0.6, 0.42857142857142855, 0.3333333333333333, 0.2727272727272727, 0.23076923076923078, 0.2, 0.17647058823529413, 0.15789473684210525, 0.14285714285714285, 0.13043478260869565, 0.12, 0.1111111111111111, 0.10344827586206896, 0.0967741935483871, 0.09090909090909091, 0.15151515151515152, 0.17647058823529413, 0.2, 0.2222222222222222, 0.24324324324324326, 0.23076923076923078, 0.21951219512195122, 0.23809523809523808, 0.22727272727272727, 0.24444444444444444, 0.2608695652173913, 0.30434782608695654, 0.2916666666666667, 0.30612244897959184, 0.29411764705882354, 0.3076923076923077, 0.34615384615384615, 0.3584905660377358, 0.34545454545454546, 0.35714285714285715, 0.3448275862068966, 0.3559322033898305, 0.36666666666666664, 0.3770491803278688, 0.3870967741935484, 0.3968253968253968, 0.40625, 0.4153846153846154, 0.42424242424242425, 0.4117647058823529, 0.42028985507246375, 0.42857142857142855, 0.43661971830985913, 0.4444444444444444, 0.4520547945205479, 0.4794520547945205, 0.4666666666666667, 0.49333333333333335, 0.4805194805194805, 0.48717948717948717, 0.5128205128205128, 0.5189873417721519, 0.525, 0.55, 0.5365853658536586, 0.5609756097560976, 0.5662650602409639, 0.5714285714285714, 0.5952380952380952, 0.6, 0.6235294117647059, 0.6091954022988506, 0.5955056179775281, 0.6179775280898876, 0.6043956043956044, 0.6086956521739131, 0.6304347826086957, 0.6344086021505376, 0.6382978723404256, 0.6421052631578947, 0.6458333333333334, 0.6494845360824743, 0.6530612244897959, 0.6565656565656566, 0.66, 0.68, 0.7, 0.72, 0.74, 0.76, 0.78, 0.8, 0.82, 0.84, 0.86, 0.88, 0.9, 0.92, 0.94, 0.96, 0.98, 1.0], 0.4877057208672383], "first_gen": [[1.0, 1.0, 1.0, 0.6, 0.42857142857142855, 0.5, 0.75, 0.6, 0.5, 0.5384615384615384, 0.4666666666666667, 0.5, 0.625, 0.6470588235294118, 0.5789473684210527, 0.6842105263157895, 0.6190476190476191, 0.5652173913043478, 0.5833333333333334, 0.5384615384615384, 0.5555555555555556, 0.5714285714285714, 0.5333333333333333, 0.5483870967741935, 0.5151515151515151, 0.5294117647058824, 0.5428571428571428, 0.5135135135135135, 0.5263157894736842, 0.5, 0.47619047619047616, 0.4883720930232558, 0.4666666666666667, 0.4782608695652174, 0.48936170212765956, 0.46938775510204084, 0.5102040816326531, 0.5510204081632653, 0.56, 0.5686274509803921, 0.5471698113207547, 0.5272727272727272, 0.5357142857142857, 0.543859649122807, 0.5517241379310345, 0.559322033898305, 0.5409836065573771, 0.5483870967741935, 0.5806451612903226, 0.5873015873015873, 0.59375, 0.5757575757575758, 0.582089552238806, 0.5882352941176471, 0.5714285714285714, 0.5555555555555556, 0.5405405405405406, 0.5263157894736842, 0.5526315789473685, 0.5789473684210527, 0.6052631578947368, 0.631578947368421, 0.6363636363636364, 0.6410256410256411, 0.6455696202531646, 0.65, 0.654320987654321, 0.6385542168674698, 0.6235294117647059, 0.627906976744186, 0.6136363636363636, 0.6, 0.5869565217391305, 0.5913978494623656, 0.5957446808510638, 0.6, 0.5876288659793815, 0.5757575757575758, 0.5959595959595959, 0.6161616161616161, 0.6363636363636364, 0.6565656565656566, 0.6767676767676768, 0.68, 0.7, 0.72, 0.74, 0.76, 0.78, 0.8, 0.82, 0.84, 0.86, 0.88, 0.9, 0.92, 0.94, 0.96, 0.98, 1.0], 0.6249869351434574]}}