{"rank_algo": "random_forest_score", "seed": 12, "subsampling_proportion": 0.01, "exec_time": 1.3470020294189453, "results": {"features": ["feature99", "feature98", "feature89", "feature88", "feature85", "feature87", "feature84", "feature83", "feature23", "feature82", "feature86", "feature81", "feature22", "feature5", "feature49", "feature1", "feature21", "feature33", "feature2", "feature71", "feature55", "feature60", "feature8", "feature19", "feature20", "feature44", "feature10", "feature57", "feature3", "feature0", "feature9", "feature51", "feature18", "feature7", "feature58", "feature67", "feature26", "feature59", "feature43", "feature29", "feature15", "feature50", "feature36", "feature47", "feature64", "feature32", "feature52", "feature11", "feature38", "feature17", "feature41", "feature53", "feature66", "feature12", "feature27", "feature30", "feature54", "feature46", "feature14", "feature69", "feature42", "feature39", "feature28", "feature56", "feature63", "feature40", "feature4", "feature62", "feature68", "feature90", "feature48", "feature91", "feature37", "feature61", "feature24", "feature65", "feature31", "feature16", "feature34", "feature25", "feature45", "feature13", "feature35", "feature72", "feature6", "feature70", "feature73", "feature74", "feature75", "feature76", "feature77", "feature78", "feature79", "feature80", "feature92", "feature93", "feature94", "feature95", "feature96", "feature97"], "scores": [0.4393033707522548, 0.38709058161270365, 0.01996331252393004, 0.015438396067271355, 0.011492781001906597, 0.01119603163069515, 0.009674247695026858, 0.00842927776861361, 0.00803841509592959, 0.006680023178623374, 0.006603671479986547, 0.0040051600880308905, 0.0027092066513724543, 0.0023803753656157973, 0.0021870876929700376, 0.0020781689605914775, 0.0019658607431643485, 0.001945898110082431, 0.001837913017733492, 0.0017934767343037634, 0.0016956606610870014, 0.0016240515501684098, 0.0016107853296866172, 0.0015993149643962824, 0.0015986092265741275, 0.0015850973316173297, 0.0015555093456337782, 0.0014917318425831884, 0.0014605619196296664, 0.0014185760819501003, 0.0014111402966269229, 0.0013268022299367992, 0.0013150691584732782, 0.0012943528103355076, 0.0012583284956459826, 0.001235133019578973, 0.0012298254370827124, 0.0012235683023238927, 0.0011473909846999011, 0.0011336196073166204, 0.0011196371902389894, 0.001024852762671457, 0.0009898227223676768, 0.0009776812587769792, 0.0009745191909173409, 0.0009320295515465458, 0.0009275703095466908, 0.0009059764852270768, 0.0008833823635142389, 0.0008380338882440686, 0.000837954447422552, 0.0007483542387465856, 0.0007461087649913174, 0.0007299073862529473, 0.0007294521088066653, 0.0007275148743228671, 0.0006854217142995639, 0.0006654675778158573, 0.0006640836783414291, 0.0006531485803143528, 0.0006498886864905182, 0.0006316835154619192, 0.0005956224602395898, 0.000585483272919828, 0.0005768305541230151, 0.0005764383173541063, 0.0005740547021385267, 0.0005365124115011497, 0.0005210010329833361, 0.0004868946418526648, 0.0004782599389696709, 0.0004579192897755443, 0.0004503720830366957, 0.00042745941981186527, 0.0004264177934731342, 0.0003510529947088345, 0.00029927321573943805, 0.00028319201158423263, 0.0002732211721847084, 0.0002668408573373793, 0.0002657187311375114, 0.00023909954958800084, 0.00020951021408229217, 4.4647517935043e-05, 3.3017550524325766e-06, 0.0, 0.0, 0.0, 0.0, 0.0, 0.0, 0.0, 0.0, 0.0, 0.0, 0.0, 0.0, 0.0, 0.0, 0.0]}, "evaluations": {"eval_method": "jaccard_full_score", "singles": [[1.0, 1.0, 0.5, 0.3333333333333333, 0.25, 0.2, 0.16666666666666666, 0.14285714285714285, 0.2, 0.17647058823529413, 0.15789473684210525, 0.14285714285714285, 0.13043478260869565, 0.12, 0.15384615384615385, 0.18518518518518517, 0.21428571428571427, 0.2, 0.22580645161290322, 0.25, 0.23529411764705882, 0.2222222222222222, 0.21052631578947367, 0.23076923076923078, 0.25, 0.2682926829268293, 0.2857142857142857, 0.3023255813953488, 0.28888888888888886, 0.30434782608695654, 0.3191489361702128, 0.3333333333333333, 0.3469387755102041, 0.36, 0.4, 0.38461538461538464, 0.39622641509433965, 0.4074074074074074, 0.39285714285714285, 0.3793103448275862, 0.41379310344827586, 0.423728813559322, 0.4098360655737705, 0.3968253968253968, 0.38461538461538464, 0.373134328358209, 0.36231884057971014, 0.37142857142857144, 0.38028169014084506, 0.3888888888888889, 0.4166666666666667, 0.40540540540540543, 0.41333333333333333, 0.44, 0.4473684210526316, 0.45454545454545453, 0.4805194805194805, 0.48717948717948717, 0.4936708860759494, 0.5, 0.5061728395061729, 0.4939759036144578, 0.5, 0.5058823529411764, 0.5116279069767442, 0.5348837209302325, 0.5402298850574713, 0.5632183908045977, 0.5681818181818182, 0.5909090909090909, 0.5777777777777777, 0.5824175824175825, 0.5869565217391305, 0.6086956521739131, 0.6304347826086957, 0.6170212765957447, 0.6210526315789474, 0.625, 0.6122448979591837, 0.6161616161616161, 0.6363636363636364, 0.6565656565656566, 0.66, 0.68, 0.7, 0.72, 0.74, 0.76, 0.78, 0.8, 0.82, 0.84, 0.86, 0.88, 0.9, 0.92, 0.94, 0.96, 0.98, 1.0], 0.4761330398853199], "first_gen": [[1.0, 1.0, 0.5, 0.3333333333333333, 0.25, 0.3333333333333333, 0.4, 0.45454545454545453, 0.6363636363636364, 0.6666666666666666, 0.8333333333333334, 0.8461538461538461, 1.0, 0.8666666666666667, 0.7647058823529411, 0.7777777777777778, 0.7, 0.6363636363636364, 0.7272727272727273, 0.6666666666666666, 0.6153846153846154, 0.5714285714285714, 0.5862068965517241, 0.6, 0.6129032258064516, 0.625, 0.6875, 0.6470588235294118, 0.6571428571428571, 0.6666666666666666, 0.6756756756756757, 0.6410256410256411, 0.65, 0.6585365853658537, 0.627906976744186, 0.6, 0.574468085106383, 0.5833333333333334, 0.625, 0.6326530612244898, 0.64, 0.6153846153846154, 0.5925925925925926, 0.6, 0.5789473684210527, 0.5862068965517241, 0.5932203389830508, 0.6, 0.5806451612903226, 0.5873015873015873, 0.59375, 0.5757575757575758, 0.5588235294117647, 0.5652173913043478, 0.5942028985507246, 0.6, 0.6056338028169014, 0.6111111111111112, 0.6388888888888888, 0.6438356164383562, 0.6712328767123288, 0.6986301369863014, 0.7027027027027027, 0.7066666666666667, 0.6883116883116883, 0.6923076923076923, 0.675, 0.6790123456790124, 0.6626506024096386, 0.6666666666666666, 0.6705882352941176, 0.6744186046511628, 0.6781609195402298, 0.6629213483146067, 0.6483516483516484, 0.6344086021505376, 0.6210526315789474, 0.625, 0.6288659793814433, 0.6326530612244898, 0.6363636363636364, 0.64, 0.66, 0.68, 0.7, 0.72, 0.74, 0.76, 0.78, 0.8, 0.82, 0.84, 0.86, 0.88, 0.9, 0.92, 0.94, 0.96, 0.98, 1.0], 0.670995549453677]}}