{"rank_algo": "random_forest_score", "seed": 71, "subsampling_proportion": 0.0016, "exec_time": 0.3250000476837158, "results": {"features": ["feature99", "feature98", "feature86", "feature89", "feature84", "feature83", "feature88", "feature85", "feature87", "feature82", "feature23", "feature81", "feature22", "feature49", "feature33", "feature1", "feature9", "feature0", "feature2", "feature21", "feature55", "feature20", "feature57", "feature38", "feature19", "feature60", "feature3", "feature10", "feature8", "feature71", "feature7", "feature18", "feature58", "feature17", "feature44", "feature26", "feature36", "feature43", "feature51", "feature59", "feature67", "feature66", "feature39", "feature50", "feature5", "feature11", "feature37", "feature41", "feature64", "feature30", "feature52", "feature47", "feature28", "feature54", "feature69", "feature53", "feature40", "feature14", "feature65", "feature46", "feature29", "feature63", "feature42", "feature24", "feature15", "feature12", "feature56", "feature68", "feature34", "feature25", "feature62", "feature91", "feature90", "feature45", "feature31", "feature13", "feature48", "feature35", "feature16", "feature32", "feature27", "feature4", "feature61", "feature6", "feature70", "feature72", "feature73", "feature74", "feature75", "feature76", "feature77", "feature78", "feature79", "feature80", "feature92", "feature93", "feature94", "feature95", "feature96", "feature97"], "scores": [0.38629341261192923, 0.3444851081284975, 0.018307055904391994, 0.01799951793758208, 0.017071076710587805, 0.015181310801112225, 0.014179611756466896, 0.013975327717499155, 0.012384618747274395, 0.011065937975856081, 0.009167454753537035, 0.006589259663100982, 0.0053179957945273665, 0.005000542132953998, 0.004838552575501006, 0.0037236445967239033, 0.0033047275865331267, 0.0032833902518675548, 0.0032582996558648716, 0.0032004848723110836, 0.0030825635949987954, 0.003031626076926383, 0.0030036894405399165, 0.0028945086503154127, 0.002854986945676116, 0.002836810927720629, 0.002792247434693526, 0.00276421449746048, 0.002687097960130633, 0.0025816189797493805, 0.0025005314688229738, 0.002500169101147315, 0.0024705301630433157, 0.002323244792838425, 0.0022742383369712045, 0.0022624467663495767, 0.0022464811874363796, 0.002246227505297247, 0.002155657050703207, 0.002077736598990545, 0.00191307955642622, 0.0018701430256885133, 0.001842470371934518, 0.0018371977958307254, 0.0018346231554098764, 0.0018278234616591479, 0.0017375659036770112, 0.0017354826374343239, 0.0017313317587433167, 0.001667740090235284, 0.0016373150926026854, 0.0016317277320336452, 0.001571812916942794, 0.0015416724347080434, 0.0014395878961215984, 0.0014093410924341924, 0.001396467687012111, 0.0013730649995538867, 0.0013207043090106682, 0.0012295136951063759, 0.0012242373809119023, 0.0011524012009472954, 0.0010886678849624436, 0.0010505350913223334, 0.0009634002600147863, 0.000934994590715239, 0.0008767493721896029, 0.0007992118049064998, 0.0007855175534527183, 0.0007834134782695654, 0.0007451378702967318, 0.0007446232679009309, 0.0007424016741106239, 0.0006722979506130617, 0.000606271572420524, 0.0005989040789082604, 0.0005979581111087, 0.0005878270248505751, 0.0005730985424366005, 0.000536338497502494, 0.0004612607154592575, 0.0003705135032857082, 0.0003416153069195368, 0.0, 0.0, 0.0, 0.0, 0.0, 0.0, 0.0, 0.0, 0.0, 0.0, 0.0, 0.0, 0.0, 0.0, 0.0, 0.0, 0.0]}, "evaluations": {"eval_method": "jaccard_full_score", "singles": [[1.0, 1.0, 0.5, 0.3333333333333333, 0.25, 0.2, 0.16666666666666666, 0.14285714285714285, 0.125, 0.1111111111111111, 0.15789473684210525, 0.14285714285714285, 0.13043478260869565, 0.16666666666666666, 0.15384615384615385, 0.18518518518518517, 0.1724137931034483, 0.16129032258064516, 0.1875, 0.25, 0.23529411764705882, 0.2571428571428571, 0.24324324324324326, 0.23076923076923078, 0.25, 0.2682926829268293, 0.2558139534883721, 0.3023255813953488, 0.28888888888888886, 0.30434782608695654, 0.3191489361702128, 0.30612244897959184, 0.3469387755102041, 0.36, 0.37254901960784315, 0.38461538461538464, 0.37037037037037035, 0.35714285714285715, 0.3684210526315789, 0.3793103448275862, 0.3898305084745763, 0.4, 0.3870967741935484, 0.375, 0.36363636363636365, 0.373134328358209, 0.36231884057971014, 0.37142857142857144, 0.38028169014084506, 0.3888888888888889, 0.3972602739726027, 0.38666666666666666, 0.41333333333333333, 0.44, 0.42857142857142855, 0.4358974358974359, 0.4430379746835443, 0.43209876543209874, 0.43902439024390244, 0.4634146341463415, 0.4523809523809524, 0.47619047619047616, 0.4823529411764706, 0.5058823529411764, 0.5116279069767442, 0.5348837209302325, 0.5402298850574713, 0.5454545454545454, 0.550561797752809, 0.5555555555555556, 0.5604395604395604, 0.5652173913043478, 0.5698924731182796, 0.574468085106383, 0.5789473684210527, 0.5833333333333334, 0.5876288659793815, 0.5757575757575758, 0.58, 0.6, 0.62, 0.64, 0.66, 0.68, 0.7, 0.72, 0.74, 0.76, 0.78, 0.8, 0.82, 0.84, 0.86, 0.88, 0.9, 0.92, 0.94, 0.96, 0.98, 1.0], 0.46403555823865766], "first_gen": [[1.0, 1.0, 0.5, 0.3333333333333333, 0.42857142857142855, 0.3333333333333333, 0.4, 0.6, 0.6363636363636364, 0.6666666666666666, 0.8333333333333334, 0.8461538461538461, 1.0, 0.8666666666666667, 0.7647058823529411, 0.7777777777777778, 0.7, 0.7142857142857143, 0.7272727272727273, 0.7391304347826086, 0.75, 0.6923076923076923, 0.7037037037037037, 0.6551724137931034, 0.6666666666666666, 0.625, 0.6875, 0.696969696969697, 0.7058823529411765, 0.6666666666666666, 0.631578947368421, 0.6410256410256411, 0.6097560975609756, 0.6190476190476191, 0.627906976744186, 0.6363636363636364, 0.6086956521739131, 0.6521739130434783, 0.6595744680851063, 0.6326530612244898, 0.6078431372549019, 0.5849056603773585, 0.5925925925925926, 0.5714285714285714, 0.5789473684210527, 0.559322033898305, 0.5666666666666667, 0.5737704918032787, 0.5555555555555556, 0.5384615384615384, 0.5454545454545454, 0.5522388059701493, 0.5588235294117647, 0.5882352941176471, 0.5942028985507246, 0.6, 0.6056338028169014, 0.6111111111111112, 0.6164383561643836, 0.6438356164383562, 0.6486486486486487, 0.6533333333333333, 0.6578947368421053, 0.6410256410256411, 0.6455696202531646, 0.65, 0.654320987654321, 0.6385542168674698, 0.6428571428571429, 0.627906976744186, 0.632183908045977, 0.6363636363636364, 0.6404494382022472, 0.6263736263736264, 0.6129032258064516, 0.6, 0.6041666666666666, 0.6082474226804123, 0.6122448979591837, 0.6326530612244898, 0.6530612244897959, 0.6565656565656566, 0.66, 0.68, 0.7, 0.72, 0.74, 0.76, 0.78, 0.8, 0.82, 0.84, 0.86, 0.88, 0.9, 0.92, 0.94, 0.96, 0.98, 1.0], 0.6726972892088864]}}