{"rank_algo": "random_forest_score", "seed": 63, "subsampling_proportion": 0.00063, "exec_time": 0.17708349227905273, "results": {"features": ["feature99", "feature98", "feature23", "feature86", "feature87", "feature88", "feature85", "feature82", "feature89", "feature84", "feature83", "feature81", "feature44", "feature22", "feature1", "feature33", "feature58", "feature49", "feature2", "feature21", "feature57", "feature0", "feature19", "feature8", "feature46", "feature55", "feature26", "feature60", "feature40", "feature47", "feature29", "feature3", "feature10", "feature15", "feature17", "feature71", "feature50", "feature18", "feature9", "feature54", "feature20", "feature7", "feature39", "feature30", "feature64", "feature36", "feature59", "feature61", "feature11", "feature41", "feature69", "feature37", "feature38", "feature52", "feature63", "feature43", "feature42", "feature51", "feature68", "feature67", "feature28", "feature66", "feature35", "feature31", "feature24", "feature27", "feature56", "feature53", "feature12", "feature62", "feature5", "feature13", "feature91", "feature14", "feature65", "feature45", "feature48", "feature4", "feature25", "feature34", "feature16", "feature32", "feature90", "feature72", "feature6", "feature70", "feature73", "feature74", "feature75", "feature76", "feature77", "feature78", "feature79", "feature80", "feature92", "feature93", "feature94", "feature95", "feature96", "feature97"], "scores": [0.34138080237984797, 0.3292878640810081, 0.025144514509366347, 0.01496780008817718, 0.014333165181284538, 0.013716218204252714, 0.013448957579291073, 0.012264346756266255, 0.011284035978124784, 0.010777787985109177, 0.010151812989168986, 0.00988173773354855, 0.006919089245296545, 0.006792618053792277, 0.005897837838239348, 0.005468556954049289, 0.0052483053332816765, 0.005015997942853464, 0.004866696728069863, 0.004793731476689303, 0.004323701486764631, 0.004291903192952138, 0.0042431320931965175, 0.004176720776848139, 0.004105640428451628, 0.004059955817494078, 0.0040051957672587206, 0.004000340413432273, 0.00398655185600928, 0.003922366288550263, 0.003754060173333437, 0.003611105156237364, 0.003588104017573727, 0.0035526219680815747, 0.003425584478294066, 0.0033186447636923636, 0.003188849852047409, 0.0031648458735076363, 0.003082479317981388, 0.0030587630051036245, 0.0030201670541327324, 0.003009465755332496, 0.002951899573636061, 0.002921457035998261, 0.002863434248855739, 0.0028584516546706195, 0.002732472666907792, 0.0025798244515613643, 0.002524705972936821, 0.0025090939177654786, 0.0024953618654113326, 0.0024360105238640326, 0.002402818082718244, 0.0023466363470370827, 0.0022996409614149302, 0.002234543420706555, 0.00205145036839011, 0.002020393106806141, 0.001813672139757913, 0.0017736960223050198, 0.0016684575586739343, 0.0015901914415133616, 0.0015768753595053902, 0.0014335703127501156, 0.0013762228752963396, 0.001245955465715244, 0.0012085888738226534, 0.0011446976960256508, 0.0011402942497401034, 0.0010835475514072278, 0.0010231399454782254, 0.0009532325292712185, 0.0009409460268294226, 0.0008720843070747375, 0.0008592461386366956, 0.0008218063935393435, 0.0007852570763485228, 0.0007772905612273144, 0.0007156760262889397, 0.0006386579456186376, 0.0006121203166579272, 0.0005566168934851302, 0.0005167687362709624, 0.00011111678408650072, 0.0, 0.0, 0.0, 0.0, 0.0, 0.0, 0.0, 0.0, 0.0, 0.0, 0.0, 0.0, 0.0, 0.0, 0.0, 0.0]}, "evaluations": {"eval_method": "jaccard_full_score", "singles": [[1.0, 1.0, 1.0, 0.6, 0.42857142857142855, 0.3333333333333333, 0.2727272727272727, 0.23076923076923078, 0.2, 0.17647058823529413, 0.15789473684210525, 0.14285714285714285, 0.13043478260869565, 0.12, 0.15384615384615385, 0.14285714285714285, 0.13333333333333333, 0.16129032258064516, 0.1875, 0.25, 0.23529411764705882, 0.2222222222222222, 0.2777777777777778, 0.2631578947368421, 0.28205128205128205, 0.2682926829268293, 0.2857142857142857, 0.3333333333333333, 0.3488372093023256, 0.36363636363636365, 0.34782608695652173, 0.3333333333333333, 0.3469387755102041, 0.3877551020408163, 0.37254901960784315, 0.38461538461538464, 0.37037037037037035, 0.38181818181818183, 0.39285714285714285, 0.40350877192982454, 0.43859649122807015, 0.4482758620689655, 0.43333333333333335, 0.41935483870967744, 0.40625, 0.3939393939393939, 0.40298507462686567, 0.4117647058823529, 0.4411764705882353, 0.47058823529411764, 0.4782608695652174, 0.4647887323943662, 0.4722222222222222, 0.4794520547945205, 0.4864864864864865, 0.49333333333333335, 0.5, 0.5064935064935064, 0.5128205128205128, 0.5189873417721519, 0.525, 0.5308641975308642, 0.5180722891566265, 0.5238095238095238, 0.5294117647058824, 0.5529411764705883, 0.5581395348837209, 0.5632183908045977, 0.5862068965517241, 0.5909090909090909, 0.5955056179775281, 0.6179775280898876, 0.6043956043956044, 0.5913978494623656, 0.5957446808510638, 0.6, 0.6041666666666666, 0.6082474226804123, 0.5959595959595959, 0.6, 0.62, 0.64, 0.66, 0.68, 0.7, 0.72, 0.74, 0.76, 0.78, 0.8, 0.82, 0.84, 0.86, 0.88, 0.9, 0.92, 0.94, 0.96, 0.98, 1.0], 0.4979277990243313], "first_gen": [[1.0, 1.0, 1.0, 0.6, 0.6666666666666666, 0.5, 0.75, 0.7777777777777778, 0.8, 0.8181818181818182, 0.8333333333333334, 0.8461538461538461, 0.8571428571428571, 0.8666666666666667, 0.875, 0.7777777777777778, 0.7, 0.6363636363636364, 0.6521739130434783, 0.6666666666666666, 0.6153846153846154, 0.6296296296296297, 0.6428571428571429, 0.7142857142857143, 0.6666666666666666, 0.625, 0.6363636363636364, 0.6, 0.6111111111111112, 0.5789473684210527, 0.55, 0.5609756097560976, 0.5714285714285714, 0.5813953488372093, 0.5555555555555556, 0.6, 0.574468085106383, 0.6170212765957447, 0.625, 0.6, 0.6078431372549019, 0.6153846153846154, 0.6226415094339622, 0.6, 0.6071428571428571, 0.6140350877192983, 0.6206896551724138, 0.6271186440677966, 0.6065573770491803, 0.5873015873015873, 0.5692307692307692, 0.5522388059701493, 0.582089552238806, 0.5652173913043478, 0.5714285714285714, 0.6, 0.6056338028169014, 0.6111111111111112, 0.6164383561643836, 0.6216216216216216, 0.6486486486486487, 0.6533333333333333, 0.6578947368421053, 0.6410256410256411, 0.625, 0.6296296296296297, 0.6341463414634146, 0.6190476190476191, 0.6235294117647059, 0.627906976744186, 0.632183908045977, 0.6179775280898876, 0.6222222222222222, 0.6263736263736264, 0.6129032258064516, 0.6, 0.6041666666666666, 0.5918367346938775, 0.58, 0.6, 0.62, 0.64, 0.66, 0.68, 0.7, 0.72, 0.74, 0.76, 0.78, 0.8, 0.82, 0.84, 0.86, 0.88, 0.9, 0.92, 0.94, 0.96, 0.98, 1.0], 0.6811267272180295]}}