{"rank_algo": "random_forest_score", "seed": 25, "subsampling_proportion": 0.004, "exec_time": 0.6719999313354492, "results": {"features": ["feature98", "feature99", "feature88", "feature89", "feature84", "feature85", "feature23", "feature83", "feature87", "feature86", "feature82", "feature81", "feature22", "feature0", "feature33", "feature2", "feature10", "feature55", "feature21", "feature1", "feature20", "feature57", "feature60", "feature3", "feature49", "feature44", "feature71", "feature59", "feature19", "feature18", "feature15", "feature51", "feature91", "feature7", "feature26", "feature9", "feature58", "feature67", "feature8", "feature50", "feature43", "feature47", "feature17", "feature30", "feature64", "feature42", "feature14", "feature40", "feature29", "feature41", "feature52", "feature12", "feature54", "feature48", "feature46", "feature36", "feature90", "feature69", "feature11", "feature27", "feature16", "feature63", "feature37", "feature38", "feature28", "feature5", "feature53", "feature39", "feature24", "feature66", "feature68", "feature56", "feature65", "feature31", "feature62", "feature35", "feature13", "feature32", "feature61", "feature45", "feature34", "feature4", "feature25", "feature6", "feature70", "feature72", "feature73", "feature74", "feature75", "feature76", "feature77", "feature78", "feature79", "feature80", "feature92", "feature93", "feature94", "feature95", "feature96", "feature97"], "scores": [0.41124780536115146, 0.3722096879385039, 0.016662318667454823, 0.014975100281338362, 0.01299270966712669, 0.011514449230744529, 0.010620517255011725, 0.009857628791001433, 0.009304356194759531, 0.008394267349758502, 0.00730144671637171, 0.0057729618920029984, 0.004194156560951453, 0.003944539732514261, 0.003338571832147588, 0.0031315846142860315, 0.003080455585289597, 0.002887867099948988, 0.0028564160082908546, 0.0027675317449561937, 0.0026485845885942114, 0.002586992129439067, 0.0024920499161981773, 0.0024808330950788896, 0.0024587139296559425, 0.0023416946088737345, 0.002296296074560211, 0.002276446754838765, 0.0022752475461232727, 0.0021840494091803914, 0.0020013634502757203, 0.0019149546897231824, 0.0019042753376688698, 0.001886947743736637, 0.0018854752016171457, 0.0018394366821651894, 0.0018364911331889306, 0.0018156286430770438, 0.0018155202118728172, 0.0017293717831184479, 0.0016649622926345618, 0.0016597668895140746, 0.0016336559168183536, 0.001580467893501638, 0.0014521898758481009, 0.0013694982966609348, 0.0013643412000266624, 0.0012748125234777375, 0.001229746433038023, 0.0011707911180145107, 0.0011549214975737868, 0.001136680127918528, 0.001135896275063374, 0.0011358111323751465, 0.001090040255367027, 0.0010855279858607736, 0.0010849568953124416, 0.0010578299606266613, 0.0010246210394811205, 0.0010081284855528337, 0.0009961340112692118, 0.0009915293517149865, 0.0009717978651175416, 0.0009680066003021828, 0.000942396914342696, 0.0008739598626998623, 0.0008704372810496629, 0.000858476180077257, 0.0007527372420396289, 0.0007463668436676761, 0.0006964232756895344, 0.0005875029859737586, 0.0005337008031071795, 0.0005262674848123552, 0.0004992987335208965, 0.0004523261579181828, 0.0004341321370208566, 0.00040993915756387043, 0.0003956615107230354, 0.00038081274968407053, 0.0003770044343603525, 0.00036485037962493837, 0.00033084649045672036, 0.0, 0.0, 0.0, 0.0, 0.0, 0.0, 0.0, 0.0, 0.0, 0.0, 0.0, 0.0, 0.0, 0.0, 0.0, 0.0, 0.0]}, "evaluations": {"eval_method": "jaccard_full_score", "singles": [[1.0, 1.0, 0.5, 0.3333333333333333, 0.25, 0.2, 0.2727272727272727, 0.23076923076923078, 0.2, 0.17647058823529413, 0.15789473684210525, 0.14285714285714285, 0.13043478260869565, 0.12, 0.1111111111111111, 0.10344827586206896, 0.13333333333333333, 0.125, 0.1875, 0.25, 0.2727272727272727, 0.2571428571428571, 0.24324324324324326, 0.23076923076923078, 0.25, 0.2682926829268293, 0.2558139534883721, 0.3023255813953488, 0.3181818181818182, 0.3333333333333333, 0.34782608695652173, 0.3617021276595745, 0.375, 0.3877551020408163, 0.42857142857142855, 0.44, 0.45098039215686275, 0.4339622641509434, 0.41818181818181815, 0.40350877192982454, 0.41379310344827586, 0.423728813559322, 0.4098360655737705, 0.3968253968253968, 0.38461538461538464, 0.3939393939393939, 0.38235294117647056, 0.391304347826087, 0.38028169014084506, 0.4084507042253521, 0.4166666666666667, 0.4246575342465753, 0.4520547945205479, 0.4594594594594595, 0.4666666666666667, 0.49333333333333335, 0.5, 0.48717948717948717, 0.5128205128205128, 0.5384615384615384, 0.5443037974683544, 0.55, 0.5555555555555556, 0.5609756097560976, 0.5662650602409639, 0.5714285714285714, 0.5764705882352941, 0.5813953488372093, 0.6046511627906976, 0.6091954022988506, 0.5955056179775281, 0.6, 0.5869565217391305, 0.574468085106383, 0.5957446808510638, 0.5833333333333334, 0.6041666666666666, 0.6082474226804123, 0.6122448979591837, 0.6326530612244898, 0.6363636363636364, 0.6565656565656566, 0.66, 0.68, 0.7, 0.72, 0.74, 0.76, 0.78, 0.8, 0.82, 0.84, 0.86, 0.88, 0.9, 0.92, 0.94, 0.96, 0.98, 1.0], 0.48572844731616005], "first_gen": [[1.0, 1.0, 0.5, 0.3333333333333333, 0.25, 0.3333333333333333, 0.5555555555555556, 0.6, 0.6363636363636364, 0.8181818181818182, 0.8333333333333334, 0.8461538461538461, 1.0, 0.8666666666666667, 0.7647058823529411, 0.6842105263157895, 0.7894736842105263, 0.7142857142857143, 0.7272727272727273, 0.7391304347826086, 0.75, 0.6923076923076923, 0.7037037037037037, 0.7142857142857143, 0.6666666666666666, 0.6774193548387096, 0.6875, 0.6470588235294118, 0.6571428571428571, 0.6666666666666666, 0.6756756756756757, 0.6410256410256411, 0.65, 0.6585365853658537, 0.627906976744186, 0.6363636363636364, 0.6086956521739131, 0.6170212765957447, 0.6595744680851063, 0.6326530612244898, 0.64, 0.6470588235294118, 0.6538461538461539, 0.6296296296296297, 0.6071428571428571, 0.6140350877192983, 0.6206896551724138, 0.6551724137931034, 0.6333333333333333, 0.6129032258064516, 0.59375, 0.6, 0.6060606060606061, 0.6119402985074627, 0.6417910447761194, 0.6716417910447762, 0.6764705882352942, 0.6571428571428571, 0.6619718309859155, 0.6901408450704225, 0.7183098591549296, 0.7222222222222222, 0.726027397260274, 0.7297297297297297, 0.7333333333333333, 0.7368421052631579, 0.717948717948718, 0.7215189873417721, 0.7037037037037037, 0.6867469879518072, 0.6705882352941176, 0.6744186046511628, 0.6590909090909091, 0.6444444444444445, 0.6483516483516484, 0.6521739130434783, 0.6382978723404256, 0.6421052631578947, 0.6288659793814433, 0.6326530612244898, 0.6530612244897959, 0.6565656565656566, 0.66, 0.68, 0.7, 0.72, 0.74, 0.76, 0.78, 0.8, 0.82, 0.84, 0.86, 0.88, 0.9, 0.92, 0.94, 0.96, 0.98, 1.0], 0.6962012711341287]}}