{"rank_algo": "random_forest_score", "seed": 95, "subsampling_proportion": 0.00025, "exec_time": 0.12599968910217285, "results": {"features": ["feature99", "feature98", "feature81", "feature82", "feature85", "feature87", "feature88", "feature86", "feature89", "feature84", "feature55", "feature1", "feature20", "feature49", "feature0", "feature33", "feature26", "feature19", "feature10", "feature9", "feature23", "feature83", "feature57", "feature41", "feature22", "feature59", "feature30", "feature7", "feature18", "feature28", "feature2", "feature12", "feature21", "feature8", "feature60", "feature38", "feature40", "feature44", "feature14", "feature5", "feature58", "feature3", "feature71", "feature17", "feature39", "feature36", "feature51", "feature46", "feature27", "feature50", "feature47", "feature29", "feature24", "feature52", "feature11", "feature64", "feature67", "feature68", "feature43", "feature37", "feature69", "feature63", "feature48", "feature45", "feature53", "feature32", "feature4", "feature62", "feature34", "feature13", "feature25", "feature54", "feature61", "feature15", "feature91", "feature90", "feature56", "feature42", "feature65", "feature35", "feature66", "feature31", "feature16", "feature6", "feature70", "feature72", "feature73", "feature74", "feature75", "feature76", "feature77", "feature78", "feature79", "feature80", "feature92", "feature93", "feature94", "feature95", "feature96", "feature97"], "scores": [0.3710878115963015, 0.29325503625998334, 0.02004760372262622, 0.018341142695695752, 0.013548533850955393, 0.011788216947918923, 0.010546781570382363, 0.0098313777424858, 0.009698389068288092, 0.008939248847406484, 0.00811215180368593, 0.007743757183989426, 0.007015439561297135, 0.0066952315721477895, 0.006615959490658268, 0.005730424271568334, 0.005594747233307165, 0.005539886418907829, 0.005437420063351806, 0.005423150879249966, 0.0053980543138067, 0.005391053303450851, 0.005334481882581541, 0.005161770574305518, 0.005008609572326897, 0.0047128331495186115, 0.004642933799328273, 0.004616588687575934, 0.0045842712194907875, 0.0044993134532342735, 0.00435599074862369, 0.00419796174383882, 0.004178144587167318, 0.004125549286007465, 0.003985540586446541, 0.003868551528066716, 0.003695772141943157, 0.0036729153306758904, 0.0036694560675374203, 0.0036546916407078976, 0.0035933374582109356, 0.0033775804243372154, 0.0033770995313936463, 0.0033004618177625983, 0.003184874273945204, 0.0031703006744473227, 0.0029746317198399825, 0.0027912471273333467, 0.002691909646084659, 0.0026477829482834466, 0.002610513312376719, 0.0024953695018267975, 0.0024166268267144255, 0.0023607843972359684, 0.002346277781110623, 0.0022764432875540014, 0.002179144521396661, 0.0021303844760602376, 0.0021035752366402906, 0.0021004747392111187, 0.0019573216134537424, 0.0019308825953130077, 0.0019202442114531059, 0.001853658298715352, 0.0015822226328303416, 0.0015661935393752493, 0.0014561550325187214, 0.0014551144096846332, 0.0012982676063855348, 0.0012549182050381033, 0.0012465741850046983, 0.0012098388876987428, 0.0011461765204707844, 0.0010555012740143274, 0.000947718450428223, 0.0009018223661070422, 0.0008090472024000835, 0.0007866888980853975, 0.0005367493268021458, 0.0005179768345812032, 0.0004637932242694294, 0.00022752058676306483, 0.0, 0.0, 0.0, 0.0, 0.0, 0.0, 0.0, 0.0, 0.0, 0.0, 0.0, 0.0, 0.0, 0.0, 0.0, 0.0, 0.0, 0.0]}, "evaluations": {"eval_method": "jaccard_full_score", "singles": [[1.0, 1.0, 0.5, 0.3333333333333333, 0.25, 0.2, 0.16666666666666666, 0.14285714285714285, 0.125, 0.1111111111111111, 0.1, 0.09090909090909091, 0.13043478260869565, 0.16666666666666666, 0.15384615384615385, 0.14285714285714285, 0.1724137931034483, 0.2413793103448276, 0.26666666666666666, 0.25, 0.2727272727272727, 0.2571428571428571, 0.24324324324324326, 0.2631578947368421, 0.28205128205128205, 0.3, 0.2857142857142857, 0.3023255813953488, 0.28888888888888886, 0.30434782608695654, 0.34782608695652173, 0.3617021276595745, 0.375, 0.3877551020408163, 0.42857142857142855, 0.4117647058823529, 0.4230769230769231, 0.4074074074074074, 0.39285714285714285, 0.3793103448275862, 0.41379310344827586, 0.423728813559322, 0.43333333333333335, 0.41935483870967744, 0.40625, 0.3939393939393939, 0.42424242424242425, 0.43283582089552236, 0.4626865671641791, 0.47058823529411764, 0.4782608695652174, 0.4647887323943662, 0.49295774647887325, 0.5, 0.5068493150684932, 0.5135135135135135, 0.5, 0.48717948717948717, 0.4936708860759494, 0.5, 0.4878048780487805, 0.5121951219512195, 0.5, 0.5238095238095238, 0.5116279069767442, 0.5348837209302325, 0.5402298850574713, 0.5632183908045977, 0.5681818181818182, 0.5909090909090909, 0.5777777777777777, 0.6, 0.6043956043956044, 0.6263736263736264, 0.6304347826086957, 0.6344086021505376, 0.6382978723404256, 0.6421052631578947, 0.6288659793814433, 0.6326530612244898, 0.6363636363636364, 0.64, 0.66, 0.68, 0.7, 0.72, 0.74, 0.76, 0.78, 0.8, 0.82, 0.84, 0.86, 0.88, 0.9, 0.92, 0.94, 0.96, 0.98, 1.0], 0.4872880998539741], "first_gen": [[1.0, 1.0, 0.5, 0.3333333333333333, 0.25, 0.3333333333333333, 0.4, 0.6, 0.6363636363636364, 0.6666666666666666, 0.5714285714285714, 0.6, 0.625, 0.5555555555555556, 0.5789473684210527, 0.5238095238095238, 0.4782608695652174, 0.44, 0.46153846153846156, 0.48148148148148145, 0.5555555555555556, 0.6296296296296297, 0.6428571428571429, 0.6, 0.6129032258064516, 0.5757575757575758, 0.5882352941176471, 0.5555555555555556, 0.5675675675675675, 0.5384615384615384, 0.55, 0.5238095238095238, 0.5348837209302325, 0.5454545454545454, 0.5217391304347826, 0.5, 0.5102040816326531, 0.5510204081632653, 0.56, 0.5686274509803921, 0.5471698113207547, 0.5555555555555556, 0.5636363636363636, 0.5714285714285714, 0.5789473684210527, 0.559322033898305, 0.5932203389830508, 0.6271186440677966, 0.6610169491525424, 0.639344262295082, 0.6721311475409836, 0.6507936507936508, 0.6307692307692307, 0.6363636363636364, 0.6417910447761194, 0.6470588235294118, 0.6285714285714286, 0.6111111111111112, 0.6388888888888888, 0.6666666666666666, 0.6712328767123288, 0.6756756756756757, 0.68, 0.6623376623376623, 0.6455696202531646, 0.65, 0.6341463414634146, 0.6385542168674698, 0.6428571428571429, 0.627906976744186, 0.6136363636363636, 0.6179775280898876, 0.6043956043956044, 0.6086956521739131, 0.6129032258064516, 0.6170212765957447, 0.6210526315789474, 0.625, 0.6122448979591837, 0.6326530612244898, 0.6363636363636364, 0.64, 0.66, 0.68, 0.7, 0.72, 0.74, 0.76, 0.78, 0.8, 0.82, 0.84, 0.86, 0.88, 0.9, 0.92, 0.94, 0.96, 0.98, 1.0], 0.63130414814865]}}