{"rank_algo": "random_forest_score", "seed": 29, "subsampling_proportion": 0.00025, "exec_time": 0.12572932243347168, "results": {"features": ["feature99", "feature98", "feature85", "feature23", "feature87", "feature84", "feature88", "feature82", "feature81", "feature89", "feature83", "feature86", "feature20", "feature0", "feature26", "feature43", "feature7", "feature22", "feature55", "feature19", "feature21", "feature44", "feature50", "feature58", "feature42", "feature49", "feature17", "feature59", "feature33", "feature1", "feature2", "feature57", "feature9", "feature67", "feature60", "feature5", "feature18", "feature41", "feature8", "feature29", "feature54", "feature28", "feature69", "feature12", "feature10", "feature11", "feature37", "feature40", "feature71", "feature48", "feature3", "feature15", "feature45", "feature38", "feature46", "feature30", "feature64", "feature52", "feature63", "feature66", "feature39", "feature53", "feature24", "feature65", "feature56", "feature51", "feature31", "feature61", "feature62", "feature47", "feature36", "feature91", "feature68", "feature13", "feature90", "feature27", "feature35", "feature25", "feature34", "feature32", "feature4", "feature72", "feature14", "feature16", "feature6", "feature70", "feature73", "feature74", "feature75", "feature76", "feature77", "feature78", "feature79", "feature80", "feature92", "feature93", "feature94", "feature95", "feature96", "feature97"], "scores": [0.32191217275948353, 0.2833917540152698, 0.017021274184643175, 0.016052354707231445, 0.015956788197281715, 0.014356164893096887, 0.013966941988739873, 0.013874829433209154, 0.01315997729144508, 0.01116937513565873, 0.011055071209813909, 0.011045203560278716, 0.00941851324221609, 0.008683240296303442, 0.008639237613086038, 0.0078085847564463495, 0.007065892470581101, 0.006665549812208191, 0.006570734548529717, 0.006518053154347122, 0.006366865378139275, 0.0062505575108178744, 0.0060800976601920525, 0.005843667719274902, 0.005812605767898625, 0.005797308824525386, 0.005732364843563649, 0.005703414689353494, 0.005647297994664728, 0.00516205630473974, 0.00514722602498833, 0.005127255075145519, 0.005119141430273634, 0.005061736559995725, 0.0050563000555025085, 0.004692567451859818, 0.0046662709412720405, 0.004663276430392093, 0.004617075326439548, 0.004555102780214803, 0.003851915374346222, 0.0038263957978961825, 0.003617630667972077, 0.003575193345876546, 0.003512928093418947, 0.0033447196884094205, 0.003340323927490145, 0.003215525200860312, 0.0031747792526256946, 0.003058455359837117, 0.0030127456661431257, 0.002958309816636356, 0.002927518307567639, 0.002876930366278393, 0.002868572096518359, 0.002812105843346351, 0.0027516850474558485, 0.002747469415620394, 0.002510045370926994, 0.002499240643071023, 0.002410306652636296, 0.00231183740060255, 0.001976287846519907, 0.001970882575070027, 0.0017565757272850469, 0.0017310688817204262, 0.0014974121177387034, 0.001456722209192771, 0.0013573535078739577, 0.0013507265757072852, 0.0013127334337748472, 0.0010411982586227017, 0.0009890992053318737, 0.0007686802104355785, 0.0007449894809162576, 0.000640067097508035, 0.0005951270209125464, 0.0005204224509396349, 0.00042736211778597827, 0.0003965883050773869, 0.00038678394863541607, 0.00030046155443833007, 9.440210426759005e-05, 4.6519995586015037e-05, 0.0, 0.0, 0.0, 0.0, 0.0, 0.0, 0.0, 0.0, 0.0, 0.0, 0.0, 0.0, 0.0, 0.0, 0.0, 0.0]}, "evaluations": {"eval_method": "jaccard_full_score", "singles": [[1.0, 1.0, 0.5, 0.6, 0.42857142857142855, 0.3333333333333333, 0.2727272727272727, 0.23076923076923078, 0.2, 0.17647058823529413, 0.15789473684210525, 0.14285714285714285, 0.13043478260869565, 0.12, 0.1111111111111111, 0.14285714285714285, 0.13333333333333333, 0.16129032258064516, 0.1875, 0.21212121212121213, 0.23529411764705882, 0.2222222222222222, 0.21052631578947367, 0.23076923076923078, 0.21951219512195122, 0.23809523809523808, 0.22727272727272727, 0.24444444444444444, 0.2608695652173913, 0.30434782608695654, 0.3191489361702128, 0.3333333333333333, 0.3469387755102041, 0.36, 0.37254901960784315, 0.3584905660377358, 0.37037037037037035, 0.38181818181818183, 0.3684210526315789, 0.3559322033898305, 0.3898305084745763, 0.4, 0.3870967741935484, 0.3968253968253968, 0.40625, 0.4153846153846154, 0.42424242424242425, 0.43283582089552236, 0.4411764705882353, 0.4492753623188406, 0.45714285714285713, 0.4647887323943662, 0.49295774647887325, 0.5, 0.5068493150684932, 0.5135135135135135, 0.5, 0.48717948717948717, 0.5128205128205128, 0.5189873417721519, 0.5061728395061729, 0.5121951219512195, 0.5180722891566265, 0.5238095238095238, 0.5116279069767442, 0.5348837209302325, 0.5402298850574713, 0.5632183908045977, 0.5862068965517241, 0.5909090909090909, 0.5955056179775281, 0.6, 0.5869565217391305, 0.5913978494623656, 0.6129032258064516, 0.6170212765957447, 0.6210526315789474, 0.6082474226804123, 0.5959595959595959, 0.6161616161616161, 0.6363636363636364, 0.6565656565656566, 0.66, 0.68, 0.7, 0.72, 0.74, 0.76, 0.78, 0.8, 0.82, 0.84, 0.86, 0.88, 0.9, 0.92, 0.94, 0.96, 0.98, 1.0], 0.48448732884163476], "first_gen": [[1.0, 1.0, 0.5, 0.6, 0.42857142857142855, 0.5, 0.5555555555555556, 0.6, 0.5, 0.6666666666666666, 0.6923076923076923, 0.8461538461538461, 0.8571428571428571, 0.75, 0.6666666666666666, 0.6, 0.5454545454545454, 0.5652173913043478, 0.52, 0.48148148148148145, 0.5555555555555556, 0.5714285714285714, 0.5862068965517241, 0.6, 0.5625, 0.5757575757575758, 0.5882352941176471, 0.5555555555555556, 0.5263157894736842, 0.5384615384615384, 0.55, 0.5238095238095238, 0.5348837209302325, 0.5111111111111111, 0.48936170212765956, 0.5, 0.5416666666666666, 0.5510204081632653, 0.56, 0.5686274509803921, 0.5471698113207547, 0.5272727272727272, 0.5087719298245614, 0.4915254237288136, 0.5, 0.5081967213114754, 0.49206349206349204, 0.5238095238095238, 0.5555555555555556, 0.5625, 0.5692307692307692, 0.5757575757575758, 0.582089552238806, 0.6119402985074627, 0.6417910447761194, 0.6470588235294118, 0.6285714285714286, 0.6111111111111112, 0.6164383561643836, 0.6216216216216216, 0.6486486486486487, 0.6533333333333333, 0.6363636363636364, 0.620253164556962, 0.625, 0.6296296296296297, 0.6144578313253012, 0.6, 0.6046511627906976, 0.6091954022988506, 0.6136363636363636, 0.6179775280898876, 0.6043956043956044, 0.5913978494623656, 0.5957446808510638, 0.6, 0.6041666666666666, 0.5918367346938775, 0.5959595959595959, 0.6161616161616161, 0.62, 0.64, 0.66, 0.68, 0.7, 0.72, 0.74, 0.76, 0.78, 0.8, 0.82, 0.84, 0.86, 0.88, 0.9, 0.92, 0.94, 0.96, 0.98, 1.0], 0.6329394010833888]}}