{"rank_algo": "random_forest_score", "seed": 16, "subsampling_proportion": 0.00063, "exec_time": 0.17999935150146484, "results": {"features": ["feature98", "feature99", "feature89", "feature84", "feature86", "feature87", "feature82", "feature83", "feature23", "feature85", "feature88", "feature81", "feature22", "feature57", "feature33", "feature1", "feature3", "feature21", "feature20", "feature55", "feature51", "feature24", "feature59", "feature44", "feature9", "feature18", "feature8", "feature43", "feature58", "feature10", "feature2", "feature54", "feature29", "feature60", "feature26", "feature7", "feature30", "feature48", "feature0", "feature47", "feature19", "feature49", "feature67", "feature39", "feature50", "feature17", "feature69", "feature52", "feature64", "feature91", "feature53", "feature46", "feature41", "feature66", "feature68", "feature38", "feature15", "feature71", "feature40", "feature56", "feature37", "feature63", "feature5", "feature28", "feature27", "feature61", "feature42", "feature14", "feature11", "feature36", "feature12", "feature65", "feature31", "feature62", "feature35", "feature45", "feature25", "feature32", "feature90", "feature4", "feature16", "feature34", "feature13", "feature6", "feature70", "feature72", "feature73", "feature74", "feature75", "feature76", "feature77", "feature78", "feature79", "feature80", "feature92", "feature93", "feature94", "feature95", "feature96", "feature97"], "scores": [0.35001188314879, 0.31177024505005696, 0.028056080066597055, 0.019521079685314358, 0.019146803838195753, 0.013625789380535918, 0.013098657044758941, 0.012072465830006847, 0.011540381184315109, 0.011380718482650487, 0.010946761958033577, 0.010495157623265335, 0.006611710859459392, 0.006293800871596142, 0.006252625302683247, 0.005610500346291453, 0.005316608397653428, 0.005297994799057333, 0.005197449824541403, 0.00506165180951423, 0.00466033719263449, 0.004649334467411413, 0.0045709461298929326, 0.004563546574318522, 0.004439210178683708, 0.004421962054183871, 0.004338901701313209, 0.004231188107211916, 0.004054526089257811, 0.003926368653557784, 0.0038905451916502725, 0.003846655035666141, 0.0036800038632463956, 0.003669010051888655, 0.0036063361818254812, 0.003411734935093239, 0.0033965323003414126, 0.0033045493518762317, 0.00327002905907991, 0.0032419120756631502, 0.003200117280984072, 0.003083044879494088, 0.003045863264729472, 0.0026138079892085025, 0.0026096273144910554, 0.0025113401684327473, 0.0024266601994671587, 0.0024206343555052603, 0.002173873934463209, 0.0021418727203881367, 0.0019431128885590298, 0.0019243182028144978, 0.0019133197865405247, 0.0018737437375158717, 0.0018374029663081482, 0.001818312734184206, 0.0016693059982161953, 0.001624412441804875, 0.0015399618040719614, 0.001464774029773318, 0.0013738945855882255, 0.001344693181491051, 0.0012882569506515956, 0.0012699667485620433, 0.0012516979212228725, 0.0012058819694710796, 0.0011926647861596003, 0.0011394527501784387, 0.0011326240772176078, 0.0011026408980944348, 0.000806293012682101, 0.0007778966491133901, 0.0007401972964092749, 0.0007131184595512048, 0.00065983726438312, 0.0005733612899917218, 0.0005696018062562461, 0.0005609553722271274, 0.000481710028351248, 0.0004794755322377128, 0.00038356021251490527, 0.00035722558066389356, 0.00027749223191533536, 0.0, 0.0, 0.0, 0.0, 0.0, 0.0, 0.0, 0.0, 0.0, 0.0, 0.0, 0.0, 0.0, 0.0, 0.0, 0.0, 0.0]}, "evaluations": {"eval_method": "jaccard_full_score", "singles": [[1.0, 1.0, 0.5, 0.3333333333333333, 0.25, 0.2, 0.16666666666666666, 0.14285714285714285, 0.2, 0.17647058823529413, 0.15789473684210525, 0.14285714285714285, 0.13043478260869565, 0.12, 0.1111111111111111, 0.14285714285714285, 0.13333333333333333, 0.16129032258064516, 0.22580645161290322, 0.21212121212121213, 0.23529411764705882, 0.2222222222222222, 0.24324324324324326, 0.23076923076923078, 0.21951219512195122, 0.20930232558139536, 0.2, 0.21739130434782608, 0.23404255319148937, 0.2765957446808511, 0.3191489361702128, 0.3333333333333333, 0.32, 0.36, 0.4, 0.38461538461538464, 0.39622641509433965, 0.38181818181818183, 0.3684210526315789, 0.3559322033898305, 0.3898305084745763, 0.423728813559322, 0.4098360655737705, 0.3968253968253968, 0.38461538461538464, 0.373134328358209, 0.36231884057971014, 0.352112676056338, 0.3424657534246575, 0.35135135135135137, 0.36, 0.3684210526315789, 0.39473684210526316, 0.4025974025974026, 0.3924050632911392, 0.4, 0.4074074074074074, 0.4146341463414634, 0.43902439024390244, 0.4457831325301205, 0.43529411764705883, 0.4588235294117647, 0.4482758620689655, 0.47126436781609193, 0.4772727272727273, 0.5, 0.5227272727272727, 0.5280898876404494, 0.550561797752809, 0.5730337078651685, 0.5777777777777777, 0.5824175824175825, 0.5698924731182796, 0.574468085106383, 0.5789473684210527, 0.5833333333333334, 0.5876288659793815, 0.5918367346938775, 0.5959595959595959, 0.6161616161616161, 0.6363636363636364, 0.64, 0.66, 0.68, 0.7, 0.72, 0.74, 0.76, 0.78, 0.8, 0.82, 0.84, 0.86, 0.88, 0.9, 0.92, 0.94, 0.96, 0.98, 1.0], 0.4572349626906735], "first_gen": [[1.0, 1.0, 0.5, 0.3333333333333333, 0.42857142857142855, 0.3333333333333333, 0.4, 0.45454545454545453, 0.5, 0.6666666666666666, 0.8333333333333334, 0.8461538461538461, 1.0, 0.8666666666666667, 0.7647058823529411, 0.7777777777777778, 0.7894736842105263, 0.7142857142857143, 0.7272727272727273, 0.6666666666666666, 0.6153846153846154, 0.5714285714285714, 0.5862068965517241, 0.6, 0.6129032258064516, 0.625, 0.6363636363636364, 0.6470588235294118, 0.6111111111111112, 0.6216216216216216, 0.631578947368421, 0.6, 0.5714285714285714, 0.5454545454545454, 0.5217391304347826, 0.5, 0.48, 0.49019607843137253, 0.5294117647058824, 0.5094339622641509, 0.5185185185185185, 0.5555555555555556, 0.5357142857142857, 0.5714285714285714, 0.5517241379310345, 0.5862068965517241, 0.5666666666666667, 0.5737704918032787, 0.5555555555555556, 0.5625, 0.5454545454545454, 0.5522388059701493, 0.5362318840579711, 0.5211267605633803, 0.5277777777777778, 0.5555555555555556, 0.5616438356164384, 0.5675675675675675, 0.5945945945945946, 0.6216216216216216, 0.6486486486486487, 0.6533333333333333, 0.6578947368421053, 0.6623376623376623, 0.6666666666666666, 0.65, 0.654320987654321, 0.6585365853658537, 0.6428571428571429, 0.6470588235294118, 0.6511627906976745, 0.6363636363636364, 0.6222222222222222, 0.6263736263736264, 0.6304347826086957, 0.6170212765957447, 0.6041666666666666, 0.6082474226804123, 0.6122448979591837, 0.6161616161616161, 0.6363636363636364, 0.6565656565656566, 0.66, 0.68, 0.7, 0.72, 0.74, 0.76, 0.78, 0.8, 0.82, 0.84, 0.86, 0.88, 0.9, 0.92, 0.94, 0.96, 0.98, 1.0], 0.6491873178187272]}}