{"rank_algo": "random_forest_score", "seed": 51, "subsampling_proportion": 0.0001, "exec_time": 0.10277295112609863, "results": {"features": ["feature98", "feature99", "feature19", "feature59", "feature86", "feature84", "feature63", "feature81", "feature60", "feature83", "feature38", "feature44", "feature87", "feature54", "feature58", "feature2", "feature3", "feature88", "feature49", "feature55", "feature89", "feature33", "feature1", "feature23", "feature18", "feature47", "feature82", "feature43", "feature8", "feature48", "feature21", "feature51", "feature20", "feature57", "feature85", "feature71", "feature46", "feature26", "feature68", "feature52", "feature11", "feature0", "feature29", "feature30", "feature9", "feature31", "feature28", "feature17", "feature65", "feature22", "feature37", "feature13", "feature10", "feature50", "feature56", "feature7", "feature27", "feature45", "feature67", "feature12", "feature53", "feature36", "feature24", "feature69", "feature61", "feature25", "feature42", "feature41", "feature40", "feature64", "feature66", "feature39", "feature35", "feature15", "feature4", "feature14", "feature91", "feature90", "feature16", "feature32", "feature34", "feature5", "feature6", "feature62", "feature70", "feature72", "feature73", "feature74", "feature75", "feature76", "feature77", "feature78", "feature79", "feature80", "feature92", "feature93", "feature94", "feature95", "feature96", "feature97"], "scores": [0.3219856088548048, 0.3028307703386523, 0.013734364122649233, 0.012917504443124261, 0.01156698068042502, 0.010850513512654656, 0.010503347158902472, 0.010092192889209746, 0.00964835538292979, 0.009087981916009538, 0.008885628108857182, 0.008416162595589288, 0.007995161941027286, 0.007885885813842707, 0.007842026274461187, 0.007799088572527909, 0.007374787653288771, 0.007325529510806124, 0.007247667630154324, 0.007137891573543483, 0.007115648121028226, 0.007107512876160047, 0.0070958229765457626, 0.006628079764383826, 0.006277680157726545, 0.006248900417591927, 0.006242005052526356, 0.0061583378073996175, 0.006123450884883929, 0.005816465587796558, 0.005814163831787791, 0.005486260872277837, 0.005291307936854509, 0.005233401464117115, 0.005117801578015854, 0.005049472236684146, 0.005041940952401225, 0.004737071337807873, 0.004684930106918554, 0.004597673100760558, 0.004281674795319522, 0.00427824169864452, 0.004125629150944572, 0.004072916539188594, 0.003950195588205067, 0.0038720247245943207, 0.003850483626004539, 0.003846339939425192, 0.003720991380684764, 0.0036424108439488873, 0.003283565991927488, 0.003275760753457777, 0.0032529664168801766, 0.0031947800713487294, 0.0031492994593395668, 0.0031461083220988067, 0.002877880131377929, 0.0027763247493749303, 0.0026621949783168612, 0.002574412215176303, 0.002445640614604465, 0.0022795718130125845, 0.0022716196052586938, 0.002077301825787892, 0.0020335887123351325, 0.001924051690019868, 0.0018497431520089719, 0.0015695335710041586, 0.0015345955859203202, 0.0014647971940300833, 0.0008524804711827612, 0.0006630654749255733, 0.0006546245288248836, 0.0006079650685454615, 0.00046320841026945323, 0.00041953459078380756, 3.7595785440613084e-05, 2.1504492658338637e-05, 0.0, 0.0, 0.0, 0.0, 0.0, 0.0, 0.0, 0.0, 0.0, 0.0, 0.0, 0.0, 0.0, 0.0, 0.0, 0.0, 0.0, 0.0, 0.0, 0.0, 0.0, 0.0]}, "evaluations": {"eval_method": "jaccard_full_score", "singles": [[1.0, 1.0, 0.5, 0.3333333333333333, 0.25, 0.2, 0.16666666666666666, 0.23076923076923078, 0.2, 0.17647058823529413, 0.15789473684210525, 0.14285714285714285, 0.13043478260869565, 0.12, 0.1111111111111111, 0.10344827586206896, 0.13333333333333333, 0.125, 0.15151515151515152, 0.17647058823529413, 0.16666666666666666, 0.15789473684210525, 0.21052631578947367, 0.23076923076923078, 0.25, 0.2682926829268293, 0.2558139534883721, 0.2727272727272727, 0.28888888888888886, 0.30434782608695654, 0.3191489361702128, 0.3333333333333333, 0.3469387755102041, 0.36, 0.37254901960784315, 0.38461538461538464, 0.39622641509433965, 0.4074074074074074, 0.39285714285714285, 0.3793103448275862, 0.41379310344827586, 0.423728813559322, 0.4098360655737705, 0.3968253968253968, 0.40625, 0.3939393939393939, 0.40298507462686567, 0.391304347826087, 0.38028169014084506, 0.3888888888888889, 0.3972602739726027, 0.40540540540540543, 0.43243243243243246, 0.44, 0.42857142857142855, 0.45454545454545453, 0.46153846153846156, 0.46835443037974683, 0.475, 0.5, 0.4878048780487805, 0.5121951219512195, 0.5180722891566265, 0.5238095238095238, 0.5294117647058824, 0.5348837209302325, 0.5581395348837209, 0.5813953488372093, 0.6046511627906976, 0.5909090909090909, 0.5777777777777777, 0.5824175824175825, 0.5698924731182796, 0.574468085106383, 0.5789473684210527, 0.5670103092783505, 0.5876288659793815, 0.5918367346938775, 0.5959595959595959, 0.6161616161616161, 0.62, 0.64, 0.66, 0.68, 0.7, 0.72, 0.74, 0.76, 0.78, 0.8, 0.82, 0.84, 0.86, 0.88, 0.9, 0.92, 0.94, 0.96, 0.98, 1.0], 0.4693124523392923], "first_gen": [[1.0, 1.0, 0.5, 0.3333333333333333, 0.42857142857142855, 0.3333333333333333, 0.2727272727272727, 0.23076923076923078, 0.2, 0.25, 0.29411764705882354, 0.2631578947368421, 0.3684210526315789, 0.3333333333333333, 0.30434782608695654, 0.28, 0.36, 0.38461538461538464, 0.35714285714285715, 0.3333333333333333, 0.3548387096774194, 0.375, 0.3939393939393939, 0.45454545454545453, 0.47058823529411764, 0.4444444444444444, 0.5, 0.5135135135135135, 0.5263157894736842, 0.5, 0.5121951219512195, 0.4883720930232558, 0.5, 0.4782608695652174, 0.48936170212765956, 0.5, 0.48, 0.49019607843137253, 0.5, 0.48148148148148145, 0.4642857142857143, 0.5, 0.4827586206896552, 0.4915254237288136, 0.5254237288135594, 0.5333333333333333, 0.5161290322580645, 0.5483870967741935, 0.53125, 0.5384615384615384, 0.5454545454545454, 0.5294117647058824, 0.5588235294117647, 0.5652173913043478, 0.5714285714285714, 0.5774647887323944, 0.5833333333333334, 0.5675675675675675, 0.5733333333333334, 0.6, 0.6052631578947368, 0.6103896103896104, 0.5949367088607594, 0.6, 0.5853658536585366, 0.5714285714285714, 0.5764705882352941, 0.5813953488372093, 0.5862068965517241, 0.5730337078651685, 0.5604395604395604, 0.5652173913043478, 0.5698924731182796, 0.574468085106383, 0.5625, 0.5670103092783505, 0.5714285714285714, 0.5757575757575758, 0.58, 0.6, 0.62, 0.64, 0.66, 0.68, 0.7, 0.72, 0.74, 0.76, 0.78, 0.8, 0.82, 0.84, 0.86, 0.88, 0.9, 0.92, 0.94, 0.96, 0.98, 1.0], 0.5544954599890227]}}