{"rank_algo": "random_forest_score", "seed": 6, "subsampling_proportion": 0.0016, "exec_time": 0.3059995174407959, "results": {"features": ["feature98", "feature99", "feature88", "feature89", "feature87", "feature86", "feature84", "feature81", "feature83", "feature23", "feature85", "feature82", "feature33", "feature3", "feature71", "feature22", "feature1", "feature10", "feature2", "feature21", "feature19", "feature7", "feature57", "feature0", "feature9", "feature55", "feature20", "feature60", "feature59", "feature44", "feature18", "feature49", "feature8", "feature50", "feature46", "feature26", "feature47", "feature67", "feature51", "feature58", "feature15", "feature17", "feature64", "feature39", "feature69", "feature12", "feature41", "feature30", "feature29", "feature40", "feature66", "feature43", "feature28", "feature53", "feature36", "feature54", "feature38", "feature56", "feature35", "feature37", "feature5", "feature68", "feature62", "feature52", "feature11", "feature42", "feature61", "feature65", "feature45", "feature31", "feature24", "feature13", "feature63", "feature16", "feature25", "feature91", "feature34", "feature90", "feature27", "feature32", "feature48", "feature4", "feature14", "feature6", "feature70", "feature72", "feature73", "feature74", "feature75", "feature76", "feature77", "feature78", "feature79", "feature80", "feature92", "feature93", "feature94", "feature95", "feature96", "feature97"], "scores": [0.4002958634055051, 0.37184467835746743, 0.017913906167964438, 0.01354124387324216, 0.013138286029018013, 0.011888240740485669, 0.010589722956162114, 0.009139869942090347, 0.007448228409696267, 0.006800014492337523, 0.006664915457530944, 0.006225755969137045, 0.004937371963340919, 0.004755504537772596, 0.004282571433999454, 0.004167388173632988, 0.004040393377591358, 0.0036446272548100135, 0.0035084692737177778, 0.003014201350047177, 0.002940422393910759, 0.0029373702818742365, 0.0029196764803071213, 0.0028897822028402086, 0.002799909798583554, 0.0027321912749944336, 0.0025674342653327293, 0.002463032880881078, 0.002374562962174203, 0.0023532601170112373, 0.0023235370525113005, 0.0023061209872603126, 0.002275577889473141, 0.0019687901776580894, 0.0019651899232744543, 0.0019558599470264667, 0.001946136664372597, 0.0018985693047140677, 0.001887491728236274, 0.0017954360999762314, 0.001790924897282982, 0.0017642119592332461, 0.0017547978555432213, 0.0017429094482814785, 0.0017112499933931516, 0.0016995913203965512, 0.0016192540419796707, 0.0015846737034616919, 0.0013711454073591497, 0.001311737808924807, 0.001283676208148995, 0.0012651409534751876, 0.0012288951810611652, 0.0012181655049288327, 0.0012119870109781694, 0.0012117826766112302, 0.0012112873477077768, 0.0011729483864239458, 0.0011484767039633243, 0.0011334605113365516, 0.001128125051737255, 0.0011274004566408195, 0.001082077515958101, 0.0010440078318657128, 0.0010279029991101037, 0.0008637633726262487, 0.000850002939769775, 0.0008326186155522088, 0.0008134909812423553, 0.0007685177636843762, 0.0007595485236551087, 0.0007429096319936908, 0.0007419332689318703, 0.0007368430440004694, 0.0006802058865453148, 0.0005742587468400361, 0.0004714797099603187, 0.0004570522324831022, 0.0004422597264275441, 0.00040054743749528204, 0.0004000017843577782, 0.0003323010535913218, 0.00014482890707827155, 0.0, 0.0, 0.0, 0.0, 0.0, 0.0, 0.0, 0.0, 0.0, 0.0, 0.0, 0.0, 0.0, 0.0, 0.0, 0.0, 0.0]}, "evaluations": {"eval_method": "jaccard_full_score", "singles": [[1.0, 1.0, 0.5, 0.3333333333333333, 0.25, 0.2, 0.16666666666666666, 0.14285714285714285, 0.125, 0.17647058823529413, 0.15789473684210525, 0.14285714285714285, 0.13043478260869565, 0.12, 0.1111111111111111, 0.10344827586206896, 0.13333333333333333, 0.16129032258064516, 0.1875, 0.25, 0.2727272727272727, 0.2571428571428571, 0.24324324324324326, 0.23076923076923078, 0.21951219512195122, 0.20930232558139536, 0.22727272727272727, 0.2727272727272727, 0.28888888888888886, 0.30434782608695654, 0.3191489361702128, 0.3333333333333333, 0.3469387755102041, 0.36, 0.4, 0.4117647058823529, 0.39622641509433965, 0.38181818181818183, 0.39285714285714285, 0.40350877192982454, 0.43859649122807015, 0.4482758620689655, 0.43333333333333335, 0.41935483870967744, 0.40625, 0.4153846153846154, 0.42424242424242425, 0.4117647058823529, 0.4, 0.42857142857142855, 0.43661971830985913, 0.4246575342465753, 0.4520547945205479, 0.4594594594594595, 0.4666666666666667, 0.49333333333333335, 0.4805194805194805, 0.46835443037974683, 0.475, 0.48148148148148145, 0.46987951807228917, 0.47619047619047616, 0.4823529411764706, 0.4883720930232558, 0.4942528735632184, 0.5172413793103449, 0.5402298850574713, 0.5454545454545454, 0.5681818181818182, 0.5730337078651685, 0.5777777777777777, 0.6, 0.6043956043956044, 0.6086956521739131, 0.5957446808510638, 0.6, 0.6041666666666666, 0.6082474226804123, 0.6122448979591837, 0.6326530612244898, 0.6363636363636364, 0.6565656565656566, 0.66, 0.68, 0.7, 0.72, 0.74, 0.76, 0.78, 0.8, 0.82, 0.84, 0.86, 0.88, 0.9, 0.92, 0.94, 0.96, 0.98, 1.0], 0.47434032758925665], "first_gen": [[1.0, 1.0, 0.5, 0.3333333333333333, 0.25, 0.3333333333333333, 0.4, 0.45454545454545453, 0.5, 0.6666666666666666, 0.8333333333333334, 0.8461538461538461, 0.8571428571428571, 0.75, 0.6666666666666666, 0.7777777777777778, 0.7894736842105263, 0.8, 0.8095238095238095, 0.8181818181818182, 0.75, 0.76, 0.7037037037037037, 0.7142857142857143, 0.7241379310344828, 0.6774193548387096, 0.6875, 0.6470588235294118, 0.6111111111111112, 0.6216216216216216, 0.631578947368421, 0.6410256410256411, 0.65, 0.6585365853658537, 0.627906976744186, 0.6, 0.574468085106383, 0.5833333333333334, 0.5918367346938775, 0.5686274509803921, 0.5769230769230769, 0.6153846153846154, 0.5925925925925926, 0.6, 0.6071428571428571, 0.5862068965517241, 0.5666666666666667, 0.5737704918032787, 0.5806451612903226, 0.5873015873015873, 0.5692307692307692, 0.5757575757575758, 0.5588235294117647, 0.5652173913043478, 0.5942028985507246, 0.6231884057971014, 0.6285714285714286, 0.6338028169014085, 0.6619718309859155, 0.6666666666666666, 0.6944444444444444, 0.6986301369863014, 0.7027027027027027, 0.7066666666666667, 0.6883116883116883, 0.6923076923076923, 0.675, 0.6585365853658537, 0.6428571428571429, 0.627906976744186, 0.6136363636363636, 0.6, 0.5869565217391305, 0.5913978494623656, 0.5789473684210527, 0.5833333333333334, 0.5876288659793815, 0.5918367346938775, 0.5959595959595959, 0.6161616161616161, 0.6363636363636364, 0.64, 0.66, 0.68, 0.7, 0.72, 0.74, 0.76, 0.78, 0.8, 0.82, 0.84, 0.86, 0.88, 0.9, 0.92, 0.94, 0.96, 0.98, 1.0], 0.6699387654200376]}}