{"rank_algo": "random_forest_score", "seed": 77, "subsampling_proportion": 0.004, "exec_time": 0.6190454959869385, "results": {"features": ["feature98", "feature99", "feature87", "feature86", "feature85", "feature84", "feature88", "feature82", "feature89", "feature81", "feature83", "feature23", "feature1", "feature55", "feature22", "feature2", "feature0", "feature3", "feature33", "feature20", "feature10", "feature57", "feature49", "feature21", "feature19", "feature58", "feature44", "feature36", "feature60", "feature40", "feature8", "feature9", "feature42", "feature18", "feature7", "feature26", "feature59", "feature38", "feature71", "feature47", "feature67", "feature46", "feature5", "feature54", "feature52", "feature12", "feature51", "feature30", "feature41", "feature37", "feature39", "feature69", "feature50", "feature64", "feature17", "feature29", "feature66", "feature43", "feature14", "feature15", "feature63", "feature11", "feature91", "feature32", "feature53", "feature28", "feature68", "feature24", "feature56", "feature65", "feature62", "feature48", "feature27", "feature31", "feature90", "feature45", "feature61", "feature34", "feature35", "feature16", "feature13", "feature25", "feature4", "feature72", "feature76", "feature78", "feature6", "feature70", "feature73", "feature74", "feature75", "feature77", "feature79", "feature80", "feature92", "feature93", "feature94", "feature95", "feature96", "feature97"], "scores": [0.4401669617108602, 0.35815615572041287, 0.015924391708234214, 0.012985699255464186, 0.011373943165763912, 0.010704606578584417, 0.010525384059986643, 0.010369397946806651, 0.009222093762435917, 0.0077476802966621825, 0.007156227791700306, 0.0042348531410843805, 0.0032800977416529388, 0.002907809597631455, 0.0028756376656315576, 0.0028547118460364412, 0.0028511454512052136, 0.0026822774288758145, 0.002663325816682477, 0.0024815590619506386, 0.0024803979854641466, 0.0024601762457778123, 0.002407441155631958, 0.002366839455979829, 0.002281617067577398, 0.0022689904493468074, 0.0021945418985760603, 0.002185990712343405, 0.002044722811222347, 0.0019427052211464357, 0.0019332608249042226, 0.001882464699339408, 0.0018730915825300027, 0.0018582295814454984, 0.0018036303785833197, 0.0017748199387857986, 0.0017421421919386994, 0.0017063315081436283, 0.0016639921467210483, 0.001603033961992631, 0.0014936972375455848, 0.0014904993629587663, 0.0014289926432206777, 0.001403580428991728, 0.0013439432824602167, 0.0013089930416589604, 0.0013061090520717403, 0.0012967078465978077, 0.0012636441751731208, 0.0012413421650310516, 0.0012278659084145609, 0.0012058461398814935, 0.001203090070789979, 0.0011490231726789936, 0.001134423875213393, 0.001081784354039065, 0.0010116683022898174, 0.0009765047974584306, 0.0009736905612118151, 0.0009539334650897988, 0.0009539100267129584, 0.000930720730077249, 0.0009172693567999378, 0.0008877761130842326, 0.0008856645380975278, 0.0008106376899882324, 0.0007935554195030541, 0.0007404494036145673, 0.0006749541330066913, 0.0006455198738973831, 0.0006240132341396656, 0.0005759696711152493, 0.0005353356324738343, 0.0005283533848505595, 0.0005231232133151754, 0.0004461092189424239, 0.000433188382945856, 0.00042007998273227155, 0.000413195839509887, 0.00037692571916022943, 0.00027623976650449774, 0.00027599402892538146, 0.00015941059294596443, 1.5471129130932897e-05, 1.3255921784372234e-05, 9.157548851905814e-06, 0.0, 0.0, 0.0, 0.0, 0.0, 0.0, 0.0, 0.0, 0.0, 0.0, 0.0, 0.0, 0.0, 0.0]}, "evaluations": {"eval_method": "jaccard_full_score", "singles": [[1.0, 1.0, 0.5, 0.3333333333333333, 0.25, 0.2, 0.16666666666666666, 0.14285714285714285, 0.125, 0.1111111111111111, 0.1, 0.14285714285714285, 0.18181818181818182, 0.16666666666666666, 0.15384615384615385, 0.14285714285714285, 0.13333333333333333, 0.125, 0.15151515151515152, 0.21212121212121213, 0.23529411764705882, 0.2222222222222222, 0.24324324324324326, 0.2631578947368421, 0.28205128205128205, 0.3, 0.2857142857142857, 0.3023255813953488, 0.3181818181818182, 0.36363636363636365, 0.34782608695652173, 0.3617021276595745, 0.375, 0.3877551020408163, 0.4, 0.4117647058823529, 0.4230769230769231, 0.4074074074074074, 0.41818181818181815, 0.40350877192982454, 0.41379310344827586, 0.4482758620689655, 0.43333333333333335, 0.4426229508196721, 0.42857142857142855, 0.4375, 0.4461538461538462, 0.43283582089552236, 0.4626865671641791, 0.47058823529411764, 0.4782608695652174, 0.4647887323943662, 0.4722222222222222, 0.4794520547945205, 0.4666666666666667, 0.47368421052631576, 0.46153846153846156, 0.45, 0.4567901234567901, 0.48148148148148145, 0.4878048780487805, 0.5121951219512195, 0.5, 0.5238095238095238, 0.5116279069767442, 0.5348837209302325, 0.5402298850574713, 0.5632183908045977, 0.5681818181818182, 0.5730337078651685, 0.5777777777777777, 0.5824175824175825, 0.5869565217391305, 0.574468085106383, 0.5957446808510638, 0.6, 0.6210526315789474, 0.6082474226804123, 0.5959595959595959, 0.6161616161616161, 0.6363636363636364, 0.64, 0.66, 0.68, 0.7, 0.72, 0.74, 0.76, 0.78, 0.8, 0.82, 0.84, 0.86, 0.88, 0.9, 0.92, 0.94, 0.96, 0.98, 1.0], 0.48164054005660634], "first_gen": [[1.0, 1.0, 0.5, 0.3333333333333333, 0.42857142857142855, 0.5, 0.5555555555555556, 0.6, 0.6363636363636364, 0.6666666666666666, 0.6923076923076923, 0.8461538461538461, 0.8571428571428571, 0.75, 0.875, 0.7777777777777778, 0.7894736842105263, 0.8, 0.7272727272727273, 0.6666666666666666, 0.75, 0.6923076923076923, 0.7037037037037037, 0.7142857142857143, 0.7241379310344828, 0.6774193548387096, 0.7419354838709677, 0.696969696969697, 0.6571428571428571, 0.6666666666666666, 0.6756756756756757, 0.6842105263157895, 0.65, 0.6585365853658537, 0.627906976744186, 0.6, 0.6086956521739131, 0.6170212765957447, 0.625, 0.6, 0.5769230769230769, 0.5849056603773585, 0.5925925925925926, 0.5714285714285714, 0.5789473684210527, 0.5862068965517241, 0.6206896551724138, 0.6271186440677966, 0.6333333333333333, 0.6129032258064516, 0.6451612903225806, 0.625, 0.6307692307692307, 0.6119402985074627, 0.6417910447761194, 0.6470588235294118, 0.6285714285714286, 0.6338028169014085, 0.6619718309859155, 0.6901408450704225, 0.6944444444444444, 0.6986301369863014, 0.7027027027027027, 0.7066666666666667, 0.6883116883116883, 0.6923076923076923, 0.675, 0.6585365853658537, 0.6626506024096386, 0.6470588235294118, 0.6511627906976745, 0.6551724137931034, 0.6590909090909091, 0.6444444444444445, 0.6483516483516484, 0.6344086021505376, 0.6210526315789474, 0.625, 0.6288659793814433, 0.6494845360824743, 0.6530612244897959, 0.6565656565656566, 0.66, 0.68, 0.7, 0.72, 0.74, 0.76, 0.78, 0.8, 0.82, 0.84, 0.86, 0.88, 0.9, 0.92, 0.94, 0.96, 0.98, 1.0], 0.6895770553451895]}}