{"rank_algo": "random_forest_score", "seed": 47, "subsampling_proportion": 0.0025, "exec_time": 0.40099215507507324, "results": {"features": ["feature98", "feature99", "feature86", "feature87", "feature88", "feature84", "feature89", "feature82", "feature83", "feature81", "feature22", "feature85", "feature23", "feature21", "feature33", "feature3", "feature9", "feature57", "feature71", "feature55", "feature8", "feature49", "feature1", "feature2", "feature19", "feature60", "feature10", "feature20", "feature43", "feature0", "feature44", "feature58", "feature39", "feature26", "feature18", "feature12", "feature7", "feature50", "feature40", "feature51", "feature27", "feature46", "feature17", "feature67", "feature52", "feature15", "feature47", "feature29", "feature11", "feature41", "feature36", "feature69", "feature91", "feature5", "feature42", "feature30", "feature63", "feature64", "feature28", "feature66", "feature54", "feature59", "feature37", "feature14", "feature56", "feature53", "feature48", "feature38", "feature90", "feature62", "feature61", "feature68", "feature31", "feature65", "feature24", "feature25", "feature45", "feature35", "feature34", "feature13", "feature32", "feature16", "feature4", "feature6", "feature72", "feature70", "feature73", "feature74", "feature75", "feature76", "feature77", "feature78", "feature79", "feature80", "feature92", "feature93", "feature94", "feature95", "feature96", "feature97"], "scores": [0.4078457963524136, 0.4015925471595445, 0.014397667566567377, 0.010339895740612537, 0.01022210986867332, 0.009631668819802288, 0.009148589514122486, 0.008963320029377634, 0.008225914029271253, 0.006352512152111956, 0.005691389343252703, 0.005223134866572133, 0.004562608391351355, 0.003154310542783774, 0.002968877350072845, 0.002840950861449514, 0.002818431641163629, 0.0028173734799868534, 0.0027912250312832187, 0.002653730924993803, 0.002505996875691542, 0.0024662495576353942, 0.0024506860801904464, 0.0024401189114465135, 0.0022050568591961313, 0.002124841368728301, 0.0020926819147451333, 0.00206611479336922, 0.0020358008104692277, 0.0020191552333158674, 0.0019343047886657405, 0.0019214222780367918, 0.0018972155569368487, 0.0017777354358795305, 0.0017730017183650315, 0.001711443139917756, 0.0016907505463329045, 0.00158617535234161, 0.0015222220683037305, 0.001492851458446625, 0.0014809695737347738, 0.001402537047213441, 0.0014000307307872428, 0.0013958576196455923, 0.0013891510246985676, 0.001340234488265149, 0.001333593046825465, 0.001311651686292377, 0.0011891587615580309, 0.001173285847534195, 0.0011722314782760446, 0.0011573508393599083, 0.001127688959833851, 0.0011020049605948111, 0.0010981379046396582, 0.0010818133046731947, 0.0010242302844376344, 0.0010196447223931328, 0.001016287117187043, 0.0010069329673044016, 0.0010053592648674623, 0.0010034741662220598, 0.0009894373083740723, 0.0009833650489882019, 0.000917768443744612, 0.0007537257307297433, 0.000743094198108218, 0.0007425108612289342, 0.000702801157940846, 0.0006852875492703698, 0.0006087278754148491, 0.0005327849015726523, 0.000522020363768853, 0.0005198870086733463, 0.0004748874150223875, 0.00045284863390379805, 0.0003767585006903197, 0.00037376054913425424, 0.00035641839789579607, 0.0003400148210134198, 0.00031019143162897044, 0.00022713505343756657, 0.00017079041046159989, 1.4668587163208075e-05, 1.361154206894386e-05, 0.0, 0.0, 0.0, 0.0, 0.0, 0.0, 0.0, 0.0, 0.0, 0.0, 0.0, 0.0, 0.0, 0.0, 0.0]}, "evaluations": {"eval_method": "jaccard_full_score", "singles": [[1.0, 1.0, 0.5, 0.3333333333333333, 0.25, 0.2, 0.16666666666666666, 0.14285714285714285, 0.125, 0.1111111111111111, 0.1, 0.09090909090909091, 0.13043478260869565, 0.16666666666666666, 0.15384615384615385, 0.14285714285714285, 0.13333333333333333, 0.125, 0.15151515151515152, 0.14285714285714285, 0.13513513513513514, 0.15789473684210525, 0.1794871794871795, 0.2, 0.21951219512195122, 0.23809523809523808, 0.2558139534883721, 0.3023255813953488, 0.28888888888888886, 0.30434782608695654, 0.3191489361702128, 0.3333333333333333, 0.3469387755102041, 0.3877551020408163, 0.4, 0.4117647058823529, 0.39622641509433965, 0.38181818181818183, 0.39285714285714285, 0.40350877192982454, 0.43859649122807015, 0.47368421052631576, 0.4576271186440678, 0.4426229508196721, 0.42857142857142855, 0.4375, 0.42424242424242425, 0.4117647058823529, 0.42028985507246375, 0.4492753623188406, 0.4782608695652174, 0.4647887323943662, 0.4722222222222222, 0.4794520547945205, 0.4864864864864865, 0.49333333333333335, 0.5, 0.48717948717948717, 0.5128205128205128, 0.5189873417721519, 0.525, 0.5308641975308642, 0.5365853658536586, 0.5421686746987951, 0.5294117647058824, 0.5348837209302325, 0.5402298850574713, 0.5454545454545454, 0.5681818181818182, 0.5909090909090909, 0.5955056179775281, 0.6, 0.5869565217391305, 0.574468085106383, 0.5957446808510638, 0.5833333333333334, 0.6041666666666666, 0.5918367346938775, 0.58, 0.6, 0.62, 0.64, 0.66, 0.68, 0.7, 0.72, 0.74, 0.76, 0.78, 0.8, 0.82, 0.84, 0.86, 0.88, 0.9, 0.92, 0.94, 0.96, 0.98, 1.0], 0.47529945564953013], "first_gen": [[1.0, 1.0, 0.5, 0.3333333333333333, 0.42857142857142855, 0.3333333333333333, 0.4, 0.45454545454545453, 0.5, 0.5384615384615384, 0.6923076923076923, 0.8461538461538461, 1.0, 0.8666666666666667, 0.7647058823529411, 0.7777777777777778, 0.7, 0.7142857142857143, 0.7272727272727273, 0.6666666666666666, 0.68, 0.6296296296296297, 0.6428571428571429, 0.6551724137931034, 0.6666666666666666, 0.625, 0.6875, 0.696969696969697, 0.7058823529411765, 0.7142857142857143, 0.7222222222222222, 0.6842105263157895, 0.65, 0.6585365853658537, 0.7073170731707317, 0.6744186046511628, 0.6444444444444445, 0.6521739130434783, 0.6595744680851063, 0.6666666666666666, 0.64, 0.6153846153846154, 0.6538461538461539, 0.6296296296296297, 0.6363636363636364, 0.6428571428571429, 0.6491228070175439, 0.6271186440677966, 0.6333333333333333, 0.6129032258064516, 0.6190476190476191, 0.6, 0.6060606060606061, 0.6119402985074627, 0.6417910447761194, 0.6470588235294118, 0.6285714285714286, 0.6111111111111112, 0.6388888888888888, 0.6438356164383562, 0.6712328767123288, 0.6986301369863014, 0.7027027027027027, 0.7066666666666667, 0.7105263157894737, 0.6923076923076923, 0.6962025316455697, 0.7, 0.7037037037037037, 0.7073170731707317, 0.6904761904761905, 0.6744186046511628, 0.6590909090909091, 0.6444444444444445, 0.6304347826086957, 0.6170212765957447, 0.6041666666666666, 0.6082474226804123, 0.6122448979591837, 0.6161616161616161, 0.6363636363636364, 0.6565656565656566, 0.66, 0.68, 0.7, 0.72, 0.74, 0.76, 0.78, 0.8, 0.82, 0.84, 0.86, 0.88, 0.9, 0.92, 0.94, 0.96, 0.98, 1.0], 0.6852060667881262]}}