{"rank_algo": "random_forest_score", "seed": 56, "subsampling_proportion": 0.00063, "exec_time": 0.16965460777282715, "results": {"features": ["feature99", "feature98", "feature85", "feature88", "feature84", "feature86", "feature87", "feature83", "feature89", "feature82", "feature23", "feature81", "feature22", "feature5", "feature55", "feature21", "feature2", "feature50", "feature49", "feature33", "feature3", "feature60", "feature67", "feature19", "feature42", "feature57", "feature47", "feature44", "feature1", "feature15", "feature9", "feature20", "feature58", "feature10", "feature0", "feature18", "feature59", "feature17", "feature51", "feature38", "feature40", "feature24", "feature26", "feature7", "feature46", "feature8", "feature11", "feature54", "feature69", "feature41", "feature25", "feature39", "feature43", "feature64", "feature36", "feature63", "feature66", "feature56", "feature52", "feature29", "feature53", "feature30", "feature71", "feature16", "feature28", "feature14", "feature90", "feature62", "feature37", "feature68", "feature35", "feature32", "feature34", "feature12", "feature65", "feature91", "feature61", "feature27", "feature13", "feature45", "feature4", "feature31", "feature72", "feature48", "feature6", "feature70", "feature73", "feature74", "feature75", "feature76", "feature77", "feature78", "feature79", "feature80", "feature92", "feature93", "feature94", "feature95", "feature96", "feature97"], "scores": [0.3576828640679219, 0.3408838794292483, 0.017471354631002953, 0.014440266145420062, 0.014002080013463694, 0.013885162571186554, 0.012682995761251011, 0.011629862411786311, 0.011487238194212511, 0.009532941327083756, 0.00831435222651665, 0.007672053140951678, 0.0069411038602527455, 0.006111525717036497, 0.00536863678089617, 0.00466043622037922, 0.0046124602140370065, 0.004509659220054271, 0.004418430325097031, 0.0043749026074815615, 0.004365346193927965, 0.004342652558453954, 0.0042950332929179895, 0.00425884389882403, 0.004212212884704146, 0.004108016584148878, 0.00406785037284329, 0.004044054385752303, 0.0038907559484707244, 0.0036420471126985105, 0.0036311830361436775, 0.0036216366601575455, 0.0035686541524142766, 0.0034745095959296556, 0.0032692835954183696, 0.0032210178419340646, 0.003008713563145078, 0.0028647601190974286, 0.002835879133180521, 0.002631632744012459, 0.0025960268158712395, 0.0025274971532834754, 0.0024308408981518746, 0.0023360139169159074, 0.0023239784957838384, 0.002313371181507594, 0.0022106501832108633, 0.0022063929127968855, 0.002153114655405854, 0.002118448229773264, 0.002112630541061931, 0.0020068776141715823, 0.0019362799973038345, 0.0018751735047167195, 0.0018339056570249423, 0.0018246932037084887, 0.0018094984859654262, 0.0017622655400284576, 0.0017388891100175322, 0.0017337471365393591, 0.0016803631937343843, 0.0016540717101945887, 0.0016488870127326178, 0.00152854444538561, 0.0012924048071999623, 0.0012741677606288014, 0.0012571754595453297, 0.0012418157711843888, 0.0012318535945936755, 0.0012317976820071352, 0.0011016815595944933, 0.0010578353977309491, 0.00097829182429125, 0.000923079956835253, 0.0009230633919519889, 0.000876374119340042, 0.0008140527280763717, 0.0007199373307104748, 0.0006266204769561148, 0.0005556074267436689, 0.0005393790325266105, 0.0004970826938001017, 0.00024202329618902603, 0.0002173055553533444, 0.0, 0.0, 0.0, 0.0, 0.0, 0.0, 0.0, 0.0, 0.0, 0.0, 0.0, 0.0, 0.0, 0.0, 0.0, 0.0]}, "evaluations": {"eval_method": "jaccard_full_score", "singles": [[1.0, 1.0, 0.5, 0.3333333333333333, 0.25, 0.2, 0.16666666666666666, 0.14285714285714285, 0.125, 0.1111111111111111, 0.15789473684210525, 0.14285714285714285, 0.13043478260869565, 0.12, 0.1111111111111111, 0.14285714285714285, 0.13333333333333333, 0.125, 0.1875, 0.21212121212121213, 0.2, 0.1891891891891892, 0.1794871794871795, 0.2, 0.19047619047619047, 0.20930232558139536, 0.2, 0.21739130434782608, 0.23404255319148937, 0.2765957446808511, 0.2916666666666667, 0.3333333333333333, 0.3469387755102041, 0.3877551020408163, 0.37254901960784315, 0.38461538461538464, 0.39622641509433965, 0.38181818181818183, 0.39285714285714285, 0.3793103448275862, 0.41379310344827586, 0.4482758620689655, 0.4576271186440678, 0.4426229508196721, 0.45161290322580644, 0.4375, 0.4461538461538462, 0.45454545454545453, 0.4411764705882353, 0.47058823529411764, 0.4782608695652174, 0.4647887323943662, 0.4722222222222222, 0.4794520547945205, 0.4864864864864865, 0.5135135135135135, 0.5, 0.48717948717948717, 0.4936708860759494, 0.5, 0.4878048780487805, 0.47619047619047616, 0.4823529411764706, 0.5058823529411764, 0.5116279069767442, 0.5172413793103449, 0.5402298850574713, 0.5632183908045977, 0.5862068965517241, 0.5909090909090909, 0.5777777777777777, 0.6, 0.5869565217391305, 0.5913978494623656, 0.5789473684210527, 0.5833333333333334, 0.6041666666666666, 0.6082474226804123, 0.6122448979591837, 0.6326530612244898, 0.6530612244897959, 0.6565656565656566, 0.6767676767676768, 0.68, 0.7, 0.72, 0.74, 0.76, 0.78, 0.8, 0.82, 0.84, 0.86, 0.88, 0.9, 0.92, 0.94, 0.96, 0.98, 1.0], 0.4737261254656487], "first_gen": [[1.0, 1.0, 0.5, 0.3333333333333333, 0.25, 0.5, 0.5555555555555556, 0.6, 0.6363636363636364, 0.6666666666666666, 0.8333333333333334, 0.8461538461538461, 1.0, 0.8666666666666667, 0.7647058823529411, 0.6842105263157895, 0.7, 0.6363636363636364, 0.6521739130434783, 0.6, 0.6153846153846154, 0.5714285714285714, 0.5333333333333333, 0.5483870967741935, 0.5151515151515151, 0.4857142857142857, 0.5, 0.5135135135135135, 0.5263157894736842, 0.5384615384615384, 0.55, 0.5609756097560976, 0.5348837209302325, 0.5454545454545454, 0.5555555555555556, 0.5652173913043478, 0.574468085106383, 0.5833333333333334, 0.5918367346938775, 0.6, 0.6078431372549019, 0.6153846153846154, 0.6226415094339622, 0.6, 0.6071428571428571, 0.6140350877192983, 0.5932203389830508, 0.6271186440677966, 0.6065573770491803, 0.5873015873015873, 0.59375, 0.6, 0.6060606060606061, 0.5882352941176471, 0.6176470588235294, 0.6231884057971014, 0.6056338028169014, 0.6111111111111112, 0.6164383561643836, 0.6216216216216216, 0.6266666666666667, 0.631578947368421, 0.6363636363636364, 0.6410256410256411, 0.6455696202531646, 0.65, 0.654320987654321, 0.6585365853658537, 0.6626506024096386, 0.6470588235294118, 0.6511627906976745, 0.6551724137931034, 0.6590909090909091, 0.6629213483146067, 0.6483516483516484, 0.6521739130434783, 0.6382978723404256, 0.6421052631578947, 0.6288659793814433, 0.6326530612244898, 0.6363636363636364, 0.64, 0.66, 0.68, 0.7, 0.72, 0.74, 0.76, 0.78, 0.8, 0.82, 0.84, 0.86, 0.88, 0.9, 0.92, 0.94, 0.96, 0.98, 1.0], 0.6559677170582295]}}