{"rank_algo": "random_forest_score", "seed": 53, "subsampling_proportion": 0.00063, "exec_time": 0.17500066757202148, "results": {"features": ["feature99", "feature98", "feature89", "feature82", "feature84", "feature88", "feature85", "feature87", "feature81", "feature23", "feature83", "feature86", "feature9", "feature3", "feature20", "feature57", "feature33", "feature22", "feature49", "feature21", "feature2", "feature7", "feature8", "feature51", "feature1", "feature18", "feature19", "feature60", "feature44", "feature17", "feature29", "feature55", "feature10", "feature58", "feature71", "feature11", "feature26", "feature42", "feature30", "feature66", "feature67", "feature54", "feature43", "feature59", "feature50", "feature25", "feature39", "feature69", "feature41", "feature53", "feature61", "feature12", "feature37", "feature46", "feature0", "feature36", "feature34", "feature64", "feature38", "feature52", "feature63", "feature15", "feature62", "feature45", "feature47", "feature32", "feature28", "feature56", "feature27", "feature90", "feature68", "feature48", "feature40", "feature24", "feature5", "feature91", "feature65", "feature13", "feature14", "feature16", "feature35", "feature31", "feature4", "feature6", "feature70", "feature72", "feature73", "feature74", "feature75", "feature76", "feature77", "feature78", "feature79", "feature80", "feature92", "feature93", "feature94", "feature95", "feature96", "feature97"], "scores": [0.3958449692045477, 0.2998377927393998, 0.018876618791277736, 0.01642732005452298, 0.014544549827828051, 0.012011379045837305, 0.011962687348799229, 0.011747699100005228, 0.011326208697691189, 0.011138239736565246, 0.010679975525042368, 0.010130239674940896, 0.00659384679889464, 0.006230689251880596, 0.005783829214381276, 0.005653272691823916, 0.005647044095100608, 0.005203256201666642, 0.005093317603797051, 0.005062023506743972, 0.0050099586676956775, 0.004350719882158344, 0.00433781449835076, 0.004219906172326211, 0.004180978612466265, 0.004145909525434956, 0.004133283426266312, 0.0036288861556421125, 0.003608543660353089, 0.0034995932112411032, 0.0033939899300002778, 0.003339225943565384, 0.003052806492470437, 0.0030102970609134504, 0.0029726385478861515, 0.002921867353064709, 0.0028323750446057287, 0.0027134056555103325, 0.002591862856505488, 0.0024694782569711004, 0.002442022204843297, 0.0023991619288219156, 0.0022406722738972902, 0.0021902487877366234, 0.00219005786249649, 0.0021156632356458117, 0.0020720804254958183, 0.0020454397386197756, 0.001969373694154568, 0.001964365808238081, 0.0019270440725691416, 0.0019037385999437287, 0.0018707124559398883, 0.0018504307007194203, 0.0018324620712678566, 0.001650322134276016, 0.0016288918757068568, 0.0015254081029770017, 0.0014799422866991283, 0.001470950579366944, 0.0014027725466549345, 0.0013699545396833538, 0.0013363379550881016, 0.001313985460967411, 0.0012960165483833022, 0.0012080866973184143, 0.0011552625366568442, 0.0011000318091867478, 0.0010990210235775147, 0.0010648643706872606, 0.001064362257488703, 0.0010638149024385162, 0.0010212654950274556, 0.0008409831089529379, 0.0008340293737920939, 0.0008152461314697139, 0.0006985094664791923, 0.0005195539516716499, 0.0004732157592024908, 0.00043569805966566525, 0.00035289545172446354, 0.00030524984064889176, 0.0002513538096443529, 0.0, 0.0, 0.0, 0.0, 0.0, 0.0, 0.0, 0.0, 0.0, 0.0, 0.0, 0.0, 0.0, 0.0, 0.0, 0.0, 0.0]}, "evaluations": {"eval_method": "jaccard_full_score", "singles": [[1.0, 1.0, 0.5, 0.3333333333333333, 0.25, 0.2, 0.16666666666666666, 0.14285714285714285, 0.125, 0.17647058823529413, 0.15789473684210525, 0.14285714285714285, 0.13043478260869565, 0.12, 0.1111111111111111, 0.10344827586206896, 0.0967741935483871, 0.125, 0.1875, 0.21212121212121213, 0.23529411764705882, 0.2222222222222222, 0.21052631578947367, 0.23076923076923078, 0.25, 0.23809523809523808, 0.2558139534883721, 0.3023255813953488, 0.28888888888888886, 0.30434782608695654, 0.3191489361702128, 0.30612244897959184, 0.32, 0.36, 0.4, 0.4117647058823529, 0.4230769230769231, 0.4339622641509434, 0.41818181818181815, 0.40350877192982454, 0.41379310344827586, 0.4482758620689655, 0.43333333333333335, 0.4426229508196721, 0.42857142857142855, 0.4153846153846154, 0.40298507462686567, 0.391304347826087, 0.4, 0.4084507042253521, 0.43661971830985913, 0.4444444444444444, 0.4520547945205479, 0.4794520547945205, 0.4666666666666667, 0.49333333333333335, 0.4805194805194805, 0.46835443037974683, 0.475, 0.48148148148148145, 0.4878048780487805, 0.5121951219512195, 0.5180722891566265, 0.5421686746987951, 0.5294117647058824, 0.5529411764705883, 0.5764705882352941, 0.5813953488372093, 0.6046511627906976, 0.6091954022988506, 0.5955056179775281, 0.6, 0.6043956043956044, 0.6086956521739131, 0.6129032258064516, 0.6170212765957447, 0.6210526315789474, 0.625, 0.6122448979591837, 0.6326530612244898, 0.6363636363636364, 0.64, 0.66, 0.68, 0.7, 0.72, 0.74, 0.76, 0.78, 0.8, 0.82, 0.84, 0.86, 0.88, 0.9, 0.92, 0.94, 0.96, 0.98, 1.0], 0.4781647299476944], "first_gen": [[1.0, 1.0, 0.5, 0.3333333333333333, 0.25, 0.2, 0.4, 0.45454545454545453, 0.5, 0.6666666666666666, 0.6923076923076923, 0.8461538461538461, 0.8571428571428571, 0.75, 0.6666666666666666, 0.6842105263157895, 0.6190476190476191, 0.7142857142857143, 0.6521739130434783, 0.6666666666666666, 0.68, 0.6296296296296297, 0.7037037037037037, 0.6551724137931034, 0.6666666666666666, 0.6774193548387096, 0.7419354838709677, 0.696969696969697, 0.7058823529411765, 0.6666666666666666, 0.631578947368421, 0.6, 0.6097560975609756, 0.5813953488372093, 0.5909090909090909, 0.6, 0.574468085106383, 0.6170212765957447, 0.625, 0.6, 0.5769230769230769, 0.5555555555555556, 0.5636363636363636, 0.543859649122807, 0.5254237288135594, 0.5333333333333333, 0.5409836065573771, 0.5483870967741935, 0.53125, 0.5151515151515151, 0.5, 0.5072463768115942, 0.5142857142857142, 0.5211267605633803, 0.5492957746478874, 0.5774647887323944, 0.5833333333333334, 0.5675675675675675, 0.5945945945945946, 0.6, 0.6052631578947368, 0.631578947368421, 0.6363636363636364, 0.620253164556962, 0.625, 0.6296296296296297, 0.6341463414634146, 0.6385542168674698, 0.6428571428571429, 0.6470588235294118, 0.632183908045977, 0.6363636363636364, 0.6404494382022472, 0.6263736263736264, 0.6304347826086957, 0.6344086021505376, 0.6210526315789474, 0.6082474226804123, 0.6122448979591837, 0.6326530612244898, 0.6530612244897959, 0.6565656565656566, 0.66, 0.68, 0.7, 0.72, 0.74, 0.76, 0.78, 0.8, 0.82, 0.84, 0.86, 0.88, 0.9, 0.92, 0.94, 0.96, 0.98, 1.0], 0.6473892783516384]}}