{"rank_algo": "random_forest_score", "seed": 2, "subsampling_proportion": 0.1, "exec_time": 12.612056732177734, "results": {"features": ["feature98", "feature99", "feature89", "feature85", "feature88", "feature83", "feature86", "feature87", "feature23", "feature81", "feature82", "feature84", "feature22", "feature5", "feature0", "feature15", "feature49", "feature1", "feature71", "feature18", "feature2", "feature20", "feature33", "feature3", "feature10", "feature21", "feature55", "feature8", "feature90", "feature57", "feature9", "feature60", "feature19", "feature50", "feature36", "feature32", "feature62", "feature58", "feature7", "feature59", "feature44", "feature67", "feature26", "feature47", "feature12", "feature51", "feature48", "feature29", "feature64", "feature38", "feature43", "feature91", "feature39", "feature37", "feature11", "feature17", "feature52", "feature30", "feature46", "feature41", "feature27", "feature53", "feature4", "feature40", "feature69", "feature56", "feature54", "feature66", "feature14", "feature42", "feature28", "feature24", "feature63", "feature61", "feature68", "feature16", "feature65", "feature31", "feature35", "feature45", "feature34", "feature25", "feature13", "feature72", "feature6", "feature73", "feature75", "feature80", "feature70", "feature74", "feature76", "feature77", "feature78", "feature79", "feature92", "feature93", "feature94", "feature95", "feature96", "feature97"], "scores": [0.4593852783390163, 0.4107610241678608, 0.015473596094559875, 0.012463693009689107, 0.01106591904985908, 0.010738067127111839, 0.010040489268657261, 0.009616472971850866, 0.00922662133247917, 0.0059854572270084064, 0.005397218813615274, 0.005164442803355551, 0.0027140541466237128, 0.0015465782275381095, 0.0011463737041973142, 0.0010922254247757713, 0.0009731999541462418, 0.0008958006051115337, 0.0008559869943308184, 0.0008237760962639485, 0.0007806091006123367, 0.0007713689941275647, 0.0007558683764702386, 0.0007126326910510876, 0.0007084258091926432, 0.0006952616734580838, 0.0006871798947823344, 0.0006812623521721888, 0.000678622389285681, 0.0006682251034505963, 0.000660347889495054, 0.0005937887743146076, 0.0005724214679704275, 0.0005687873561890006, 0.0005485013657975515, 0.0005149135295863598, 0.0005117153522942763, 0.0005085047072153408, 0.0005006459560738194, 0.0004693792051693082, 0.0004620855763645552, 0.00043774546688575246, 0.00042879754275494767, 0.00040859305428715003, 0.00039741492486586435, 0.00039522586601107765, 0.0003939732382719795, 0.0003848843434358833, 0.0003718803048293162, 0.00036646138217227646, 0.0003432990774097399, 0.00034153054618205205, 0.00034113602205015697, 0.00033785157488390596, 0.00033503440181214736, 0.00033329022284107207, 0.000317638364112034, 0.0003103857036271023, 0.00030993968758056216, 0.000308593491858927, 0.00030652795250833844, 0.0002920954564670079, 0.0002911599715406099, 0.0002845267269318185, 0.00028302609076978375, 0.00027931480398473384, 0.00027806679208383926, 0.00027392197304319706, 0.0002626568429635987, 0.00025950631115292445, 0.00024190938934561605, 0.00022967597324814975, 0.00021382756423350048, 0.00017709160745424827, 0.00015681396907344644, 0.00012927060672560738, 0.00011818940417091507, 0.00011693049563518282, 0.00011582793688936443, 0.00011245254664375218, 0.00010355322316132784, 0.0001010034940739347, 8.346835915257955e-05, 6.100461308821452e-06, 8.813028128128278e-07, 7.537080410135803e-07, 6.339861589124765e-07, 3.1491142902441086e-07, 0.0, 0.0, 0.0, 0.0, 0.0, 0.0, 0.0, 0.0, 0.0, 0.0, 0.0, 0.0]}, "evaluations": {"eval_method": "jaccard_full_score", "singles": [[1.0, 1.0, 0.5, 0.3333333333333333, 0.25, 0.2, 0.16666666666666666, 0.14285714285714285, 0.2, 0.17647058823529413, 0.15789473684210525, 0.14285714285714285, 0.13043478260869565, 0.12, 0.1111111111111111, 0.14285714285714285, 0.1724137931034483, 0.2, 0.22580645161290322, 0.21212121212121213, 0.23529411764705882, 0.2571428571428571, 0.24324324324324326, 0.23076923076923078, 0.25, 0.2682926829268293, 0.2558139534883721, 0.2727272727272727, 0.2608695652173913, 0.2765957446808511, 0.2916666666666667, 0.30612244897959184, 0.3469387755102041, 0.36, 0.37254901960784315, 0.3584905660377358, 0.37037037037037035, 0.38181818181818183, 0.3684210526315789, 0.3793103448275862, 0.3898305084745763, 0.4, 0.43333333333333335, 0.41935483870967744, 0.42857142857142855, 0.4375, 0.42424242424242425, 0.4117647058823529, 0.42028985507246375, 0.42857142857142855, 0.43661971830985913, 0.4246575342465753, 0.43243243243243246, 0.44, 0.4473684210526316, 0.45454545454545453, 0.46153846153846156, 0.45, 0.475, 0.5, 0.5061728395061729, 0.5121951219512195, 0.5, 0.5238095238095238, 0.5116279069767442, 0.5172413793103449, 0.5402298850574713, 0.5454545454545454, 0.550561797752809, 0.5730337078651685, 0.5777777777777777, 0.6, 0.6043956043956044, 0.6263736263736264, 0.6304347826086957, 0.6344086021505376, 0.6382978723404256, 0.625, 0.6122448979591837, 0.6326530612244898, 0.6363636363636364, 0.64, 0.66, 0.68, 0.7, 0.72, 0.74, 0.76, 0.78, 0.8, 0.82, 0.84, 0.86, 0.88, 0.9, 0.92, 0.94, 0.96, 0.98, 1.0], 0.4754056294177792], "first_gen": [[1.0, 1.0, 0.5, 0.3333333333333333, 0.25, 0.3333333333333333, 0.5555555555555556, 0.6, 0.8, 0.6666666666666666, 0.6923076923076923, 0.8461538461538461, 1.0, 0.8666666666666667, 0.7647058823529411, 0.6842105263157895, 0.6190476190476191, 0.6363636363636364, 0.5833333333333334, 0.5384615384615384, 0.6153846153846154, 0.5714285714285714, 0.5862068965517241, 0.6, 0.6666666666666666, 0.6774193548387096, 0.6875, 0.75, 0.7058823529411765, 0.6666666666666666, 0.7222222222222222, 0.6842105263157895, 0.6923076923076923, 0.7, 0.6666666666666666, 0.6744186046511628, 0.6444444444444445, 0.6170212765957447, 0.5918367346938775, 0.6, 0.6078431372549019, 0.5849056603773585, 0.5925925925925926, 0.6, 0.5789473684210527, 0.5862068965517241, 0.6206896551724138, 0.6271186440677966, 0.6333333333333333, 0.639344262295082, 0.6721311475409836, 0.6774193548387096, 0.6825396825396826, 0.6875, 0.6923076923076923, 0.696969696969697, 0.6764705882352942, 0.6571428571428571, 0.6857142857142857, 0.7142857142857143, 0.7428571428571429, 0.7222222222222222, 0.7027027027027027, 0.7066666666666667, 0.7105263157894737, 0.7142857142857143, 0.717948717948718, 0.7, 0.7037037037037037, 0.7073170731707317, 0.7108433734939759, 0.6941176470588235, 0.6781609195402298, 0.6629213483146067, 0.6483516483516484, 0.6521739130434783, 0.6382978723404256, 0.625, 0.6288659793814433, 0.6326530612244898, 0.6530612244897959, 0.6565656565656566, 0.66, 0.68, 0.7, 0.72, 0.74, 0.76, 0.78, 0.8, 0.82, 0.84, 0.86, 0.88, 0.9, 0.92, 0.94, 0.96, 0.98, 1.0], 0.6894255393440457]}}