{"rank_algo": "random_forest_score", "seed": 94, "subsampling_proportion": 0.004, "exec_time": 0.6510622501373291, "results": {"features": ["feature99", "feature98", "feature84", "feature85", "feature88", "feature89", "feature23", "feature81", "feature86", "feature87", "feature82", "feature83", "feature22", "feature55", "feature57", "feature2", "feature21", "feature3", "feature44", "feature1", "feature10", "feature20", "feature33", "feature49", "feature19", "feature8", "feature0", "feature9", "feature60", "feature50", "feature51", "feature5", "feature7", "feature18", "feature43", "feature29", "feature58", "feature71", "feature59", "feature64", "feature48", "feature38", "feature46", "feature47", "feature30", "feature26", "feature54", "feature15", "feature17", "feature40", "feature27", "feature52", "feature11", "feature67", "feature41", "feature63", "feature28", "feature12", "feature36", "feature62", "feature66", "feature37", "feature42", "feature69", "feature39", "feature53", "feature90", "feature14", "feature32", "feature24", "feature61", "feature91", "feature68", "feature16", "feature45", "feature35", "feature13", "feature56", "feature31", "feature65", "feature25", "feature4", "feature34", "feature75", "feature72", "feature79", "feature6", "feature70", "feature73", "feature74", "feature76", "feature77", "feature78", "feature80", "feature92", "feature93", "feature94", "feature95", "feature96", "feature97"], "scores": [0.4006355536372767, 0.3985564330629785, 0.012891943173496298, 0.011366730296256481, 0.011049381647244127, 0.010587260889463192, 0.0097159970556979, 0.009402703406423383, 0.009255048426283033, 0.008299829898198425, 0.007567045062604099, 0.0066093792967321634, 0.0034692349975048936, 0.003001242714624899, 0.0028649021610767, 0.0028631957278797506, 0.0028578977650028778, 0.002824250378225732, 0.002822552736339462, 0.002762412719579942, 0.0027613797672735563, 0.0025743313632716914, 0.0025370514219498494, 0.0024609705152138094, 0.0023984351697555685, 0.002166823545863921, 0.0020729412998010525, 0.0020680670320247377, 0.0020347274824189143, 0.001990762047699528, 0.001989217375950156, 0.0018673894242195418, 0.0018631477253805582, 0.001766633313964261, 0.0016911367525240769, 0.001691105801830884, 0.0016887169321439476, 0.0016763175824249512, 0.0016495014838891822, 0.0015986729316774975, 0.0015979432328789736, 0.0015631516453180002, 0.0014866196050741791, 0.0014096862489986952, 0.0013900693932402703, 0.0013837943314652375, 0.001382817619717211, 0.0013781753988442323, 0.0013632466322533645, 0.0013526452068233317, 0.001318040849728928, 0.0012723903817422326, 0.0012587160074902617, 0.0011600015477777898, 0.001127973598307901, 0.0010904379341171127, 0.0010691014885409991, 0.0010165846156833587, 0.0009912646276188915, 0.0009624996788146528, 0.0009580012286524933, 0.0009364479782943321, 0.000934430429273147, 0.0009087011197348128, 0.0008826963458618822, 0.0008598894799083043, 0.0008459396365907362, 0.0008297002001185756, 0.0007388386535978429, 0.0007119917998629569, 0.0007033927209100325, 0.000644691303650047, 0.0005775751894343579, 0.000510000798968915, 0.0005034188920110284, 0.00047040632239468276, 0.0004347422370459681, 0.00042085811942028445, 0.0003932198986351517, 0.0003653386220149072, 0.0003177677052440966, 0.00030215920725369595, 0.00017013239113912955, 2.336679370471792e-05, 2.3293889463605127e-05, 7.514970212478588e-06, 0.0, 0.0, 0.0, 0.0, 0.0, 0.0, 0.0, 0.0, 0.0, 0.0, 0.0, 0.0, 0.0, 0.0]}, "evaluations": {"eval_method": "jaccard_full_score", "singles": [[1.0, 1.0, 0.5, 0.3333333333333333, 0.25, 0.2, 0.2727272727272727, 0.23076923076923078, 0.2, 0.17647058823529413, 0.15789473684210525, 0.14285714285714285, 0.13043478260869565, 0.12, 0.1111111111111111, 0.10344827586206896, 0.13333333333333333, 0.125, 0.15151515151515152, 0.21212121212121213, 0.23529411764705882, 0.2571428571428571, 0.24324324324324326, 0.2631578947368421, 0.28205128205128205, 0.2682926829268293, 0.2558139534883721, 0.2727272727272727, 0.28888888888888886, 0.30434782608695654, 0.34782608695652173, 0.3333333333333333, 0.32, 0.3333333333333333, 0.34615384615384615, 0.3333333333333333, 0.34545454545454546, 0.35714285714285715, 0.3684210526315789, 0.3559322033898305, 0.36666666666666664, 0.3770491803278688, 0.3870967741935484, 0.375, 0.36363636363636365, 0.373134328358209, 0.38235294117647056, 0.391304347826087, 0.38028169014084506, 0.4084507042253521, 0.43661971830985913, 0.4246575342465753, 0.4520547945205479, 0.4594594594594595, 0.4666666666666667, 0.49333333333333335, 0.5, 0.5064935064935064, 0.5324675324675324, 0.5584415584415584, 0.5443037974683544, 0.55, 0.5555555555555556, 0.5609756097560976, 0.5476190476190477, 0.5529411764705883, 0.5764705882352941, 0.5813953488372093, 0.6046511627906976, 0.627906976744186, 0.632183908045977, 0.6363636363636364, 0.6222222222222222, 0.6263736263736264, 0.6483516483516484, 0.6344086021505376, 0.6559139784946236, 0.6421052631578947, 0.6288659793814433, 0.6326530612244898, 0.6363636363636364, 0.6565656565656566, 0.66, 0.68, 0.7, 0.72, 0.74, 0.76, 0.78, 0.8, 0.82, 0.84, 0.86, 0.88, 0.9, 0.92, 0.94, 0.96, 0.98, 1.0], 0.48072994307724853], "first_gen": [[1.0, 1.0, 0.5, 0.3333333333333333, 0.25, 0.3333333333333333, 0.5555555555555556, 0.6, 0.6363636363636364, 0.8181818181818182, 0.6923076923076923, 0.8461538461538461, 1.0, 0.8666666666666667, 0.7647058823529411, 0.6842105263157895, 0.7, 0.7142857142857143, 0.7272727272727273, 0.7391304347826086, 0.75, 0.6923076923076923, 0.7037037037037037, 0.7142857142857143, 0.7241379310344828, 0.7333333333333333, 0.8, 0.8064516129032258, 0.7575757575757576, 0.7142857142857143, 0.6756756756756757, 0.6410256410256411, 0.6097560975609756, 0.6190476190476191, 0.627906976744186, 0.6, 0.574468085106383, 0.5833333333333334, 0.5918367346938775, 0.6, 0.5769230769230769, 0.5555555555555556, 0.5357142857142857, 0.5714285714285714, 0.5789473684210527, 0.5862068965517241, 0.5932203389830508, 0.6271186440677966, 0.6333333333333333, 0.639344262295082, 0.6721311475409836, 0.6507936507936508, 0.6307692307692307, 0.6119402985074627, 0.6176470588235294, 0.6231884057971014, 0.6285714285714286, 0.6338028169014085, 0.6619718309859155, 0.6901408450704225, 0.6944444444444444, 0.6986301369863014, 0.7027027027027027, 0.7066666666666667, 0.7105263157894737, 0.6923076923076923, 0.6962025316455697, 0.7, 0.7037037037037037, 0.6867469879518072, 0.6705882352941176, 0.6744186046511628, 0.6590909090909091, 0.6629213483146067, 0.6483516483516484, 0.6521739130434783, 0.6382978723404256, 0.6421052631578947, 0.6288659793814433, 0.6326530612244898, 0.6363636363636364, 0.64, 0.66, 0.68, 0.7, 0.72, 0.74, 0.76, 0.78, 0.8, 0.82, 0.84, 0.86, 0.88, 0.9, 0.92, 0.94, 0.96, 0.98, 1.0], 0.690072156464342]}}