{"rank_algo": "random_forest_score", "seed": 69, "subsampling_proportion": 0.0016, "exec_time": 0.3220045566558838, "results": {"features": ["feature98", "feature99", "feature88", "feature87", "feature84", "feature85", "feature89", "feature83", "feature81", "feature86", "feature82", "feature71", "feature33", "feature23", "feature1", "feature22", "feature55", "feature3", "feature2", "feature21", "feature10", "feature57", "feature18", "feature49", "feature60", "feature9", "feature20", "feature8", "feature29", "feature58", "feature50", "feature67", "feature19", "feature59", "feature26", "feature0", "feature47", "feature44", "feature7", "feature17", "feature36", "feature51", "feature42", "feature40", "feature54", "feature41", "feature5", "feature11", "feature69", "feature64", "feature15", "feature24", "feature30", "feature52", "feature39", "feature32", "feature53", "feature46", "feature38", "feature28", "feature12", "feature43", "feature66", "feature90", "feature63", "feature13", "feature56", "feature27", "feature48", "feature61", "feature31", "feature34", "feature68", "feature91", "feature37", "feature62", "feature35", "feature65", "feature25", "feature14", "feature4", "feature16", "feature45", "feature72", "feature6", "feature70", "feature73", "feature74", "feature75", "feature76", "feature77", "feature78", "feature79", "feature80", "feature92", "feature93", "feature94", "feature95", "feature96", "feature97"], "scores": [0.37862317438582255, 0.36117915962487723, 0.017412957354308204, 0.015661337409184295, 0.014219991316420036, 0.014010197814376594, 0.0114723528746919, 0.010053098456474589, 0.009075288199333254, 0.00873732333319527, 0.007823868732345734, 0.005909472265715158, 0.005714139404836793, 0.004782337292646584, 0.004494626167450959, 0.004241520131117368, 0.004157123458553029, 0.0039026767186321715, 0.003744735318289346, 0.0036727124382611425, 0.0035588377032522633, 0.0033671163177979107, 0.003339986760294775, 0.0033076483380114824, 0.003281671938230233, 0.003135279838036151, 0.003094683084532498, 0.002873941751231189, 0.0027686177974975256, 0.00276468309853907, 0.0027163455281281395, 0.002696280184734745, 0.002515226168161599, 0.002497951762724905, 0.002438462386906118, 0.0024248393462811494, 0.002374241915499427, 0.0023556709568563258, 0.0023514946823753368, 0.00223982499163291, 0.002223218064963056, 0.002205978891739653, 0.0021818011491781027, 0.002156520019406777, 0.0021368136620468557, 0.0019394003267179127, 0.0019097184691863728, 0.0018421723729225147, 0.0018398431739861199, 0.001784826587944156, 0.0017772314069297876, 0.0017651193964510542, 0.0016924972033646223, 0.0016385038659541128, 0.0016361680147197008, 0.0016164370039067836, 0.0015844793596497323, 0.0015480305127103635, 0.0013646997506350305, 0.0013536666807328404, 0.0012862298602082341, 0.0012751461529225587, 0.0012349491633730956, 0.001127882966761711, 0.0010625953614062469, 0.0009913893191512476, 0.0009688110410799766, 0.0009170361759611677, 0.0008937610281624573, 0.000876834526442397, 0.0008131012884240327, 0.0007902292304362824, 0.0007797187729017466, 0.0007404212699423944, 0.0007120896072645889, 0.0006616659276376452, 0.0006572893776396698, 0.0006483352061691745, 0.0005336304788312569, 0.0005044006137916782, 0.0004771929695418802, 0.0004445943415720382, 0.0003939322551164153, 2.0739904860602936e-05, 0.0, 0.0, 0.0, 0.0, 0.0, 0.0, 0.0, 0.0, 0.0, 0.0, 0.0, 0.0, 0.0, 0.0, 0.0, 0.0]}, "evaluations": {"eval_method": "jaccard_full_score", "singles": [[1.0, 1.0, 0.5, 0.3333333333333333, 0.25, 0.2, 0.16666666666666666, 0.14285714285714285, 0.125, 0.1111111111111111, 0.1, 0.09090909090909091, 0.08333333333333333, 0.12, 0.15384615384615385, 0.14285714285714285, 0.13333333333333333, 0.125, 0.15151515151515152, 0.21212121212121213, 0.23529411764705882, 0.2222222222222222, 0.21052631578947367, 0.23076923076923078, 0.21951219512195122, 0.23809523809523808, 0.2558139534883721, 0.2727272727272727, 0.2608695652173913, 0.30434782608695654, 0.3191489361702128, 0.30612244897959184, 0.3469387755102041, 0.3877551020408163, 0.42857142857142855, 0.4117647058823529, 0.39622641509433965, 0.38181818181818183, 0.3684210526315789, 0.3559322033898305, 0.36666666666666664, 0.4, 0.4098360655737705, 0.41935483870967744, 0.42857142857142855, 0.4375, 0.42424242424242425, 0.43283582089552236, 0.4411764705882353, 0.4492753623188406, 0.4782608695652174, 0.4857142857142857, 0.49295774647887325, 0.5, 0.4864864864864865, 0.49333333333333335, 0.5, 0.5064935064935064, 0.5128205128205128, 0.5384615384615384, 0.5443037974683544, 0.5308641975308642, 0.5180722891566265, 0.5421686746987951, 0.5476190476190477, 0.5714285714285714, 0.5764705882352941, 0.6, 0.6046511627906976, 0.627906976744186, 0.6136363636363636, 0.6179775280898876, 0.6043956043956044, 0.5913978494623656, 0.6129032258064516, 0.6170212765957447, 0.6210526315789474, 0.6082474226804123, 0.5959595959595959, 0.6, 0.62, 0.64, 0.66, 0.68, 0.7, 0.72, 0.74, 0.76, 0.78, 0.8, 0.82, 0.84, 0.86, 0.88, 0.9, 0.92, 0.94, 0.96, 0.98, 1.0], 0.4792406567670252], "first_gen": [[1.0, 1.0, 0.5, 0.3333333333333333, 0.25, 0.3333333333333333, 0.4, 0.45454545454545453, 0.5, 0.6666666666666666, 0.6923076923076923, 0.7142857142857143, 0.7333333333333333, 0.75, 0.7647058823529411, 0.7777777777777778, 0.7, 0.7142857142857143, 0.7272727272727273, 0.7391304347826086, 0.75, 0.6923076923076923, 0.6428571428571429, 0.6, 0.6129032258064516, 0.625, 0.6875, 0.696969696969697, 0.6571428571428571, 0.6216216216216216, 0.5897435897435898, 0.5609756097560976, 0.5714285714285714, 0.5813953488372093, 0.5555555555555556, 0.5652173913043478, 0.5416666666666666, 0.5833333333333334, 0.56, 0.5686274509803921, 0.5471698113207547, 0.5849056603773585, 0.5925925925925926, 0.6, 0.5789473684210527, 0.5862068965517241, 0.6206896551724138, 0.6271186440677966, 0.6065573770491803, 0.5873015873015873, 0.59375, 0.5757575757575758, 0.5588235294117647, 0.5428571428571428, 0.5714285714285714, 0.6, 0.5833333333333334, 0.589041095890411, 0.6164383561643836, 0.6438356164383562, 0.6712328767123288, 0.6986301369863014, 0.68, 0.6842105263157895, 0.6666666666666666, 0.65, 0.654320987654321, 0.6585365853658537, 0.6626506024096386, 0.6470588235294118, 0.632183908045977, 0.6363636363636364, 0.6222222222222222, 0.6263736263736264, 0.6304347826086957, 0.6344086021505376, 0.6382978723404256, 0.625, 0.6122448979591837, 0.6326530612244898, 0.6363636363636364, 0.6565656565656566, 0.66, 0.68, 0.7, 0.72, 0.74, 0.76, 0.78, 0.8, 0.82, 0.84, 0.86, 0.88, 0.9, 0.92, 0.94, 0.96, 0.98, 1.0], 0.6567514923291204]}}