{"rank_algo": "random_forest_score", "seed": 22, "subsampling_proportion": 0.0025, "exec_time": 0.3860342502593994, "results": {"features": ["feature99", "feature98", "feature23", "feature85", "feature88", "feature84", "feature89", "feature82", "feature87", "feature86", "feature83", "feature81", "feature33", "feature21", "feature49", "feature2", "feature60", "feature22", "feature1", "feature3", "feature44", "feature8", "feature0", "feature9", "feature19", "feature57", "feature10", "feature55", "feature38", "feature50", "feature20", "feature26", "feature7", "feature18", "feature71", "feature67", "feature29", "feature58", "feature54", "feature52", "feature17", "feature47", "feature41", "feature51", "feature37", "feature15", "feature42", "feature40", "feature90", "feature91", "feature36", "feature28", "feature66", "feature43", "feature39", "feature11", "feature30", "feature59", "feature46", "feature62", "feature64", "feature63", "feature12", "feature69", "feature14", "feature53", "feature5", "feature32", "feature65", "feature48", "feature24", "feature61", "feature31", "feature68", "feature45", "feature25", "feature27", "feature56", "feature35", "feature13", "feature34", "feature16", "feature4", "feature72", "feature6", "feature70", "feature73", "feature74", "feature75", "feature76", "feature77", "feature78", "feature79", "feature80", "feature92", "feature93", "feature94", "feature95", "feature96", "feature97"], "scores": [0.43460961969734524, 0.37383247218264926, 0.013464982125198841, 0.01227747307883891, 0.011436170677522346, 0.010884199599679229, 0.010631211277658887, 0.009552894697465612, 0.009519585589800353, 0.008447824004679368, 0.007195214622431962, 0.006728977216738968, 0.0032427549604597773, 0.002876217358191902, 0.0028142478007612288, 0.002731501378329171, 0.0026575411809251375, 0.002562817303486434, 0.002451954336880309, 0.0024419230200115427, 0.002416759222325478, 0.002311407028858768, 0.0021588123643492964, 0.002056816381532534, 0.0020543776509729934, 0.002030165868461532, 0.0019248593259553607, 0.001836620248598198, 0.0018309440090166964, 0.0017524264754161822, 0.0017016236586041714, 0.0016316085797520741, 0.001558092264202243, 0.0015240780584558694, 0.001508968369715545, 0.0014624733287835327, 0.0014557426943397605, 0.0014243719704690489, 0.001402772518109606, 0.001363910708432262, 0.0013082018297807152, 0.0012862999092073774, 0.0012633070145253833, 0.0012534684179332848, 0.0012263690143024671, 0.0011839823113422034, 0.0011594836014420515, 0.001120620762854408, 0.001117943260836033, 0.0010810182383274845, 0.0010622164397202996, 0.001022942725246081, 0.0010204816269681735, 0.0010157936239538808, 0.0010048447059401956, 0.000992092557767056, 0.0009874060143831589, 0.0009570029209708982, 0.0008978329072324636, 0.0008951480021655905, 0.0008688795941220462, 0.0008460880184291164, 0.0008356759823374023, 0.000797435560130513, 0.0007937931709601147, 0.0006944726298860854, 0.0006861511340138811, 0.0006215994392353691, 0.0005858257659162171, 0.0005852609975998875, 0.0005728201553695034, 0.0005550525434957841, 0.0004938186068681972, 0.00046688655927748984, 0.00044894841872214627, 0.0004464142688320294, 0.00041022761626936815, 0.000377825608064593, 0.00035521391824425077, 0.00030704459398208365, 0.00026570422825467874, 0.00020589347856211836, 0.0001094169629181876, 4.668202820421344e-05, 0.0, 0.0, 0.0, 0.0, 0.0, 0.0, 0.0, 0.0, 0.0, 0.0, 0.0, 0.0, 0.0, 0.0, 0.0, 0.0]}, "evaluations": {"eval_method": "jaccard_full_score", "singles": [[1.0, 1.0, 1.0, 0.6, 0.42857142857142855, 0.3333333333333333, 0.2727272727272727, 0.23076923076923078, 0.2, 0.17647058823529413, 0.15789473684210525, 0.14285714285714285, 0.13043478260869565, 0.16666666666666666, 0.2, 0.18518518518518517, 0.1724137931034483, 0.16129032258064516, 0.22580645161290322, 0.25, 0.23529411764705882, 0.2222222222222222, 0.21052631578947367, 0.2, 0.21951219512195122, 0.23809523809523808, 0.2558139534883721, 0.2727272727272727, 0.2608695652173913, 0.2765957446808511, 0.3191489361702128, 0.3333333333333333, 0.32, 0.3333333333333333, 0.37254901960784315, 0.3584905660377358, 0.34545454545454546, 0.35714285714285715, 0.3684210526315789, 0.3559322033898305, 0.36666666666666664, 0.3770491803278688, 0.3870967741935484, 0.3968253968253968, 0.38461538461538464, 0.3939393939393939, 0.40298507462686567, 0.4117647058823529, 0.42028985507246375, 0.42857142857142855, 0.45714285714285713, 0.4647887323943662, 0.4722222222222222, 0.4794520547945205, 0.4666666666666667, 0.49333333333333335, 0.4805194805194805, 0.48717948717948717, 0.5128205128205128, 0.5384615384615384, 0.525, 0.55, 0.5555555555555556, 0.5609756097560976, 0.5476190476190477, 0.5529411764705883, 0.5581395348837209, 0.5813953488372093, 0.5862068965517241, 0.5909090909090909, 0.5955056179775281, 0.6179775280898876, 0.6043956043956044, 0.5913978494623656, 0.6129032258064516, 0.6, 0.6210526315789474, 0.6082474226804123, 0.5959595959595959, 0.6161616161616161, 0.62, 0.64, 0.66, 0.68, 0.7, 0.72, 0.74, 0.76, 0.78, 0.8, 0.82, 0.84, 0.86, 0.88, 0.9, 0.92, 0.94, 0.96, 0.98, 1.0], 0.4907537121831944], "first_gen": [[1.0, 1.0, 1.0, 0.6, 0.42857142857142855, 0.5, 0.5555555555555556, 0.6, 0.6363636363636364, 0.8181818181818182, 0.8333333333333334, 0.8461538461538461, 0.8571428571428571, 0.75, 0.6666666666666666, 0.6, 0.6190476190476191, 0.6363636363636364, 0.7272727272727273, 0.7391304347826086, 0.68, 0.6923076923076923, 0.7037037037037037, 0.7777777777777778, 0.7857142857142857, 0.7333333333333333, 0.8, 0.75, 0.7058823529411765, 0.6666666666666666, 0.6756756756756757, 0.6410256410256411, 0.6097560975609756, 0.6190476190476191, 0.627906976744186, 0.6, 0.574468085106383, 0.5833333333333334, 0.56, 0.5384615384615384, 0.5471698113207547, 0.5555555555555556, 0.5357142857142857, 0.543859649122807, 0.5254237288135594, 0.559322033898305, 0.5666666666666667, 0.5737704918032787, 0.5806451612903226, 0.5873015873015873, 0.6190476190476191, 0.6, 0.6060606060606061, 0.6363636363636364, 0.6666666666666666, 0.6716417910447762, 0.6521739130434783, 0.6571428571428571, 0.6857142857142857, 0.7142857142857143, 0.7183098591549296, 0.6986301369863014, 0.7027027027027027, 0.7066666666666667, 0.7105263157894737, 0.6923076923076923, 0.6962025316455697, 0.7, 0.6829268292682927, 0.6867469879518072, 0.6705882352941176, 0.6551724137931034, 0.6404494382022472, 0.6263736263736264, 0.6129032258064516, 0.6, 0.6041666666666666, 0.6082474226804123, 0.6122448979591837, 0.6161616161616161, 0.6363636363636364, 0.6565656565656566, 0.66, 0.68, 0.7, 0.72, 0.74, 0.76, 0.78, 0.8, 0.82, 0.84, 0.86, 0.88, 0.9, 0.92, 0.94, 0.96, 0.98, 1.0], 0.6898750197781076]}}