{"rank_algo": "random_forest_score", "seed": 83, "subsampling_proportion": 0.001, "exec_time": 0.2320396900177002, "results": {"features": ["feature98", "feature99", "feature87", "feature88", "feature84", "feature81", "feature86", "feature85", "feature89", "feature83", "feature82", "feature22", "feature33", "feature55", "feature23", "feature19", "feature51", "feature44", "feature3", "feature21", "feature60", "feature9", "feature54", "feature1", "feature0", "feature7", "feature57", "feature2", "feature49", "feature8", "feature58", "feature37", "feature63", "feature26", "feature71", "feature20", "feature29", "feature50", "feature5", "feature43", "feature52", "feature10", "feature17", "feature18", "feature36", "feature30", "feature47", "feature15", "feature38", "feature67", "feature59", "feature11", "feature41", "feature42", "feature91", "feature69", "feature64", "feature12", "feature39", "feature40", "feature14", "feature61", "feature56", "feature24", "feature46", "feature53", "feature32", "feature66", "feature90", "feature62", "feature28", "feature48", "feature45", "feature34", "feature31", "feature27", "feature13", "feature25", "feature65", "feature16", "feature4", "feature68", "feature35", "feature72", "feature6", "feature70", "feature73", "feature74", "feature75", "feature76", "feature77", "feature78", "feature79", "feature80", "feature92", "feature93", "feature94", "feature95", "feature96", "feature97"], "scores": [0.3593992421549544, 0.34337870939579107, 0.019239151066645546, 0.016116485249424696, 0.015358159975652493, 0.014017159037779342, 0.013805741746080511, 0.013615286606574215, 0.010192379933938522, 0.008961769471482812, 0.008633997459573009, 0.007518614178509174, 0.006287561060718654, 0.006014194755991479, 0.005951540458090448, 0.005908149542055798, 0.005545532874341911, 0.004957452785697883, 0.004908688662451764, 0.004745464910669387, 0.0046409952858983685, 0.004437299226672065, 0.004318652813743302, 0.004292551179399187, 0.0037628951149877342, 0.0037385282613756265, 0.003546734340302971, 0.0035101887522879806, 0.003442394490684034, 0.003210770364510487, 0.0031471282783190886, 0.003126479692257241, 0.0031142296961517114, 0.002905098533473728, 0.002869435194949367, 0.0028197326292972546, 0.002632936247671529, 0.0026155333022815446, 0.0026140742762036594, 0.002593978960191467, 0.002508829833909329, 0.0024374183450582908, 0.0023272543787959767, 0.002291952316169571, 0.0022693739323313544, 0.002236947825950183, 0.002173341131534624, 0.002022712432383589, 0.0019540163784215465, 0.0019236920869125144, 0.0019232431116177973, 0.0018981857994138287, 0.001888231582550288, 0.00183748961665643, 0.0017271377595758407, 0.0016630956697450126, 0.0016241372111266328, 0.0015154557444813108, 0.001496360589573168, 0.0013947484215846293, 0.0011969212388366715, 0.0011337622858827454, 0.0011031205987257803, 0.0010982753690109107, 0.0010778418040583776, 0.001058208353480737, 0.0009897469345066636, 0.0009871664774028157, 0.0009420073301859716, 0.0009077791903898602, 0.0009017572540001674, 0.0008663910307141457, 0.0008507887094814246, 0.0008197239686547184, 0.000756134862136576, 0.0007505136155872901, 0.0006005394506993748, 0.0005563214414776222, 0.0005250272317895627, 0.0005101331503651639, 0.00047830958346878707, 0.0004783008485552117, 0.00032473520985675983, 7.795192585934678e-05, 0.0, 0.0, 0.0, 0.0, 0.0, 0.0, 0.0, 0.0, 0.0, 0.0, 0.0, 0.0, 0.0, 0.0, 0.0, 0.0]}, "evaluations": {"eval_method": "jaccard_full_score", "singles": [[1.0, 1.0, 0.5, 0.3333333333333333, 0.25, 0.2, 0.16666666666666666, 0.14285714285714285, 0.125, 0.1111111111111111, 0.1, 0.09090909090909091, 0.08333333333333333, 0.07692307692307693, 0.1111111111111111, 0.14285714285714285, 0.1724137931034483, 0.16129032258064516, 0.1875, 0.21212121212121213, 0.2, 0.1891891891891892, 0.1794871794871795, 0.2, 0.19047619047619047, 0.20930232558139536, 0.2, 0.24444444444444444, 0.28888888888888886, 0.30434782608695654, 0.34782608695652173, 0.3333333333333333, 0.3469387755102041, 0.3877551020408163, 0.4, 0.4117647058823529, 0.39622641509433965, 0.38181818181818183, 0.3684210526315789, 0.3559322033898305, 0.36666666666666664, 0.4, 0.3870967741935484, 0.3968253968253968, 0.38461538461538464, 0.373134328358209, 0.36231884057971014, 0.37142857142857144, 0.38028169014084506, 0.3888888888888889, 0.4166666666666667, 0.4246575342465753, 0.4520547945205479, 0.4794520547945205, 0.4666666666666667, 0.47368421052631576, 0.46153846153846156, 0.46835443037974683, 0.475, 0.5, 0.4878048780487805, 0.5121951219512195, 0.5, 0.5238095238095238, 0.5294117647058824, 0.5348837209302325, 0.5581395348837209, 0.5632183908045977, 0.5862068965517241, 0.6091954022988506, 0.6136363636363636, 0.6179775280898876, 0.6222222222222222, 0.6086956521739131, 0.6129032258064516, 0.6170212765957447, 0.6382978723404256, 0.625, 0.6122448979591837, 0.6326530612244898, 0.6530612244897959, 0.6565656565656566, 0.66, 0.68, 0.7, 0.72, 0.74, 0.76, 0.78, 0.8, 0.82, 0.84, 0.86, 0.88, 0.9, 0.92, 0.94, 0.96, 0.98, 1.0], 0.46856621024084955], "first_gen": [[1.0, 1.0, 0.5, 0.3333333333333333, 0.25, 0.2, 0.4, 0.6, 0.6363636363636364, 0.6666666666666666, 0.6923076923076923, 0.8461538461538461, 0.8571428571428571, 0.75, 0.7647058823529411, 0.6842105263157895, 0.6190476190476191, 0.5652173913043478, 0.5833333333333334, 0.6, 0.5555555555555556, 0.6296296296296297, 0.5862068965517241, 0.6551724137931034, 0.6666666666666666, 0.625, 0.5882352941176471, 0.6, 0.6111111111111112, 0.6216216216216216, 0.5897435897435898, 0.5609756097560976, 0.5348837209302325, 0.5111111111111111, 0.5217391304347826, 0.5319148936170213, 0.5102040816326531, 0.52, 0.5294117647058824, 0.5686274509803921, 0.5471698113207547, 0.5555555555555556, 0.5636363636363636, 0.5714285714285714, 0.5517241379310345, 0.559322033898305, 0.5932203389830508, 0.6, 0.5806451612903226, 0.5625, 0.59375, 0.5757575757575758, 0.582089552238806, 0.5882352941176471, 0.6176470588235294, 0.6231884057971014, 0.6056338028169014, 0.6111111111111112, 0.6388888888888888, 0.6666666666666666, 0.6944444444444444, 0.6986301369863014, 0.7027027027027027, 0.6842105263157895, 0.6883116883116883, 0.6708860759493671, 0.675, 0.6585365853658537, 0.6626506024096386, 0.6666666666666666, 0.6705882352941176, 0.6744186046511628, 0.6590909090909091, 0.6629213483146067, 0.6483516483516484, 0.6521739130434783, 0.6382978723404256, 0.625, 0.6122448979591837, 0.6326530612244898, 0.6363636363636364, 0.64, 0.66, 0.68, 0.7, 0.72, 0.74, 0.76, 0.78, 0.8, 0.82, 0.84, 0.86, 0.88, 0.9, 0.92, 0.94, 0.96, 0.98, 1.0], 0.6499859314376687]}}