{"rank_algo": "random_forest_score", "seed": 34, "subsampling_proportion": 0.0016, "exec_time": 0.2989993095397949, "results": {"features": ["feature98", "feature99", "feature87", "feature83", "feature86", "feature88", "feature84", "feature23", "feature82", "feature85", "feature81", "feature89", "feature22", "feature1", "feature20", "feature33", "feature57", "feature10", "feature21", "feature55", "feature0", "feature3", "feature60", "feature2", "feature49", "feature50", "feature19", "feature9", "feature58", "feature26", "feature8", "feature44", "feature7", "feature67", "feature29", "feature36", "feature71", "feature51", "feature18", "feature47", "feature69", "feature15", "feature30", "feature59", "feature11", "feature12", "feature52", "feature14", "feature38", "feature41", "feature46", "feature37", "feature17", "feature40", "feature32", "feature42", "feature54", "feature64", "feature28", "feature5", "feature63", "feature39", "feature24", "feature43", "feature56", "feature27", "feature53", "feature91", "feature68", "feature66", "feature48", "feature62", "feature13", "feature61", "feature31", "feature45", "feature65", "feature34", "feature25", "feature35", "feature90", "feature4", "feature16", "feature72", "feature6", "feature70", "feature73", "feature74", "feature75", "feature76", "feature77", "feature78", "feature79", "feature80", "feature92", "feature93", "feature94", "feature95", "feature96", "feature97"], "scores": [0.3868929747582671, 0.3803155049421402, 0.017374416019184546, 0.013212170824520284, 0.01173731941496026, 0.011080902396987948, 0.011048219205378273, 0.010977128484893434, 0.010122973882347234, 0.009085859862396574, 0.007984702841247545, 0.00758648179760859, 0.004142492672011737, 0.003425587707833255, 0.0033724857353028778, 0.00337174780926921, 0.003362282416592493, 0.0032184306783924277, 0.003157793335115263, 0.0031143769605449603, 0.003056670016072399, 0.0029795146852534004, 0.002968858073655847, 0.002958886779858838, 0.002939083197961808, 0.0029215831671233574, 0.002541808352281866, 0.002533779789846897, 0.002367936641249979, 0.0023583545984470645, 0.0023130588204239117, 0.0022759172999002675, 0.00221001497488322, 0.0021895984513765647, 0.0020887121363302526, 0.0020544010780510877, 0.0020097605512254353, 0.001944111828425975, 0.0018983804034570849, 0.001860376291029567, 0.0018393099180020402, 0.001823988287468442, 0.0017878171291037144, 0.0017809345397717935, 0.001765983983781245, 0.0017547563331882432, 0.0017525995180240072, 0.0017064573056150942, 0.0015343347387035407, 0.0014765358877930023, 0.001430192539241712, 0.0014142864263274207, 0.0013742362842413636, 0.0013724352649178637, 0.0013625076689517495, 0.0013570446984960734, 0.0013477073115963595, 0.0012866522830900853, 0.001167852222750215, 0.0011249371955981927, 0.001078521537091023, 0.001077026569577039, 0.001073254823410058, 0.0010443445044814614, 0.0010214016446129153, 0.0009406474367510743, 0.0009149021103774854, 0.0009018911172805485, 0.0008718074047709452, 0.0008545751950937103, 0.000850167442096758, 0.0008015807992290568, 0.0007633812305702664, 0.00074852695225312, 0.0005743888610318457, 0.0005712009752066227, 0.00047886389513524745, 0.000431112865282226, 0.0003692630743188572, 0.0003452577541129459, 0.00028751131472277427, 0.00024126042014115302, 0.00021408268741254183, 2.980096652910056e-05, 0.0, 0.0, 0.0, 0.0, 0.0, 0.0, 0.0, 0.0, 0.0, 0.0, 0.0, 0.0, 0.0, 0.0, 0.0, 0.0]}, "evaluations": {"eval_method": "jaccard_full_score", "singles": [[1.0, 1.0, 0.5, 0.3333333333333333, 0.25, 0.2, 0.16666666666666666, 0.23076923076923078, 0.2, 0.17647058823529413, 0.15789473684210525, 0.14285714285714285, 0.13043478260869565, 0.16666666666666666, 0.15384615384615385, 0.14285714285714285, 0.13333333333333333, 0.2, 0.26666666666666666, 0.25, 0.23529411764705882, 0.2222222222222222, 0.21052631578947367, 0.23076923076923078, 0.25, 0.2682926829268293, 0.2857142857142857, 0.3023255813953488, 0.3181818181818182, 0.36363636363636365, 0.37777777777777777, 0.3617021276595745, 0.3469387755102041, 0.36, 0.34615384615384615, 0.3333333333333333, 0.34545454545454546, 0.35714285714285715, 0.3684210526315789, 0.3559322033898305, 0.36666666666666664, 0.4, 0.3870967741935484, 0.3968253968253968, 0.40625, 0.4153846153846154, 0.40298507462686567, 0.391304347826087, 0.4, 0.42857142857142855, 0.45714285714285713, 0.4444444444444444, 0.4520547945205479, 0.4794520547945205, 0.4666666666666667, 0.49333333333333335, 0.52, 0.5064935064935064, 0.5324675324675324, 0.5384615384615384, 0.5443037974683544, 0.55, 0.5555555555555556, 0.5609756097560976, 0.5476190476190477, 0.5714285714285714, 0.5764705882352941, 0.5813953488372093, 0.5862068965517241, 0.5909090909090909, 0.5777777777777777, 0.6, 0.6043956043956044, 0.6086956521739131, 0.6129032258064516, 0.6170212765957447, 0.6210526315789474, 0.6082474226804123, 0.5959595959595959, 0.6, 0.62, 0.64, 0.66, 0.68, 0.7, 0.72, 0.74, 0.76, 0.78, 0.8, 0.82, 0.84, 0.86, 0.88, 0.9, 0.92, 0.94, 0.96, 0.98, 1.0], 0.48321347785623797], "first_gen": [[1.0, 1.0, 0.5, 0.3333333333333333, 0.42857142857142855, 0.3333333333333333, 0.4, 0.6, 0.5, 0.6666666666666666, 0.6923076923076923, 0.8461538461538461, 1.0, 0.8666666666666667, 0.875, 0.7777777777777778, 0.7, 0.7142857142857143, 0.7272727272727273, 0.6666666666666666, 0.68, 0.6923076923076923, 0.7037037037037037, 0.7142857142857143, 0.6666666666666666, 0.625, 0.6875, 0.696969696969697, 0.6571428571428571, 0.6216216216216216, 0.631578947368421, 0.6410256410256411, 0.6097560975609756, 0.5813953488372093, 0.5555555555555556, 0.5319148936170213, 0.5416666666666666, 0.5510204081632653, 0.5918367346938775, 0.5686274509803921, 0.5471698113207547, 0.5849056603773585, 0.5636363636363636, 0.543859649122807, 0.5254237288135594, 0.5081967213114754, 0.5161290322580645, 0.5483870967741935, 0.5555555555555556, 0.5384615384615384, 0.5692307692307692, 0.5522388059701493, 0.582089552238806, 0.5882352941176471, 0.6176470588235294, 0.6470588235294118, 0.6521739130434783, 0.6338028169014085, 0.6619718309859155, 0.6901408450704225, 0.6944444444444444, 0.7222222222222222, 0.7027027027027027, 0.7066666666666667, 0.7105263157894737, 0.7142857142857143, 0.6962025316455697, 0.7, 0.6829268292682927, 0.6666666666666666, 0.6705882352941176, 0.6744186046511628, 0.6590909090909091, 0.6444444444444445, 0.6304347826086957, 0.6170212765957447, 0.6041666666666666, 0.6082474226804123, 0.5959595959595959, 0.6161616161616161, 0.6363636363636364, 0.64, 0.66, 0.68, 0.7, 0.72, 0.74, 0.76, 0.78, 0.8, 0.82, 0.84, 0.86, 0.88, 0.9, 0.92, 0.94, 0.96, 0.98, 1.0], 0.6700754313328768]}}