{"rank_algo": "random_forest_score", "seed": 71, "subsampling_proportion": 0.1, "exec_time": 14.83499789237976, "results": {"features": ["feature99", "feature98", "feature86", "feature89", "feature85", "feature87", "feature88", "feature82", "feature23", "feature84", "feature81", "feature83", "feature22", "feature43", "feature5", "feature20", "feature2", "feature71", "feature33", "feature49", "feature1", "feature0", "feature57", "feature12", "feature10", "feature48", "feature21", "feature55", "feature3", "feature60", "feature18", "feature90", "feature8", "feature9", "feature15", "feature19", "feature50", "feature58", "feature32", "feature44", "feature67", "feature26", "feature7", "feature17", "feature29", "feature62", "feature59", "feature36", "feature46", "feature42", "feature14", "feature47", "feature38", "feature51", "feature64", "feature30", "feature66", "feature52", "feature41", "feature91", "feature11", "feature69", "feature40", "feature63", "feature54", "feature28", "feature4", "feature53", "feature37", "feature56", "feature24", "feature39", "feature61", "feature68", "feature16", "feature27", "feature65", "feature35", "feature25", "feature31", "feature45", "feature13", "feature34", "feature72", "feature6", "feature70", "feature73", "feature74", "feature75", "feature76", "feature77", "feature78", "feature79", "feature80", "feature92", "feature93", "feature94", "feature95", "feature96", "feature97"], "scores": [0.46796589930343335, 0.39961432386663986, 0.015322908937361983, 0.01367172896989321, 0.012108110518787256, 0.00907787120824553, 0.008660478431099183, 0.008415342671756462, 0.008141285502517472, 0.00781333664093499, 0.006778284092800482, 0.006596884400912326, 0.0023270314912761324, 0.0013920586455974013, 0.0011917525696096875, 0.0009053539700452172, 0.0008750287154240258, 0.000872970852319465, 0.0008620953884995474, 0.0008547729187076006, 0.0008499642721112632, 0.0007865414062082547, 0.0007558622361791431, 0.0007511014407395663, 0.0007338456522621921, 0.0007322466563882498, 0.0007272732004877647, 0.0007222755388123207, 0.000705107688515506, 0.0006859177129538521, 0.0006526392522000421, 0.0006406655588831968, 0.0006326393624661963, 0.0006287246815952456, 0.0006087358864481442, 0.0006008690767588116, 0.0005525123081338963, 0.0005399498608483037, 0.0005392433920865937, 0.0005378450859344131, 0.0005181634805157632, 0.0005129937568339137, 0.0004921659818952362, 0.0004908189133256269, 0.0004764418276068235, 0.0004762981171326543, 0.0004500804064143904, 0.0004443285766159887, 0.0004372618776492068, 0.00040950454751508637, 0.00040888692292582985, 0.00040677845547074093, 0.0004042938200057707, 0.0004001778576499466, 0.00039231938290521065, 0.0003842851176302725, 0.0003627051518733918, 0.00035623833025562123, 0.0003526884078001659, 0.0003252236986159365, 0.00032352287673480804, 0.0003068128518755197, 0.0002848936062970234, 0.00026682805424451067, 0.00026630377685004156, 0.0002629358249929951, 0.0002593649894581673, 0.00024311432030940384, 0.00022760688779434278, 0.00021781092919260868, 0.00021775207928869647, 0.0002098580548702103, 0.00019545690436135327, 0.00018782177452089213, 0.00018566325826517024, 0.00018452457653463317, 0.0001435483385675854, 0.00013586161063325339, 0.00012493056639806775, 0.00011881492447436809, 0.00011568338695915578, 9.453228948972788e-05, 8.32586941608711e-05, 9.136542077104941e-06, 8.288851378391962e-07, 0.0, 0.0, 0.0, 0.0, 0.0, 0.0, 0.0, 0.0, 0.0, 0.0, 0.0, 0.0, 0.0, 0.0, 0.0]}, "evaluations": {"eval_method": "jaccard_full_score", "singles": [[1.0, 1.0, 0.5, 0.3333333333333333, 0.25, 0.2, 0.16666666666666666, 0.14285714285714285, 0.2, 0.17647058823529413, 0.15789473684210525, 0.14285714285714285, 0.13043478260869565, 0.12, 0.1111111111111111, 0.10344827586206896, 0.0967741935483871, 0.125, 0.15151515151515152, 0.21212121212121213, 0.23529411764705882, 0.2222222222222222, 0.21052631578947367, 0.23076923076923078, 0.25, 0.23809523809523808, 0.2558139534883721, 0.2727272727272727, 0.2608695652173913, 0.30434782608695654, 0.2916666666666667, 0.28, 0.29411764705882354, 0.3333333333333333, 0.37254901960784315, 0.38461538461538464, 0.37037037037037035, 0.38181818181818183, 0.3684210526315789, 0.3559322033898305, 0.36666666666666664, 0.4, 0.4098360655737705, 0.3968253968253968, 0.38461538461538464, 0.3939393939393939, 0.40298507462686567, 0.391304347826087, 0.42028985507246375, 0.4492753623188406, 0.45714285714285713, 0.4444444444444444, 0.4520547945205479, 0.4794520547945205, 0.4666666666666667, 0.47368421052631576, 0.4805194805194805, 0.46835443037974683, 0.4936708860759494, 0.5, 0.5061728395061729, 0.4939759036144578, 0.5, 0.5238095238095238, 0.5294117647058824, 0.5529411764705883, 0.5581395348837209, 0.5632183908045977, 0.5862068965517241, 0.5909090909090909, 0.5955056179775281, 0.6, 0.6043956043956044, 0.6086956521739131, 0.6304347826086957, 0.6344086021505376, 0.6382978723404256, 0.625, 0.6122448979591837, 0.6161616161616161, 0.6363636363636364, 0.6565656565656566, 0.66, 0.68, 0.7, 0.72, 0.74, 0.76, 0.78, 0.8, 0.82, 0.84, 0.86, 0.88, 0.9, 0.92, 0.94, 0.96, 0.98, 1.0], 0.47240970072304556], "first_gen": [[1.0, 1.0, 0.5, 0.3333333333333333, 0.42857142857142855, 0.5, 0.5555555555555556, 0.6, 0.8, 0.8181818181818182, 0.6923076923076923, 0.8461538461538461, 1.0, 0.8666666666666667, 0.7647058823529411, 0.6842105263157895, 0.7, 0.6363636363636364, 0.5833333333333334, 0.5384615384615384, 0.5555555555555556, 0.5714285714285714, 0.5862068965517241, 0.5483870967741935, 0.5625, 0.5757575757575758, 0.6363636363636364, 0.6, 0.6111111111111112, 0.5789473684210527, 0.5897435897435898, 0.6, 0.6097560975609756, 0.6585365853658537, 0.6666666666666666, 0.6744186046511628, 0.6444444444444445, 0.6170212765957447, 0.625, 0.6666666666666666, 0.64, 0.6470588235294118, 0.6226415094339622, 0.660377358490566, 0.6363636363636364, 0.6140350877192983, 0.5932203389830508, 0.6271186440677966, 0.6610169491525424, 0.6949152542372882, 0.7, 0.7049180327868853, 0.7096774193548387, 0.7142857142857143, 0.71875, 0.696969696969697, 0.6764705882352942, 0.6571428571428571, 0.6857142857142857, 0.7142857142857143, 0.7183098591549296, 0.7222222222222222, 0.726027397260274, 0.7066666666666667, 0.7105263157894737, 0.7142857142857143, 0.6962025316455697, 0.6790123456790124, 0.6829268292682927, 0.6867469879518072, 0.6705882352941176, 0.6744186046511628, 0.6590909090909091, 0.6444444444444445, 0.6483516483516484, 0.6521739130434783, 0.6382978723404256, 0.6421052631578947, 0.6288659793814433, 0.6326530612244898, 0.6363636363636364, 0.64, 0.66, 0.68, 0.7, 0.72, 0.74, 0.76, 0.78, 0.8, 0.82, 0.84, 0.86, 0.88, 0.9, 0.92, 0.94, 0.96, 0.98, 1.0], 0.6883999934270361]}}