{"rank_algo": "random_forest_score", "seed": 77, "subsampling_proportion": 0.0063, "exec_time": 0.9300005435943604, "results": {"features": ["feature98", "feature99", "feature87", "feature88", "feature85", "feature86", "feature84", "feature83", "feature89", "feature82", "feature81", "feature23", "feature22", "feature1", "feature10", "feature3", "feature55", "feature71", "feature57", "feature0", "feature21", "feature33", "feature20", "feature19", "feature2", "feature9", "feature38", "feature8", "feature58", "feature49", "feature60", "feature26", "feature18", "feature7", "feature36", "feature44", "feature59", "feature67", "feature47", "feature50", "feature5", "feature51", "feature39", "feature40", "feature42", "feature52", "feature27", "feature15", "feature43", "feature64", "feature54", "feature37", "feature30", "feature12", "feature46", "feature41", "feature29", "feature11", "feature17", "feature66", "feature14", "feature24", "feature63", "feature91", "feature69", "feature48", "feature28", "feature53", "feature68", "feature56", "feature62", "feature35", "feature32", "feature45", "feature61", "feature16", "feature65", "feature31", "feature4", "feature25", "feature34", "feature90", "feature13", "feature72", "feature6", "feature70", "feature73", "feature74", "feature75", "feature76", "feature77", "feature78", "feature79", "feature80", "feature92", "feature93", "feature94", "feature95", "feature96", "feature97"], "scores": [0.4646514749006253, 0.3454781352400066, 0.016830383413639034, 0.01385283645828736, 0.012809671696657622, 0.011872250057955403, 0.011075104471771293, 0.010308726364863349, 0.00959727810913593, 0.006482570669954385, 0.006397392206687599, 0.004549245307797809, 0.00302249210239273, 0.0027696645455819752, 0.0026087994405339762, 0.002379953869476414, 0.0023054378666951306, 0.0022385415092300454, 0.002218765131748351, 0.0021638094596866555, 0.00206422713132948, 0.002054311444919023, 0.0019972760100075543, 0.0019370156962272163, 0.0019321690916209628, 0.0017967517700582221, 0.0017763813802422204, 0.0017584481713255548, 0.0017455663327906993, 0.0017044153674233885, 0.0016865463510497966, 0.0016414848113877197, 0.0015451708265790845, 0.0015114365509933249, 0.0014787836785891202, 0.0014787227317597782, 0.0014406373858746047, 0.0014331724110542784, 0.0013978753254775328, 0.0013850933393658696, 0.0013188199398863234, 0.001277881462165128, 0.0012521900056195634, 0.0012366623260515496, 0.0011652449849967447, 0.0011495758966558005, 0.0011190723933452817, 0.0010992798459564298, 0.0010554896978151253, 0.0010525658813914994, 0.0010384638885998349, 0.001020309521244319, 0.0010147145065560314, 0.0010111724996063698, 0.0009894474651961102, 0.0009687990023126451, 0.0009554133557262659, 0.0009520871507011714, 0.000922563405690875, 0.0008726669008088394, 0.0008396909281113931, 0.0007967110920368941, 0.0007902310047572809, 0.0007411135720058087, 0.0006749682690621987, 0.000672210179990719, 0.0006096784000675405, 0.0005981159995431579, 0.0005765398821354307, 0.0004935423425788465, 0.0004768518583350115, 0.0004491003450881805, 0.00041939564556011766, 0.000380268176742879, 0.0003776433152426599, 0.00034486008220453463, 0.0003427095612814776, 0.00031139529128190307, 0.00028924641348522165, 0.0002758336569185477, 0.00026660501133484767, 0.0002008141331241228, 0.0001701922994891808, 5.1843778493755196e-05, 0.0, 0.0, 0.0, 0.0, 0.0, 0.0, 0.0, 0.0, 0.0, 0.0, 0.0, 0.0, 0.0, 0.0, 0.0, 0.0]}, "evaluations": {"eval_method": "jaccard_full_score", "singles": [[1.0, 1.0, 0.5, 0.3333333333333333, 0.25, 0.2, 0.16666666666666666, 0.14285714285714285, 0.125, 0.1111111111111111, 0.1, 0.14285714285714285, 0.13043478260869565, 0.16666666666666666, 0.2, 0.18518518518518517, 0.1724137931034483, 0.16129032258064516, 0.1875, 0.17647058823529413, 0.2, 0.1891891891891892, 0.21052631578947367, 0.23076923076923078, 0.25, 0.23809523809523808, 0.22727272727272727, 0.24444444444444444, 0.2608695652173913, 0.30434782608695654, 0.34782608695652173, 0.3617021276595745, 0.375, 0.3877551020408163, 0.4, 0.38461538461538464, 0.39622641509433965, 0.38181818181818183, 0.3684210526315789, 0.3559322033898305, 0.36666666666666664, 0.4, 0.3870967741935484, 0.3968253968253968, 0.40625, 0.3939393939393939, 0.40298507462686567, 0.4117647058823529, 0.42028985507246375, 0.42857142857142855, 0.45714285714285713, 0.4444444444444444, 0.4520547945205479, 0.4794520547945205, 0.4864864864864865, 0.5135135135135135, 0.5, 0.5064935064935064, 0.5128205128205128, 0.5189873417721519, 0.5061728395061729, 0.5308641975308642, 0.5365853658536586, 0.5421686746987951, 0.5294117647058824, 0.5348837209302325, 0.5581395348837209, 0.5632183908045977, 0.5681818181818182, 0.5730337078651685, 0.5777777777777777, 0.5824175824175825, 0.5869565217391305, 0.5913978494623656, 0.6129032258064516, 0.6170212765957447, 0.6210526315789474, 0.6082474226804123, 0.6122448979591837, 0.6161616161616161, 0.62, 0.64, 0.66, 0.68, 0.7, 0.72, 0.74, 0.76, 0.78, 0.8, 0.82, 0.84, 0.86, 0.88, 0.9, 0.92, 0.94, 0.96, 0.98, 1.0], 0.4759719540523534], "first_gen": [[1.0, 1.0, 0.5, 0.3333333333333333, 0.25, 0.5, 0.5555555555555556, 0.6, 0.6363636363636364, 0.6666666666666666, 0.6923076923076923, 0.8461538461538461, 1.0, 0.8666666666666667, 1.0, 1.0, 0.8888888888888888, 0.8, 0.7272727272727273, 0.6666666666666666, 0.75, 0.6923076923076923, 0.7037037037037037, 0.7142857142857143, 0.7241379310344828, 0.7333333333333333, 0.6875, 0.696969696969697, 0.6571428571428571, 0.6666666666666666, 0.631578947368421, 0.6, 0.6097560975609756, 0.6190476190476191, 0.5909090909090909, 0.6, 0.574468085106383, 0.5833333333333334, 0.56, 0.5384615384615384, 0.5471698113207547, 0.5849056603773585, 0.5925925925925926, 0.6, 0.6071428571428571, 0.5862068965517241, 0.6206896551724138, 0.6551724137931034, 0.6610169491525424, 0.639344262295082, 0.6721311475409836, 0.6507936507936508, 0.65625, 0.6615384615384615, 0.6923076923076923, 0.696969696969697, 0.6764705882352942, 0.6571428571428571, 0.6857142857142857, 0.6901408450704225, 0.7183098591549296, 0.6986301369863014, 0.68, 0.6842105263157895, 0.6883116883116883, 0.6923076923076923, 0.6962025316455697, 0.6790123456790124, 0.6626506024096386, 0.6666666666666666, 0.6705882352941176, 0.6744186046511628, 0.6781609195402298, 0.6629213483146067, 0.6483516483516484, 0.6521739130434783, 0.6382978723404256, 0.625, 0.6122448979591837, 0.6161616161616161, 0.6363636363636364, 0.6565656565656566, 0.66, 0.68, 0.7, 0.72, 0.74, 0.76, 0.78, 0.8, 0.82, 0.84, 0.86, 0.88, 0.9, 0.92, 0.94, 0.96, 0.98, 1.0], 0.6957043303927476]}}