{"rank_algo": "random_forest_score", "seed": 28, "subsampling_proportion": 0.004, "exec_time": 0.6499989032745361, "results": {"features": ["feature98", "feature99", "feature85", "feature83", "feature86", "feature82", "feature88", "feature89", "feature87", "feature84", "feature23", "feature81", "feature22", "feature1", "feature3", "feature33", "feature57", "feature10", "feature21", "feature55", "feature18", "feature0", "feature49", "feature60", "feature26", "feature19", "feature8", "feature20", "feature67", "feature7", "feature50", "feature58", "feature2", "feature12", "feature44", "feature51", "feature71", "feature36", "feature9", "feature43", "feature47", "feature29", "feature38", "feature37", "feature17", "feature59", "feature30", "feature11", "feature41", "feature52", "feature5", "feature64", "feature46", "feature69", "feature27", "feature66", "feature63", "feature28", "feature31", "feature48", "feature40", "feature53", "feature56", "feature54", "feature39", "feature24", "feature62", "feature42", "feature68", "feature61", "feature15", "feature14", "feature25", "feature45", "feature13", "feature65", "feature4", "feature90", "feature91", "feature35", "feature16", "feature34", "feature32", "feature72", "feature74", "feature6", "feature70", "feature73", "feature75", "feature76", "feature77", "feature78", "feature79", "feature80", "feature92", "feature93", "feature94", "feature95", "feature96", "feature97"], "scores": [0.40815795539135497, 0.39434145503330437, 0.01179674836246005, 0.011221389862146016, 0.009965616351317716, 0.0097084104267418, 0.00962009982135726, 0.009363635551295714, 0.00822654524479818, 0.007147219542588157, 0.006815050702299373, 0.006161560508085529, 0.005700270945904396, 0.003958752777435323, 0.0031705561622556657, 0.003160694361409406, 0.0030271606949306036, 0.0027800478296683864, 0.0027145524239986563, 0.002698606763672413, 0.0026530565359025784, 0.0025443357022333964, 0.002434493973354163, 0.0024230349383598387, 0.0022402261142434815, 0.0021457133258444487, 0.002123318095774468, 0.0021215021408535328, 0.0021045565358286315, 0.0021022655735623654, 0.0020606366810793403, 0.0020433261580902924, 0.0019840964725950394, 0.0019780536233908407, 0.0019056242073721226, 0.001893214576949257, 0.001884169365439451, 0.0018712479177626301, 0.0017790647270506583, 0.001774741437134483, 0.0016381907205247734, 0.001596218104592058, 0.0015652034419705323, 0.0015414497016941796, 0.0015401960958121989, 0.001492708612872169, 0.0013155139256921526, 0.0012807079895334195, 0.0012577417688593355, 0.0012448379274114297, 0.0012428928105274527, 0.0011507440918760547, 0.0010818683389826615, 0.0010319751304800028, 0.0010109076210776118, 0.0009951072211614148, 0.0009818101578871555, 0.0009342108222339838, 0.0009322669096887743, 0.0009125247672450243, 0.0008873943525636171, 0.0008836907711911932, 0.0008787722924725171, 0.000874329200148075, 0.0008722737199466277, 0.0008531423518744389, 0.0008418445822872243, 0.000767025667372534, 0.0006848992691237264, 0.0006596646770388181, 0.0006511952864667402, 0.0006180711310085392, 0.0004797549892323478, 0.00045047993007081804, 0.00044878937269076974, 0.000399554774904603, 0.0003647575804656617, 0.0003323250662228191, 0.0003244521555500637, 0.00031491410559658666, 0.00026554053570440806, 0.0002641912995261702, 0.0002093415554655008, 0.00010175027293751605, 2.176204017125556e-05, 0.0, 0.0, 0.0, 0.0, 0.0, 0.0, 0.0, 0.0, 0.0, 0.0, 0.0, 0.0, 0.0, 0.0, 0.0]}, "evaluations": {"eval_method": "jaccard_full_score", "singles": [[1.0, 1.0, 0.5, 0.3333333333333333, 0.25, 0.2, 0.16666666666666666, 0.14285714285714285, 0.125, 0.1111111111111111, 0.15789473684210525, 0.14285714285714285, 0.13043478260869565, 0.16666666666666666, 0.15384615384615385, 0.14285714285714285, 0.13333333333333333, 0.16129032258064516, 0.22580645161290322, 0.21212121212121213, 0.2, 0.1891891891891892, 0.21052631578947367, 0.2, 0.21951219512195122, 0.2682926829268293, 0.2558139534883721, 0.3023255813953488, 0.28888888888888886, 0.30434782608695654, 0.2916666666666667, 0.30612244897959184, 0.32, 0.36, 0.37254901960784315, 0.38461538461538464, 0.39622641509433965, 0.38181818181818183, 0.39285714285714285, 0.3793103448275862, 0.3898305084745763, 0.4, 0.3870967741935484, 0.375, 0.36363636363636365, 0.373134328358209, 0.36231884057971014, 0.37142857142857144, 0.4, 0.4084507042253521, 0.4166666666666667, 0.40540540540540543, 0.43243243243243246, 0.44, 0.4473684210526316, 0.45454545454545453, 0.46153846153846156, 0.46835443037974683, 0.475, 0.48148148148148145, 0.4878048780487805, 0.4939759036144578, 0.4823529411764706, 0.5058823529411764, 0.4942528735632184, 0.5172413793103449, 0.5402298850574713, 0.5632183908045977, 0.5681818181818182, 0.5909090909090909, 0.5955056179775281, 0.6, 0.5869565217391305, 0.5913978494623656, 0.5957446808510638, 0.5833333333333334, 0.6041666666666666, 0.6082474226804123, 0.6122448979591837, 0.6161616161616161, 0.6363636363636364, 0.64, 0.66, 0.68, 0.7, 0.72, 0.74, 0.76, 0.78, 0.8, 0.82, 0.84, 0.86, 0.88, 0.9, 0.92, 0.94, 0.96, 0.98, 1.0], 0.46715150543281786], "first_gen": [[1.0, 1.0, 0.5, 0.3333333333333333, 0.42857142857142855, 0.5, 0.5555555555555556, 0.6, 0.6363636363636364, 0.6666666666666666, 0.8333333333333334, 0.8461538461538461, 1.0, 0.8666666666666667, 0.875, 0.8823529411764706, 0.7894736842105263, 0.8, 0.8095238095238095, 0.7391304347826086, 0.68, 0.6923076923076923, 0.6428571428571429, 0.6, 0.6129032258064516, 0.625, 0.6875, 0.696969696969697, 0.6571428571428571, 0.6216216216216216, 0.5897435897435898, 0.5609756097560976, 0.5714285714285714, 0.5454545454545454, 0.5555555555555556, 0.5319148936170213, 0.5416666666666666, 0.5510204081632653, 0.5918367346938775, 0.6, 0.5769230769230769, 0.5849056603773585, 0.5636363636363636, 0.543859649122807, 0.5517241379310345, 0.5333333333333333, 0.5409836065573771, 0.5483870967741935, 0.5555555555555556, 0.5384615384615384, 0.5692307692307692, 0.5522388059701493, 0.582089552238806, 0.5652173913043478, 0.5942028985507246, 0.6, 0.5833333333333334, 0.589041095890411, 0.5945945945945946, 0.6216216216216216, 0.6486486486486487, 0.6533333333333333, 0.6578947368421053, 0.6623376623376623, 0.6666666666666666, 0.65, 0.654320987654321, 0.6585365853658537, 0.6428571428571429, 0.627906976744186, 0.632183908045977, 0.6363636363636364, 0.6222222222222222, 0.6086956521739131, 0.5957446808510638, 0.5833333333333334, 0.5714285714285714, 0.5757575757575758, 0.58, 0.6, 0.62, 0.64, 0.66, 0.68, 0.7, 0.72, 0.74, 0.76, 0.78, 0.8, 0.82, 0.84, 0.86, 0.88, 0.9, 0.92, 0.94, 0.96, 0.98, 1.0], 0.6660161267692541]}}