{"rank_algo": "random_forest_score", "seed": 18, "subsampling_proportion": 0.001, "exec_time": 0.2500002384185791, "results": {"features": ["feature98", "feature99", "feature89", "feature87", "feature84", "feature86", "feature88", "feature82", "feature85", "feature83", "feature81", "feature22", "feature23", "feature1", "feature33", "feature19", "feature57", "feature2", "feature10", "feature44", "feature20", "feature0", "feature71", "feature60", "feature21", "feature3", "feature59", "feature7", "feature55", "feature18", "feature9", "feature56", "feature15", "feature67", "feature46", "feature27", "feature47", "feature58", "feature41", "feature51", "feature52", "feature8", "feature17", "feature11", "feature54", "feature28", "feature49", "feature29", "feature40", "feature26", "feature69", "feature63", "feature30", "feature48", "feature50", "feature39", "feature38", "feature64", "feature36", "feature42", "feature43", "feature66", "feature91", "feature53", "feature31", "feature68", "feature61", "feature37", "feature24", "feature45", "feature5", "feature62", "feature90", "feature65", "feature12", "feature35", "feature32", "feature16", "feature13", "feature4", "feature25", "feature34", "feature14", "feature72", "feature6", "feature70", "feature73", "feature74", "feature75", "feature76", "feature77", "feature78", "feature79", "feature80", "feature92", "feature93", "feature94", "feature95", "feature96", "feature97"], "scores": [0.3634481108314317, 0.32588278952219013, 0.019255559160663446, 0.019021627605285082, 0.01732584501564869, 0.01722310383424623, 0.013959605370754736, 0.013607341880672278, 0.01330211519054953, 0.012576082310396435, 0.011332116651135413, 0.01032202721741631, 0.006343472777481018, 0.0060608551572266, 0.005707832922715201, 0.004617534847409538, 0.004562299785739022, 0.004470762643569206, 0.004350794930766737, 0.004182210725681118, 0.004130063502512819, 0.004056922649551885, 0.00389640258746089, 0.0038480936823939043, 0.0038333924653229643, 0.0035229140044099445, 0.003518629675473738, 0.0032307266528093753, 0.0030735536958913096, 0.002974428053756884, 0.0029379236325014217, 0.002928575867060714, 0.00291122683885086, 0.0028709333375904274, 0.002856906949049243, 0.0026649584869666808, 0.002609934440900816, 0.0024630555651210637, 0.0024567791078209385, 0.0024545590898647205, 0.0023756547582175973, 0.0023669782295306033, 0.0023290963192003017, 0.0023177358881298804, 0.002240692548896609, 0.0022158111925164705, 0.002214478843515966, 0.0021931744325349696, 0.00200714353344283, 0.0019416871524473725, 0.0019058361604216971, 0.0018598257338161045, 0.001817869610424197, 0.0018120152007923037, 0.0017642326749075523, 0.001713563628966712, 0.0017028207701145247, 0.0016492650588624473, 0.0015992504448961097, 0.0014106938420664808, 0.001347444310940954, 0.0013445367430175998, 0.0012537773630246364, 0.0012000947942794652, 0.0011990641414533776, 0.0011785275339981634, 0.001137119084417855, 0.0010793558116214117, 0.0010761257187310148, 0.0009434880490275148, 0.0009117614143945147, 0.000891171683395553, 0.0008758982064694383, 0.0008595023931611664, 0.0007682207443658161, 0.0006927436041971374, 0.0005921999373506469, 0.0005385592050035827, 0.0004700553807441609, 0.0003595727684296292, 0.000351117035614774, 0.0003258327323879446, 0.00032268311760211694, 5.12535363817968e-05, 0.0, 0.0, 0.0, 0.0, 0.0, 0.0, 0.0, 0.0, 0.0, 0.0, 0.0, 0.0, 0.0, 0.0, 0.0, 0.0]}, "evaluations": {"eval_method": "jaccard_full_score", "singles": [[1.0, 1.0, 0.5, 0.3333333333333333, 0.25, 0.2, 0.16666666666666666, 0.14285714285714285, 0.125, 0.1111111111111111, 0.1, 0.09090909090909091, 0.13043478260869565, 0.16666666666666666, 0.15384615384615385, 0.18518518518518517, 0.1724137931034483, 0.16129032258064516, 0.22580645161290322, 0.25, 0.2727272727272727, 0.2571428571428571, 0.24324324324324326, 0.23076923076923078, 0.25, 0.2682926829268293, 0.2857142857142857, 0.3023255813953488, 0.28888888888888886, 0.30434782608695654, 0.3191489361702128, 0.30612244897959184, 0.3469387755102041, 0.36, 0.4, 0.38461538461538464, 0.37037037037037035, 0.4074074074074074, 0.41818181818181815, 0.42857142857142855, 0.43859649122807015, 0.4482758620689655, 0.43333333333333335, 0.4426229508196721, 0.45161290322580644, 0.4375, 0.46875, 0.45454545454545453, 0.4626865671641791, 0.4925373134328358, 0.5, 0.5072463768115942, 0.5142857142857142, 0.5211267605633803, 0.5068493150684932, 0.5135135135135135, 0.5, 0.48717948717948717, 0.5128205128205128, 0.5384615384615384, 0.525, 0.5121951219512195, 0.5, 0.5058823529411764, 0.4942528735632184, 0.5, 0.5227272727272727, 0.5454545454545454, 0.5681818181818182, 0.5730337078651685, 0.5777777777777777, 0.6, 0.6043956043956044, 0.5913978494623656, 0.6129032258064516, 0.6, 0.6210526315789474, 0.625, 0.6288659793814433, 0.6494845360824743, 0.6530612244897959, 0.6565656565656566, 0.66, 0.68, 0.7, 0.72, 0.74, 0.76, 0.78, 0.8, 0.82, 0.84, 0.86, 0.88, 0.9, 0.92, 0.94, 0.96, 0.98, 1.0], 0.4863586405245441], "first_gen": [[1.0, 1.0, 0.5, 0.3333333333333333, 0.25, 0.3333333333333333, 0.4, 0.45454545454545453, 0.6363636363636364, 0.6666666666666666, 0.6923076923076923, 0.8461538461538461, 1.0, 0.8666666666666667, 0.875, 0.7777777777777778, 0.7, 0.7142857142857143, 0.7272727272727273, 0.6666666666666666, 0.6153846153846154, 0.6923076923076923, 0.7037037037037037, 0.7142857142857143, 0.7241379310344828, 0.7333333333333333, 0.6875, 0.6470588235294118, 0.6111111111111112, 0.6216216216216216, 0.631578947368421, 0.6, 0.6097560975609756, 0.6190476190476191, 0.5909090909090909, 0.5652173913043478, 0.5416666666666666, 0.52, 0.5, 0.5094339622641509, 0.5185185185185185, 0.5555555555555556, 0.5925925925925926, 0.5714285714285714, 0.5789473684210527, 0.5862068965517241, 0.5932203389830508, 0.6, 0.6065573770491803, 0.6129032258064516, 0.59375, 0.5757575757575758, 0.5588235294117647, 0.5882352941176471, 0.5942028985507246, 0.6231884057971014, 0.6285714285714286, 0.6111111111111112, 0.6388888888888888, 0.6666666666666666, 0.6944444444444444, 0.6986301369863014, 0.7027027027027027, 0.6842105263157895, 0.6666666666666666, 0.65, 0.6341463414634146, 0.6385542168674698, 0.6235294117647059, 0.6091954022988506, 0.6136363636363636, 0.6179775280898876, 0.6222222222222222, 0.6086956521739131, 0.6129032258064516, 0.6170212765957447, 0.6210526315789474, 0.625, 0.6122448979591837, 0.6161616161616161, 0.62, 0.64, 0.66, 0.68, 0.7, 0.72, 0.74, 0.76, 0.78, 0.8, 0.82, 0.84, 0.86, 0.88, 0.9, 0.92, 0.94, 0.96, 0.98, 1.0], 0.664066154993139]}}