{"rank_algo": "random_forest_score", "seed": 4, "subsampling_proportion": 0.00016, "exec_time": 0.11300063133239746, "results": {"features": ["feature99", "feature98", "feature1", "feature87", "feature86", "feature58", "feature83", "feature88", "feature30", "feature85", "feature18", "feature84", "feature9", "feature81", "feature21", "feature22", "feature23", "feature10", "feature40", "feature47", "feature8", "feature82", "feature44", "feature33", "feature42", "feature71", "feature54", "feature3", "feature29", "feature59", "feature2", "feature20", "feature49", "feature0", "feature57", "feature15", "feature67", "feature89", "feature11", "feature69", "feature19", "feature17", "feature55", "feature43", "feature39", "feature50", "feature35", "feature60", "feature68", "feature53", "feature24", "feature26", "feature34", "feature51", "feature7", "feature64", "feature63", "feature38", "feature37", "feature52", "feature41", "feature66", "feature56", "feature61", "feature31", "feature12", "feature25", "feature36", "feature5", "feature48", "feature46", "feature28", "feature65", "feature45", "feature27", "feature14", "feature62", "feature13", "feature16", "feature72", "feature4", "feature90", "feature91", "feature32", "feature6", "feature70", "feature73", "feature74", "feature75", "feature76", "feature77", "feature78", "feature79", "feature80", "feature92", "feature93", "feature94", "feature95", "feature96", "feature97"], "scores": [0.3418315165058822, 0.288502980395256, 0.016138903569237, 0.015930313804890205, 0.012999568919668206, 0.011153736447811029, 0.010869432498611371, 0.010470638032156965, 0.009760122439895373, 0.00918948211159912, 0.008826361106350359, 0.008739865071089606, 0.008497395496322812, 0.007617101234528115, 0.0070819331764458435, 0.007011830073406469, 0.006841916177207381, 0.00669336620611849, 0.006580299660701573, 0.006562544941307397, 0.0063701557794562345, 0.006236723412338997, 0.006117438012949532, 0.006117344495794314, 0.006057756090934636, 0.005789967652025241, 0.0056526196816504524, 0.005584746661123328, 0.0054247338612534775, 0.005196452497843134, 0.005117460534700599, 0.004963233917829435, 0.0048958361071797405, 0.0046666573736375075, 0.004568169808149687, 0.004534760619496551, 0.004475598341527886, 0.004447556390785109, 0.004443196014702314, 0.004356664280520528, 0.004332005294747949, 0.004298280416526556, 0.004120555383550316, 0.004113398426749417, 0.0040722906041732706, 0.0039410656157161305, 0.003914435415405666, 0.003912638027334135, 0.0038067925180606138, 0.0034986961450296965, 0.0033463942494622533, 0.003327778606628774, 0.003241718269418114, 0.003175863639874906, 0.002944073729161782, 0.0027437624702011383, 0.0025841137778561864, 0.0021719456814868515, 0.0020505840865535784, 0.002034678952941159, 0.0018500787873685107, 0.0018283564007839724, 0.0017196459184538459, 0.0017186508196680571, 0.0017103825990605439, 0.0016204793650384695, 0.0015940766421776006, 0.0015439635295618058, 0.0014514200458281385, 0.0014147962976197158, 0.0013862165525782158, 0.0013850949629125666, 0.0010911606995596776, 0.0010322644446539837, 0.001028907083840104, 0.0009679782431983903, 0.0008188460739418468, 0.0005327270470433628, 0.0004042057330336735, 0.0003147278212747814, 0.0002724841759888509, 0.00020690176568139692, 0.00015918427746968163, 0.0, 0.0, 0.0, 0.0, 0.0, 0.0, 0.0, 0.0, 0.0, 0.0, 0.0, 0.0, 0.0, 0.0, 0.0, 0.0, 0.0]}, "evaluations": {"eval_method": "jaccard_full_score", "singles": [[1.0, 1.0, 0.5, 0.3333333333333333, 0.25, 0.2, 0.16666666666666666, 0.14285714285714285, 0.125, 0.1111111111111111, 0.1, 0.09090909090909091, 0.13043478260869565, 0.12, 0.15384615384615385, 0.14285714285714285, 0.1724137931034483, 0.2, 0.26666666666666666, 0.25, 0.23529411764705882, 0.2222222222222222, 0.24324324324324326, 0.23076923076923078, 0.21951219512195122, 0.20930232558139536, 0.2, 0.21739130434782608, 0.23404255319148937, 0.2765957446808511, 0.3191489361702128, 0.3617021276595745, 0.40425531914893614, 0.3877551020408163, 0.4, 0.4117647058823529, 0.39622641509433965, 0.4074074074074074, 0.41818181818181815, 0.40350877192982454, 0.43859649122807015, 0.4482758620689655, 0.43333333333333335, 0.41935483870967744, 0.40625, 0.3939393939393939, 0.38235294117647056, 0.391304347826087, 0.38028169014084506, 0.3698630136986301, 0.3972602739726027, 0.40540540540540543, 0.41333333333333333, 0.44, 0.4473684210526316, 0.45454545454545453, 0.46153846153846156, 0.45, 0.4567901234567901, 0.4634146341463415, 0.46987951807228917, 0.47619047619047616, 0.46511627906976744, 0.4883720930232558, 0.4772727272727273, 0.5, 0.5056179775280899, 0.5280898876404494, 0.5333333333333333, 0.5384615384615384, 0.5434782608695652, 0.5652173913043478, 0.5531914893617021, 0.5578947368421052, 0.5625, 0.5510204081632653, 0.5714285714285714, 0.5757575757575758, 0.58, 0.6, 0.62, 0.64, 0.66, 0.68, 0.7, 0.72, 0.74, 0.76, 0.78, 0.8, 0.82, 0.84, 0.86, 0.88, 0.9, 0.92, 0.94, 0.96, 0.98, 1.0], 0.46414595664819747], "first_gen": [[1.0, 1.0, 0.5, 0.3333333333333333, 0.42857142857142855, 0.3333333333333333, 0.4, 0.45454545454545453, 0.38461538461538464, 0.42857142857142855, 0.4666666666666667, 0.5, 0.4444444444444444, 0.47368421052631576, 0.5, 0.5238095238095238, 0.5454545454545454, 0.6363636363636364, 0.6521739130434783, 0.6, 0.6153846153846154, 0.6296296296296297, 0.5862068965517241, 0.6, 0.6129032258064516, 0.5757575757575758, 0.5428571428571428, 0.5555555555555556, 0.5675675675675675, 0.5384615384615384, 0.55, 0.5609756097560976, 0.5714285714285714, 0.6190476190476191, 0.5909090909090909, 0.6, 0.6086956521739131, 0.6170212765957447, 0.5918367346938775, 0.5686274509803921, 0.5769230769230769, 0.6153846153846154, 0.5925925925925926, 0.6, 0.6071428571428571, 0.6140350877192983, 0.5932203389830508, 0.6, 0.5806451612903226, 0.5625, 0.5454545454545454, 0.5522388059701493, 0.5362318840579711, 0.5428571428571428, 0.5492957746478874, 0.5342465753424658, 0.5405405405405406, 0.5675675675675675, 0.5945945945945946, 0.6, 0.6266666666666667, 0.631578947368421, 0.6363636363636364, 0.620253164556962, 0.6049382716049383, 0.6097560975609756, 0.5952380952380952, 0.6, 0.6046511627906976, 0.6091954022988506, 0.6136363636363636, 0.6179775280898876, 0.6043956043956044, 0.5913978494623656, 0.5957446808510638, 0.6, 0.6041666666666666, 0.5918367346938775, 0.5959595959595959, 0.6161616161616161, 0.62, 0.64, 0.66, 0.68, 0.7, 0.72, 0.74, 0.76, 0.78, 0.8, 0.82, 0.84, 0.86, 0.88, 0.9, 0.92, 0.94, 0.96, 0.98, 1.0], 0.6180184070896063]}}