{"rank_algo": "random_forest_score", "seed": 42, "subsampling_proportion": 0.1, "exec_time": 14.658517122268677, "results": {"features": ["feature99", "feature98", "feature89", "feature83", "feature87", "feature85", "feature86", "feature81", "feature88", "feature23", "feature82", "feature84", "feature22", "feature1", "feature49", "feature5", "feature2", "feature32", "feature33", "feature71", "feature59", "feature10", "feature3", "feature12", "feature57", "feature55", "feature0", "feature8", "feature21", "feature60", "feature20", "feature91", "feature50", "feature14", "feature15", "feature9", "feature51", "feature18", "feature19", "feature27", "feature58", "feature7", "feature44", "feature36", "feature62", "feature67", "feature47", "feature29", "feature26", "feature56", "feature38", "feature41", "feature30", "feature11", "feature46", "feature52", "feature39", "feature64", "feature17", "feature54", "feature37", "feature66", "feature53", "feature69", "feature40", "feature43", "feature48", "feature28", "feature63", "feature90", "feature42", "feature24", "feature68", "feature16", "feature61", "feature35", "feature4", "feature31", "feature45", "feature25", "feature34", "feature65", "feature13", "feature72", "feature6", "feature78", "feature77", "feature74", "feature73", "feature70", "feature75", "feature76", "feature79", "feature80", "feature92", "feature93", "feature94", "feature95", "feature96", "feature97"], "scores": [0.4465005361034703, 0.41787605479899315, 0.016110686351008673, 0.016050965460378454, 0.012707741203305178, 0.011455496087323165, 0.0094191280813895, 0.008716839009132353, 0.007983880516423887, 0.007750880925986368, 0.005209330214043011, 0.004235894449980034, 0.0024616846373458384, 0.0022940558635786133, 0.001355898146063911, 0.0012279392883329104, 0.0009300221010802252, 0.0008295638508312879, 0.0007811746503462776, 0.0007501417192603587, 0.0007140030199105433, 0.0007136594047347523, 0.0007068437417465009, 0.000705609054659976, 0.0006934681534076488, 0.0006892453321794057, 0.0006766557409551135, 0.0006550003642726032, 0.0006399143441322996, 0.0006322786651293499, 0.0006255975748862289, 0.000621219000200566, 0.0006187774040945112, 0.0006167744494089464, 0.000610240317275904, 0.0005816617447828781, 0.0005704060577820037, 0.0005630994930272099, 0.0005580274922310492, 0.0005529288323634893, 0.0005495149453029722, 0.0005275603783393155, 0.000505392736991203, 0.0005004185746490376, 0.0004981029761676063, 0.00047208797639221425, 0.00047038315853420725, 0.0004097778888085851, 0.0004035796185790625, 0.0003997432656635796, 0.00037009155104568507, 0.0003657346191435756, 0.00034410342503821904, 0.0003415467838110861, 0.00034081748590530144, 0.00033342580882773036, 0.0003201713778582291, 0.00031835003781902174, 0.0003035898700219699, 0.00030091427072093986, 0.0002917277466230464, 0.0002897374367718594, 0.0002814626278890895, 0.00027561060899766683, 0.0002712092378902187, 0.0002700119156702867, 0.00024418587502425895, 0.00023942734592988688, 0.0002347063480982392, 0.00023130751647547132, 0.00023082020485650455, 0.00021904272941790254, 0.00017948379574870754, 0.00017698516374382796, 0.0001673928998189538, 0.00014601917099661696, 0.00013551421469224542, 0.00012268302331137738, 0.0001158585813040249, 0.00011079755688072247, 9.945686745107598e-05, 9.780178541268691e-05, 9.037881350776546e-05, 5.005899031468838e-06, 2.5928463285470735e-06, 1.1223208104041568e-06, 3.7156485696454295e-07, 3.527657431751013e-07, 3.0274164304002824e-07, 0.0, 0.0, 0.0, 0.0, 0.0, 0.0, 0.0, 0.0, 0.0, 0.0, 0.0]}, "evaluations": {"eval_method": "jaccard_full_score", "singles": [[1.0, 1.0, 0.5, 0.3333333333333333, 0.25, 0.2, 0.16666666666666666, 0.14285714285714285, 0.125, 0.17647058823529413, 0.15789473684210525, 0.14285714285714285, 0.13043478260869565, 0.16666666666666666, 0.2, 0.18518518518518517, 0.1724137931034483, 0.16129032258064516, 0.1875, 0.21212121212121213, 0.23529411764705882, 0.2571428571428571, 0.24324324324324326, 0.2631578947368421, 0.25, 0.23809523809523808, 0.22727272727272727, 0.24444444444444444, 0.2608695652173913, 0.30434782608695654, 0.3191489361702128, 0.30612244897959184, 0.32, 0.3333333333333333, 0.34615384615384615, 0.3584905660377358, 0.37037037037037035, 0.38181818181818183, 0.39285714285714285, 0.40350877192982454, 0.43859649122807015, 0.4482758620689655, 0.43333333333333335, 0.41935483870967744, 0.42857142857142855, 0.4153846153846154, 0.40298507462686567, 0.391304347826087, 0.42028985507246375, 0.42857142857142855, 0.43661971830985913, 0.4444444444444444, 0.4520547945205479, 0.4794520547945205, 0.4864864864864865, 0.49333333333333335, 0.5, 0.48717948717948717, 0.4936708860759494, 0.5189873417721519, 0.5061728395061729, 0.5121951219512195, 0.5, 0.5058823529411764, 0.5116279069767442, 0.5172413793103449, 0.5227272727272727, 0.5454545454545454, 0.5681818181818182, 0.5909090909090909, 0.5955056179775281, 0.6179775280898876, 0.6043956043956044, 0.6086956521739131, 0.6304347826086957, 0.6170212765957447, 0.6382978723404256, 0.625, 0.6288659793814433, 0.6161616161616161, 0.62, 0.64, 0.66, 0.68, 0.7, 0.72, 0.74, 0.76, 0.78, 0.8, 0.82, 0.84, 0.86, 0.88, 0.9, 0.92, 0.94, 0.96, 0.98, 1.0], 0.4782626986321969], "first_gen": [[1.0, 1.0, 0.5, 0.3333333333333333, 0.25, 0.3333333333333333, 0.5555555555555556, 0.6, 0.6363636363636364, 0.6666666666666666, 0.6923076923076923, 0.8461538461538461, 1.0, 0.8666666666666667, 0.875, 0.7777777777777778, 0.7894736842105263, 0.7142857142857143, 0.6521739130434783, 0.6, 0.5555555555555556, 0.5714285714285714, 0.5862068965517241, 0.5483870967741935, 0.5151515151515151, 0.4857142857142857, 0.5428571428571428, 0.5555555555555556, 0.5675675675675675, 0.5789473684210527, 0.5897435897435898, 0.6, 0.5714285714285714, 0.6190476190476191, 0.627906976744186, 0.6363636363636364, 0.6086956521739131, 0.6170212765957447, 0.6595744680851063, 0.6666666666666666, 0.64, 0.6153846153846154, 0.6538461538461539, 0.6296296296296297, 0.6071428571428571, 0.5862068965517241, 0.6206896551724138, 0.6271186440677966, 0.6610169491525424, 0.6949152542372882, 0.7, 0.6774193548387096, 0.65625, 0.6363636363636364, 0.6666666666666666, 0.6716417910447762, 0.6764705882352942, 0.6571428571428571, 0.6857142857142857, 0.7142857142857143, 0.7428571428571429, 0.7222222222222222, 0.7027027027027027, 0.7066666666666667, 0.7105263157894737, 0.7142857142857143, 0.717948717948718, 0.7215189873417721, 0.7037037037037037, 0.7073170731707317, 0.7108433734939759, 0.6941176470588235, 0.6781609195402298, 0.6818181818181818, 0.6666666666666666, 0.6703296703296703, 0.6559139784946236, 0.6421052631578947, 0.6288659793814433, 0.6326530612244898, 0.6530612244897959, 0.6565656565656566, 0.66, 0.68, 0.7, 0.72, 0.74, 0.76, 0.78, 0.8, 0.82, 0.84, 0.86, 0.88, 0.9, 0.92, 0.94, 0.96, 0.98, 1.0], 0.6821380631364816]}}