{"rank_algo": "random_forest_score", "seed": 32, "subsampling_proportion": 0.0001, "exec_time": 0.10556626319885254, "results": {"features": ["feature99", "feature98", "feature23", "feature81", "feature36", "feature20", "feature22", "feature21", "feature57", "feature49", "feature0", "feature2", "feature88", "feature89", "feature33", "feature52", "feature82", "feature87", "feature7", "feature83", "feature84", "feature46", "feature19", "feature55", "feature37", "feature10", "feature51", "feature86", "feature60", "feature69", "feature38", "feature59", "feature47", "feature25", "feature17", "feature85", "feature50", "feature54", "feature26", "feature18", "feature29", "feature67", "feature1", "feature3", "feature44", "feature58", "feature11", "feature35", "feature48", "feature8", "feature61", "feature13", "feature53", "feature91", "feature27", "feature66", "feature4", "feature9", "feature30", "feature14", "feature43", "feature15", "feature12", "feature65", "feature28", "feature63", "feature39", "feature40", "feature45", "feature32", "feature71", "feature31", "feature64", "feature34", "feature42", "feature62", "feature68", "feature72", "feature90", "feature41", "feature5", "feature24", "feature56", "feature16", "feature6", "feature70", "feature73", "feature74", "feature75", "feature76", "feature77", "feature78", "feature79", "feature80", "feature92", "feature93", "feature94", "feature95", "feature96", "feature97"], "scores": [0.28089481090499774, 0.25626760239407675, 0.023355996965567408, 0.018002002948252518, 0.016722088060108137, 0.014997772665417462, 0.014357742904921944, 0.013672515503213046, 0.012879348119026253, 0.012670032982507453, 0.01157671883893723, 0.010581290809696253, 0.010513351784856304, 0.010319028091368693, 0.009525683011945445, 0.0095041020200882, 0.009172366815056938, 0.009025799675358137, 0.008521336847583485, 0.008403792785989189, 0.008341635885565753, 0.007870296380505735, 0.007840758739931739, 0.007489059440924635, 0.007107408462848165, 0.007023385691965411, 0.007009078627868799, 0.006953075206379578, 0.006914985395968327, 0.006501201017256469, 0.0063204846987046015, 0.005889709787064868, 0.005598632704790968, 0.005464540243686438, 0.0053599317120117404, 0.005341461231194906, 0.005159486840584424, 0.005079736939176449, 0.004948552863132595, 0.004921667352064669, 0.0046690276415653756, 0.004631558250258798, 0.004622729522477312, 0.004476294320097445, 0.004137684260387157, 0.003959736253161792, 0.003946650546158826, 0.003943988120250347, 0.003916501827411104, 0.003873483662733276, 0.0038401753959585046, 0.003762411748523469, 0.0037234602295472177, 0.003653198553955366, 0.0032864880173160476, 0.0032232414014879015, 0.003168208902025793, 0.0031284455549524083, 0.003126083168623185, 0.003092809848276433, 0.0029393232397184436, 0.0027681652238789336, 0.0027256555470192324, 0.002525809382793224, 0.0022981664075060314, 0.0021976086570268416, 0.002169005120493653, 0.001990215215709457, 0.001876039684179125, 0.0017470325725480657, 0.0016105697707358658, 0.0015533375572016634, 0.0013228144568903832, 0.001287837493835349, 0.0011753249261635497, 0.0010748111664548744, 0.0010731696053696911, 0.0008865186740984853, 0.0006849010356367241, 0.0006195026256116478, 0.0005190481438136, 0.0003468361849372194, 0.00032765673261541035, 0.0, 0.0, 0.0, 0.0, 0.0, 0.0, 0.0, 0.0, 0.0, 0.0, 0.0, 0.0, 0.0, 0.0, 0.0, 0.0, 0.0]}, "evaluations": {"eval_method": "jaccard_full_score", "singles": [[1.0, 1.0, 1.0, 0.6, 0.42857142857142855, 0.3333333333333333, 0.2727272727272727, 0.3333333333333333, 0.2857142857142857, 0.3333333333333333, 0.29411764705882354, 0.2631578947368421, 0.23809523809523808, 0.21739130434782608, 0.2, 0.18518518518518517, 0.1724137931034483, 0.2, 0.22580645161290322, 0.25, 0.23529411764705882, 0.2571428571428571, 0.2777777777777778, 0.2631578947368421, 0.25, 0.2682926829268293, 0.2857142857142857, 0.3023255813953488, 0.3181818181818182, 0.3333333333333333, 0.3191489361702128, 0.3333333333333333, 0.32, 0.3333333333333333, 0.32075471698113206, 0.3090909090909091, 0.2982456140350877, 0.3103448275862069, 0.3220338983050847, 0.3333333333333333, 0.3442622950819672, 0.3548387096774194, 0.36507936507936506, 0.35384615384615387, 0.34328358208955223, 0.35294117647058826, 0.36231884057971014, 0.352112676056338, 0.3611111111111111, 0.3698630136986301, 0.3972602739726027, 0.40540540540540543, 0.41333333333333333, 0.42105263157894735, 0.42857142857142855, 0.4358974358974359, 0.425, 0.43209876543209874, 0.43902439024390244, 0.4457831325301205, 0.43529411764705883, 0.4588235294117647, 0.46511627906976744, 0.47126436781609193, 0.4772727272727273, 0.5, 0.5056179775280899, 0.5280898876404494, 0.550561797752809, 0.5555555555555556, 0.5604395604395604, 0.5652173913043478, 0.5531914893617021, 0.5578947368421052, 0.5789473684210527, 0.5833333333333334, 0.5876288659793815, 0.5918367346938775, 0.5959595959595959, 0.6161616161616161, 0.62, 0.64, 0.66, 0.68, 0.7, 0.72, 0.74, 0.76, 0.78, 0.8, 0.82, 0.84, 0.86, 0.88, 0.9, 0.92, 0.94, 0.96, 0.98, 1.0], 0.4804576808588387], "first_gen": [[1.0, 1.0, 1.0, 0.6, 0.42857142857142855, 0.3333333333333333, 0.4, 0.3333333333333333, 0.2857142857142857, 0.25, 0.2222222222222222, 0.2, 0.3, 0.3333333333333333, 0.30434782608695654, 0.28, 0.36, 0.38461538461538464, 0.4074074074074074, 0.42857142857142855, 0.5, 0.4666666666666667, 0.5333333333333333, 0.5, 0.47058823529411764, 0.4857142857142857, 0.5, 0.5135135135135135, 0.48717948717948717, 0.4634146341463415, 0.4418604651162791, 0.4222222222222222, 0.40425531914893614, 0.3877551020408163, 0.37254901960784315, 0.4117647058823529, 0.39622641509433965, 0.38181818181818183, 0.41818181818181815, 0.42857142857142855, 0.41379310344827586, 0.423728813559322, 0.43333333333333335, 0.4426229508196721, 0.47540983606557374, 0.4838709677419355, 0.49206349206349204, 0.5, 0.5076923076923077, 0.5151515151515151, 0.5223880597014925, 0.5072463768115942, 0.5142857142857142, 0.5211267605633803, 0.5492957746478874, 0.5342465753424658, 0.52, 0.5466666666666666, 0.5526315789473685, 0.5789473684210527, 0.6052631578947368, 0.631578947368421, 0.6363636363636364, 0.620253164556962, 0.625, 0.6097560975609756, 0.6144578313253012, 0.6190476190476191, 0.6046511627906976, 0.6091954022988506, 0.6136363636363636, 0.6, 0.5869565217391305, 0.5913978494623656, 0.5957446808510638, 0.6, 0.5876288659793815, 0.5757575757575758, 0.5959595959595959, 0.6161616161616161, 0.6363636363636364, 0.64, 0.66, 0.68, 0.7, 0.72, 0.74, 0.76, 0.78, 0.8, 0.82, 0.84, 0.86, 0.88, 0.9, 0.92, 0.94, 0.96, 0.98, 1.0], 0.557845855930324]}}