{"rank_algo": "random_forest_score", "seed": 63, "subsampling_proportion": 0.001, "exec_time": 0.2330007553100586, "results": {"features": ["feature98", "feature99", "feature86", "feature23", "feature89", "feature85", "feature84", "feature87", "feature83", "feature88", "feature81", "feature82", "feature22", "feature1", "feature10", "feature49", "feature44", "feature33", "feature21", "feature57", "feature3", "feature2", "feature0", "feature55", "feature60", "feature50", "feature15", "feature9", "feature20", "feature8", "feature19", "feature67", "feature59", "feature51", "feature69", "feature29", "feature43", "feature58", "feature5", "feature46", "feature18", "feature39", "feature26", "feature7", "feature64", "feature17", "feature66", "feature40", "feature38", "feature71", "feature47", "feature36", "feature30", "feature52", "feature68", "feature42", "feature24", "feature41", "feature63", "feature28", "feature37", "feature53", "feature11", "feature91", "feature31", "feature54", "feature27", "feature56", "feature32", "feature48", "feature25", "feature62", "feature12", "feature13", "feature61", "feature90", "feature35", "feature45", "feature16", "feature65", "feature14", "feature4", "feature34", "feature6", "feature70", "feature72", "feature73", "feature74", "feature75", "feature76", "feature77", "feature78", "feature79", "feature80", "feature92", "feature93", "feature94", "feature95", "feature96", "feature97"], "scores": [0.3665117027469287, 0.3428719962073139, 0.01708328776586809, 0.015202896338956957, 0.013890970013688, 0.013668842640732634, 0.012784192596747106, 0.012782874751645815, 0.01237001750692894, 0.011847095239163684, 0.010941438583332146, 0.008775683501570167, 0.005973034105582915, 0.0057821304334431, 0.004784330410243722, 0.004748877606753335, 0.004586663572687824, 0.004437830207036395, 0.004195836336755988, 0.004154425802767633, 0.00403836483671329, 0.003933749623377095, 0.0037230831689489844, 0.003642114155844228, 0.003548429509201381, 0.003528443789756861, 0.0034582283123897216, 0.0033475763787002965, 0.003289785970582524, 0.0031404175262644348, 0.003085360471366233, 0.0029973068858421214, 0.0029521488423848038, 0.0029422180290388238, 0.002753644904976728, 0.0026957799660180313, 0.0025782235068655835, 0.002470423070237731, 0.0024461819304393765, 0.002439713009715889, 0.0024284454648650995, 0.0024063509496190677, 0.002311721877881988, 0.002300142578663902, 0.0021957923884115614, 0.0021697364865318285, 0.002155593949944915, 0.002128463976010079, 0.0020731004232791587, 0.0020642499342378297, 0.0019704618013818152, 0.0019330451867705836, 0.0019304283761931301, 0.0017182134491107756, 0.0016530156725343085, 0.001610983944522668, 0.0016105376905503322, 0.0015583847916256967, 0.0014279877572254082, 0.0014007768238484522, 0.0013581331274228653, 0.0013452840412857643, 0.0013064180780041445, 0.0012804712253751426, 0.0012225154050042814, 0.001188276373235318, 0.0011776992250053804, 0.0010992481290170491, 0.0010486998805697772, 0.0009832086990673888, 0.0009219773798830309, 0.0008506136223563759, 0.0008466523619294337, 0.0007868541567968962, 0.0007574797046528599, 0.0007573861830218866, 0.000683632368186632, 0.0006433374246450638, 0.0005538821494212795, 0.0005147180369965464, 0.0004989936296475511, 0.00039165136547074175, 0.0003301136529848767, 0.0, 0.0, 0.0, 0.0, 0.0, 0.0, 0.0, 0.0, 0.0, 0.0, 0.0, 0.0, 0.0, 0.0, 0.0, 0.0, 0.0]}, "evaluations": {"eval_method": "jaccard_full_score", "singles": [[1.0, 1.0, 0.5, 0.6, 0.42857142857142855, 0.3333333333333333, 0.2727272727272727, 0.23076923076923078, 0.2, 0.17647058823529413, 0.15789473684210525, 0.14285714285714285, 0.13043478260869565, 0.16666666666666666, 0.2, 0.23076923076923078, 0.21428571428571427, 0.2, 0.26666666666666666, 0.25, 0.23529411764705882, 0.2571428571428571, 0.24324324324324326, 0.23076923076923078, 0.21951219512195122, 0.23809523809523808, 0.2558139534883721, 0.2727272727272727, 0.28888888888888886, 0.30434782608695654, 0.34782608695652173, 0.3333333333333333, 0.3469387755102041, 0.3877551020408163, 0.37254901960784315, 0.3584905660377358, 0.34545454545454546, 0.35714285714285715, 0.3448275862068966, 0.3559322033898305, 0.3898305084745763, 0.4, 0.4098360655737705, 0.3968253968253968, 0.38461538461538464, 0.373134328358209, 0.36231884057971014, 0.37142857142857144, 0.3611111111111111, 0.3888888888888889, 0.3972602739726027, 0.40540540540540543, 0.41333333333333333, 0.42105263157894735, 0.41025641025641024, 0.4358974358974359, 0.4430379746835443, 0.45, 0.475, 0.5, 0.4878048780487805, 0.4939759036144578, 0.5, 0.5058823529411764, 0.4942528735632184, 0.5172413793103449, 0.5402298850574713, 0.5454545454545454, 0.5681818181818182, 0.5730337078651685, 0.5604395604395604, 0.5824175824175825, 0.5869565217391305, 0.5913978494623656, 0.6129032258064516, 0.6170212765957447, 0.6210526315789474, 0.625, 0.6288659793814433, 0.6326530612244898, 0.6363636363636364, 0.6565656565656566, 0.66, 0.68, 0.7, 0.72, 0.74, 0.76, 0.78, 0.8, 0.82, 0.84, 0.86, 0.88, 0.9, 0.92, 0.94, 0.96, 0.98, 1.0], 0.47984301595777484], "first_gen": [[1.0, 1.0, 0.5, 0.6, 0.6666666666666666, 0.7142857142857143, 0.75, 0.7777777777777778, 0.6363636363636364, 0.8181818181818182, 0.8333333333333334, 0.8461538461538461, 1.0, 0.8666666666666667, 1.0, 0.8823529411764706, 0.7894736842105263, 0.7142857142857143, 0.7272727272727273, 0.6666666666666666, 0.68, 0.6923076923076923, 0.7037037037037037, 0.7142857142857143, 0.6666666666666666, 0.625, 0.6363636363636364, 0.696969696969697, 0.7058823529411765, 0.7142857142857143, 0.7222222222222222, 0.6842105263157895, 0.65, 0.6190476190476191, 0.5909090909090909, 0.5652173913043478, 0.574468085106383, 0.5510204081632653, 0.56, 0.5686274509803921, 0.5769230769230769, 0.5849056603773585, 0.5925925925925926, 0.5714285714285714, 0.5789473684210527, 0.5862068965517241, 0.5666666666666667, 0.6, 0.5806451612903226, 0.5873015873015873, 0.6190476190476191, 0.625, 0.6060606060606061, 0.5882352941176471, 0.5942028985507246, 0.6, 0.5833333333333334, 0.589041095890411, 0.5945945945945946, 0.6216216216216216, 0.6486486486486487, 0.6533333333333333, 0.6363636363636364, 0.6410256410256411, 0.625, 0.6296296296296297, 0.6341463414634146, 0.6385542168674698, 0.6428571428571429, 0.6470588235294118, 0.632183908045977, 0.6363636363636364, 0.6404494382022472, 0.6263736263736264, 0.6129032258064516, 0.6170212765957447, 0.6210526315789474, 0.6082474226804123, 0.6122448979591837, 0.6161616161616161, 0.6363636363636364, 0.64, 0.66, 0.68, 0.7, 0.72, 0.74, 0.76, 0.78, 0.8, 0.82, 0.84, 0.86, 0.88, 0.9, 0.92, 0.94, 0.96, 0.98, 1.0], 0.690842490295293]}}