{"rank_algo": "random_forest_score", "seed": 46, "subsampling_proportion": 0.0025, "exec_time": 0.43833494186401367, "results": {"features": ["feature98", "feature99", "feature85", "feature86", "feature87", "feature83", "feature84", "feature89", "feature81", "feature23", "feature88", "feature22", "feature82", "feature3", "feature0", "feature2", "feature33", "feature55", "feature44", "feature57", "feature1", "feature18", "feature9", "feature58", "feature10", "feature60", "feature49", "feature19", "feature20", "feature8", "feature67", "feature21", "feature26", "feature71", "feature64", "feature51", "feature7", "feature47", "feature27", "feature59", "feature37", "feature28", "feature29", "feature50", "feature30", "feature5", "feature62", "feature36", "feature38", "feature66", "feature17", "feature46", "feature52", "feature48", "feature24", "feature12", "feature11", "feature63", "feature43", "feature41", "feature15", "feature39", "feature54", "feature69", "feature42", "feature68", "feature53", "feature40", "feature14", "feature16", "feature61", "feature32", "feature91", "feature35", "feature56", "feature25", "feature65", "feature31", "feature45", "feature90", "feature4", "feature34", "feature13", "feature72", "feature6", "feature70", "feature73", "feature74", "feature75", "feature76", "feature77", "feature78", "feature79", "feature80", "feature92", "feature93", "feature94", "feature95", "feature96", "feature97"], "scores": [0.40353889497358725, 0.3537356195709149, 0.021242113371681557, 0.0187869996763196, 0.015449616655064459, 0.012598333498808484, 0.012484113967698418, 0.009792467462543348, 0.008314840152911384, 0.008235219625156807, 0.00795619691275212, 0.005286234214307372, 0.00489187491581201, 0.003999094043270596, 0.003855026354225592, 0.0036076507097037944, 0.003585519114704976, 0.0034271633797827486, 0.0033116933124176908, 0.003202968114295866, 0.003191517245988952, 0.003074747559051923, 0.0029853365913495924, 0.0028672093542509596, 0.0028145585251311686, 0.0024899117963771704, 0.0024793977739092357, 0.0023743000639132933, 0.002326844639365061, 0.002310701276274498, 0.002299723190630088, 0.002166050589116075, 0.0021333069076482094, 0.002092821362289005, 0.0020914595012563653, 0.001981846849578175, 0.0019098830596411514, 0.001836075746068895, 0.0017886704677404371, 0.001743032023892314, 0.0016949562391108631, 0.0016698739239364342, 0.0016511027538748978, 0.0015587626493926443, 0.0015532041921848324, 0.0015382798130092932, 0.0015263000822421594, 0.0015226347870768947, 0.0015183916063275145, 0.0014771024305555449, 0.0014332856031497795, 0.001414271557572936, 0.0013992090212257245, 0.0013807747295734457, 0.0013784762698701536, 0.001331670241556322, 0.0013109164795113385, 0.00130417223643101, 0.0012657251217776282, 0.0012538474033715677, 0.0012190013880171862, 0.0011752973018195928, 0.0011323193176203132, 0.0010362317276119627, 0.0010313373642126008, 0.000996871799276252, 0.0009467503699095508, 0.0009196912544341319, 0.0008054883281408867, 0.0007870353904740246, 0.000692726664884077, 0.0006659150061842814, 0.0006626337484906092, 0.0006331543495829113, 0.0005348675462957457, 0.0005151786324209994, 0.0005107088740299811, 0.0004988712112495729, 0.0004653590923451498, 0.0003821146339856774, 0.00034117641009538284, 0.00029091672475416424, 0.00023203352334391335, 8.232764963840436e-05, 0.0, 0.0, 0.0, 0.0, 0.0, 0.0, 0.0, 0.0, 0.0, 0.0, 0.0, 0.0, 0.0, 0.0, 0.0, 0.0]}, "evaluations": {"eval_method": "jaccard_full_score", "singles": [[1.0, 1.0, 0.5, 0.3333333333333333, 0.25, 0.2, 0.16666666666666666, 0.14285714285714285, 0.125, 0.17647058823529413, 0.15789473684210525, 0.14285714285714285, 0.13043478260869565, 0.12, 0.1111111111111111, 0.10344827586206896, 0.0967741935483871, 0.09090909090909091, 0.11764705882352941, 0.14285714285714285, 0.16666666666666666, 0.15789473684210525, 0.15, 0.17073170731707318, 0.19047619047619047, 0.20930232558139536, 0.22727272727272727, 0.2727272727272727, 0.28888888888888886, 0.30434782608695654, 0.3191489361702128, 0.3333333333333333, 0.3469387755102041, 0.3877551020408163, 0.4, 0.4117647058823529, 0.39622641509433965, 0.38181818181818183, 0.39285714285714285, 0.40350877192982454, 0.41379310344827586, 0.423728813559322, 0.4098360655737705, 0.3968253968253968, 0.38461538461538464, 0.373134328358209, 0.40298507462686567, 0.391304347826087, 0.4, 0.4084507042253521, 0.4166666666666667, 0.4246575342465753, 0.43243243243243246, 0.44, 0.4473684210526316, 0.47368421052631576, 0.4805194805194805, 0.48717948717948717, 0.4936708860759494, 0.5189873417721519, 0.525, 0.5308641975308642, 0.5365853658536586, 0.5421686746987951, 0.5476190476190477, 0.5529411764705883, 0.5581395348837209, 0.5813953488372093, 0.5862068965517241, 0.6091954022988506, 0.6136363636363636, 0.6363636363636364, 0.6222222222222222, 0.6086956521739131, 0.6129032258064516, 0.6, 0.6041666666666666, 0.5918367346938775, 0.5959595959595959, 0.6161616161616161, 0.6363636363636364, 0.64, 0.66, 0.68, 0.7, 0.72, 0.74, 0.76, 0.78, 0.8, 0.82, 0.84, 0.86, 0.88, 0.9, 0.92, 0.94, 0.96, 0.98, 1.0], 0.4699816732053554], "first_gen": [[1.0, 1.0, 0.5, 0.3333333333333333, 0.42857142857142855, 0.5, 0.5555555555555556, 0.6, 0.5, 0.6666666666666666, 0.8333333333333334, 0.8461538461538461, 1.0, 0.8666666666666667, 0.7647058823529411, 0.7777777777777778, 0.7894736842105263, 0.7142857142857143, 0.6521739130434783, 0.6, 0.68, 0.6296296296296297, 0.6428571428571429, 0.6551724137931034, 0.7241379310344828, 0.6774193548387096, 0.6875, 0.696969696969697, 0.7058823529411765, 0.7142857142857143, 0.6756756756756757, 0.6842105263157895, 0.65, 0.6585365853658537, 0.627906976744186, 0.6, 0.574468085106383, 0.5833333333333334, 0.5918367346938775, 0.5686274509803921, 0.5471698113207547, 0.5555555555555556, 0.5636363636363636, 0.543859649122807, 0.5254237288135594, 0.5333333333333333, 0.5161290322580645, 0.5483870967741935, 0.53125, 0.5384615384615384, 0.5692307692307692, 0.5757575757575758, 0.582089552238806, 0.6119402985074627, 0.6176470588235294, 0.6231884057971014, 0.6056338028169014, 0.589041095890411, 0.6164383561643836, 0.6438356164383562, 0.6712328767123288, 0.6756756756756757, 0.68, 0.6842105263157895, 0.6883116883116883, 0.6708860759493671, 0.654320987654321, 0.6585365853658537, 0.6626506024096386, 0.6666666666666666, 0.6511627906976745, 0.6551724137931034, 0.6590909090909091, 0.6629213483146067, 0.6666666666666666, 0.6521739130434783, 0.6382978723404256, 0.625, 0.6122448979591837, 0.6326530612244898, 0.6363636363636364, 0.6565656565656566, 0.66, 0.68, 0.7, 0.72, 0.74, 0.76, 0.78, 0.8, 0.82, 0.84, 0.86, 0.88, 0.9, 0.92, 0.94, 0.96, 0.98, 1.0], 0.6747066757432226]}}