{"rank_algo": "random_forest_score", "seed": 23, "subsampling_proportion": 0.001, "exec_time": 0.23099970817565918, "results": {"features": ["feature98", "feature99", "feature83", "feature87", "feature82", "feature89", "feature88", "feature84", "feature81", "feature85", "feature86", "feature23", "feature49", "feature58", "feature10", "feature22", "feature2", "feature3", "feature55", "feature60", "feature11", "feature19", "feature36", "feature33", "feature59", "feature21", "feature44", "feature57", "feature8", "feature7", "feature9", "feature43", "feature53", "feature17", "feature29", "feature20", "feature46", "feature67", "feature71", "feature30", "feature0", "feature50", "feature51", "feature5", "feature38", "feature26", "feature41", "feature54", "feature40", "feature1", "feature69", "feature37", "feature42", "feature52", "feature68", "feature66", "feature18", "feature61", "feature12", "feature64", "feature47", "feature56", "feature24", "feature63", "feature27", "feature35", "feature48", "feature39", "feature15", "feature25", "feature45", "feature62", "feature28", "feature34", "feature90", "feature65", "feature91", "feature13", "feature31", "feature4", "feature16", "feature14", "feature32", "feature72", "feature6", "feature70", "feature73", "feature74", "feature75", "feature76", "feature77", "feature78", "feature79", "feature80", "feature92", "feature93", "feature94", "feature95", "feature96", "feature97"], "scores": [0.41414200229993986, 0.3521052641280971, 0.009840348883768203, 0.009114483877571892, 0.008988665517944564, 0.008799366333679328, 0.008736946246892478, 0.008478501760034752, 0.008459665186562524, 0.008292857403598534, 0.007004542498986618, 0.005977369048656706, 0.0052538944345164275, 0.004959973075631327, 0.004506128561781556, 0.00405403776155976, 0.003955849519306674, 0.0038626578657952734, 0.0036768681024832803, 0.0034627835258028206, 0.0034538069778022756, 0.003442927543462325, 0.0033995105873897897, 0.003377638912372141, 0.0033698543380386394, 0.0033306784007316914, 0.0033288997288652366, 0.0031643187393125857, 0.0031588812888609877, 0.0029954241169253973, 0.002873718154656988, 0.00284678846216256, 0.002818086723045679, 0.002783303290811699, 0.0027737988445817223, 0.0026480434337266844, 0.0025828895964841447, 0.0024862695670935754, 0.0024836892020580086, 0.0024549330675315427, 0.002445436564990595, 0.002403067287359945, 0.0023651228073502486, 0.002267466921570638, 0.0021258145741082633, 0.0021110214512686915, 0.002105687318581293, 0.002026754768746787, 0.001961630205587909, 0.0019317760136111435, 0.0018172749698336802, 0.0016945072450894228, 0.0016749457524792616, 0.0016623600047393169, 0.0016471952881307761, 0.0016315211274449519, 0.0015841379018334439, 0.00152991627081346, 0.0014946795841328778, 0.0014837144265165507, 0.0014795935388386956, 0.0014197086586315226, 0.0014128248436241888, 0.001344984696384624, 0.0012086333531039072, 0.0011988045422235932, 0.0010983685852945211, 0.0010783090245209466, 0.0010074451549693482, 0.0008652799673513228, 0.0007592989461193201, 0.0007200861469560373, 0.0007195059499634702, 0.0006028495386514121, 0.000590344245867626, 0.0005017308191303834, 0.0004976736298639989, 0.0004788708494424709, 0.0004576112947661859, 0.0004483045348790673, 0.00025941194884243277, 0.00023775597668920803, 0.00017356509357381976, 2.9341167599287736e-05, 0.0, 0.0, 0.0, 0.0, 0.0, 0.0, 0.0, 0.0, 0.0, 0.0, 0.0, 0.0, 0.0, 0.0, 0.0, 0.0]}, "evaluations": {"eval_method": "jaccard_full_score", "singles": [[1.0, 1.0, 0.5, 0.3333333333333333, 0.25, 0.2, 0.16666666666666666, 0.14285714285714285, 0.125, 0.1111111111111111, 0.1, 0.14285714285714285, 0.18181818181818182, 0.16666666666666666, 0.2, 0.18518518518518517, 0.1724137931034483, 0.16129032258064516, 0.1875, 0.21212121212121213, 0.23529411764705882, 0.2571428571428571, 0.2777777777777778, 0.2631578947368421, 0.28205128205128205, 0.3333333333333333, 0.3170731707317073, 0.3333333333333333, 0.3181818181818182, 0.3333333333333333, 0.34782608695652173, 0.3333333333333333, 0.32, 0.3333333333333333, 0.32075471698113206, 0.3333333333333333, 0.34545454545454546, 0.3333333333333333, 0.3448275862068966, 0.3333333333333333, 0.3442622950819672, 0.3548387096774194, 0.36507936507936506, 0.35384615384615387, 0.34328358208955223, 0.35294117647058826, 0.36231884057971014, 0.37142857142857144, 0.4, 0.42857142857142855, 0.43661971830985913, 0.4246575342465753, 0.4520547945205479, 0.4594594594594595, 0.4473684210526316, 0.45454545454545453, 0.46153846153846156, 0.46835443037974683, 0.4936708860759494, 0.5, 0.4878048780487805, 0.4939759036144578, 0.5, 0.5238095238095238, 0.5294117647058824, 0.5348837209302325, 0.5402298850574713, 0.5454545454545454, 0.5681818181818182, 0.5730337078651685, 0.5777777777777777, 0.6, 0.6043956043956044, 0.5913978494623656, 0.5957446808510638, 0.5833333333333334, 0.6041666666666666, 0.6082474226804123, 0.5959595959595959, 0.6161616161616161, 0.6363636363636364, 0.64, 0.66, 0.68, 0.7, 0.72, 0.74, 0.76, 0.78, 0.8, 0.82, 0.84, 0.86, 0.88, 0.9, 0.92, 0.94, 0.96, 0.98, 1.0], 0.47070911609201244], "first_gen": [[1.0, 1.0, 0.5, 0.3333333333333333, 0.25, 0.2, 0.2727272727272727, 0.3333333333333333, 0.38461538461538464, 0.5384615384615384, 0.6923076923076923, 0.8461538461538461, 0.8571428571428571, 0.75, 0.7647058823529411, 0.7777777777777778, 0.7894736842105263, 0.8, 0.7272727272727273, 0.6666666666666666, 0.6153846153846154, 0.6296296296296297, 0.5862068965517241, 0.5483870967741935, 0.5151515151515151, 0.5294117647058824, 0.5882352941176471, 0.5555555555555556, 0.5675675675675675, 0.5384615384615384, 0.55, 0.5609756097560976, 0.5348837209302325, 0.5111111111111111, 0.48936170212765956, 0.5319148936170213, 0.5102040816326531, 0.49019607843137253, 0.5, 0.48148148148148145, 0.4909090909090909, 0.47368421052631576, 0.4827586206896552, 0.4915254237288136, 0.5, 0.5081967213114754, 0.5161290322580645, 0.5483870967741935, 0.5555555555555556, 0.5625, 0.5692307692307692, 0.5522388059701493, 0.582089552238806, 0.5652173913043478, 0.5714285714285714, 0.5774647887323944, 0.5833333333333334, 0.5675675675675675, 0.5945945945945946, 0.6, 0.6266666666666667, 0.6533333333333333, 0.6363636363636364, 0.620253164556962, 0.625, 0.6296296296296297, 0.6341463414634146, 0.6385542168674698, 0.6428571428571429, 0.627906976744186, 0.6136363636363636, 0.6179775280898876, 0.6222222222222222, 0.6263736263736264, 0.6304347826086957, 0.6170212765957447, 0.6210526315789474, 0.6082474226804123, 0.5959595959595959, 0.6, 0.62, 0.64, 0.66, 0.68, 0.7, 0.72, 0.74, 0.76, 0.78, 0.8, 0.82, 0.84, 0.86, 0.88, 0.9, 0.92, 0.94, 0.96, 0.98, 1.0], 0.6252377760982327]}}