{"rank_algo": "random_forest_score", "seed": 92, "subsampling_proportion": 0.0001, "exec_time": 0.1060018539428711, "results": {"features": ["feature99", "feature98", "feature8", "feature49", "feature55", "feature22", "feature19", "feature20", "feature85", "feature10", "feature67", "feature9", "feature2", "feature45", "feature83", "feature3", "feature43", "feature84", "feature60", "feature1", "feature50", "feature29", "feature82", "feature54", "feature88", "feature36", "feature47", "feature17", "feature89", "feature7", "feature51", "feature23", "feature12", "feature81", "feature87", "feature33", "feature86", "feature38", "feature28", "feature57", "feature0", "feature53", "feature59", "feature71", "feature11", "feature52", "feature58", "feature68", "feature21", "feature18", "feature65", "feature26", "feature66", "feature61", "feature62", "feature44", "feature34", "feature30", "feature64", "feature63", "feature40", "feature48", "feature56", "feature5", "feature24", "feature46", "feature31", "feature37", "feature35", "feature13", "feature41", "feature42", "feature39", "feature32", "feature14", "feature27", "feature15", "feature69", "feature91", "feature90", "feature25", "feature4", "feature16", "feature6", "feature70", "feature72", "feature73", "feature74", "feature75", "feature76", "feature77", "feature78", "feature79", "feature80", "feature92", "feature93", "feature94", "feature95", "feature96", "feature97"], "scores": [0.27786629956513326, 0.2591178974269896, 0.01631966147465803, 0.014639454384146652, 0.01444845265458988, 0.014370724905030514, 0.013012180667774906, 0.012386648482960913, 0.012302334720686356, 0.01149967420797802, 0.011361429778241122, 0.010647383869839232, 0.010453421443587607, 0.010308459966369386, 0.010273977927033185, 0.00960270477673187, 0.009456399356749606, 0.009342179117415857, 0.00883557010479872, 0.008814349040033295, 0.008729862618045335, 0.008372927461838936, 0.008101723647774558, 0.007884639079083862, 0.0073770408362549885, 0.007313927803626884, 0.007181663673685127, 0.006971611870144706, 0.006893808838912139, 0.006780988261247063, 0.00677436936209348, 0.006359928035056087, 0.006267769376892577, 0.006231966558413565, 0.006213819752349067, 0.0060394471756435334, 0.005328954629236199, 0.0052085700760622, 0.004970188371015086, 0.004784727269792908, 0.004701769444784977, 0.004627723244700755, 0.0046070418987740796, 0.0045440619441578295, 0.004442300112725438, 0.004419887541585838, 0.004414459176737781, 0.004215861933505037, 0.0040043423433471495, 0.003949913716793459, 0.003938655050225191, 0.003924652000616302, 0.003833871833525905, 0.0036608142338846895, 0.0036087173734745477, 0.0035704300325471753, 0.003474297541169312, 0.003369221586675666, 0.003342184743303131, 0.003285099887448998, 0.003263984783075211, 0.0032224874335172286, 0.0031072116603842246, 0.003079714944160847, 0.0030563631639137193, 0.0024215162082006935, 0.002401334384726016, 0.002214361501239421, 0.0020510207034033045, 0.002026001160402446, 0.0018291511108677054, 0.0017078139442393665, 0.0017017682956980593, 0.0015908867646737017, 0.001574052206949898, 0.0014812515007047882, 0.0011035842204753575, 0.0010883811003410794, 0.0008367317152597526, 0.00072333465136327, 0.0005928314447313909, 0.00014377289377289377, 0.0, 0.0, 0.0, 0.0, 0.0, 0.0, 0.0, 0.0, 0.0, 0.0, 0.0, 0.0, 0.0, 0.0, 0.0, 0.0, 0.0, 0.0]}, "evaluations": {"eval_method": "jaccard_full_score", "singles": [[1.0, 1.0, 0.5, 0.3333333333333333, 0.25, 0.2, 0.16666666666666666, 0.23076923076923078, 0.2, 0.3333333333333333, 0.29411764705882354, 0.2631578947368421, 0.23809523809523808, 0.21739130434782608, 0.2, 0.18518518518518517, 0.1724137931034483, 0.2, 0.22580645161290322, 0.2903225806451613, 0.2727272727272727, 0.2571428571428571, 0.24324324324324326, 0.23076923076923078, 0.21951219512195122, 0.23809523809523808, 0.2558139534883721, 0.24444444444444444, 0.2608695652173913, 0.2765957446808511, 0.3191489361702128, 0.3333333333333333, 0.3469387755102041, 0.36, 0.34615384615384615, 0.3584905660377358, 0.34545454545454546, 0.3333333333333333, 0.3220338983050847, 0.3114754098360656, 0.3225806451612903, 0.3333333333333333, 0.34375, 0.35384615384615387, 0.36363636363636365, 0.35294117647058826, 0.38235294117647056, 0.37142857142857144, 0.4, 0.42857142857142855, 0.43661971830985913, 0.4444444444444444, 0.4520547945205479, 0.4794520547945205, 0.4864864864864865, 0.49333333333333335, 0.4805194805194805, 0.46835443037974683, 0.475, 0.5, 0.5061728395061729, 0.4939759036144578, 0.4823529411764706, 0.4883720930232558, 0.4942528735632184, 0.5172413793103449, 0.5227272727272727, 0.5454545454545454, 0.550561797752809, 0.5730337078651685, 0.5777777777777777, 0.6, 0.5869565217391305, 0.5913978494623656, 0.5789473684210527, 0.5833333333333334, 0.6041666666666666, 0.5918367346938775, 0.5959595959595959, 0.6161616161616161, 0.62, 0.64, 0.66, 0.68, 0.7, 0.72, 0.74, 0.76, 0.78, 0.8, 0.82, 0.84, 0.86, 0.88, 0.9, 0.92, 0.94, 0.96, 0.98, 1.0], 0.4752076487128782], "first_gen": [[1.0, 1.0, 0.5, 0.3333333333333333, 0.25, 0.3333333333333333, 0.2727272727272727, 0.23076923076923078, 0.2857142857142857, 0.25, 0.2222222222222222, 0.2, 0.18181818181818182, 0.21739130434782608, 0.25, 0.28, 0.3076923076923077, 0.38461538461538464, 0.35714285714285715, 0.42857142857142855, 0.4, 0.41935483870967744, 0.4838709677419355, 0.45454545454545453, 0.47058823529411764, 0.4857142857142857, 0.5, 0.47368421052631576, 0.48717948717948717, 0.4634146341463415, 0.4418604651162791, 0.45454545454545453, 0.43478260869565216, 0.44680851063829785, 0.4583333333333333, 0.46938775510204084, 0.48, 0.46153846153846156, 0.4716981132075472, 0.45454545454545453, 0.4642857142857143, 0.47368421052631576, 0.4576271186440678, 0.4666666666666667, 0.45161290322580644, 0.4603174603174603, 0.46875, 0.47692307692307695, 0.5076923076923077, 0.5151515151515151, 0.5223880597014925, 0.5294117647058824, 0.5142857142857142, 0.5211267605633803, 0.5492957746478874, 0.5555555555555556, 0.5616438356164384, 0.5466666666666666, 0.5526315789473685, 0.5584415584415584, 0.5844155844155844, 0.5897435897435898, 0.5949367088607594, 0.6, 0.5853658536585366, 0.5903614457831325, 0.5764705882352941, 0.5813953488372093, 0.5862068965517241, 0.5730337078651685, 0.5777777777777777, 0.5824175824175825, 0.5869565217391305, 0.5913978494623656, 0.5957446808510638, 0.6, 0.6041666666666666, 0.6082474226804123, 0.6122448979591837, 0.6326530612244898, 0.6363636363636364, 0.64, 0.66, 0.68, 0.7, 0.72, 0.74, 0.76, 0.78, 0.8, 0.82, 0.84, 0.86, 0.88, 0.9, 0.92, 0.94, 0.96, 0.98, 1.0], 0.5426388027931918]}}