{"rank_algo": "random_forest_score", "seed": 44, "subsampling_proportion": 0.004, "exec_time": 0.5690553188323975, "results": {"features": ["feature98", "feature99", "feature88", "feature83", "feature85", "feature87", "feature89", "feature82", "feature86", "feature81", "feature84", "feature23", "feature22", "feature57", "feature21", "feature71", "feature0", "feature55", "feature2", "feature33", "feature10", "feature59", "feature3", "feature20", "feature1", "feature40", "feature9", "feature18", "feature44", "feature49", "feature7", "feature42", "feature58", "feature8", "feature60", "feature43", "feature67", "feature19", "feature50", "feature47", "feature39", "feature41", "feature17", "feature26", "feature12", "feature48", "feature5", "feature51", "feature38", "feature30", "feature52", "feature63", "feature64", "feature54", "feature46", "feature66", "feature29", "feature36", "feature11", "feature90", "feature24", "feature14", "feature15", "feature56", "feature53", "feature62", "feature61", "feature69", "feature91", "feature27", "feature35", "feature32", "feature37", "feature45", "feature68", "feature28", "feature65", "feature31", "feature34", "feature16", "feature13", "feature25", "feature4", "feature6", "feature70", "feature72", "feature73", "feature74", "feature75", "feature76", "feature77", "feature78", "feature79", "feature80", "feature92", "feature93", "feature94", "feature95", "feature96", "feature97"], "scores": [0.42572515452645554, 0.39340906971553075, 0.013000003887474607, 0.010734025022646244, 0.010196563640895346, 0.009950499064039142, 0.009916109312801964, 0.009354466466058474, 0.008757492731232585, 0.006537968590082651, 0.006394135181992274, 0.005173273322673815, 0.0032833873055541514, 0.0027118125124277782, 0.002641427572768309, 0.002641136978759264, 0.0026388619231059755, 0.0025256901395008333, 0.002471179581295245, 0.0024665192271703935, 0.0023624941364297635, 0.002319051220942356, 0.002234266239635603, 0.002223126884055935, 0.0020756404982057394, 0.0020214512119010384, 0.0019865103864107688, 0.0019400768458121308, 0.0019062478215342534, 0.0018473245688006119, 0.0018439038492134815, 0.0017689272950461975, 0.0017291804138989638, 0.0017067903500583193, 0.00167339615276035, 0.0016044348492695436, 0.0015061749028307553, 0.0014854767366948166, 0.0014819213447192275, 0.0014780884417129594, 0.0014776125372137987, 0.0012996209391303699, 0.001168681162731027, 0.001141943443665778, 0.0011201910239424084, 0.0011127470239507247, 0.0010906269395031083, 0.0010630911445884648, 0.0010611744677964528, 0.0010538103984883353, 0.0010334678170419503, 0.0010331823764492545, 0.001006053520568142, 0.0009853263548946201, 0.0009735742367087402, 0.0009556664148955453, 0.0009314824668000051, 0.00085903099825066, 0.0007705138821692494, 0.0007472680394828023, 0.0007293433923725262, 0.0006679392082171577, 0.0006657267762253591, 0.0006466589625104651, 0.0006400839956171315, 0.0006100389474082195, 0.0006001420063424084, 0.0005886362935076978, 0.0005833159760350553, 0.0005684139276147936, 0.0005337875008271994, 0.0004903034798653324, 0.0004859522647509953, 0.0004833626375631688, 0.00047919905167901456, 0.00043521982122423833, 0.0003993094214300682, 0.0003468451879092389, 0.0003199197734665862, 0.00030345978621833643, 0.0002881461695940955, 0.0002875090690686819, 0.00023836030988257976, 0.0, 0.0, 0.0, 0.0, 0.0, 0.0, 0.0, 0.0, 0.0, 0.0, 0.0, 0.0, 0.0, 0.0, 0.0, 0.0, 0.0]}, "evaluations": {"eval_method": "jaccard_full_score", "singles": [[1.0, 1.0, 0.5, 0.3333333333333333, 0.25, 0.2, 0.16666666666666666, 0.14285714285714285, 0.125, 0.1111111111111111, 0.1, 0.14285714285714285, 0.13043478260869565, 0.12, 0.15384615384615385, 0.14285714285714285, 0.13333333333333333, 0.125, 0.15151515151515152, 0.17647058823529413, 0.2, 0.2222222222222222, 0.21052631578947367, 0.23076923076923078, 0.25, 0.2682926829268293, 0.2558139534883721, 0.2727272727272727, 0.2608695652173913, 0.30434782608695654, 0.3191489361702128, 0.3333333333333333, 0.375, 0.3877551020408163, 0.42857142857142855, 0.4117647058823529, 0.39622641509433965, 0.4074074074074074, 0.39285714285714285, 0.3793103448275862, 0.3898305084745763, 0.423728813559322, 0.4098360655737705, 0.41935483870967744, 0.42857142857142855, 0.4153846153846154, 0.40298507462686567, 0.4117647058823529, 0.4, 0.4084507042253521, 0.4166666666666667, 0.4246575342465753, 0.43243243243243246, 0.4594594594594595, 0.4666666666666667, 0.47368421052631576, 0.46153846153846156, 0.46835443037974683, 0.4936708860759494, 0.5189873417721519, 0.525, 0.5121951219512195, 0.5180722891566265, 0.5238095238095238, 0.5116279069767442, 0.5348837209302325, 0.5581395348837209, 0.5632183908045977, 0.5681818181818182, 0.5909090909090909, 0.5777777777777777, 0.6, 0.6043956043956044, 0.6086956521739131, 0.6129032258064516, 0.6170212765957447, 0.6210526315789474, 0.6082474226804123, 0.5959595959595959, 0.6161616161616161, 0.6363636363636364, 0.64, 0.66, 0.68, 0.7, 0.72, 0.74, 0.76, 0.78, 0.8, 0.82, 0.84, 0.86, 0.88, 0.9, 0.92, 0.94, 0.96, 0.98, 1.0], 0.47396835471215343], "first_gen": [[1.0, 1.0, 0.5, 0.3333333333333333, 0.25, 0.3333333333333333, 0.4, 0.45454545454545453, 0.6363636363636364, 0.5384615384615384, 0.6923076923076923, 0.8461538461538461, 1.0, 0.8666666666666667, 0.7647058823529411, 0.6842105263157895, 0.6190476190476191, 0.5652173913043478, 0.6521739130434783, 0.6, 0.68, 0.6296296296296297, 0.6428571428571429, 0.6551724137931034, 0.6666666666666666, 0.625, 0.6363636363636364, 0.6470588235294118, 0.7058823529411765, 0.7142857142857143, 0.6756756756756757, 0.6410256410256411, 0.6097560975609756, 0.6585365853658537, 0.627906976744186, 0.6363636363636364, 0.6444444444444445, 0.6521739130434783, 0.625, 0.6, 0.6078431372549019, 0.6153846153846154, 0.6226415094339622, 0.6296296296296297, 0.6071428571428571, 0.6140350877192983, 0.6206896551724138, 0.6551724137931034, 0.6610169491525424, 0.639344262295082, 0.6451612903225806, 0.625, 0.6060606060606061, 0.6119402985074627, 0.6417910447761194, 0.6470588235294118, 0.6285714285714286, 0.6338028169014085, 0.6388888888888888, 0.6666666666666666, 0.6712328767123288, 0.6756756756756757, 0.68, 0.6842105263157895, 0.6666666666666666, 0.6708860759493671, 0.654320987654321, 0.6585365853658537, 0.6626506024096386, 0.6666666666666666, 0.6705882352941176, 0.6744186046511628, 0.6781609195402298, 0.6629213483146067, 0.6483516483516484, 0.6521739130434783, 0.6382978723404256, 0.625, 0.6288659793814433, 0.6494845360824743, 0.6530612244897959, 0.6565656565656566, 0.66, 0.68, 0.7, 0.72, 0.74, 0.76, 0.78, 0.8, 0.82, 0.84, 0.86, 0.88, 0.9, 0.92, 0.94, 0.96, 0.98, 1.0], 0.6747161491534784]}}