{"rank_algo": "random_forest_score", "seed": 32, "subsampling_proportion": 0.001, "exec_time": 0.2395172119140625, "results": {"features": ["feature99", "feature98", "feature86", "feature88", "feature89", "feature83", "feature87", "feature85", "feature82", "feature81", "feature84", "feature23", "feature22", "feature3", "feature51", "feature1", "feature33", "feature20", "feature2", "feature18", "feature57", "feature10", "feature30", "feature54", "feature47", "feature0", "feature9", "feature55", "feature44", "feature49", "feature42", "feature39", "feature7", "feature21", "feature8", "feature26", "feature19", "feature60", "feature43", "feature58", "feature64", "feature50", "feature71", "feature59", "feature41", "feature32", "feature36", "feature17", "feature46", "feature67", "feature29", "feature69", "feature63", "feature15", "feature11", "feature90", "feature52", "feature27", "feature40", "feature56", "feature66", "feature12", "feature5", "feature37", "feature28", "feature45", "feature24", "feature48", "feature68", "feature38", "feature91", "feature62", "feature65", "feature14", "feature53", "feature25", "feature13", "feature35", "feature61", "feature34", "feature31", "feature4", "feature16", "feature6", "feature70", "feature72", "feature73", "feature74", "feature75", "feature76", "feature77", "feature78", "feature79", "feature80", "feature92", "feature93", "feature94", "feature95", "feature96", "feature97"], "scores": [0.4345626992642731, 0.27284258511892484, 0.01608064323931092, 0.01600541007583435, 0.015603609072945652, 0.013549197953481102, 0.013122541406423403, 0.010834230105422648, 0.010094841396640053, 0.009478037299049717, 0.008104137086015895, 0.007163685162051231, 0.006706336926824059, 0.005930853949184819, 0.005351945541070808, 0.005289110771327619, 0.005100425327450329, 0.004911369428711841, 0.00460283201807082, 0.004530994706222513, 0.00434106342457582, 0.004054666909942283, 0.003948453206800888, 0.003909289326368576, 0.0037461083204117017, 0.0037231728222028417, 0.0034746721585035794, 0.00345440559497044, 0.003403256478176433, 0.0033459932031464296, 0.003332069675590486, 0.0031810366306871535, 0.003166916407708236, 0.0031571536449405387, 0.0031109123848410787, 0.002996906846884613, 0.0029182523105333886, 0.002915542531369254, 0.002887188687583539, 0.0028253385853231534, 0.002690800657878497, 0.0026072167535814024, 0.002563115923956382, 0.0025511648456436097, 0.0025282459846862814, 0.0025115609954057204, 0.002352036791975948, 0.0022084450366229, 0.0021982150810469893, 0.002129855941710016, 0.002046764784694779, 0.001893216527166964, 0.0018534322225958616, 0.001814883833444482, 0.0018090603536985402, 0.0017475170818400992, 0.0015905265582179143, 0.0015830909582559597, 0.0015676013320657196, 0.0014774021745264257, 0.0014403228976210295, 0.0013643751252054295, 0.0013204140556544036, 0.0013192492282031126, 0.0012191257140608625, 0.0011385711554054599, 0.0011262647460020556, 0.001046376909914381, 0.0009603164781937294, 0.0009479598318443545, 0.0009005784430048025, 0.0008410187094310933, 0.0008131490243703535, 0.0007638757103120044, 0.0007257466131286416, 0.0006859439595541309, 0.0006727170058308217, 0.0006274020568136523, 0.0005784234180352693, 0.0005340400034780905, 0.0005152434147911176, 0.0004898598962440537, 0.0004869867640905342, 0.0, 0.0, 0.0, 0.0, 0.0, 0.0, 0.0, 0.0, 0.0, 0.0, 0.0, 0.0, 0.0, 0.0, 0.0, 0.0, 0.0]}, "evaluations": {"eval_method": "jaccard_full_score", "singles": [[1.0, 1.0, 0.5, 0.3333333333333333, 0.25, 0.2, 0.16666666666666666, 0.14285714285714285, 0.125, 0.1111111111111111, 0.1, 0.14285714285714285, 0.13043478260869565, 0.12, 0.15384615384615385, 0.18518518518518517, 0.1724137931034483, 0.2, 0.22580645161290322, 0.25, 0.23529411764705882, 0.2571428571428571, 0.24324324324324326, 0.23076923076923078, 0.21951219512195122, 0.20930232558139536, 0.2, 0.21739130434782608, 0.23404255319148937, 0.2765957446808511, 0.2916666666666667, 0.30612244897959184, 0.29411764705882354, 0.3333333333333333, 0.34615384615384615, 0.3584905660377358, 0.37037037037037035, 0.38181818181818183, 0.3684210526315789, 0.3793103448275862, 0.3898305084745763, 0.4, 0.4098360655737705, 0.41935483870967744, 0.42857142857142855, 0.4153846153846154, 0.40298507462686567, 0.391304347826087, 0.42028985507246375, 0.42857142857142855, 0.43661971830985913, 0.4246575342465753, 0.4520547945205479, 0.4794520547945205, 0.4864864864864865, 0.5135135135135135, 0.52, 0.5263157894736842, 0.5526315789473685, 0.5584415584415584, 0.5443037974683544, 0.55, 0.5365853658536586, 0.5609756097560976, 0.5662650602409639, 0.5903614457831325, 0.6144578313253012, 0.6190476190476191, 0.6235294117647059, 0.627906976744186, 0.6136363636363636, 0.6363636363636364, 0.6222222222222222, 0.6086956521739131, 0.6129032258064516, 0.6, 0.6210526315789474, 0.6082474226804123, 0.6122448979591837, 0.6161616161616161, 0.62, 0.64, 0.66, 0.68, 0.7, 0.72, 0.74, 0.76, 0.78, 0.8, 0.82, 0.84, 0.86, 0.88, 0.9, 0.92, 0.94, 0.96, 0.98, 1.0], 0.47983708859492114], "first_gen": [[1.0, 1.0, 0.5, 0.3333333333333333, 0.42857142857142855, 0.3333333333333333, 0.4, 0.6, 0.6363636363636364, 0.5384615384615384, 0.6923076923076923, 0.8461538461538461, 1.0, 0.8666666666666667, 0.7647058823529411, 0.8823529411764706, 0.7894736842105263, 0.7142857142857143, 0.7272727272727273, 0.6666666666666666, 0.6153846153846154, 0.6296296296296297, 0.6428571428571429, 0.6, 0.6129032258064516, 0.625, 0.6363636363636364, 0.6, 0.6111111111111112, 0.6216216216216216, 0.5897435897435898, 0.5609756097560976, 0.5348837209302325, 0.5454545454545454, 0.5909090909090909, 0.5652173913043478, 0.6086956521739131, 0.6170212765957447, 0.6595744680851063, 0.6326530612244898, 0.6078431372549019, 0.6153846153846154, 0.6226415094339622, 0.6, 0.5789473684210527, 0.6140350877192983, 0.6206896551724138, 0.6551724137931034, 0.6610169491525424, 0.639344262295082, 0.6190476190476191, 0.6, 0.582089552238806, 0.5882352941176471, 0.5942028985507246, 0.6231884057971014, 0.6056338028169014, 0.6111111111111112, 0.6388888888888888, 0.6666666666666666, 0.6712328767123288, 0.6986301369863014, 0.7027027027027027, 0.7066666666666667, 0.7105263157894737, 0.6923076923076923, 0.675, 0.6790123456790124, 0.6626506024096386, 0.6666666666666666, 0.6705882352941176, 0.6744186046511628, 0.6590909090909091, 0.6629213483146067, 0.6483516483516484, 0.6344086021505376, 0.6210526315789474, 0.625, 0.6122448979591837, 0.6326530612244898, 0.6363636363636364, 0.64, 0.66, 0.68, 0.7, 0.72, 0.74, 0.76, 0.78, 0.8, 0.82, 0.84, 0.86, 0.88, 0.9, 0.92, 0.94, 0.96, 0.98, 1.0], 0.6736017908976772]}}