{"rank_algo": "random_forest_score", "seed": 22, "subsampling_proportion": 0.0063, "exec_time": 0.935042142868042, "results": {"features": ["feature99", "feature98", "feature23", "feature88", "feature83", "feature87", "feature85", "feature86", "feature82", "feature89", "feature84", "feature81", "feature22", "feature21", "feature71", "feature57", "feature55", "feature2", "feature33", "feature1", "feature10", "feature20", "feature3", "feature9", "feature19", "feature60", "feature44", "feature8", "feature49", "feature14", "feature0", "feature26", "feature50", "feature58", "feature7", "feature38", "feature43", "feature18", "feature67", "feature37", "feature11", "feature28", "feature36", "feature51", "feature29", "feature52", "feature5", "feature59", "feature30", "feature41", "feature39", "feature15", "feature64", "feature90", "feature47", "feature54", "feature40", "feature12", "feature32", "feature42", "feature46", "feature17", "feature66", "feature53", "feature24", "feature63", "feature69", "feature62", "feature91", "feature68", "feature27", "feature56", "feature48", "feature61", "feature31", "feature16", "feature35", "feature65", "feature45", "feature13", "feature25", "feature34", "feature4", "feature72", "feature6", "feature70", "feature73", "feature74", "feature75", "feature76", "feature77", "feature78", "feature79", "feature80", "feature92", "feature93", "feature94", "feature95", "feature96", "feature97"], "scores": [0.43308264947028696, 0.3860726769910788, 0.012331801835435727, 0.012295194656639346, 0.012281495392133008, 0.012011540260058877, 0.011033164388202621, 0.00972488830568618, 0.00794811131864761, 0.006971159517054597, 0.005808459946767114, 0.005315971663220246, 0.0036855322093737484, 0.0024665910230799947, 0.002358930078018754, 0.0023174661146014297, 0.0021770371649376978, 0.002169049142297849, 0.0021622867040134745, 0.0021569878559689988, 0.0021115143449916564, 0.0020133924390431024, 0.0019870976515515316, 0.0019121924708330206, 0.0018242463389577205, 0.0017844716456208633, 0.0017714388307594725, 0.001713425546284783, 0.0016638766795215299, 0.0016255457055566025, 0.0015931117853611346, 0.0015659491037904746, 0.00156131646901041, 0.0015507890481979694, 0.0015459569269718992, 0.0014525244406883462, 0.0014079541024039932, 0.0013536398257553782, 0.0012890389189680934, 0.0012650448596027795, 0.001199389454407857, 0.0011853185581188067, 0.0011418352736400196, 0.0011372200435165257, 0.0011178384743666038, 0.00111636842262905, 0.001103245457806308, 0.0011000677767403011, 0.0010858810326072742, 0.0010821582036190794, 0.001050809829039298, 0.0010246396304742944, 0.0010210396641404933, 0.0009713034340484406, 0.0009629809059139655, 0.0009482759572485075, 0.0009044123434714718, 0.0009003169179435737, 0.000888059035869336, 0.0008831223155521095, 0.0008774630542922099, 0.0008718612535058738, 0.0008508995914641664, 0.0007971836747510828, 0.000686348224078295, 0.0006626645567952006, 0.0006338490591309242, 0.0006162293506668085, 0.0006026710618132205, 0.0005086848826965517, 0.0004888656003942028, 0.00048500608902497805, 0.0004374767165063145, 0.00043338999020816075, 0.0004047634779913099, 0.00039623616846982506, 0.00039506195105855026, 0.0003845460023973769, 0.0003790324104774296, 0.00034403161203815894, 0.00024225022427927384, 0.00017196228829034855, 0.0001338347903720256, 7.884066770791571e-06, 0.0, 0.0, 0.0, 0.0, 0.0, 0.0, 0.0, 0.0, 0.0, 0.0, 0.0, 0.0, 0.0, 0.0, 0.0, 0.0]}, "evaluations": {"eval_method": "jaccard_full_score", "singles": [[1.0, 1.0, 1.0, 0.6, 0.42857142857142855, 0.3333333333333333, 0.2727272727272727, 0.23076923076923078, 0.2, 0.17647058823529413, 0.15789473684210525, 0.14285714285714285, 0.13043478260869565, 0.16666666666666666, 0.15384615384615385, 0.14285714285714285, 0.13333333333333333, 0.125, 0.15151515151515152, 0.21212121212121213, 0.23529411764705882, 0.2571428571428571, 0.24324324324324326, 0.23076923076923078, 0.25, 0.2682926829268293, 0.2558139534883721, 0.2727272727272727, 0.28888888888888886, 0.30434782608695654, 0.3191489361702128, 0.3333333333333333, 0.3469387755102041, 0.3877551020408163, 0.37254901960784315, 0.3584905660377358, 0.34545454545454546, 0.35714285714285715, 0.3448275862068966, 0.3333333333333333, 0.36666666666666664, 0.3770491803278688, 0.36507936507936506, 0.375, 0.36363636363636365, 0.35294117647058826, 0.36231884057971014, 0.37142857142857144, 0.38028169014084506, 0.4084507042253521, 0.4166666666666667, 0.4246575342465753, 0.43243243243243246, 0.4594594594594595, 0.4473684210526316, 0.47368421052631576, 0.4805194805194805, 0.48717948717948717, 0.5128205128205128, 0.5384615384615384, 0.5443037974683544, 0.55, 0.5365853658536586, 0.5421686746987951, 0.5476190476190477, 0.5714285714285714, 0.5764705882352941, 0.6, 0.6046511627906976, 0.6091954022988506, 0.6136363636363636, 0.6179775280898876, 0.6043956043956044, 0.6086956521739131, 0.6129032258064516, 0.6170212765957447, 0.6210526315789474, 0.6082474226804123, 0.6122448979591837, 0.6326530612244898, 0.6363636363636364, 0.64, 0.66, 0.68, 0.7, 0.72, 0.74, 0.76, 0.78, 0.8, 0.82, 0.84, 0.86, 0.88, 0.9, 0.92, 0.94, 0.96, 0.98, 1.0], 0.48795564158445437], "first_gen": [[1.0, 1.0, 1.0, 0.6, 0.42857142857142855, 0.3333333333333333, 0.5555555555555556, 0.7777777777777778, 0.6363636363636364, 0.6666666666666666, 0.8333333333333334, 0.8461538461538461, 1.0, 0.8666666666666667, 0.7647058823529411, 0.6842105263157895, 0.6190476190476191, 0.6363636363636364, 0.6521739130434783, 0.6666666666666666, 0.68, 0.6296296296296297, 0.7037037037037037, 0.7142857142857143, 0.7241379310344828, 0.6774193548387096, 0.6875, 0.696969696969697, 0.7058823529411765, 0.6666666666666666, 0.6756756756756757, 0.6410256410256411, 0.65, 0.6585365853658537, 0.627906976744186, 0.6, 0.6086956521739131, 0.6521739130434783, 0.625, 0.6, 0.5769230769230769, 0.5555555555555556, 0.5357142857142857, 0.543859649122807, 0.5254237288135594, 0.5081967213114754, 0.5409836065573771, 0.5483870967741935, 0.53125, 0.5151515151515151, 0.5454545454545454, 0.5522388059701493, 0.5588235294117647, 0.5882352941176471, 0.6176470588235294, 0.6470588235294118, 0.6521739130434783, 0.6571428571428571, 0.6857142857142857, 0.7142857142857143, 0.7428571428571429, 0.7464788732394366, 0.726027397260274, 0.7066666666666667, 0.6883116883116883, 0.6708860759493671, 0.675, 0.6790123456790124, 0.6829268292682927, 0.6666666666666666, 0.6705882352941176, 0.6744186046511628, 0.6781609195402298, 0.6629213483146067, 0.6483516483516484, 0.6521739130434783, 0.6559139784946236, 0.6421052631578947, 0.6288659793814433, 0.6326530612244898, 0.6363636363636364, 0.6565656565656566, 0.66, 0.68, 0.7, 0.72, 0.74, 0.76, 0.78, 0.8, 0.82, 0.84, 0.86, 0.88, 0.9, 0.92, 0.94, 0.96, 0.98, 1.0], 0.6884538987475725]}}