{"rank_algo": "random_forest_score", "seed": 54, "subsampling_proportion": 0.00016, "exec_time": 0.11300039291381836, "results": {"features": ["feature98", "feature99", "feature23", "feature85", "feature33", "feature36", "feature88", "feature44", "feature57", "feature21", "feature20", "feature83", "feature84", "feature89", "feature29", "feature82", "feature10", "feature58", "feature86", "feature71", "feature18", "feature50", "feature26", "feature0", "feature81", "feature2", "feature49", "feature38", "feature67", "feature60", "feature87", "feature1", "feature52", "feature46", "feature19", "feature55", "feature66", "feature3", "feature37", "feature30", "feature59", "feature69", "feature51", "feature22", "feature47", "feature41", "feature61", "feature63", "feature7", "feature64", "feature8", "feature11", "feature9", "feature15", "feature42", "feature54", "feature12", "feature17", "feature35", "feature31", "feature24", "feature39", "feature34", "feature45", "feature65", "feature56", "feature40", "feature28", "feature53", "feature27", "feature43", "feature14", "feature32", "feature5", "feature68", "feature25", "feature48", "feature13", "feature62", "feature4", "feature16", "feature90", "feature6", "feature70", "feature72", "feature73", "feature74", "feature75", "feature76", "feature77", "feature78", "feature79", "feature80", "feature91", "feature92", "feature93", "feature94", "feature95", "feature96", "feature97"], "scores": [0.37665610578505265, 0.2086551074659933, 0.021714234376080475, 0.016513272881024946, 0.01403868978061792, 0.013701451855060246, 0.013206487820002128, 0.013184236058333345, 0.012564322855856291, 0.011465493892866144, 0.010865490342284926, 0.010410112664772497, 0.009611446269417873, 0.009324628313761745, 0.00916604326371901, 0.008098687063490366, 0.00769162131476241, 0.007448581341799342, 0.007300668079009926, 0.007220017198453651, 0.007161883384478673, 0.007026142540213127, 0.0067184060529551, 0.006674748427475505, 0.006480147876808028, 0.00601302078742311, 0.005756028240920655, 0.0055351489788392745, 0.0055139999271087235, 0.0054871058292679555, 0.005434285609282577, 0.005403573950053299, 0.005125705885652427, 0.0051135577999665005, 0.005063473860701924, 0.004930619272977594, 0.0049276850489736145, 0.004900869282360758, 0.004879686138905592, 0.004703301975207352, 0.004517562395620214, 0.0044238303309547256, 0.004377578567265057, 0.00431041778093235, 0.004264335816031516, 0.004095922419876355, 0.004011470919887223, 0.004003112553948301, 0.003767984128312773, 0.003765865979279546, 0.0037331006651386022, 0.0035960425330202116, 0.0033195040976496757, 0.0032215796867659523, 0.0030097570385796404, 0.002958137772278237, 0.0027891776230110276, 0.0025203268970657613, 0.0024646821954448744, 0.002441771214257051, 0.002336267885990996, 0.0021339988930242863, 0.0021230935033110386, 0.002009891372767952, 0.001977512260365773, 0.0019266261323060308, 0.0019199935739426179, 0.0017534012759865638, 0.0016274563006221862, 0.001425737321671627, 0.00141301394569901, 0.0012082468815169307, 0.0011516244114966015, 0.0009977824563178216, 0.000703659772667846, 0.0005908865801447685, 0.0004343177592780756, 0.0003209817384049344, 0.00028031003662974435, 0.00018020848157380523, 0.00010770260960458002, 9.90366994268102e-05, 0.0, 0.0, 0.0, 0.0, 0.0, 0.0, 0.0, 0.0, 0.0, 0.0, 0.0, 0.0, 0.0, 0.0, 0.0, 0.0, 0.0, 0.0]}, "evaluations": {"eval_method": "jaccard_full_score", "singles": [[1.0, 1.0, 1.0, 0.6, 0.42857142857142855, 0.3333333333333333, 0.2727272727272727, 0.23076923076923078, 0.2, 0.25, 0.2222222222222222, 0.2, 0.18181818181818182, 0.16666666666666666, 0.15384615384615385, 0.14285714285714285, 0.1724137931034483, 0.2, 0.1875, 0.17647058823529413, 0.16666666666666666, 0.15789473684210525, 0.21052631578947367, 0.2, 0.19047619047619047, 0.20930232558139536, 0.22727272727272727, 0.24444444444444444, 0.23404255319148937, 0.2765957446808511, 0.2653061224489796, 0.28, 0.29411764705882354, 0.3333333333333333, 0.37254901960784315, 0.3584905660377358, 0.34545454545454546, 0.3333333333333333, 0.3220338983050847, 0.3114754098360656, 0.3442622950819672, 0.3548387096774194, 0.36507936507936506, 0.375, 0.36363636363636365, 0.373134328358209, 0.38235294117647056, 0.391304347826087, 0.4, 0.4084507042253521, 0.4166666666666667, 0.4246575342465753, 0.4520547945205479, 0.4794520547945205, 0.4864864864864865, 0.5135135135135135, 0.52, 0.5064935064935064, 0.5128205128205128, 0.5189873417721519, 0.525, 0.5308641975308642, 0.5180722891566265, 0.5421686746987951, 0.5294117647058824, 0.5348837209302325, 0.5581395348837209, 0.5813953488372093, 0.5862068965517241, 0.5909090909090909, 0.5777777777777777, 0.5824175824175825, 0.5869565217391305, 0.5913978494623656, 0.5789473684210527, 0.5670103092783505, 0.5714285714285714, 0.5757575757575758, 0.58, 0.6, 0.62, 0.64, 0.66, 0.68, 0.7, 0.72, 0.74, 0.76, 0.78, 0.8, 0.82, 0.84, 0.86, 0.88, 0.9, 0.92, 0.94, 0.96, 0.98, 1.0], 0.48030755692296695], "first_gen": [[1.0, 1.0, 1.0, 0.6, 0.42857142857142855, 0.5, 0.5555555555555556, 0.45454545454545453, 0.38461538461538464, 0.3333333333333333, 0.29411764705882354, 0.3333333333333333, 0.3684210526315789, 0.4, 0.36363636363636365, 0.391304347826087, 0.4166666666666667, 0.38461538461538464, 0.46153846153846156, 0.42857142857142855, 0.4, 0.375, 0.3939393939393939, 0.45454545454545453, 0.5151515151515151, 0.5294117647058824, 0.5428571428571428, 0.5135135135135135, 0.48717948717948717, 0.4634146341463415, 0.47619047619047616, 0.4883720930232558, 0.4666666666666667, 0.4782608695652174, 0.48936170212765956, 0.46938775510204084, 0.45098039215686275, 0.49019607843137253, 0.4716981132075472, 0.45454545454545453, 0.43859649122807015, 0.423728813559322, 0.43333333333333335, 0.4426229508196721, 0.47540983606557374, 0.4603174603174603, 0.46875, 0.47692307692307695, 0.4626865671641791, 0.4492753623188406, 0.4782608695652174, 0.4647887323943662, 0.49295774647887325, 0.5, 0.5277777777777778, 0.5555555555555556, 0.5616438356164384, 0.5675675675675675, 0.5945945945945946, 0.6, 0.6052631578947368, 0.631578947368421, 0.6363636363636364, 0.620253164556962, 0.6049382716049383, 0.6097560975609756, 0.6144578313253012, 0.6190476190476191, 0.6046511627906976, 0.6091954022988506, 0.6136363636363636, 0.6179775280898876, 0.6222222222222222, 0.6263736263736264, 0.6129032258064516, 0.6, 0.6041666666666666, 0.5918367346938775, 0.5959595959595959, 0.6, 0.62, 0.64, 0.66, 0.68, 0.7, 0.72, 0.74, 0.76, 0.78, 0.8, 0.82, 0.84, 0.86, 0.88, 0.9, 0.92, 0.94, 0.96, 0.98, 1.0], 0.5739885876272255]}}