{"rank_algo": "random_forest_score", "seed": 76, "subsampling_proportion": 0.0063, "exec_time": 0.9169979095458984, "results": {"features": ["feature99", "feature98", "feature89", "feature88", "feature85", "feature86", "feature82", "feature87", "feature83", "feature84", "feature23", "feature22", "feature81", "feature1", "feature33", "feature57", "feature49", "feature2", "feature3", "feature55", "feature60", "feature20", "feature10", "feature9", "feature18", "feature8", "feature19", "feature58", "feature44", "feature0", "feature67", "feature21", "feature7", "feature43", "feature50", "feature51", "feature29", "feature36", "feature30", "feature26", "feature42", "feature59", "feature41", "feature47", "feature91", "feature38", "feature54", "feature66", "feature52", "feature64", "feature17", "feature37", "feature32", "feature12", "feature71", "feature63", "feature39", "feature46", "feature24", "feature28", "feature11", "feature69", "feature53", "feature40", "feature5", "feature56", "feature90", "feature68", "feature15", "feature27", "feature61", "feature62", "feature16", "feature65", "feature45", "feature14", "feature34", "feature48", "feature25", "feature35", "feature13", "feature31", "feature4", "feature72", "feature6", "feature70", "feature73", "feature74", "feature75", "feature76", "feature77", "feature78", "feature79", "feature80", "feature92", "feature93", "feature94", "feature95", "feature96", "feature97"], "scores": [0.44748511984983563, 0.3734301737610719, 0.01317202751765127, 0.012834443321405764, 0.012325597879693524, 0.011896432464936858, 0.01112175742696389, 0.009291055727639662, 0.008973241649074652, 0.007526922758840311, 0.006950850792495831, 0.005120592560687588, 0.0048248693112930684, 0.0042291769823097755, 0.002263564100485153, 0.0021965446187936985, 0.002184529786780315, 0.0021531979256885483, 0.0021091526093613517, 0.0018996499678239174, 0.001852842334272194, 0.001740697528879181, 0.0017390609781844063, 0.0016901400426564865, 0.001633568821041621, 0.0016015437262844048, 0.0015609816721586394, 0.0015590446460725365, 0.0015541680448171787, 0.00154817591241082, 0.0015248224815220814, 0.001523122045312556, 0.0014884462891240635, 0.001363464967162538, 0.0012808309269321677, 0.0012700996552710941, 0.0012545302444276873, 0.0011741779299634584, 0.0011336627129443005, 0.0011263028682071028, 0.0011230461301373154, 0.0011147030215997136, 0.0010925909953980514, 0.0010692895078838172, 0.001016453942981578, 0.0009976293214046606, 0.0009928382426902672, 0.0009541492634813824, 0.0008930142051361483, 0.000872729443417904, 0.0008570938734867343, 0.000853586328657118, 0.0008381981921123717, 0.0008160620481826533, 0.000792287285907705, 0.0007581120620815981, 0.000752321053081322, 0.0007426865682156172, 0.0007307339864325176, 0.0007194293032278108, 0.0006872063525733837, 0.0006738482107629952, 0.0006624674930237467, 0.0006420909295474612, 0.0006194140635352074, 0.0006041530563274559, 0.0005602881260516936, 0.0005333445254021276, 0.0004931752706547298, 0.0004604494815731038, 0.0004493097519651781, 0.000438730362442263, 0.00043041922100146976, 0.0003990208665551681, 0.00036514428797425964, 0.00036397464946529186, 0.00035796830841303476, 0.00033578380709213676, 0.0002777596097263358, 0.00027128145626569716, 0.0002585030895829533, 0.00021145770150259212, 0.00017080623239841672, 0.00013786353016960196, 0.0, 0.0, 0.0, 0.0, 0.0, 0.0, 0.0, 0.0, 0.0, 0.0, 0.0, 0.0, 0.0, 0.0, 0.0, 0.0]}, "evaluations": {"eval_method": "jaccard_full_score", "singles": [[1.0, 1.0, 0.5, 0.3333333333333333, 0.25, 0.2, 0.16666666666666666, 0.14285714285714285, 0.125, 0.1111111111111111, 0.15789473684210525, 0.14285714285714285, 0.13043478260869565, 0.16666666666666666, 0.15384615384615385, 0.14285714285714285, 0.1724137931034483, 0.16129032258064516, 0.1875, 0.21212121212121213, 0.2, 0.2222222222222222, 0.24324324324324326, 0.23076923076923078, 0.21951219512195122, 0.23809523809523808, 0.2558139534883721, 0.3023255813953488, 0.28888888888888886, 0.30434782608695654, 0.3191489361702128, 0.3333333333333333, 0.32, 0.3333333333333333, 0.34615384615384615, 0.3584905660377358, 0.34545454545454546, 0.3333333333333333, 0.3220338983050847, 0.3333333333333333, 0.36666666666666664, 0.4, 0.4098360655737705, 0.3968253968253968, 0.38461538461538464, 0.373134328358209, 0.38235294117647056, 0.37142857142857144, 0.38028169014084506, 0.3888888888888889, 0.3972602739726027, 0.38666666666666666, 0.39473684210526316, 0.42105263157894735, 0.42857142857142855, 0.45454545454545453, 0.46153846153846156, 0.46835443037974683, 0.4936708860759494, 0.5189873417721519, 0.525, 0.5308641975308642, 0.5180722891566265, 0.5421686746987951, 0.5294117647058824, 0.5348837209302325, 0.5581395348837209, 0.5632183908045977, 0.5862068965517241, 0.6091954022988506, 0.6136363636363636, 0.6363636363636364, 0.6404494382022472, 0.6263736263736264, 0.6483516483516484, 0.6344086021505376, 0.6382978723404256, 0.625, 0.6122448979591837, 0.6161616161616161, 0.6363636363636364, 0.64, 0.66, 0.68, 0.7, 0.72, 0.74, 0.76, 0.78, 0.8, 0.82, 0.84, 0.86, 0.88, 0.9, 0.92, 0.94, 0.96, 0.98, 1.0], 0.4706152552784117], "first_gen": [[1.0, 1.0, 0.5, 0.3333333333333333, 0.25, 0.5, 0.5555555555555556, 0.6, 0.6363636363636364, 0.6666666666666666, 0.8333333333333334, 1.0, 1.0, 0.8666666666666667, 0.875, 0.7777777777777778, 0.7, 0.7142857142857143, 0.7272727272727273, 0.6666666666666666, 0.6153846153846154, 0.5714285714285714, 0.6428571428571429, 0.6551724137931034, 0.6666666666666666, 0.6774193548387096, 0.7419354838709677, 0.696969696969697, 0.7058823529411765, 0.7142857142857143, 0.6756756756756757, 0.6842105263157895, 0.65, 0.6585365853658537, 0.627906976744186, 0.6, 0.574468085106383, 0.5510204081632653, 0.56, 0.5686274509803921, 0.5769230769230769, 0.5555555555555556, 0.5357142857142857, 0.543859649122807, 0.5517241379310345, 0.5333333333333333, 0.5666666666666667, 0.5737704918032787, 0.5555555555555556, 0.5384615384615384, 0.5692307692307692, 0.5522388059701493, 0.582089552238806, 0.5882352941176471, 0.6176470588235294, 0.6231884057971014, 0.6285714285714286, 0.6338028169014085, 0.6388888888888888, 0.6666666666666666, 0.6712328767123288, 0.6756756756756757, 0.6578947368421053, 0.6623376623376623, 0.6666666666666666, 0.6708860759493671, 0.675, 0.6585365853658537, 0.6626506024096386, 0.6666666666666666, 0.6511627906976745, 0.6551724137931034, 0.6590909090909091, 0.6444444444444445, 0.6304347826086957, 0.6344086021505376, 0.6382978723404256, 0.6421052631578947, 0.6288659793814433, 0.6494845360824743, 0.6530612244897959, 0.6565656565656566, 0.66, 0.68, 0.7, 0.72, 0.74, 0.76, 0.78, 0.8, 0.82, 0.84, 0.86, 0.88, 0.9, 0.92, 0.94, 0.96, 0.98, 1.0], 0.6770114727375002]}}