{"rank_algo": "random_forest_score", "seed": 71, "subsampling_proportion": 0.0004, "exec_time": 0.1509993076324463, "results": {"features": ["feature99", "feature98", "feature84", "feature89", "feature86", "feature88", "feature85", "feature87", "feature83", "feature82", "feature33", "feature81", "feature49", "feature9", "feature55", "feature23", "feature22", "feature19", "feature44", "feature36", "feature57", "feature10", "feature60", "feature58", "feature8", "feature20", "feature39", "feature3", "feature21", "feature50", "feature0", "feature18", "feature7", "feature1", "feature2", "feature53", "feature11", "feature51", "feature26", "feature28", "feature47", "feature29", "feature41", "feature71", "feature40", "feature24", "feature59", "feature43", "feature67", "feature38", "feature69", "feature5", "feature68", "feature37", "feature52", "feature17", "feature30", "feature63", "feature15", "feature61", "feature42", "feature64", "feature66", "feature91", "feature31", "feature65", "feature54", "feature13", "feature56", "feature12", "feature16", "feature25", "feature46", "feature62", "feature90", "feature45", "feature27", "feature32", "feature35", "feature4", "feature34", "feature48", "feature14", "feature6", "feature70", "feature72", "feature73", "feature74", "feature75", "feature76", "feature77", "feature78", "feature79", "feature80", "feature92", "feature93", "feature94", "feature95", "feature96", "feature97"], "scores": [0.33573096566869914, 0.2632559038502263, 0.023070099334294977, 0.021443764269960117, 0.02083306328080057, 0.017996487165162455, 0.015540936258259424, 0.015433335025409419, 0.015361327972696985, 0.013004513375308856, 0.0105382697729887, 0.009416602019525348, 0.008495324272443244, 0.007975838303737262, 0.00782455468378574, 0.007288057561427952, 0.006887939587161425, 0.006855521060035616, 0.005834029007661913, 0.0057098481059771325, 0.005699620601037879, 0.005599192043139459, 0.0054427770555353664, 0.005403932246140949, 0.005368988827828099, 0.005294784652041128, 0.0052750387333962674, 0.0051565061408560585, 0.005135269289264042, 0.005061436228632532, 0.005011442150707919, 0.004975418604991752, 0.004429025930234296, 0.004224675616234445, 0.0042037136083112455, 0.004092484802272653, 0.003953892881849762, 0.0038733351108366254, 0.003763537932149864, 0.0037323619493836347, 0.0036591989189929206, 0.003610229543349499, 0.0035041652694033677, 0.003481942476894666, 0.0034165099559217405, 0.003390199138907082, 0.0033727956984444586, 0.0032636867247649694, 0.003190589312923547, 0.003114346437328897, 0.003071922020187355, 0.0028769862577650096, 0.0028092467952283173, 0.0027059138510653223, 0.002698682296049333, 0.0025904073932065284, 0.0025833839008940645, 0.0021699053912090775, 0.002075181614957109, 0.0020697275928671737, 0.0020512417039943403, 0.0018721726112982976, 0.001792848880491694, 0.0016670466180319387, 0.001559953754590492, 0.0014923802985390316, 0.0014554751115662394, 0.0014476677925291084, 0.0014069248340469115, 0.0013403272542288121, 0.001256107850913201, 0.0011068019503791145, 0.0010697096004406458, 0.0010208231095172773, 0.0009747893260705959, 0.0009337408049270154, 0.000923338345067509, 0.0007169552480713659, 0.0006733314841445995, 0.0006513364695479223, 0.000412508403690965, 0.0002667779182409473, 5.89050589050589e-05, 0.0, 0.0, 0.0, 0.0, 0.0, 0.0, 0.0, 0.0, 0.0, 0.0, 0.0, 0.0, 0.0, 0.0, 0.0, 0.0, 0.0]}, "evaluations": {"eval_method": "jaccard_full_score", "singles": [[1.0, 1.0, 0.5, 0.3333333333333333, 0.25, 0.2, 0.16666666666666666, 0.14285714285714285, 0.125, 0.1111111111111111, 0.1, 0.09090909090909091, 0.13043478260869565, 0.12, 0.1111111111111111, 0.14285714285714285, 0.13333333333333333, 0.16129032258064516, 0.1875, 0.17647058823529413, 0.16666666666666666, 0.1891891891891892, 0.1794871794871795, 0.2, 0.19047619047619047, 0.23809523809523808, 0.22727272727272727, 0.24444444444444444, 0.2608695652173913, 0.2765957446808511, 0.2916666666666667, 0.28, 0.2692307692307692, 0.3076923076923077, 0.34615384615384615, 0.3333333333333333, 0.34545454545454546, 0.35714285714285715, 0.3684210526315789, 0.3559322033898305, 0.36666666666666664, 0.3770491803278688, 0.3870967741935484, 0.3968253968253968, 0.40625, 0.4153846153846154, 0.4461538461538462, 0.43283582089552236, 0.4411764705882353, 0.4492753623188406, 0.45714285714285713, 0.4444444444444444, 0.4520547945205479, 0.4594594594594595, 0.4473684210526316, 0.45454545454545453, 0.4430379746835443, 0.45, 0.475, 0.5, 0.5061728395061729, 0.5121951219512195, 0.5, 0.5058823529411764, 0.4942528735632184, 0.5, 0.5227272727272727, 0.5454545454545454, 0.550561797752809, 0.5730337078651685, 0.5777777777777777, 0.5824175824175825, 0.5869565217391305, 0.5913978494623656, 0.6129032258064516, 0.6170212765957447, 0.6382978723404256, 0.6421052631578947, 0.6288659793814433, 0.6494845360824743, 0.6530612244897959, 0.6565656565656566, 0.66, 0.68, 0.7, 0.72, 0.74, 0.76, 0.78, 0.8, 0.82, 0.84, 0.86, 0.88, 0.9, 0.92, 0.94, 0.96, 0.98, 1.0], 0.463635373430414], "first_gen": [[1.0, 1.0, 0.5, 0.3333333333333333, 0.42857142857142855, 0.3333333333333333, 0.5555555555555556, 0.6, 0.6363636363636364, 0.6666666666666666, 0.6923076923076923, 0.7142857142857143, 0.7333333333333333, 0.6470588235294118, 0.5789473684210527, 0.6, 0.6190476190476191, 0.6363636363636364, 0.5833333333333334, 0.5384615384615384, 0.5, 0.5714285714285714, 0.5333333333333333, 0.5483870967741935, 0.5625, 0.5757575757575758, 0.5882352941176471, 0.6, 0.6111111111111112, 0.5789473684210527, 0.5897435897435898, 0.6, 0.5714285714285714, 0.5813953488372093, 0.627906976744186, 0.6, 0.574468085106383, 0.5510204081632653, 0.5918367346938775, 0.5686274509803921, 0.5471698113207547, 0.5555555555555556, 0.5357142857142857, 0.543859649122807, 0.5517241379310345, 0.5333333333333333, 0.5409836065573771, 0.5737704918032787, 0.5555555555555556, 0.5384615384615384, 0.5454545454545454, 0.5522388059701493, 0.5362318840579711, 0.5652173913043478, 0.5714285714285714, 0.6, 0.5833333333333334, 0.5675675675675675, 0.5945945945945946, 0.6, 0.6266666666666667, 0.631578947368421, 0.6153846153846154, 0.620253164556962, 0.6049382716049383, 0.5903614457831325, 0.5952380952380952, 0.5813953488372093, 0.5862068965517241, 0.5909090909090909, 0.5955056179775281, 0.5824175824175825, 0.5869565217391305, 0.5913978494623656, 0.5957446808510638, 0.5833333333333334, 0.5876288659793815, 0.5918367346938775, 0.5959595959595959, 0.6, 0.62, 0.64, 0.66, 0.68, 0.7, 0.72, 0.74, 0.76, 0.78, 0.8, 0.82, 0.84, 0.86, 0.88, 0.9, 0.92, 0.94, 0.96, 0.98, 1.0], 0.6289797829689856]}}