{"rank_algo": "random_forest_score", "seed": 45, "subsampling_proportion": 0.001, "exec_time": 0.22899961471557617, "results": {"features": ["feature99", "feature98", "feature88", "feature89", "feature81", "feature84", "feature87", "feature85", "feature82", "feature86", "feature23", "feature83", "feature55", "feature22", "feature3", "feature21", "feature2", "feature71", "feature33", "feature10", "feature20", "feature44", "feature57", "feature8", "feature60", "feature18", "feature67", "feature9", "feature1", "feature49", "feature5", "feature7", "feature58", "feature26", "feature19", "feature50", "feature39", "feature41", "feature0", "feature30", "feature12", "feature47", "feature38", "feature46", "feature29", "feature43", "feature36", "feature59", "feature64", "feature54", "feature42", "feature40", "feature11", "feature52", "feature17", "feature51", "feature15", "feature69", "feature66", "feature53", "feature63", "feature32", "feature14", "feature28", "feature27", "feature37", "feature56", "feature16", "feature4", "feature61", "feature35", "feature91", "feature68", "feature13", "feature31", "feature65", "feature24", "feature25", "feature48", "feature62", "feature90", "feature34", "feature45", "feature6", "feature70", "feature72", "feature73", "feature74", "feature75", "feature76", "feature77", "feature78", "feature79", "feature80", "feature92", "feature93", "feature94", "feature95", "feature96", "feature97"], "scores": [0.40456808303815456, 0.3489776114030197, 0.016219548609824056, 0.014397855551856256, 0.009992792475600523, 0.009980275298862789, 0.009629963783689731, 0.009008818628723195, 0.008233206696320683, 0.007133229257224348, 0.006400452992307334, 0.005930431417707852, 0.005894638415332234, 0.0055520597243106104, 0.0049334071797759345, 0.004687939711844888, 0.004330819391496872, 0.004220314262301154, 0.004031408442303204, 0.003992232199483246, 0.0038179452111100024, 0.003690365836129812, 0.003586750612250637, 0.0035147345111687473, 0.0034811043513136818, 0.0033891437715879978, 0.003322738748998745, 0.003280434001688304, 0.003277275029546463, 0.003204613552695267, 0.003180407077095111, 0.0029940582778161732, 0.002949468731658357, 0.0026894854580054436, 0.002674779264415024, 0.0025795309555406193, 0.00232535999522612, 0.002238646723667273, 0.002215553526992286, 0.0021882683313251775, 0.002180354671793931, 0.0021793570926681607, 0.0021659023094158297, 0.002075681110319272, 0.0020520626548780085, 0.0020458825936611894, 0.0018458651118916452, 0.0018107842546968332, 0.0017667639060528725, 0.0017108379368592356, 0.001697012788012592, 0.0016505174408798977, 0.0016297839249109249, 0.001575860172483599, 0.0015531322862997441, 0.0014856919960859816, 0.0014217621196694003, 0.001403232332031596, 0.0013907771310049132, 0.001356698523410037, 0.001262528679614814, 0.0010709536590852616, 0.0010562765405898163, 0.001045077546721279, 0.0010300278225411396, 0.0009889925691847637, 0.0009823128770082964, 0.000906465719881847, 0.0008014757537865343, 0.0007256147875402161, 0.0007033709515926081, 0.000689007526118182, 0.0006535756282516561, 0.0005957889925735688, 0.0005763204510461867, 0.0005648192456794292, 0.0005312955622959852, 0.0004927173399667509, 0.00044284795020756553, 0.0003507470830300157, 0.0003344045510629976, 0.0002487423284703238, 0.000232923628354781, 0.0, 0.0, 0.0, 0.0, 0.0, 0.0, 0.0, 0.0, 0.0, 0.0, 0.0, 0.0, 0.0, 0.0, 0.0, 0.0, 0.0]}, "evaluations": {"eval_method": "jaccard_full_score", "singles": [[1.0, 1.0, 0.5, 0.3333333333333333, 0.25, 0.2, 0.16666666666666666, 0.14285714285714285, 0.125, 0.1111111111111111, 0.15789473684210525, 0.14285714285714285, 0.13043478260869565, 0.12, 0.1111111111111111, 0.14285714285714285, 0.13333333333333333, 0.125, 0.15151515151515152, 0.21212121212121213, 0.23529411764705882, 0.2222222222222222, 0.21052631578947367, 0.2, 0.19047619047619047, 0.20930232558139536, 0.2, 0.21739130434782608, 0.23404255319148937, 0.2765957446808511, 0.2916666666666667, 0.28, 0.32, 0.36, 0.4, 0.38461538461538464, 0.37037037037037035, 0.38181818181818183, 0.3684210526315789, 0.3559322033898305, 0.3898305084745763, 0.4, 0.3870967741935484, 0.3968253968253968, 0.38461538461538464, 0.373134328358209, 0.36231884057971014, 0.37142857142857144, 0.38028169014084506, 0.4084507042253521, 0.43661971830985913, 0.4444444444444444, 0.4722222222222222, 0.4794520547945205, 0.4666666666666667, 0.49333333333333335, 0.5, 0.48717948717948717, 0.4936708860759494, 0.5, 0.5061728395061729, 0.5121951219512195, 0.5, 0.5238095238095238, 0.5294117647058824, 0.5529411764705883, 0.5581395348837209, 0.5813953488372093, 0.5862068965517241, 0.6091954022988506, 0.5955056179775281, 0.6, 0.5869565217391305, 0.6086956521739131, 0.6129032258064516, 0.6, 0.6210526315789474, 0.6082474226804123, 0.5959595959595959, 0.6161616161616161, 0.6363636363636364, 0.64, 0.66, 0.68, 0.7, 0.72, 0.74, 0.76, 0.78, 0.8, 0.82, 0.84, 0.86, 0.88, 0.9, 0.92, 0.94, 0.96, 0.98, 1.0], 0.4678146670905745], "first_gen": [[1.0, 1.0, 0.5, 0.3333333333333333, 0.25, 0.2, 0.2727272727272727, 0.45454545454545453, 0.5, 0.6666666666666666, 0.6923076923076923, 0.8461538461538461, 0.8571428571428571, 0.8666666666666667, 0.7647058823529411, 0.7777777777777778, 0.7894736842105263, 0.7142857142857143, 0.7272727272727273, 0.7391304347826086, 0.68, 0.6296296296296297, 0.6428571428571429, 0.7142857142857143, 0.6666666666666666, 0.6774193548387096, 0.6363636363636364, 0.6470588235294118, 0.6571428571428571, 0.6666666666666666, 0.631578947368421, 0.6, 0.5714285714285714, 0.5813953488372093, 0.5909090909090909, 0.5652173913043478, 0.574468085106383, 0.5833333333333334, 0.5918367346938775, 0.6, 0.5769230769230769, 0.5849056603773585, 0.5636363636363636, 0.543859649122807, 0.5517241379310345, 0.559322033898305, 0.5666666666666667, 0.5737704918032787, 0.5806451612903226, 0.5873015873015873, 0.6190476190476191, 0.625, 0.6060606060606061, 0.5882352941176471, 0.6176470588235294, 0.6470588235294118, 0.6521739130434783, 0.6338028169014085, 0.6388888888888888, 0.6438356164383562, 0.6486486486486487, 0.6756756756756757, 0.68, 0.6842105263157895, 0.6883116883116883, 0.6923076923076923, 0.6962025316455697, 0.7, 0.6829268292682927, 0.6666666666666666, 0.6705882352941176, 0.6744186046511628, 0.6590909090909091, 0.6444444444444445, 0.6304347826086957, 0.6170212765957447, 0.6041666666666666, 0.5918367346938775, 0.5959595959595959, 0.6161616161616161, 0.6363636363636364, 0.6565656565656566, 0.66, 0.68, 0.7, 0.72, 0.74, 0.76, 0.78, 0.8, 0.82, 0.84, 0.86, 0.88, 0.9, 0.92, 0.94, 0.96, 0.98, 1.0], 0.6643732918073296]}}