{"rank_algo": "random_forest_score", "seed": 62, "subsampling_proportion": 0.0025, "exec_time": 0.4369990825653076, "results": {"features": ["feature99", "feature98", "feature88", "feature85", "feature84", "feature87", "feature23", "feature89", "feature81", "feature86", "feature83", "feature82", "feature22", "feature57", "feature3", "feature1", "feature49", "feature20", "feature0", "feature10", "feature50", "feature33", "feature51", "feature21", "feature9", "feature8", "feature58", "feature2", "feature55", "feature60", "feature44", "feature7", "feature18", "feature19", "feature47", "feature17", "feature26", "feature38", "feature52", "feature15", "feature67", "feature71", "feature41", "feature64", "feature30", "feature29", "feature36", "feature69", "feature54", "feature37", "feature62", "feature12", "feature59", "feature43", "feature24", "feature42", "feature40", "feature39", "feature63", "feature5", "feature46", "feature53", "feature11", "feature68", "feature90", "feature56", "feature28", "feature14", "feature25", "feature32", "feature66", "feature61", "feature45", "feature48", "feature27", "feature91", "feature31", "feature34", "feature35", "feature65", "feature13", "feature16", "feature4", "feature80", "feature74", "feature78", "feature77", "feature72", "feature6", "feature70", "feature73", "feature75", "feature76", "feature79", "feature92", "feature93", "feature94", "feature95", "feature96", "feature97"], "scores": [0.40178424464183116, 0.3597332590714823, 0.01927703202952965, 0.018336810707460138, 0.015594943648920336, 0.015327154397490812, 0.01105565581993998, 0.01036840492473914, 0.009780767913234926, 0.00924570228948927, 0.006674086499833178, 0.005196002903579125, 0.0049672869978949034, 0.003233747350355062, 0.0032334303723992185, 0.0031887027291752582, 0.0030526409011369365, 0.0030300737261818008, 0.0029929390941281233, 0.002987162255950217, 0.002946188569559357, 0.002860381380600855, 0.0028599334410395255, 0.002827911626329558, 0.0027642047261214847, 0.0027453983905769736, 0.002705642780962709, 0.0026334320721204457, 0.0025703851116101245, 0.002569359000395613, 0.002406810398900722, 0.0022638908398357116, 0.002213803692635544, 0.0021715106195095736, 0.002038808578515621, 0.002000430098279873, 0.0020003048554917786, 0.0018958113219118109, 0.0018007753554602358, 0.001788071731384154, 0.001782481383042677, 0.0017663424924142456, 0.001764066531923906, 0.001694674373756476, 0.0016064781413586853, 0.0015956902208775978, 0.0015277947064988126, 0.0013828831619333974, 0.0013752426509477395, 0.001347192675557404, 0.0013388974468191471, 0.0013254188699341524, 0.0013145221401723317, 0.0012832996771389728, 0.0012498766370570285, 0.0012437667863577477, 0.0011786355036720317, 0.0011215610087348458, 0.0010845611951179044, 0.0010654002838135133, 0.0010487535712103222, 0.0010256013880910438, 0.0010202044342895265, 0.0009137813256823848, 0.0008371784651168105, 0.0008319904162648716, 0.000765337509352277, 0.0007278530586530567, 0.0006739297718651849, 0.0006600479099254389, 0.0006467295472884336, 0.0006438514581406355, 0.0006146165067616693, 0.0005294044941158854, 0.0005149809330668776, 0.0005033737235698985, 0.00048615701625726016, 0.00046819500994584935, 0.0004551841888658315, 0.0003508336651710421, 0.0002884827979373644, 0.0002766059924509885, 0.00024242643512390459, 0.0001071585610735522, 7.531494119703912e-05, 6.073254343646523e-05, 3.846178466393159e-05, 2.0923797360578967e-05, 0.0, 0.0, 0.0, 0.0, 0.0, 0.0, 0.0, 0.0, 0.0, 0.0, 0.0, 0.0]}, "evaluations": {"eval_method": "jaccard_full_score", "singles": [[1.0, 1.0, 0.5, 0.3333333333333333, 0.25, 0.2, 0.2727272727272727, 0.23076923076923078, 0.2, 0.17647058823529413, 0.15789473684210525, 0.14285714285714285, 0.13043478260869565, 0.12, 0.1111111111111111, 0.14285714285714285, 0.1724137931034483, 0.2, 0.22580645161290322, 0.25, 0.23529411764705882, 0.2222222222222222, 0.24324324324324326, 0.2631578947368421, 0.25, 0.23809523809523808, 0.2558139534883721, 0.3023255813953488, 0.28888888888888886, 0.3333333333333333, 0.34782608695652173, 0.3333333333333333, 0.32, 0.36, 0.37254901960784315, 0.3584905660377358, 0.37037037037037035, 0.35714285714285715, 0.3448275862068966, 0.3559322033898305, 0.36666666666666664, 0.4, 0.4098360655737705, 0.3968253968253968, 0.38461538461538464, 0.373134328358209, 0.36231884057971014, 0.352112676056338, 0.38028169014084506, 0.3888888888888889, 0.4166666666666667, 0.4246575342465753, 0.4520547945205479, 0.4594594594594595, 0.4666666666666667, 0.49333333333333335, 0.5, 0.48717948717948717, 0.5128205128205128, 0.5189873417721519, 0.525, 0.5308641975308642, 0.5365853658536586, 0.5421686746987951, 0.5476190476190477, 0.5529411764705883, 0.5764705882352941, 0.5813953488372093, 0.5862068965517241, 0.6091954022988506, 0.5955056179775281, 0.6179775280898876, 0.6222222222222222, 0.6086956521739131, 0.6129032258064516, 0.6170212765957447, 0.6210526315789474, 0.6082474226804123, 0.5959595959595959, 0.6, 0.62, 0.64, 0.66, 0.68, 0.7, 0.72, 0.74, 0.76, 0.78, 0.8, 0.82, 0.84, 0.86, 0.88, 0.9, 0.92, 0.94, 0.96, 0.98, 1.0], 0.4788288857343936], "first_gen": [[1.0, 1.0, 0.5, 0.3333333333333333, 0.25, 0.3333333333333333, 0.5555555555555556, 0.6, 0.6363636363636364, 0.8181818181818182, 0.8333333333333334, 0.8461538461538461, 1.0, 0.8666666666666667, 0.7647058823529411, 0.8823529411764706, 0.7894736842105263, 0.7142857142857143, 0.6521739130434783, 0.6666666666666666, 0.68, 0.6296296296296297, 0.6428571428571429, 0.6551724137931034, 0.6666666666666666, 0.6774193548387096, 0.6875, 0.696969696969697, 0.6571428571428571, 0.6216216216216216, 0.631578947368421, 0.6, 0.6097560975609756, 0.6190476190476191, 0.5909090909090909, 0.6, 0.574468085106383, 0.5833333333333334, 0.5918367346938775, 0.6, 0.5769230769230769, 0.6153846153846154, 0.5925925925925926, 0.5714285714285714, 0.5517241379310345, 0.5333333333333333, 0.5409836065573771, 0.5238095238095238, 0.53125, 0.5151515151515151, 0.5454545454545454, 0.5522388059701493, 0.582089552238806, 0.5882352941176471, 0.5942028985507246, 0.6231884057971014, 0.6285714285714286, 0.6338028169014085, 0.6388888888888888, 0.6666666666666666, 0.6944444444444444, 0.6986301369863014, 0.68, 0.6623376623376623, 0.6666666666666666, 0.6708860759493671, 0.675, 0.6790123456790124, 0.6626506024096386, 0.6666666666666666, 0.6511627906976745, 0.6363636363636364, 0.6222222222222222, 0.6263736263736264, 0.6304347826086957, 0.6344086021505376, 0.6210526315789474, 0.625, 0.6288659793814433, 0.6326530612244898, 0.6363636363636364, 0.6565656565656566, 0.66, 0.68, 0.7, 0.72, 0.74, 0.76, 0.78, 0.8, 0.82, 0.84, 0.86, 0.88, 0.9, 0.92, 0.94, 0.96, 0.98, 1.0], 0.6723451628195534]}}