{"rank_algo": "random_forest_score", "seed": 72, "subsampling_proportion": 0.0001, "exec_time": 0.10400080680847168, "results": {"features": ["feature99", "feature98", "feature23", "feature87", "feature82", "feature81", "feature88", "feature89", "feature85", "feature3", "feature66", "feature55", "feature60", "feature86", "feature22", "feature18", "feature17", "feature84", "feature7", "feature33", "feature10", "feature49", "feature83", "feature9", "feature11", "feature63", "feature42", "feature19", "feature20", "feature0", "feature1", "feature16", "feature57", "feature68", "feature8", "feature44", "feature30", "feature21", "feature26", "feature52", "feature36", "feature51", "feature58", "feature46", "feature69", "feature65", "feature41", "feature64", "feature24", "feature2", "feature31", "feature14", "feature71", "feature56", "feature47", "feature5", "feature13", "feature12", "feature27", "feature28", "feature40", "feature37", "feature50", "feature45", "feature39", "feature54", "feature67", "feature43", "feature61", "feature15", "feature59", "feature32", "feature53", "feature29", "feature91", "feature38", "feature90", "feature62", "feature25", "feature34", "feature35", "feature48", "feature4", "feature6", "feature70", "feature72", "feature73", "feature74", "feature75", "feature76", "feature77", "feature78", "feature79", "feature80", "feature92", "feature93", "feature94", "feature95", "feature96", "feature97"], "scores": [0.27429295753840727, 0.2645318984910246, 0.022504068877977623, 0.020840241385213665, 0.020825578752680922, 0.02041479504267368, 0.014994083830004327, 0.013432440781653489, 0.012637714363704805, 0.01212776943954412, 0.011630002510177796, 0.011411186043947388, 0.011115769605166826, 0.010621395606280287, 0.010529208499752682, 0.01036595341093622, 0.010253861836415284, 0.010036991877791718, 0.008591866060966607, 0.008570929432350312, 0.00851827977012116, 0.00781305959915617, 0.007792091987745288, 0.007237413876462706, 0.006995675980686361, 0.006754910623914446, 0.006535236127252257, 0.006489440014043343, 0.006075712439856387, 0.005952040848392488, 0.005715280258530651, 0.005627877215362603, 0.005516775701338517, 0.0054594687697591725, 0.00533519102828116, 0.0052088337694274145, 0.005095715960591718, 0.00503666660870135, 0.005027716956445236, 0.005003781893119238, 0.004831504034802687, 0.004691034062359169, 0.0045777748173830915, 0.004504557116699232, 0.004177599214608374, 0.0038678144227562838, 0.0036635491502135624, 0.0036123627693782335, 0.0035981951185166516, 0.00353435703274084, 0.003494909948783732, 0.0034708760652114056, 0.0032379041838560985, 0.00319922500025093, 0.0028310670197538037, 0.0027039398446368364, 0.002601239149041627, 0.0025896835531179787, 0.0024943620667925255, 0.0024635871391171828, 0.0024368499047691563, 0.0020969147029286446, 0.001983475112950275, 0.0019608888073697887, 0.0019174755478052277, 0.001907048973605203, 0.0018479084171662066, 0.0017981371205120305, 0.00172020832726518, 0.0013606670481337935, 0.0011442145670143458, 0.0010974693967062382, 0.0009894738700634755, 0.0009362054367739036, 0.000810987368493909, 0.0007017437368943824, 0.0006106176707971327, 0.0005067472034238747, 0.0003572850884678841, 0.00035716697769483727, 0.0003157100963552587, 7.738009893182346e-05, 0.0, 0.0, 0.0, 0.0, 0.0, 0.0, 0.0, 0.0, 0.0, 0.0, 0.0, 0.0, 0.0, 0.0, 0.0, 0.0, 0.0, 0.0]}, "evaluations": {"eval_method": "jaccard_full_score", "singles": [[1.0, 1.0, 1.0, 0.6, 0.42857142857142855, 0.3333333333333333, 0.2727272727272727, 0.23076923076923078, 0.2, 0.17647058823529413, 0.15789473684210525, 0.14285714285714285, 0.13043478260869565, 0.12, 0.1111111111111111, 0.10344827586206896, 0.0967741935483871, 0.09090909090909091, 0.11764705882352941, 0.1111111111111111, 0.13513513513513514, 0.15789473684210525, 0.15, 0.14285714285714285, 0.16279069767441862, 0.20930232558139536, 0.2, 0.24444444444444444, 0.2608695652173913, 0.2765957446808511, 0.3191489361702128, 0.3617021276595745, 0.3469387755102041, 0.36, 0.37254901960784315, 0.3584905660377358, 0.34545454545454546, 0.35714285714285715, 0.3684210526315789, 0.3559322033898305, 0.36666666666666664, 0.4, 0.4098360655737705, 0.41935483870967744, 0.40625, 0.3939393939393939, 0.40298507462686567, 0.391304347826087, 0.42028985507246375, 0.4492753623188406, 0.45714285714285713, 0.4444444444444444, 0.4722222222222222, 0.4794520547945205, 0.4666666666666667, 0.45454545454545453, 0.46153846153846156, 0.46835443037974683, 0.4936708860759494, 0.5189873417721519, 0.525, 0.5308641975308642, 0.5365853658536586, 0.5421686746987951, 0.5294117647058824, 0.5529411764705883, 0.5764705882352941, 0.5813953488372093, 0.6046511627906976, 0.627906976744186, 0.632183908045977, 0.6551724137931034, 0.6404494382022472, 0.6263736263736264, 0.6304347826086957, 0.6170212765957447, 0.6382978723404256, 0.6421052631578947, 0.6288659793814433, 0.6326530612244898, 0.6363636363636364, 0.64, 0.66, 0.68, 0.7, 0.72, 0.74, 0.76, 0.78, 0.8, 0.82, 0.84, 0.86, 0.88, 0.9, 0.92, 0.94, 0.96, 0.98, 1.0], 0.4833734562789673], "first_gen": [[1.0, 1.0, 1.0, 0.6, 0.42857142857142855, 0.3333333333333333, 0.4, 0.45454545454545453, 0.6363636363636364, 0.5384615384615384, 0.4666666666666667, 0.5, 0.5294117647058824, 0.5555555555555556, 0.5789473684210527, 0.6, 0.5454545454545454, 0.5652173913043478, 0.52, 0.48148148148148145, 0.5, 0.4666666666666667, 0.4838709677419355, 0.5, 0.5151515151515151, 0.4857142857142857, 0.5, 0.5135135135135135, 0.5263157894736842, 0.5384615384615384, 0.55, 0.5238095238095238, 0.5, 0.4782608695652174, 0.48936170212765956, 0.5319148936170213, 0.5416666666666666, 0.5510204081632653, 0.56, 0.5384615384615384, 0.5185185185185185, 0.5272727272727272, 0.5087719298245614, 0.4915254237288136, 0.5, 0.4838709677419355, 0.49206349206349204, 0.47692307692307695, 0.4626865671641791, 0.47058823529411764, 0.45714285714285713, 0.4857142857142857, 0.49295774647887325, 0.5, 0.5277777777777778, 0.5555555555555556, 0.5405405405405406, 0.5466666666666666, 0.5733333333333334, 0.6, 0.6052631578947368, 0.631578947368421, 0.6363636363636364, 0.620253164556962, 0.625, 0.6296296296296297, 0.6144578313253012, 0.6190476190476191, 0.6046511627906976, 0.6091954022988506, 0.6136363636363636, 0.6179775280898876, 0.6043956043956044, 0.5913978494623656, 0.5957446808510638, 0.6, 0.6041666666666666, 0.6082474226804123, 0.5959595959595959, 0.6161616161616161, 0.6363636363636364, 0.6565656565656566, 0.66, 0.68, 0.7, 0.72, 0.74, 0.76, 0.78, 0.8, 0.82, 0.84, 0.86, 0.88, 0.9, 0.92, 0.94, 0.96, 0.98, 1.0], 0.6031936052307978]}}