{"rank_algo": "random_forest_score", "seed": 89, "subsampling_proportion": 0.001, "exec_time": 0.21699976921081543, "results": {"features": ["feature99", "feature98", "feature86", "feature88", "feature85", "feature89", "feature87", "feature84", "feature83", "feature1", "feature23", "feature82", "feature81", "feature33", "feature26", "feature55", "feature22", "feature10", "feature60", "feature19", "feature18", "feature57", "feature9", "feature2", "feature43", "feature44", "feature20", "feature59", "feature21", "feature8", "feature0", "feature16", "feature3", "feature58", "feature49", "feature15", "feature50", "feature54", "feature38", "feature64", "feature47", "feature7", "feature71", "feature37", "feature67", "feature69", "feature63", "feature29", "feature51", "feature24", "feature17", "feature66", "feature42", "feature41", "feature30", "feature27", "feature36", "feature40", "feature46", "feature39", "feature53", "feature28", "feature12", "feature91", "feature48", "feature68", "feature31", "feature90", "feature56", "feature52", "feature11", "feature45", "feature62", "feature14", "feature32", "feature65", "feature61", "feature25", "feature35", "feature5", "feature13", "feature34", "feature4", "feature6", "feature70", "feature72", "feature73", "feature74", "feature75", "feature76", "feature77", "feature78", "feature79", "feature80", "feature92", "feature93", "feature94", "feature95", "feature96", "feature97"], "scores": [0.37791447467441786, 0.37598700521694894, 0.015147204349718285, 0.014960323030148636, 0.014776991046691623, 0.012292564479153738, 0.011483048591212137, 0.009119581531828054, 0.008939137101782076, 0.00868393747635241, 0.007667648513496198, 0.007042464699501939, 0.006997853307403898, 0.004025618135832906, 0.003991339190260228, 0.003883177589997893, 0.0036373330403692205, 0.0035053877727132727, 0.003459654021912207, 0.003376952057745254, 0.0033191142931896784, 0.0032881165826508896, 0.0032865070382811835, 0.0031675379805663826, 0.0031347500842073255, 0.0030881797510955615, 0.0030584942318244122, 0.002922767894446532, 0.002879953596904407, 0.002679919243659124, 0.0026794903922337993, 0.0026417594652485997, 0.002594221723630505, 0.0025058221587028248, 0.0024380258240136415, 0.0023551101723395893, 0.002338083049654639, 0.00224390841734888, 0.0021321135393696723, 0.0020784011918721047, 0.002068479039183439, 0.0020409577131503044, 0.001990382093410002, 0.0019783736132063224, 0.0019717169437160832, 0.0018320673300234209, 0.0017776109491036524, 0.0017763741029369188, 0.0017734188712235752, 0.001698978534118068, 0.0016028817749408162, 0.0014878046087062394, 0.0013378212181931444, 0.001283360587468054, 0.0012828678901565232, 0.0012388970018271158, 0.0012238767079421522, 0.0011941233413231148, 0.0011143035449809617, 0.0010575852026685972, 0.0010172227003888796, 0.0010010901443941002, 0.0009642162956753815, 0.0009556076425193701, 0.0009401433943811418, 0.0009190295765726203, 0.0008923955842323545, 0.0008853492584051211, 0.0008174226039217991, 0.0007899676926197038, 0.0007742539924652332, 0.0007697605979798143, 0.000739684852802754, 0.0006497788674747248, 0.0006319007020934455, 0.0006035655629899916, 0.00054855619359875, 0.00053864500418962, 0.0005212238085172238, 0.0005138807662359105, 0.0004701815671786179, 0.0004153114502612812, 0.00018495821409706997, 0.0, 0.0, 0.0, 0.0, 0.0, 0.0, 0.0, 0.0, 0.0, 0.0, 0.0, 0.0, 0.0, 0.0, 0.0, 0.0, 0.0]}, "evaluations": {"eval_method": "jaccard_full_score", "singles": [[1.0, 1.0, 0.5, 0.3333333333333333, 0.25, 0.2, 0.16666666666666666, 0.14285714285714285, 0.125, 0.1111111111111111, 0.15789473684210525, 0.14285714285714285, 0.18181818181818182, 0.16666666666666666, 0.15384615384615385, 0.18518518518518517, 0.1724137931034483, 0.2, 0.22580645161290322, 0.25, 0.23529411764705882, 0.2222222222222222, 0.21052631578947367, 0.23076923076923078, 0.21951219512195122, 0.23809523809523808, 0.2558139534883721, 0.3023255813953488, 0.3181818181818182, 0.3333333333333333, 0.34782608695652173, 0.3617021276595745, 0.3469387755102041, 0.3877551020408163, 0.42857142857142855, 0.44, 0.4230769230769231, 0.4339622641509434, 0.41818181818181815, 0.40350877192982454, 0.41379310344827586, 0.423728813559322, 0.43333333333333335, 0.41935483870967744, 0.40625, 0.3939393939393939, 0.40298507462686567, 0.391304347826087, 0.4, 0.42857142857142855, 0.43661971830985913, 0.4246575342465753, 0.4520547945205479, 0.4794520547945205, 0.4666666666666667, 0.49333333333333335, 0.5, 0.5064935064935064, 0.5324675324675324, 0.5384615384615384, 0.525, 0.55, 0.5555555555555556, 0.5609756097560976, 0.5476190476190477, 0.5348837209302325, 0.5402298850574713, 0.5632183908045977, 0.5681818181818182, 0.5730337078651685, 0.5777777777777777, 0.6, 0.6043956043956044, 0.5913978494623656, 0.6129032258064516, 0.6, 0.6210526315789474, 0.6082474226804123, 0.5959595959595959, 0.6161616161616161, 0.6363636363636364, 0.64, 0.66, 0.68, 0.7, 0.72, 0.74, 0.76, 0.78, 0.8, 0.82, 0.84, 0.86, 0.88, 0.9, 0.92, 0.94, 0.96, 0.98, 1.0], 0.48413614120491927], "first_gen": [[1.0, 1.0, 0.5, 0.3333333333333333, 0.42857142857142855, 0.5, 0.5555555555555556, 0.6, 0.6363636363636364, 0.6666666666666666, 0.8333333333333334, 0.8461538461538461, 0.8571428571428571, 0.75, 0.7647058823529411, 0.6842105263157895, 0.7, 0.7142857142857143, 0.6521739130434783, 0.6, 0.5555555555555556, 0.5714285714285714, 0.5862068965517241, 0.6, 0.6129032258064516, 0.6774193548387096, 0.6875, 0.6470588235294118, 0.6571428571428571, 0.6666666666666666, 0.6756756756756757, 0.6410256410256411, 0.65, 0.6190476190476191, 0.627906976744186, 0.6363636363636364, 0.6086956521739131, 0.6170212765957447, 0.5918367346938775, 0.5686274509803921, 0.5471698113207547, 0.5555555555555556, 0.5636363636363636, 0.543859649122807, 0.5254237288135594, 0.5333333333333333, 0.5161290322580645, 0.5238095238095238, 0.53125, 0.5151515151515151, 0.5454545454545454, 0.5522388059701493, 0.582089552238806, 0.5652173913043478, 0.5714285714285714, 0.6, 0.6056338028169014, 0.6111111111111112, 0.6388888888888888, 0.6438356164383562, 0.6486486486486487, 0.6756756756756757, 0.68, 0.6842105263157895, 0.6883116883116883, 0.6708860759493671, 0.654320987654321, 0.6585365853658537, 0.6626506024096386, 0.6666666666666666, 0.6511627906976745, 0.6363636363636364, 0.6404494382022472, 0.6444444444444445, 0.6483516483516484, 0.6344086021505376, 0.6210526315789474, 0.6082474226804123, 0.6122448979591837, 0.6326530612244898, 0.6363636363636364, 0.6565656565656566, 0.66, 0.68, 0.7, 0.72, 0.74, 0.76, 0.78, 0.8, 0.82, 0.84, 0.86, 0.88, 0.9, 0.92, 0.94, 0.96, 0.98, 1.0], 0.6630708225269952]}}