{"rank_algo": "random_forest_score", "seed": 96, "subsampling_proportion": 0.0063, "exec_time": 0.9850478172302246, "results": {"features": ["feature98", "feature99", "feature88", "feature84", "feature86", "feature89", "feature83", "feature87", "feature82", "feature23", "feature85", "feature81", "feature22", "feature33", "feature19", "feature21", "feature2", "feature20", "feature1", "feature49", "feature57", "feature55", "feature60", "feature3", "feature0", "feature10", "feature56", "feature59", "feature18", "feature9", "feature67", "feature71", "feature7", "feature58", "feature50", "feature44", "feature37", "feature8", "feature36", "feature26", "feature47", "feature29", "feature51", "feature46", "feature38", "feature52", "feature48", "feature64", "feature43", "feature5", "feature27", "feature11", "feature30", "feature41", "feature12", "feature66", "feature32", "feature15", "feature17", "feature69", "feature40", "feature24", "feature54", "feature28", "feature63", "feature62", "feature39", "feature53", "feature61", "feature42", "feature68", "feature31", "feature90", "feature91", "feature45", "feature16", "feature14", "feature25", "feature34", "feature65", "feature35", "feature13", "feature4", "feature72", "feature6", "feature70", "feature73", "feature74", "feature75", "feature76", "feature77", "feature78", "feature79", "feature80", "feature92", "feature93", "feature94", "feature95", "feature96", "feature97"], "scores": [0.44508254124842533, 0.3743508476232644, 0.014135364184690836, 0.01172190256711362, 0.00945224277829815, 0.009078133469577098, 0.008322731860981524, 0.007900064642366308, 0.007808078100295694, 0.007013466058053409, 0.006456468480297191, 0.006347502368793748, 0.004599356961168712, 0.0028244564801660045, 0.0024856029405458933, 0.002414450018554283, 0.0024013349500368324, 0.0023976723601051415, 0.002367656874740628, 0.0023269096247639106, 0.002277274365540754, 0.0022538418659490854, 0.002121216557642742, 0.0021161604810287487, 0.0020600134939937824, 0.0019784118551818717, 0.0019334107501760077, 0.0019155262426907298, 0.001864668470036014, 0.0018598994917621476, 0.0018032214472536116, 0.001770998940165183, 0.0017700698273027072, 0.0016615850331527073, 0.0016023018670287402, 0.0015755877518734101, 0.0014642236732704725, 0.0014132018060940051, 0.0013623479506590787, 0.0013423599331191132, 0.0013143627223205414, 0.0012632608276404555, 0.0012588226887891758, 0.0012433681419038482, 0.0012241615331514684, 0.0012141459346163193, 0.0012012056214744107, 0.0011956903641372034, 0.0011702924648090772, 0.0011702829133603842, 0.0011340621514977151, 0.0010564058211174653, 0.0009786513720453547, 0.0009703574297694877, 0.0009394169270843491, 0.000935497123243555, 0.0009292145786894648, 0.0009149979108094944, 0.0008898303100361282, 0.0008479327522653552, 0.0008250084233148291, 0.0008143457554612459, 0.0008136497973081255, 0.0007985126841082952, 0.0007896551121616967, 0.0007735698491556995, 0.0007726091607370331, 0.0006691098104658675, 0.000657072539525098, 0.0006484048706633284, 0.0006391862357475526, 0.0004996421582906934, 0.0004708608259179957, 0.00044337102897974826, 0.0003842563937923428, 0.0003727583283990997, 0.00035658525444219835, 0.0003463795350308135, 0.0003459397952363789, 0.00034194807903023625, 0.00027400319235607723, 0.0002268468804006627, 0.00012491070788046347, 8.533961622866875e-05, 4.0968980444942245e-05, 0.0, 0.0, 0.0, 0.0, 0.0, 0.0, 0.0, 0.0, 0.0, 0.0, 0.0, 0.0, 0.0, 0.0, 0.0]}, "evaluations": {"eval_method": "jaccard_full_score", "singles": [[1.0, 1.0, 0.5, 0.3333333333333333, 0.25, 0.2, 0.16666666666666666, 0.14285714285714285, 0.125, 0.17647058823529413, 0.15789473684210525, 0.14285714285714285, 0.13043478260869565, 0.12, 0.15384615384615385, 0.18518518518518517, 0.1724137931034483, 0.2, 0.26666666666666666, 0.3333333333333333, 0.3125, 0.29411764705882354, 0.2777777777777778, 0.2631578947368421, 0.25, 0.3, 0.2857142857142857, 0.3333333333333333, 0.3181818181818182, 0.3333333333333333, 0.34782608695652173, 0.3333333333333333, 0.3469387755102041, 0.3877551020408163, 0.4, 0.38461538461538464, 0.37037037037037035, 0.35714285714285715, 0.3448275862068966, 0.3559322033898305, 0.36666666666666664, 0.3770491803278688, 0.3870967741935484, 0.3968253968253968, 0.38461538461538464, 0.373134328358209, 0.36231884057971014, 0.352112676056338, 0.3611111111111111, 0.3698630136986301, 0.3972602739726027, 0.40540540540540543, 0.41333333333333333, 0.44, 0.4473684210526316, 0.45454545454545453, 0.46153846153846156, 0.46835443037974683, 0.475, 0.48148148148148145, 0.4878048780487805, 0.5121951219512195, 0.5180722891566265, 0.5421686746987951, 0.5476190476190477, 0.5714285714285714, 0.5764705882352941, 0.5813953488372093, 0.6046511627906976, 0.627906976744186, 0.6136363636363636, 0.6179775280898876, 0.6222222222222222, 0.6086956521739131, 0.6304347826086957, 0.6344086021505376, 0.6382978723404256, 0.625, 0.6122448979591837, 0.6161616161616161, 0.62, 0.64, 0.66, 0.68, 0.7, 0.72, 0.74, 0.76, 0.78, 0.8, 0.82, 0.84, 0.86, 0.88, 0.9, 0.92, 0.94, 0.96, 0.98, 1.0], 0.47997666814376605], "first_gen": [[1.0, 1.0, 0.5, 0.3333333333333333, 0.42857142857142855, 0.3333333333333333, 0.4, 0.45454545454545453, 0.5, 0.6666666666666666, 0.8333333333333334, 0.8461538461538461, 1.0, 0.8666666666666667, 0.7647058823529411, 0.6842105263157895, 0.7, 0.6363636363636364, 0.7272727272727273, 0.6666666666666666, 0.6153846153846154, 0.6296296296296297, 0.6428571428571429, 0.6551724137931034, 0.6666666666666666, 0.6774193548387096, 0.6875, 0.6470588235294118, 0.6571428571428571, 0.6666666666666666, 0.631578947368421, 0.6, 0.5714285714285714, 0.5813953488372093, 0.5555555555555556, 0.5652173913043478, 0.5416666666666666, 0.5510204081632653, 0.5294117647058824, 0.5384615384615384, 0.5471698113207547, 0.5555555555555556, 0.5636363636363636, 0.543859649122807, 0.5517241379310345, 0.5333333333333333, 0.5666666666666667, 0.5737704918032787, 0.5806451612903226, 0.5873015873015873, 0.6190476190476191, 0.6, 0.6060606060606061, 0.5882352941176471, 0.6176470588235294, 0.6231884057971014, 0.6285714285714286, 0.6338028169014085, 0.6619718309859155, 0.6666666666666666, 0.6944444444444444, 0.6986301369863014, 0.7027027027027027, 0.7066666666666667, 0.6883116883116883, 0.6923076923076923, 0.6962025316455697, 0.6790123456790124, 0.6626506024096386, 0.6666666666666666, 0.6511627906976745, 0.6363636363636364, 0.6404494382022472, 0.6444444444444445, 0.6304347826086957, 0.6344086021505376, 0.6382978723404256, 0.625, 0.6288659793814433, 0.6326530612244898, 0.6530612244897959, 0.6565656565656566, 0.66, 0.68, 0.7, 0.72, 0.74, 0.76, 0.78, 0.8, 0.82, 0.84, 0.86, 0.88, 0.9, 0.92, 0.94, 0.96, 0.98, 1.0], 0.6656688415737286]}}