{"rank_algo": "random_forest_score", "seed": 70, "subsampling_proportion": 0.0025, "exec_time": 0.3840000629425049, "results": {"features": ["feature99", "feature98", "feature23", "feature86", "feature83", "feature85", "feature89", "feature82", "feature87", "feature84", "feature88", "feature1", "feature22", "feature81", "feature33", "feature21", "feature5", "feature55", "feature60", "feature18", "feature20", "feature0", "feature2", "feature3", "feature57", "feature10", "feature19", "feature9", "feature58", "feature26", "feature7", "feature44", "feature8", "feature29", "feature71", "feature43", "feature67", "feature12", "feature47", "feature51", "feature54", "feature49", "feature30", "feature59", "feature46", "feature11", "feature41", "feature64", "feature17", "feature36", "feature38", "feature66", "feature15", "feature50", "feature37", "feature62", "feature39", "feature63", "feature69", "feature42", "feature28", "feature56", "feature61", "feature52", "feature40", "feature53", "feature45", "feature24", "feature14", "feature25", "feature27", "feature68", "feature65", "feature16", "feature90", "feature31", "feature35", "feature48", "feature34", "feature13", "feature4", "feature32", "feature72", "feature91", "feature6", "feature70", "feature73", "feature74", "feature75", "feature76", "feature77", "feature78", "feature79", "feature80", "feature92", "feature93", "feature94", "feature95", "feature96", "feature97"], "scores": [0.4178272657872194, 0.40107132208956026, 0.018951467744866245, 0.010749368039018709, 0.010399087958740753, 0.009588710976749128, 0.008673023071957746, 0.008543346666515248, 0.007221525014845666, 0.005908047554093246, 0.005392530355108732, 0.003937982569185464, 0.0033737482827307943, 0.003297663042318978, 0.0028192902987749673, 0.0027730821596722035, 0.002444998235054311, 0.002442713252838942, 0.0023208948948215073, 0.0022792027822953658, 0.002233211766118638, 0.002225011662372657, 0.002223601100710576, 0.0022179026352694, 0.0021704146447339805, 0.0021276564253971154, 0.0020112056373085803, 0.0018857843951444484, 0.0018669636852042338, 0.0018624136487285397, 0.0018140873463391427, 0.0017678802128735596, 0.0017260180348958396, 0.0016913894030147556, 0.0016409523769108133, 0.0015741938482056173, 0.0015445075155748938, 0.0015377883642995293, 0.001509472605708872, 0.00150128184365488, 0.0014500785385406858, 0.0013651389979198094, 0.001304616108424291, 0.0012904038154175912, 0.0012325839052384276, 0.0012271144277570868, 0.001172534502242572, 0.001166835712591792, 0.001149881505050384, 0.0011363884032698445, 0.0010899963553483527, 0.0010865321430799458, 0.00104469204710336, 0.00103280643448316, 0.0009854901325461742, 0.0009456891233725181, 0.0008709250715187276, 0.0008665655711465664, 0.0008431882169111582, 0.0008355320849796256, 0.0008099323858765422, 0.0007482711440211584, 0.0007234273566988529, 0.0007141244520598702, 0.0007109318208419134, 0.000666572924057542, 0.0006551002450140315, 0.0005392543880803382, 0.000538550514685626, 0.0004392933643647496, 0.0004288991374219937, 0.0004022641548254324, 0.0003914059094153886, 0.0003682238277296039, 0.00035609656438562344, 0.0003529780332709808, 0.0003222643270403092, 0.000295820319610485, 0.00029569079812003765, 0.000256296626358819, 0.0002404238388921393, 0.0002321448686933526, 0.00013771025526490213, 0.00013032171749460732, 0.0, 0.0, 0.0, 0.0, 0.0, 0.0, 0.0, 0.0, 0.0, 0.0, 0.0, 0.0, 0.0, 0.0, 0.0, 0.0]}, "evaluations": {"eval_method": "jaccard_full_score", "singles": [[1.0, 1.0, 1.0, 0.6, 0.42857142857142855, 0.3333333333333333, 0.2727272727272727, 0.23076923076923078, 0.2, 0.17647058823529413, 0.15789473684210525, 0.14285714285714285, 0.18181818181818182, 0.16666666666666666, 0.15384615384615385, 0.18518518518518517, 0.1724137931034483, 0.16129032258064516, 0.1875, 0.17647058823529413, 0.2, 0.1891891891891892, 0.21052631578947367, 0.2, 0.19047619047619047, 0.23809523809523808, 0.2558139534883721, 0.2727272727272727, 0.28888888888888886, 0.3333333333333333, 0.34782608695652173, 0.3333333333333333, 0.32, 0.3333333333333333, 0.37254901960784315, 0.3584905660377358, 0.34545454545454546, 0.35714285714285715, 0.3448275862068966, 0.3559322033898305, 0.3898305084745763, 0.423728813559322, 0.4098360655737705, 0.41935483870967744, 0.42857142857142855, 0.4375, 0.4461538461538462, 0.43283582089552236, 0.42028985507246375, 0.4492753623188406, 0.45714285714285713, 0.4444444444444444, 0.4722222222222222, 0.4794520547945205, 0.4666666666666667, 0.49333333333333335, 0.4805194805194805, 0.48717948717948717, 0.4936708860759494, 0.5189873417721519, 0.525, 0.5308641975308642, 0.5365853658536586, 0.5421686746987951, 0.5476190476190477, 0.5529411764705883, 0.5764705882352941, 0.6, 0.6046511627906976, 0.6091954022988506, 0.6136363636363636, 0.6179775280898876, 0.6043956043956044, 0.6086956521739131, 0.6129032258064516, 0.6, 0.6041666666666666, 0.5918367346938775, 0.58, 0.6, 0.62, 0.64, 0.66, 0.68, 0.7, 0.72, 0.74, 0.76, 0.78, 0.8, 0.82, 0.84, 0.86, 0.88, 0.9, 0.92, 0.94, 0.96, 0.98, 1.0], 0.4917763357844784], "first_gen": [[1.0, 1.0, 1.0, 0.6, 0.6666666666666666, 0.7142857142857143, 0.75, 0.6, 0.6363636363636364, 0.6666666666666666, 0.8333333333333334, 0.8461538461538461, 0.8571428571428571, 0.8666666666666667, 0.875, 0.7777777777777778, 0.7, 0.6363636363636364, 0.6521739130434783, 0.6, 0.5555555555555556, 0.5714285714285714, 0.6428571428571429, 0.6551724137931034, 0.6666666666666666, 0.6774193548387096, 0.6875, 0.696969696969697, 0.6571428571428571, 0.6216216216216216, 0.5897435897435898, 0.6, 0.6097560975609756, 0.5813953488372093, 0.5909090909090909, 0.6, 0.574468085106383, 0.5833333333333334, 0.56, 0.6, 0.5769230769230769, 0.6153846153846154, 0.5925925925925926, 0.5714285714285714, 0.5789473684210527, 0.5862068965517241, 0.5666666666666667, 0.5737704918032787, 0.6065573770491803, 0.6129032258064516, 0.6190476190476191, 0.6, 0.6060606060606061, 0.5882352941176471, 0.6176470588235294, 0.6470588235294118, 0.6521739130434783, 0.6338028169014085, 0.6388888888888888, 0.6438356164383562, 0.6712328767123288, 0.6986301369863014, 0.68, 0.6842105263157895, 0.6883116883116883, 0.6708860759493671, 0.654320987654321, 0.6385542168674698, 0.6428571428571429, 0.627906976744186, 0.632183908045977, 0.6179775280898876, 0.6043956043956044, 0.6086956521739131, 0.6129032258064516, 0.6, 0.6041666666666666, 0.6082474226804123, 0.6122448979591837, 0.6161616161616161, 0.62, 0.64, 0.66, 0.68, 0.7, 0.72, 0.74, 0.76, 0.78, 0.8, 0.82, 0.84, 0.86, 0.88, 0.9, 0.92, 0.94, 0.96, 0.98, 1.0], 0.6838641698049015]}}