{"rank_algo": "random_forest_score", "seed": 8, "subsampling_proportion": 0.0004, "exec_time": 0.15199995040893555, "results": {"features": ["feature98", "feature99", "feature88", "feature83", "feature84", "feature87", "feature82", "feature85", "feature89", "feature81", "feature23", "feature55", "feature22", "feature19", "feature57", "feature1", "feature10", "feature52", "feature67", "feature9", "feature86", "feature33", "feature49", "feature60", "feature58", "feature8", "feature50", "feature17", "feature44", "feature36", "feature20", "feature51", "feature7", "feature18", "feature2", "feature40", "feature0", "feature48", "feature26", "feature3", "feature69", "feature66", "feature47", "feature54", "feature21", "feature46", "feature11", "feature59", "feature12", "feature71", "feature43", "feature27", "feature38", "feature39", "feature42", "feature61", "feature5", "feature30", "feature53", "feature15", "feature29", "feature28", "feature56", "feature45", "feature41", "feature37", "feature91", "feature64", "feature24", "feature62", "feature35", "feature63", "feature65", "feature34", "feature90", "feature68", "feature16", "feature25", "feature13", "feature4", "feature31", "feature32", "feature14", "feature6", "feature70", "feature72", "feature73", "feature74", "feature75", "feature76", "feature77", "feature78", "feature79", "feature80", "feature92", "feature93", "feature94", "feature95", "feature96", "feature97"], "scores": [0.3570587960411409, 0.29042117394124006, 0.015430438153833567, 0.014697730533716535, 0.01340604732237681, 0.010833548240585857, 0.010649652193218277, 0.010619108757415771, 0.010151578157070733, 0.010120099444058981, 0.008727571945531804, 0.008208964905644349, 0.007855101003638962, 0.007512976319358457, 0.00673727924057172, 0.00671634921988402, 0.006273039887664302, 0.00583820212876245, 0.00561251960592642, 0.005571368733424145, 0.005559714103064978, 0.0055057822236338734, 0.005261672957595953, 0.0052373128901102425, 0.005225720917780097, 0.005152944795942036, 0.005094074166918686, 0.005085078172198815, 0.005073181515369182, 0.004979553136211038, 0.004852361721518215, 0.004537657475029426, 0.004453511279847307, 0.004373524350132345, 0.004222840829876649, 0.004152070106468897, 0.004147989460569826, 0.004007234460886987, 0.003943997593638224, 0.0038819570738911602, 0.003786317422344167, 0.003782269285310409, 0.0037418423831121223, 0.003600884518442322, 0.0035947652586326454, 0.003551969046702261, 0.003420968558291315, 0.0032088049925411174, 0.002858556029849567, 0.002825956753372996, 0.0028150520625551344, 0.002760999747148476, 0.00275611309504646, 0.0027427826956723566, 0.0027398373820760324, 0.0027008115089310366, 0.0026046873788487176, 0.0025224039630287604, 0.0024337662097307492, 0.002353860113765023, 0.0022592518701695366, 0.002211616268930187, 0.0020693463936824, 0.0020305530123693504, 0.001985905066066543, 0.0019616353724892822, 0.0019247466902326382, 0.0018829073368744258, 0.0018265483868515197, 0.0017675946885087773, 0.0015833640255345765, 0.00148711644099235, 0.001252718106800144, 0.0012080487131809392, 0.0011850852604154039, 0.0011561649766672361, 0.0011285284691356973, 0.0009742560772268293, 0.0007052322437380998, 0.0004996641417585943, 0.00042868801834198265, 0.00028440592564416185, 0.00019424910323976216, 0.0, 0.0, 0.0, 0.0, 0.0, 0.0, 0.0, 0.0, 0.0, 0.0, 0.0, 0.0, 0.0, 0.0, 0.0, 0.0, 0.0]}, "evaluations": {"eval_method": "jaccard_full_score", "singles": [[1.0, 1.0, 0.5, 0.3333333333333333, 0.25, 0.2, 0.16666666666666666, 0.14285714285714285, 0.125, 0.1111111111111111, 0.15789473684210525, 0.14285714285714285, 0.13043478260869565, 0.16666666666666666, 0.15384615384615385, 0.18518518518518517, 0.21428571428571427, 0.2, 0.22580645161290322, 0.21212121212121213, 0.2, 0.1891891891891892, 0.21052631578947367, 0.2, 0.21951219512195122, 0.23809523809523808, 0.22727272727272727, 0.24444444444444444, 0.23404255319148937, 0.25, 0.2916666666666667, 0.30612244897959184, 0.29411764705882354, 0.3076923076923077, 0.34615384615384615, 0.3584905660377358, 0.34545454545454546, 0.3333333333333333, 0.3448275862068966, 0.3333333333333333, 0.3442622950819672, 0.3548387096774194, 0.34375, 0.35384615384615387, 0.36363636363636365, 0.373134328358209, 0.38235294117647056, 0.391304347826087, 0.42028985507246375, 0.4492753623188406, 0.45714285714285713, 0.4647887323943662, 0.4722222222222222, 0.4794520547945205, 0.4864864864864865, 0.5135135135135135, 0.5, 0.48717948717948717, 0.4936708860759494, 0.5189873417721519, 0.5061728395061729, 0.5121951219512195, 0.5, 0.5238095238095238, 0.5294117647058824, 0.5529411764705883, 0.5581395348837209, 0.5632183908045977, 0.5862068965517241, 0.6091954022988506, 0.5955056179775281, 0.6179775280898876, 0.6043956043956044, 0.5913978494623656, 0.6129032258064516, 0.6, 0.6210526315789474, 0.6082474226804123, 0.6122448979591837, 0.6326530612244898, 0.6363636363636364, 0.6565656565656566, 0.66, 0.68, 0.7, 0.72, 0.74, 0.76, 0.78, 0.8, 0.82, 0.84, 0.86, 0.88, 0.9, 0.92, 0.94, 0.96, 0.98, 1.0], 0.4698290198553294], "first_gen": [[1.0, 1.0, 0.5, 0.3333333333333333, 0.25, 0.2, 0.2727272727272727, 0.45454545454545453, 0.5, 0.5384615384615384, 0.6923076923076923, 0.7142857142857143, 0.8571428571428571, 0.75, 0.6666666666666666, 0.6842105263157895, 0.7, 0.6363636363636364, 0.5833333333333334, 0.6, 0.6153846153846154, 0.6296296296296297, 0.5862068965517241, 0.5483870967741935, 0.5151515151515151, 0.5294117647058824, 0.5428571428571428, 0.5135135135135135, 0.5263157894736842, 0.5, 0.5121951219512195, 0.4883720930232558, 0.4666666666666667, 0.4782608695652174, 0.48936170212765956, 0.5319148936170213, 0.5416666666666666, 0.52, 0.56, 0.5686274509803921, 0.5471698113207547, 0.5272727272727272, 0.5357142857142857, 0.543859649122807, 0.5517241379310345, 0.5862068965517241, 0.5932203389830508, 0.6, 0.6065573770491803, 0.6129032258064516, 0.6190476190476191, 0.625, 0.6307692307692307, 0.6363636363636364, 0.6666666666666666, 0.6470588235294118, 0.6521739130434783, 0.6338028169014085, 0.6388888888888888, 0.6666666666666666, 0.6712328767123288, 0.6986301369863014, 0.7027027027027027, 0.6842105263157895, 0.6883116883116883, 0.6923076923076923, 0.6962025316455697, 0.6790123456790124, 0.6626506024096386, 0.6666666666666666, 0.6705882352941176, 0.6551724137931034, 0.6404494382022472, 0.6444444444444445, 0.6483516483516484, 0.6344086021505376, 0.6382978723404256, 0.625, 0.6122448979591837, 0.6161616161616161, 0.62, 0.64, 0.66, 0.68, 0.7, 0.72, 0.74, 0.76, 0.78, 0.8, 0.82, 0.84, 0.86, 0.88, 0.9, 0.92, 0.94, 0.96, 0.98, 1.0], 0.6378324757998689]}}