{"rank_algo": "random_forest_score", "seed": 85, "subsampling_proportion": 0.0063, "exec_time": 0.9270427227020264, "results": {"features": ["feature99", "feature98", "feature89", "feature86", "feature84", "feature88", "feature83", "feature85", "feature87", "feature82", "feature81", "feature23", "feature22", "feature33", "feature55", "feature1", "feature21", "feature3", "feature57", "feature19", "feature2", "feature10", "feature20", "feature8", "feature9", "feature18", "feature60", "feature7", "feature49", "feature44", "feature0", "feature71", "feature50", "feature26", "feature27", "feature58", "feature51", "feature43", "feature59", "feature52", "feature14", "feature67", "feature48", "feature5", "feature47", "feature30", "feature41", "feature29", "feature64", "feature15", "feature37", "feature17", "feature54", "feature36", "feature63", "feature91", "feature40", "feature46", "feature53", "feature42", "feature28", "feature11", "feature38", "feature69", "feature56", "feature66", "feature32", "feature39", "feature68", "feature24", "feature12", "feature61", "feature45", "feature31", "feature62", "feature25", "feature35", "feature65", "feature4", "feature90", "feature16", "feature13", "feature34", "feature6", "feature70", "feature72", "feature73", "feature74", "feature75", "feature76", "feature77", "feature78", "feature79", "feature80", "feature92", "feature93", "feature94", "feature95", "feature96", "feature97"], "scores": [0.47269296232813424, 0.3342305937616991, 0.016325148313382144, 0.015710896511445378, 0.013841504600232693, 0.012931829704886154, 0.011970379300619487, 0.011875980328115385, 0.010732970719579604, 0.008136902883446411, 0.006170540498392515, 0.004380406448925298, 0.0034671213964420655, 0.002475487396768569, 0.0023842085514384466, 0.002353891824528267, 0.002189769586751436, 0.0021526679950569457, 0.001976336493036597, 0.001970965429026149, 0.001885722463217889, 0.0018774591424831166, 0.001837315222713401, 0.0018045072264330777, 0.0017254175737661593, 0.0017138687657785776, 0.0017018500320393204, 0.0016901917600080582, 0.001612166999508803, 0.001549643906865617, 0.0014760754504076592, 0.00146289261134591, 0.001434469048681053, 0.0014120770904178161, 0.0013833455280961792, 0.0013751448527853814, 0.0013669091345893487, 0.0013477906057541807, 0.0012754029365808883, 0.0012529140470450206, 0.0012043300235695879, 0.0011799269813284375, 0.0011618880960832265, 0.001133398818294555, 0.0011286060808958873, 0.001101097758750332, 0.0010705373167429796, 0.0009807672872777064, 0.0009701179934221684, 0.0009565337274418599, 0.0009403567440620482, 0.0009102327301547231, 0.0008909527766517222, 0.0008868303485968402, 0.0008823486967509123, 0.0008662381556313678, 0.0008225777208358836, 0.000821209217984939, 0.0008208940104690795, 0.0008005774837169119, 0.0007985207142933282, 0.0007666573810377931, 0.0007652669961783561, 0.0007038181587048454, 0.0007011255999663695, 0.0006642186264990637, 0.000659362648583399, 0.0006121877426255522, 0.000577886002043844, 0.000534410574320894, 0.000522117341926507, 0.0004794150656958747, 0.00043327340503700526, 0.0004154455586966013, 0.0004105373758153832, 0.0003451526715994482, 0.00033989319573805187, 0.00030374052153877196, 0.00029503029125512315, 0.000277670629635996, 0.0002632678665054147, 0.00024417585006304183, 0.0002016753431537498, 0.0, 0.0, 0.0, 0.0, 0.0, 0.0, 0.0, 0.0, 0.0, 0.0, 0.0, 0.0, 0.0, 0.0, 0.0, 0.0, 0.0]}, "evaluations": {"eval_method": "jaccard_full_score", "singles": [[1.0, 1.0, 0.5, 0.3333333333333333, 0.25, 0.2, 0.16666666666666666, 0.14285714285714285, 0.125, 0.1111111111111111, 0.1, 0.14285714285714285, 0.13043478260869565, 0.12, 0.1111111111111111, 0.14285714285714285, 0.1724137931034483, 0.16129032258064516, 0.1875, 0.21212121212121213, 0.23529411764705882, 0.2571428571428571, 0.2777777777777778, 0.2631578947368421, 0.25, 0.23809523809523808, 0.2558139534883721, 0.2727272727272727, 0.28888888888888886, 0.30434782608695654, 0.3191489361702128, 0.30612244897959184, 0.32, 0.36, 0.37254901960784315, 0.38461538461538464, 0.39622641509433965, 0.4074074074074074, 0.41818181818181815, 0.40350877192982454, 0.41379310344827586, 0.423728813559322, 0.4098360655737705, 0.3968253968253968, 0.38461538461538464, 0.373134328358209, 0.38235294117647056, 0.37142857142857144, 0.3611111111111111, 0.3888888888888889, 0.3972602739726027, 0.38666666666666666, 0.41333333333333333, 0.44, 0.4473684210526316, 0.45454545454545453, 0.46153846153846156, 0.46835443037974683, 0.475, 0.5, 0.5061728395061729, 0.5308641975308642, 0.5180722891566265, 0.5238095238095238, 0.5116279069767442, 0.5172413793103449, 0.5402298850574713, 0.5454545454545454, 0.550561797752809, 0.5730337078651685, 0.5777777777777777, 0.6, 0.6043956043956044, 0.5913978494623656, 0.6129032258064516, 0.6, 0.6041666666666666, 0.5918367346938775, 0.5959595959595959, 0.6161616161616161, 0.6363636363636364, 0.6565656565656566, 0.66, 0.68, 0.7, 0.72, 0.74, 0.76, 0.78, 0.8, 0.82, 0.84, 0.86, 0.88, 0.9, 0.92, 0.94, 0.96, 0.98, 1.0], 0.47004987750033483], "first_gen": [[1.0, 1.0, 0.5, 0.3333333333333333, 0.42857142857142855, 0.3333333333333333, 0.4, 0.6, 0.6363636363636364, 0.6666666666666666, 0.6923076923076923, 0.8461538461538461, 1.0, 0.8666666666666667, 0.7647058823529411, 0.7777777777777778, 0.7, 0.7142857142857143, 0.7272727272727273, 0.6666666666666666, 0.68, 0.76, 0.7692307692307693, 0.7777777777777778, 0.7857142857142857, 0.7931034482758621, 0.7419354838709677, 0.696969696969697, 0.7058823529411765, 0.7142857142857143, 0.7222222222222222, 0.6842105263157895, 0.65, 0.6585365853658537, 0.627906976744186, 0.6, 0.574468085106383, 0.6170212765957447, 0.625, 0.6, 0.6078431372549019, 0.5849056603773585, 0.5925925925925926, 0.6296296296296297, 0.6363636363636364, 0.6140350877192983, 0.5932203389830508, 0.6, 0.5806451612903226, 0.5873015873015873, 0.5692307692307692, 0.5757575757575758, 0.6060606060606061, 0.6119402985074627, 0.6176470588235294, 0.6470588235294118, 0.6521739130434783, 0.6571428571428571, 0.6619718309859155, 0.6901408450704225, 0.7183098591549296, 0.6986301369863014, 0.7027027027027027, 0.7066666666666667, 0.7105263157894737, 0.6923076923076923, 0.6962025316455697, 0.7, 0.6829268292682927, 0.6666666666666666, 0.6705882352941176, 0.6551724137931034, 0.6404494382022472, 0.6263736263736264, 0.6304347826086957, 0.6170212765957447, 0.6210526315789474, 0.6082474226804123, 0.5959595959595959, 0.6161616161616161, 0.6363636363636364, 0.64, 0.66, 0.68, 0.7, 0.72, 0.74, 0.76, 0.78, 0.8, 0.82, 0.84, 0.86, 0.88, 0.9, 0.92, 0.94, 0.96, 0.98, 1.0], 0.6891595561579125]}}