{"rank_algo": "random_forest_score", "seed": 7, "subsampling_proportion": 0.00025, "exec_time": 0.12900018692016602, "results": {"features": ["feature99", "feature98", "feature84", "feature83", "feature87", "feature89", "feature85", "feature21", "feature88", "feature10", "feature86", "feature2", "feature82", "feature33", "feature81", "feature22", "feature19", "feature57", "feature1", "feature9", "feature23", "feature55", "feature7", "feature47", "feature44", "feature0", "feature60", "feature26", "feature37", "feature58", "feature38", "feature3", "feature46", "feature8", "feature28", "feature67", "feature71", "feature49", "feature18", "feature50", "feature64", "feature29", "feature41", "feature11", "feature52", "feature51", "feature53", "feature15", "feature35", "feature43", "feature36", "feature91", "feature17", "feature20", "feature66", "feature69", "feature56", "feature30", "feature39", "feature16", "feature54", "feature63", "feature5", "feature42", "feature59", "feature90", "feature62", "feature12", "feature13", "feature32", "feature45", "feature24", "feature61", "feature68", "feature25", "feature40", "feature65", "feature31", "feature27", "feature34", "feature14", "feature48", "feature72", "feature4", "feature6", "feature70", "feature73", "feature74", "feature75", "feature76", "feature77", "feature78", "feature79", "feature80", "feature92", "feature93", "feature94", "feature95", "feature96", "feature97"], "scores": [0.3046148456473724, 0.294054455836202, 0.019259923581451194, 0.016004436651231177, 0.015656740008365175, 0.01509600922004173, 0.013307168542593563, 0.01102358788521633, 0.0107493429159112, 0.010708068621647396, 0.010624793109098874, 0.010355086335363622, 0.010278349088463435, 0.009315418124390688, 0.008121426108538554, 0.00808609843768458, 0.008047932982160454, 0.007815086213808138, 0.0078097298494046825, 0.00737388067609582, 0.007097351101493016, 0.007090924568871395, 0.006874998319248192, 0.006459274776603956, 0.006404790410356256, 0.006073210641467143, 0.006058796220562917, 0.00574946085730986, 0.005665822861316036, 0.005595372898813414, 0.005490741198816125, 0.005456981048477055, 0.005078471294022903, 0.0048809756523085284, 0.004721373800339489, 0.004654496357181435, 0.004608149496441448, 0.004540432723870159, 0.004537649472862512, 0.004148100334563741, 0.004094712205560661, 0.004084240677652604, 0.0038131339103308235, 0.003493133952989025, 0.0034802623095690323, 0.0034764665927123715, 0.003374593580249331, 0.003364762022964365, 0.003209572898154169, 0.003194719808412498, 0.0031923636108756167, 0.0029370697186037395, 0.0027398074860323827, 0.002614076006098489, 0.002604437100116495, 0.0025237778460451684, 0.0025219668697598124, 0.0024812227642541005, 0.002399609013734336, 0.0019902786889805287, 0.001894229176928046, 0.001829320533275289, 0.0017702713968194015, 0.0017363730217002627, 0.0016925253260089818, 0.001521781103872037, 0.0014708724005615746, 0.00144261875686485, 0.0014159106812432144, 0.0013796226303265662, 0.0013528451384430874, 0.0013498445667993885, 0.0013173024064744641, 0.0012502028106988828, 0.001126008317257142, 0.0009898886620584707, 0.0009587783129586528, 0.0009364002019723167, 0.0008770782558123922, 0.0006893542280676845, 0.0005844255426995155, 0.0005771168538678745, 0.0002841707484291648, 0.0002670060159397586, 0.00020609197785873774, 0.0, 0.0, 0.0, 0.0, 0.0, 0.0, 0.0, 0.0, 0.0, 0.0, 0.0, 0.0, 0.0, 0.0, 0.0]}, "evaluations": {"eval_method": "jaccard_full_score", "singles": [[1.0, 1.0, 0.5, 0.3333333333333333, 0.25, 0.2, 0.16666666666666666, 0.23076923076923078, 0.2, 0.25, 0.2222222222222222, 0.2, 0.18181818181818182, 0.16666666666666666, 0.15384615384615385, 0.14285714285714285, 0.1724137931034483, 0.16129032258064516, 0.22580645161290322, 0.25, 0.2727272727272727, 0.2571428571428571, 0.24324324324324326, 0.23076923076923078, 0.21951219512195122, 0.20930232558139536, 0.22727272727272727, 0.2727272727272727, 0.2608695652173913, 0.30434782608695654, 0.3191489361702128, 0.30612244897959184, 0.32, 0.3333333333333333, 0.32075471698113206, 0.3090909090909091, 0.32142857142857145, 0.3333333333333333, 0.3448275862068966, 0.3333333333333333, 0.3442622950819672, 0.3548387096774194, 0.36507936507936506, 0.375, 0.36363636363636365, 0.373134328358209, 0.38235294117647056, 0.391304347826087, 0.38028169014084506, 0.3888888888888889, 0.4166666666666667, 0.40540540540540543, 0.41333333333333333, 0.44, 0.42857142857142855, 0.4358974358974359, 0.425, 0.4146341463414634, 0.42168674698795183, 0.4457831325301205, 0.4523809523809524, 0.47619047619047616, 0.46511627906976744, 0.4883720930232558, 0.4942528735632184, 0.5172413793103449, 0.5402298850574713, 0.5632183908045977, 0.5862068965517241, 0.6091954022988506, 0.6136363636363636, 0.6363636363636364, 0.6404494382022472, 0.6263736263736264, 0.6304347826086957, 0.6344086021505376, 0.6382978723404256, 0.625, 0.6288659793814433, 0.6326530612244898, 0.6363636363636364, 0.64, 0.66, 0.68, 0.7, 0.72, 0.74, 0.76, 0.78, 0.8, 0.82, 0.84, 0.86, 0.88, 0.9, 0.92, 0.94, 0.96, 0.98, 1.0], 0.46896956265373113], "first_gen": [[1.0, 1.0, 0.5, 0.3333333333333333, 0.25, 0.2, 0.4, 0.45454545454545453, 0.5, 0.5384615384615384, 0.6923076923076923, 0.6, 0.625, 0.6470588235294118, 0.6666666666666666, 0.6842105263157895, 0.7, 0.6363636363636364, 0.7272727272727273, 0.7391304347826086, 0.75, 0.76, 0.7037037037037037, 0.6551724137931034, 0.6666666666666666, 0.6774193548387096, 0.6363636363636364, 0.6, 0.5675675675675675, 0.5384615384615384, 0.5121951219512195, 0.5238095238095238, 0.5, 0.5111111111111111, 0.48936170212765956, 0.46938775510204084, 0.48, 0.52, 0.5294117647058824, 0.5094339622641509, 0.4909090909090909, 0.5, 0.4827586206896552, 0.4666666666666667, 0.47540983606557374, 0.4838709677419355, 0.46875, 0.47692307692307695, 0.4626865671641791, 0.47058823529411764, 0.5, 0.5072463768115942, 0.5362318840579711, 0.5652173913043478, 0.5714285714285714, 0.5774647887323944, 0.5833333333333334, 0.589041095890411, 0.6164383561643836, 0.6438356164383562, 0.6712328767123288, 0.6756756756756757, 0.68, 0.6842105263157895, 0.6883116883116883, 0.6923076923076923, 0.6962025316455697, 0.7, 0.6829268292682927, 0.6867469879518072, 0.6705882352941176, 0.6551724137931034, 0.6404494382022472, 0.6263736263736264, 0.6129032258064516, 0.6170212765957447, 0.6041666666666666, 0.5918367346938775, 0.5959595959595959, 0.6161616161616161, 0.6363636363636364, 0.6565656565656566, 0.6767676767676768, 0.68, 0.7, 0.72, 0.74, 0.76, 0.78, 0.8, 0.82, 0.84, 0.86, 0.88, 0.9, 0.92, 0.94, 0.96, 0.98, 1.0], 0.6293046640312514]}}