{"rank_algo": "random_forest_score", "seed": 18, "subsampling_proportion": 0.004, "exec_time": 0.6510014533996582, "results": {"features": ["feature98", "feature99", "feature89", "feature87", "feature84", "feature86", "feature88", "feature83", "feature85", "feature23", "feature82", "feature81", "feature22", "feature33", "feature18", "feature1", "feature10", "feature3", "feature2", "feature44", "feature55", "feature71", "feature57", "feature0", "feature20", "feature49", "feature21", "feature8", "feature47", "feature9", "feature67", "feature15", "feature7", "feature58", "feature59", "feature26", "feature60", "feature50", "feature46", "feature19", "feature36", "feature27", "feature51", "feature42", "feature38", "feature37", "feature29", "feature52", "feature54", "feature56", "feature43", "feature30", "feature41", "feature64", "feature48", "feature12", "feature69", "feature17", "feature40", "feature62", "feature53", "feature11", "feature66", "feature61", "feature28", "feature24", "feature31", "feature39", "feature5", "feature63", "feature16", "feature90", "feature14", "feature65", "feature32", "feature45", "feature91", "feature68", "feature35", "feature25", "feature13", "feature34", "feature4", "feature72", "feature6", "feature70", "feature73", "feature74", "feature75", "feature76", "feature77", "feature78", "feature79", "feature80", "feature92", "feature93", "feature94", "feature95", "feature96", "feature97"], "scores": [0.4022555874154372, 0.38731513733923006, 0.014671589873012309, 0.014297687590215933, 0.01095249406850755, 0.010877648721031162, 0.010575904960087939, 0.0097471603344464, 0.009469034693212353, 0.008861731723226072, 0.008310663634674458, 0.007132940128159213, 0.005327298673498988, 0.003329513849258035, 0.003197750304305562, 0.0028887769374365928, 0.0027901857531851056, 0.002766236227217224, 0.0025389595167233125, 0.002466089591489893, 0.0023691733951481096, 0.002347552514029609, 0.0022338309336094285, 0.002139536281322054, 0.002133199927905241, 0.00208999998469084, 0.0020506332396269737, 0.002039707966728231, 0.00200408433120983, 0.001997310382027433, 0.0019848603616553296, 0.0019359738769708073, 0.001930480839251964, 0.001911209882742972, 0.001876324626296024, 0.0017562147967025666, 0.001712983614461442, 0.0016100947568124843, 0.0016063489419435508, 0.0015942977203828805, 0.0015851400669624315, 0.0015487131382699423, 0.0015476191884468177, 0.0015196205011395202, 0.0014861481478113314, 0.0014517103635632942, 0.001423452153183671, 0.0013846519396345225, 0.0013348916325695737, 0.001299280146777882, 0.0012811500517352576, 0.0012719872124158044, 0.0012592047394324995, 0.0012339216348246456, 0.001233155341338319, 0.0012093567111894363, 0.0012047537983278173, 0.0012046181936168042, 0.0010456535381962308, 0.0009826070360548806, 0.0009195804798401213, 0.0009098921519564616, 0.000868705898433167, 0.0008624901238908362, 0.0008390792763218967, 0.0008295383998370899, 0.0007600507086956695, 0.00072796063323017, 0.0007192452614569027, 0.0006840771135484834, 0.0006792054131552068, 0.0006223648557039697, 0.0006018335324940331, 0.0005964473629142563, 0.0005683120655572055, 0.0005120558167263772, 0.000468828931016027, 0.00044313962373652483, 0.00043025105193464, 0.00042681320822292833, 0.0003608045460853644, 0.00034811243205061217, 0.00019447062363174477, 2.2895246196492734e-05, 0.0, 0.0, 0.0, 0.0, 0.0, 0.0, 0.0, 0.0, 0.0, 0.0, 0.0, 0.0, 0.0, 0.0, 0.0, 0.0]}, "evaluations": {"eval_method": "jaccard_full_score", "singles": [[1.0, 1.0, 0.5, 0.3333333333333333, 0.25, 0.2, 0.16666666666666666, 0.14285714285714285, 0.125, 0.17647058823529413, 0.15789473684210525, 0.14285714285714285, 0.13043478260869565, 0.12, 0.1111111111111111, 0.14285714285714285, 0.1724137931034483, 0.16129032258064516, 0.1875, 0.21212121212121213, 0.2, 0.1891891891891892, 0.1794871794871795, 0.17073170731707318, 0.19047619047619047, 0.20930232558139536, 0.22727272727272727, 0.24444444444444444, 0.23404255319148937, 0.25, 0.2653061224489796, 0.28, 0.29411764705882354, 0.3333333333333333, 0.37254901960784315, 0.38461538461538464, 0.39622641509433965, 0.38181818181818183, 0.39285714285714285, 0.40350877192982454, 0.41379310344827586, 0.4482758620689655, 0.4576271186440678, 0.4666666666666667, 0.45161290322580644, 0.4375, 0.42424242424242425, 0.4117647058823529, 0.4411764705882353, 0.4492753623188406, 0.45714285714285713, 0.4444444444444444, 0.4722222222222222, 0.4794520547945205, 0.4666666666666667, 0.49333333333333335, 0.4805194805194805, 0.46835443037974683, 0.4936708860759494, 0.5189873417721519, 0.5061728395061729, 0.5308641975308642, 0.5180722891566265, 0.5421686746987951, 0.5476190476190477, 0.5714285714285714, 0.5764705882352941, 0.5813953488372093, 0.5862068965517241, 0.6091954022988506, 0.6136363636363636, 0.6363636363636364, 0.6222222222222222, 0.6086956521739131, 0.6129032258064516, 0.6170212765957447, 0.6382978723404256, 0.625, 0.6122448979591837, 0.6161616161616161, 0.6363636363636364, 0.64, 0.66, 0.68, 0.7, 0.72, 0.74, 0.76, 0.78, 0.8, 0.82, 0.84, 0.86, 0.88, 0.9, 0.92, 0.94, 0.96, 0.98, 1.0], 0.47674059495778626], "first_gen": [[1.0, 1.0, 0.5, 0.3333333333333333, 0.25, 0.3333333333333333, 0.4, 0.45454545454545453, 0.6363636363636364, 0.8181818181818182, 0.8333333333333334, 0.8461538461538461, 1.0, 0.8666666666666667, 0.7647058823529411, 0.7777777777777778, 0.7894736842105263, 0.8, 0.8095238095238095, 0.7391304347826086, 0.68, 0.6296296296296297, 0.5862068965517241, 0.6551724137931034, 0.7241379310344828, 0.6774193548387096, 0.7419354838709677, 0.75, 0.7058823529411765, 0.7142857142857143, 0.6756756756756757, 0.6842105263157895, 0.65, 0.6585365853658537, 0.627906976744186, 0.6, 0.574468085106383, 0.5833333333333334, 0.56, 0.5686274509803921, 0.5471698113207547, 0.5555555555555556, 0.5925925925925926, 0.6, 0.6071428571428571, 0.5862068965517241, 0.5932203389830508, 0.6, 0.6065573770491803, 0.6129032258064516, 0.6451612903225806, 0.625, 0.6307692307692307, 0.6119402985074627, 0.6417910447761194, 0.6716417910447762, 0.6521739130434783, 0.6571428571428571, 0.6857142857142857, 0.7142857142857143, 0.7183098591549296, 0.7222222222222222, 0.7027027027027027, 0.6842105263157895, 0.6883116883116883, 0.6708860759493671, 0.654320987654321, 0.6585365853658537, 0.6626506024096386, 0.6470588235294118, 0.6511627906976745, 0.6551724137931034, 0.6590909090909091, 0.6444444444444445, 0.6483516483516484, 0.6344086021505376, 0.6382978723404256, 0.625, 0.6288659793814433, 0.6326530612244898, 0.6363636363636364, 0.6565656565656566, 0.66, 0.68, 0.7, 0.72, 0.74, 0.76, 0.78, 0.8, 0.82, 0.84, 0.86, 0.88, 0.9, 0.92, 0.94, 0.96, 0.98, 1.0], 0.6858233089864122]}}