{"rank_algo": "random_forest_score", "seed": 50, "subsampling_proportion": 0.0063, "exec_time": 0.84804368019104, "results": {"features": ["feature99", "feature98", "feature87", "feature86", "feature88", "feature89", "feature23", "feature82", "feature84", "feature81", "feature85", "feature83", "feature1", "feature22", "feature2", "feature33", "feature49", "feature57", "feature3", "feature71", "feature10", "feature21", "feature55", "feature5", "feature60", "feature18", "feature9", "feature7", "feature17", "feature0", "feature19", "feature8", "feature20", "feature44", "feature50", "feature58", "feature67", "feature26", "feature11", "feature36", "feature59", "feature64", "feature51", "feature30", "feature38", "feature69", "feature42", "feature29", "feature43", "feature46", "feature12", "feature41", "feature47", "feature52", "feature40", "feature37", "feature54", "feature48", "feature24", "feature66", "feature32", "feature16", "feature28", "feature53", "feature15", "feature63", "feature56", "feature39", "feature62", "feature68", "feature91", "feature25", "feature61", "feature34", "feature45", "feature35", "feature31", "feature14", "feature27", "feature65", "feature13", "feature4", "feature90", "feature72", "feature6", "feature70", "feature73", "feature74", "feature75", "feature76", "feature77", "feature78", "feature79", "feature80", "feature92", "feature93", "feature94", "feature95", "feature96", "feature97"], "scores": [0.46752524052596306, 0.3762106786620118, 0.0123921518312943, 0.012319698614021747, 0.011160515274478366, 0.010162236529613797, 0.009447571494103002, 0.00935602590411666, 0.0076866012154706495, 0.006541500383992982, 0.006117559185011904, 0.004864495559661576, 0.002646923695860018, 0.002105683337636813, 0.0020145062410150015, 0.001929373457053337, 0.0018969398803285742, 0.0016320436016121823, 0.0016054634666337686, 0.0015879491200416532, 0.0015584181896582078, 0.0015481120831666308, 0.0015039905810309653, 0.0014841087601974794, 0.0014782002279767972, 0.0014247426006025895, 0.0014149219893820977, 0.0013869210876309547, 0.0013862627544318211, 0.0013766543489534234, 0.0013678178148565116, 0.0013431483652606032, 0.0012950119700145923, 0.0012664213857267346, 0.0011957215283365313, 0.0011918479513686189, 0.0011445646101413307, 0.0011431808657432901, 0.0010492089813030653, 0.0009120491039833271, 0.0008921411402898909, 0.0008856250704765347, 0.0008721684954680507, 0.0008657304005872081, 0.0008634471691688753, 0.0008464855974048269, 0.0008417474519154963, 0.0008387445359739245, 0.0008270014837959299, 0.0008133792461965016, 0.0007425885089558978, 0.0007391057051009235, 0.0007288739695013779, 0.0007171784692614837, 0.0007003053420864755, 0.0006693769794575451, 0.0006416144536272249, 0.0006295585572156768, 0.0006239830410493078, 0.0006230222516215131, 0.0005964298717388781, 0.000591944171428901, 0.0005840802462297196, 0.0005753262977059604, 0.0005274394554896574, 0.0005124154899173414, 0.000501087979479569, 0.000491419756667666, 0.00046843529455365177, 0.00046615276652980627, 0.0004006113499841596, 0.00038737526034509913, 0.0003865870251605348, 0.00034718474439738044, 0.0003215135192467504, 0.00031563166810493403, 0.0002842939876092614, 0.0002670484908944558, 0.0002575433904571489, 0.0002572141020458901, 0.0001905364166094343, 0.00010950086958819603, 0.00010823352684605126, 9.73913658645238e-06, 5.7141335416940136e-06, 0.0, 0.0, 0.0, 0.0, 0.0, 0.0, 0.0, 0.0, 0.0, 0.0, 0.0, 0.0, 0.0, 0.0, 0.0]}, "evaluations": {"eval_method": "jaccard_full_score", "singles": [[1.0, 1.0, 0.5, 0.3333333333333333, 0.25, 0.2, 0.2727272727272727, 0.23076923076923078, 0.2, 0.17647058823529413, 0.15789473684210525, 0.14285714285714285, 0.18181818181818182, 0.16666666666666666, 0.15384615384615385, 0.14285714285714285, 0.1724137931034483, 0.16129032258064516, 0.1875, 0.21212121212121213, 0.23529411764705882, 0.2571428571428571, 0.24324324324324326, 0.23076923076923078, 0.21951219512195122, 0.23809523809523808, 0.22727272727272727, 0.24444444444444444, 0.23404255319148937, 0.25, 0.2916666666666667, 0.28, 0.32, 0.3333333333333333, 0.34615384615384615, 0.3584905660377358, 0.34545454545454546, 0.35714285714285715, 0.3684210526315789, 0.3559322033898305, 0.3898305084745763, 0.4, 0.4098360655737705, 0.3968253968253968, 0.38461538461538464, 0.373134328358209, 0.38235294117647056, 0.37142857142857144, 0.38028169014084506, 0.4084507042253521, 0.43661971830985913, 0.4444444444444444, 0.4520547945205479, 0.4594594594594595, 0.4666666666666667, 0.47368421052631576, 0.4805194805194805, 0.46835443037974683, 0.4936708860759494, 0.5, 0.5061728395061729, 0.5308641975308642, 0.5365853658536586, 0.5421686746987951, 0.5476190476190477, 0.5714285714285714, 0.5764705882352941, 0.5813953488372093, 0.6046511627906976, 0.6091954022988506, 0.5955056179775281, 0.6, 0.6043956043956044, 0.5913978494623656, 0.6129032258064516, 0.6, 0.6041666666666666, 0.5918367346938775, 0.5959595959595959, 0.6, 0.62, 0.64, 0.66, 0.68, 0.7, 0.72, 0.74, 0.76, 0.78, 0.8, 0.82, 0.84, 0.86, 0.88, 0.9, 0.92, 0.94, 0.96, 0.98, 1.0], 0.4742820568785734], "first_gen": [[1.0, 1.0, 0.5, 0.3333333333333333, 0.42857142857142855, 0.3333333333333333, 0.5555555555555556, 0.6, 0.6363636363636364, 0.6666666666666666, 0.6923076923076923, 0.8461538461538461, 0.8571428571428571, 0.8666666666666667, 0.875, 0.7777777777777778, 0.7894736842105263, 0.7142857142857143, 0.7272727272727273, 0.6666666666666666, 0.68, 0.6923076923076923, 0.6428571428571429, 0.6, 0.5625, 0.5757575757575758, 0.6363636363636364, 0.6, 0.5675675675675675, 0.5789473684210527, 0.5897435897435898, 0.6, 0.6097560975609756, 0.6585365853658537, 0.627906976744186, 0.6363636363636364, 0.6086956521739131, 0.6170212765957447, 0.5918367346938775, 0.6, 0.5769230769230769, 0.5555555555555556, 0.5636363636363636, 0.543859649122807, 0.5254237288135594, 0.5081967213114754, 0.5409836065573771, 0.5483870967741935, 0.5555555555555556, 0.5625, 0.59375, 0.5757575757575758, 0.582089552238806, 0.5652173913043478, 0.5942028985507246, 0.6231884057971014, 0.6285714285714286, 0.6338028169014085, 0.6388888888888888, 0.6438356164383562, 0.6712328767123288, 0.6986301369863014, 0.7027027027027027, 0.6842105263157895, 0.6883116883116883, 0.6708860759493671, 0.675, 0.6790123456790124, 0.6829268292682927, 0.6666666666666666, 0.6705882352941176, 0.6551724137931034, 0.6404494382022472, 0.6444444444444445, 0.6304347826086957, 0.6344086021505376, 0.6210526315789474, 0.625, 0.6288659793814433, 0.6326530612244898, 0.6363636363636364, 0.64, 0.66, 0.68, 0.7, 0.72, 0.74, 0.76, 0.78, 0.8, 0.82, 0.84, 0.86, 0.88, 0.9, 0.92, 0.94, 0.96, 0.98, 1.0], 0.667899718395528]}}