{"rank_algo": "random_forest_score", "seed": 29, "subsampling_proportion": 0.0063, "exec_time": 0.9191334247589111, "results": {"features": ["feature98", "feature99", "feature85", "feature87", "feature23", "feature83", "feature88", "feature82", "feature84", "feature86", "feature89", "feature81", "feature22", "feature0", "feature33", "feature21", "feature1", "feature2", "feature55", "feature3", "feature60", "feature49", "feature43", "feature10", "feature57", "feature9", "feature20", "feature19", "feature8", "feature7", "feature15", "feature58", "feature18", "feature26", "feature51", "feature50", "feature67", "feature44", "feature71", "feature59", "feature29", "feature47", "feature36", "feature30", "feature52", "feature41", "feature17", "feature46", "feature64", "feature54", "feature12", "feature38", "feature53", "feature11", "feature5", "feature28", "feature63", "feature66", "feature40", "feature24", "feature35", "feature39", "feature69", "feature42", "feature37", "feature31", "feature68", "feature27", "feature91", "feature90", "feature62", "feature32", "feature14", "feature48", "feature61", "feature34", "feature56", "feature4", "feature45", "feature25", "feature16", "feature13", "feature65", "feature72", "feature6", "feature70", "feature73", "feature74", "feature75", "feature76", "feature77", "feature78", "feature79", "feature80", "feature92", "feature93", "feature94", "feature95", "feature96", "feature97"], "scores": [0.4279310640528755, 0.38634323146889754, 0.016504335200726767, 0.016478203774003043, 0.015168560829571461, 0.012937004087138507, 0.012063495092882034, 0.010707722376289537, 0.00934486435897139, 0.008849276939957096, 0.006050098009048243, 0.0052163255833647575, 0.0031820499033661945, 0.0022903104397537255, 0.002116699885286669, 0.002097729491576414, 0.0018388589774539763, 0.0018151644949717261, 0.0018003409591390274, 0.0017564721706445974, 0.0017062297517219135, 0.0016779584528871041, 0.0016620064803038704, 0.0016053729375307723, 0.0015688255634943417, 0.0015681733619747958, 0.001540734454726006, 0.0015098482608353926, 0.0014883882146122817, 0.0014437915770441625, 0.0014394866878305501, 0.0014334091355815, 0.00138941853035846, 0.001346286377426111, 0.0012429477713295598, 0.0012298488371427407, 0.0012174471610418656, 0.001205973039899507, 0.0011978311377578972, 0.0011921161281043303, 0.0011107188043913568, 0.0010745246881134576, 0.0010580559015930142, 0.0010198736266155116, 0.0009574781894493038, 0.0009440573661875134, 0.0009263920604916211, 0.0009039635699552433, 0.0008979364156594729, 0.0008586842556400212, 0.0008425562144621703, 0.0008332532353555241, 0.0007675044473888397, 0.0007668039734906591, 0.0007616585298403755, 0.0007457630013335593, 0.0006969368625279016, 0.0006963473513393655, 0.0006909539064155467, 0.000684525174051705, 0.0005306322569136659, 0.0005230559563475485, 0.0005211506289388815, 0.0005194393512307476, 0.0005152863590452883, 0.0005104790202865858, 0.0004925213959819459, 0.0004918179773310864, 0.00048527754945468514, 0.0004609366007991976, 0.0004388942986243275, 0.000435568771545184, 0.0004163772380284689, 0.0004094846498074724, 0.00036320112019494043, 0.00036095046047040027, 0.00034436393003981934, 0.0003264271116844922, 0.0003141187366132927, 0.0003097843567217475, 0.00030805180212257083, 0.00025760067545192684, 0.0002507204881253206, 1.2934402583343462e-05, 5.0353298335263564e-06, 0.0, 0.0, 0.0, 0.0, 0.0, 0.0, 0.0, 0.0, 0.0, 0.0, 0.0, 0.0, 0.0, 0.0, 0.0]}, "evaluations": {"eval_method": "jaccard_full_score", "singles": [[1.0, 1.0, 0.5, 0.3333333333333333, 0.42857142857142855, 0.3333333333333333, 0.2727272727272727, 0.23076923076923078, 0.2, 0.17647058823529413, 0.15789473684210525, 0.14285714285714285, 0.13043478260869565, 0.12, 0.1111111111111111, 0.14285714285714285, 0.1724137931034483, 0.16129032258064516, 0.1875, 0.21212121212121213, 0.2, 0.2222222222222222, 0.21052631578947367, 0.23076923076923078, 0.21951219512195122, 0.23809523809523808, 0.2558139534883721, 0.3023255813953488, 0.28888888888888886, 0.30434782608695654, 0.34782608695652173, 0.3617021276595745, 0.3469387755102041, 0.3877551020408163, 0.42857142857142855, 0.4117647058823529, 0.39622641509433965, 0.38181818181818183, 0.39285714285714285, 0.40350877192982454, 0.41379310344827586, 0.423728813559322, 0.4098360655737705, 0.3968253968253968, 0.38461538461538464, 0.3939393939393939, 0.38235294117647056, 0.391304347826087, 0.4, 0.42857142857142855, 0.45714285714285713, 0.4444444444444444, 0.4520547945205479, 0.4794520547945205, 0.4666666666666667, 0.49333333333333335, 0.5, 0.48717948717948717, 0.5128205128205128, 0.5384615384615384, 0.525, 0.5121951219512195, 0.5, 0.5238095238095238, 0.5294117647058824, 0.5348837209302325, 0.5402298850574713, 0.5632183908045977, 0.5681818181818182, 0.5909090909090909, 0.5955056179775281, 0.6179775280898876, 0.6043956043956044, 0.5913978494623656, 0.6129032258064516, 0.6, 0.6041666666666666, 0.6082474226804123, 0.6122448979591837, 0.6, 0.62, 0.64, 0.66, 0.68, 0.7, 0.72, 0.74, 0.76, 0.78, 0.8, 0.82, 0.84, 0.86, 0.88, 0.9, 0.92, 0.94, 0.96, 0.98, 1.0], 0.483195518338554], "first_gen": [[1.0, 1.0, 0.5, 0.3333333333333333, 0.42857142857142855, 0.5, 0.5555555555555556, 0.6, 0.5, 0.6666666666666666, 0.8333333333333334, 0.8461538461538461, 1.0, 0.8666666666666667, 0.7647058823529411, 0.6842105263157895, 0.7, 0.7142857142857143, 0.7272727272727273, 0.7391304347826086, 0.75, 0.6923076923076923, 0.6428571428571429, 0.6551724137931034, 0.6129032258064516, 0.6774193548387096, 0.7419354838709677, 0.75, 0.7575757575757576, 0.7142857142857143, 0.7222222222222222, 0.6842105263157895, 0.6923076923076923, 0.6585365853658537, 0.627906976744186, 0.6, 0.574468085106383, 0.6170212765957447, 0.6595744680851063, 0.6326530612244898, 0.6078431372549019, 0.6153846153846154, 0.5925925925925926, 0.5714285714285714, 0.5517241379310345, 0.5333333333333333, 0.5666666666666667, 0.6, 0.5806451612903226, 0.5873015873015873, 0.59375, 0.6, 0.582089552238806, 0.5652173913043478, 0.5942028985507246, 0.6231884057971014, 0.6056338028169014, 0.589041095890411, 0.6164383561643836, 0.6216216216216216, 0.6486486486486487, 0.6533333333333333, 0.6578947368421053, 0.6623376623376623, 0.6666666666666666, 0.65, 0.6341463414634146, 0.6385542168674698, 0.6428571428571429, 0.6470588235294118, 0.6511627906976745, 0.6551724137931034, 0.6590909090909091, 0.6629213483146067, 0.6483516483516484, 0.6521739130434783, 0.6559139784946236, 0.6421052631578947, 0.6288659793814433, 0.6326530612244898, 0.6530612244897959, 0.6565656565656566, 0.66, 0.68, 0.7, 0.72, 0.74, 0.76, 0.78, 0.8, 0.82, 0.84, 0.86, 0.88, 0.9, 0.92, 0.94, 0.96, 0.98, 1.0], 0.6814230553667954]}}