{"rank_algo": "random_forest_score", "seed": 35, "subsampling_proportion": 0.0004, "exec_time": 0.14699959754943848, "results": {"features": ["feature98", "feature99", "feature23", "feature83", "feature88", "feature84", "feature86", "feature85", "feature81", "feature82", "feature89", "feature87", "feature21", "feature57", "feature33", "feature0", "feature22", "feature2", "feature28", "feature19", "feature60", "feature44", "feature30", "feature1", "feature29", "feature10", "feature9", "feature67", "feature18", "feature43", "feature20", "feature55", "feature64", "feature56", "feature8", "feature50", "feature17", "feature15", "feature49", "feature71", "feature5", "feature42", "feature38", "feature3", "feature32", "feature37", "feature7", "feature66", "feature58", "feature51", "feature59", "feature46", "feature12", "feature26", "feature68", "feature47", "feature90", "feature52", "feature41", "feature11", "feature39", "feature69", "feature36", "feature63", "feature40", "feature14", "feature65", "feature91", "feature61", "feature54", "feature48", "feature24", "feature16", "feature25", "feature27", "feature45", "feature31", "feature62", "feature53", "feature13", "feature4", "feature35", "feature34", "feature6", "feature70", "feature72", "feature73", "feature74", "feature75", "feature76", "feature77", "feature78", "feature79", "feature80", "feature92", "feature93", "feature94", "feature95", "feature96", "feature97"], "scores": [0.3455302484398064, 0.3433281015024515, 0.014013274469806656, 0.013828538410413474, 0.012962097455249648, 0.012355128281167948, 0.010950769159346382, 0.010039235103220169, 0.00944845854131243, 0.008858334608049722, 0.008671174635929414, 0.007926211405559751, 0.007346715188842938, 0.007121469655868879, 0.006009463944644621, 0.005780592847861452, 0.005612294830690993, 0.005409423873677785, 0.005185143498249539, 0.005133739068385739, 0.004916993692629152, 0.004549440990339812, 0.004545446036680456, 0.004506079045932638, 0.004322913446366448, 0.004269175524136956, 0.004233391457017993, 0.004168268166952529, 0.004112836429592861, 0.004085771481276898, 0.00407635166125988, 0.003944586207723671, 0.0037546895993766554, 0.003573054798267544, 0.0035684396831868713, 0.003497316895774043, 0.003421246975464521, 0.0033724298718259007, 0.0032847815040701334, 0.0032669563545058215, 0.0031567952771137412, 0.0029938579871245413, 0.0029841910660401245, 0.002966778725727925, 0.0028009849264443885, 0.002792256408506367, 0.0025743888263369615, 0.0025582065291022064, 0.002519997364484127, 0.002483489247391357, 0.002441324117678172, 0.0024409997137346444, 0.002407386530726525, 0.0022817980933756794, 0.002227075230829169, 0.0020861856312783277, 0.0020784189488116563, 0.0020673134016350307, 0.002021169105249147, 0.001794610351896449, 0.001755873763394132, 0.0017291545610486306, 0.0015600344208509787, 0.0015296969759002106, 0.0015267645007741148, 0.0014661809160977518, 0.0014628958258715802, 0.0014516902713308103, 0.001437979164348028, 0.0014333501924990203, 0.0013456413156027818, 0.0013333336381300897, 0.0013222106834986022, 0.0010531751246123822, 0.0008132905382363502, 0.0007861149873140673, 0.0007710197261267102, 0.0005442500992470961, 0.0004876551699151056, 0.0004866175244519736, 0.0004165710864567659, 0.00039072181633901707, 0.00023796547155103151, 0.0, 0.0, 0.0, 0.0, 0.0, 0.0, 0.0, 0.0, 0.0, 0.0, 0.0, 0.0, 0.0, 0.0, 0.0, 0.0, 0.0]}, "evaluations": {"eval_method": "jaccard_full_score", "singles": [[1.0, 1.0, 1.0, 0.6, 0.42857142857142855, 0.3333333333333333, 0.2727272727272727, 0.23076923076923078, 0.2, 0.17647058823529413, 0.15789473684210525, 0.14285714285714285, 0.18181818181818182, 0.16666666666666666, 0.15384615384615385, 0.14285714285714285, 0.13333333333333333, 0.125, 0.15151515151515152, 0.21212121212121213, 0.2, 0.1891891891891892, 0.1794871794871795, 0.2, 0.19047619047619047, 0.23809523809523808, 0.22727272727272727, 0.24444444444444444, 0.23404255319148937, 0.25, 0.2916666666666667, 0.28, 0.2692307692307692, 0.2830188679245283, 0.2962962962962963, 0.2857142857142857, 0.27586206896551724, 0.288135593220339, 0.3, 0.3114754098360656, 0.3225806451612903, 0.3548387096774194, 0.34375, 0.3333333333333333, 0.3235294117647059, 0.3142857142857143, 0.323943661971831, 0.3150684931506849, 0.32432432432432434, 0.35135135135135137, 0.3783783783783784, 0.38666666666666666, 0.41333333333333333, 0.44, 0.42857142857142855, 0.4358974358974359, 0.46153846153846156, 0.45, 0.475, 0.5, 0.4878048780487805, 0.4939759036144578, 0.5, 0.5238095238095238, 0.5294117647058824, 0.5348837209302325, 0.5402298850574713, 0.5454545454545454, 0.5681818181818182, 0.5909090909090909, 0.5777777777777777, 0.6, 0.6043956043956044, 0.5913978494623656, 0.6129032258064516, 0.6170212765957447, 0.6210526315789474, 0.625, 0.6122448979591837, 0.6326530612244898, 0.6530612244897959, 0.6565656565656566, 0.66, 0.68, 0.7, 0.72, 0.74, 0.76, 0.78, 0.8, 0.82, 0.84, 0.86, 0.88, 0.9, 0.92, 0.94, 0.96, 0.98, 1.0], 0.46645772466140156], "first_gen": [[1.0, 1.0, 1.0, 0.6, 0.42857142857142855, 0.3333333333333333, 0.5555555555555556, 0.6, 0.5, 0.5384615384615384, 0.6923076923076923, 0.8461538461538461, 0.8571428571428571, 0.75, 0.6666666666666666, 0.6, 0.6190476190476191, 0.6363636363636364, 0.6521739130434783, 0.6, 0.6153846153846154, 0.6296296296296297, 0.5862068965517241, 0.6551724137931034, 0.6129032258064516, 0.625, 0.6363636363636364, 0.6, 0.6111111111111112, 0.6216216216216216, 0.631578947368421, 0.6, 0.5714285714285714, 0.5454545454545454, 0.5555555555555556, 0.5319148936170213, 0.5416666666666666, 0.5510204081632653, 0.56, 0.5686274509803921, 0.6078431372549019, 0.6153846153846154, 0.5925925925925926, 0.6, 0.6071428571428571, 0.5862068965517241, 0.5666666666666667, 0.5483870967741935, 0.53125, 0.5384615384615384, 0.5692307692307692, 0.5757575757575758, 0.6060606060606061, 0.6363636363636364, 0.6417910447761194, 0.6470588235294118, 0.6521739130434783, 0.6338028169014085, 0.6619718309859155, 0.6666666666666666, 0.6944444444444444, 0.6986301369863014, 0.7027027027027027, 0.6842105263157895, 0.6883116883116883, 0.6923076923076923, 0.675, 0.6790123456790124, 0.6626506024096386, 0.6666666666666666, 0.6705882352941176, 0.6551724137931034, 0.6590909090909091, 0.6444444444444445, 0.6483516483516484, 0.6344086021505376, 0.6210526315789474, 0.625, 0.6122448979591837, 0.6161616161616161, 0.62, 0.64, 0.66, 0.68, 0.7, 0.72, 0.74, 0.76, 0.78, 0.8, 0.82, 0.84, 0.86, 0.88, 0.9, 0.92, 0.94, 0.96, 0.98, 1.0], 0.6650675107569406]}}