{"rank_algo": "random_forest_score", "seed": 67, "subsampling_proportion": 0.0004, "exec_time": 0.1419992446899414, "results": {"features": ["feature99", "feature98", "feature82", "feature83", "feature84", "feature87", "feature55", "feature81", "feature89", "feature86", "feature85", "feature21", "feature1", "feature88", "feature57", "feature10", "feature23", "feature44", "feature26", "feature58", "feature51", "feature3", "feature7", "feature18", "feature2", "feature22", "feature60", "feature19", "feature33", "feature0", "feature8", "feature9", "feature47", "feature30", "feature49", "feature17", "feature39", "feature43", "feature46", "feature24", "feature59", "feature71", "feature41", "feature54", "feature29", "feature37", "feature67", "feature42", "feature45", "feature52", "feature69", "feature56", "feature11", "feature50", "feature66", "feature36", "feature25", "feature64", "feature38", "feature62", "feature20", "feature13", "feature53", "feature4", "feature48", "feature28", "feature15", "feature63", "feature40", "feature31", "feature68", "feature12", "feature35", "feature91", "feature27", "feature5", "feature61", "feature34", "feature65", "feature14", "feature90", "feature32", "feature72", "feature16", "feature6", "feature70", "feature73", "feature74", "feature75", "feature76", "feature77", "feature78", "feature79", "feature80", "feature92", "feature93", "feature94", "feature95", "feature96", "feature97"], "scores": [0.37097223197739204, 0.34383707032062516, 0.016662854709546506, 0.012636490289467813, 0.011236479119661483, 0.011094008815804229, 0.01009866313779168, 0.009129395763838331, 0.008792319693025678, 0.008651373275235293, 0.007313025490634134, 0.006957066505167917, 0.006927092157901873, 0.006323034505097112, 0.005829776449807934, 0.005755020214273321, 0.005517135892224464, 0.00551494213875802, 0.005296033699467938, 0.0050845323630187116, 0.005042378964852283, 0.004762433800915951, 0.004756159015363136, 0.004681188435453818, 0.00467688974216613, 0.004513877254302342, 0.004465555087327227, 0.004446530109420811, 0.004435249683625108, 0.004149179740907571, 0.003981366779892979, 0.0038741474616355025, 0.0036439496433869983, 0.0035688670456293075, 0.003486663693525377, 0.002843878668183793, 0.002836654773217322, 0.002533894837423013, 0.002533691571749779, 0.002526161757958223, 0.002379551897644849, 0.002345090368431307, 0.002224598274777882, 0.002188024943245121, 0.002164735557523081, 0.0021597971673717373, 0.002091980389288984, 0.001992669062003436, 0.0018942219240667571, 0.001894174427935645, 0.0018573135447652806, 0.0018083466070583883, 0.0017707268133446271, 0.0017545443840436099, 0.0016439144112166595, 0.0016199984119757483, 0.0015993179068983243, 0.001568076536833217, 0.001547893674848704, 0.0015457071948078533, 0.0015305721095298104, 0.0015282242804492132, 0.0014797449747959279, 0.0014492570098131043, 0.0013410123263353682, 0.0012988206917262423, 0.0012940297063478744, 0.0010459698780238944, 0.0010390974094262458, 0.0010045508216243925, 0.0009383988242868281, 0.0008724341844045219, 0.0008307444510181795, 0.000789297142052096, 0.0006294211380744023, 0.0005950999229478465, 0.000555126815653219, 0.0005428315232602612, 0.0005186288543872715, 0.0004318540954731498, 0.000362969434666768, 0.0002878468563893604, 0.0001961194655564954, 0.0, 0.0, 0.0, 0.0, 0.0, 0.0, 0.0, 0.0, 0.0, 0.0, 0.0, 0.0, 0.0, 0.0, 0.0, 0.0, 0.0]}, "evaluations": {"eval_method": "jaccard_full_score", "singles": [[1.0, 1.0, 0.5, 0.3333333333333333, 0.25, 0.2, 0.16666666666666666, 0.14285714285714285, 0.125, 0.1111111111111111, 0.1, 0.14285714285714285, 0.18181818181818182, 0.16666666666666666, 0.15384615384615385, 0.18518518518518517, 0.21428571428571427, 0.2, 0.22580645161290322, 0.21212121212121213, 0.23529411764705882, 0.2222222222222222, 0.24324324324324326, 0.23076923076923078, 0.25, 0.2682926829268293, 0.2857142857142857, 0.3023255813953488, 0.3181818181818182, 0.3333333333333333, 0.3191489361702128, 0.3333333333333333, 0.32, 0.3333333333333333, 0.37254901960784315, 0.3584905660377358, 0.34545454545454546, 0.3333333333333333, 0.3448275862068966, 0.3559322033898305, 0.3898305084745763, 0.423728813559322, 0.43333333333333335, 0.4426229508196721, 0.42857142857142855, 0.4153846153846154, 0.40298507462686567, 0.4117647058823529, 0.42028985507246375, 0.42857142857142855, 0.43661971830985913, 0.4246575342465753, 0.4520547945205479, 0.4594594594594595, 0.4473684210526316, 0.47368421052631576, 0.46153846153846156, 0.45, 0.4567901234567901, 0.48148148148148145, 0.4878048780487805, 0.5121951219512195, 0.5, 0.5058823529411764, 0.4942528735632184, 0.5172413793103449, 0.5402298850574713, 0.5632183908045977, 0.5862068965517241, 0.5730337078651685, 0.5604395604395604, 0.5824175824175825, 0.5698924731182796, 0.574468085106383, 0.5957446808510638, 0.6, 0.6210526315789474, 0.6082474226804123, 0.5959595959595959, 0.6, 0.62, 0.64, 0.66, 0.68, 0.7, 0.72, 0.74, 0.76, 0.78, 0.8, 0.82, 0.84, 0.86, 0.88, 0.9, 0.92, 0.94, 0.96, 0.98, 1.0], 0.47319554314945006], "first_gen": [[1.0, 1.0, 0.5, 0.3333333333333333, 0.25, 0.2, 0.2727272727272727, 0.23076923076923078, 0.2857142857142857, 0.42857142857142855, 0.5714285714285714, 0.6, 0.625, 0.6470588235294118, 0.6666666666666666, 0.6842105263157895, 0.7, 0.6363636363636364, 0.6521739130434783, 0.6, 0.5555555555555556, 0.5714285714285714, 0.5333333333333333, 0.5483870967741935, 0.6129032258064516, 0.625, 0.5882352941176471, 0.6, 0.5675675675675675, 0.5789473684210527, 0.5897435897435898, 0.6, 0.5714285714285714, 0.5454545454545454, 0.5555555555555556, 0.5652173913043478, 0.574468085106383, 0.6170212765957447, 0.625, 0.6, 0.5769230769230769, 0.6153846153846154, 0.5925925925925926, 0.5714285714285714, 0.5789473684210527, 0.5862068965517241, 0.5666666666666667, 0.6, 0.5806451612903226, 0.5625, 0.5454545454545454, 0.5522388059701493, 0.5588235294117647, 0.5428571428571428, 0.5492957746478874, 0.5774647887323944, 0.5616438356164384, 0.5466666666666666, 0.5733333333333334, 0.6, 0.6266666666666667, 0.631578947368421, 0.6153846153846154, 0.6, 0.6049382716049383, 0.6097560975609756, 0.6144578313253012, 0.6, 0.6046511627906976, 0.5909090909090909, 0.5777777777777777, 0.5824175824175825, 0.5869565217391305, 0.5913978494623656, 0.5957446808510638, 0.6, 0.5876288659793815, 0.5918367346938775, 0.58, 0.6, 0.62, 0.64, 0.66, 0.68, 0.7, 0.72, 0.74, 0.76, 0.78, 0.8, 0.82, 0.84, 0.86, 0.88, 0.9, 0.92, 0.94, 0.96, 0.98, 1.0], 0.6175802099508794]}}