{"rank_algo": "random_forest_score", "seed": 80, "subsampling_proportion": 0.00025, "exec_time": 0.12199974060058594, "results": {"features": ["feature99", "feature98", "feature85", "feature23", "feature83", "feature86", "feature89", "feature88", "feature84", "feature87", "feature3", "feature82", "feature10", "feature1", "feature81", "feature36", "feature2", "feature19", "feature38", "feature8", "feature57", "feature15", "feature33", "feature55", "feature51", "feature37", "feature7", "feature58", "feature49", "feature52", "feature18", "feature50", "feature21", "feature14", "feature26", "feature62", "feature63", "feature44", "feature60", "feature0", "feature9", "feature17", "feature69", "feature12", "feature47", "feature28", "feature53", "feature46", "feature24", "feature67", "feature43", "feature22", "feature42", "feature32", "feature30", "feature20", "feature54", "feature91", "feature59", "feature40", "feature29", "feature11", "feature64", "feature71", "feature61", "feature5", "feature68", "feature56", "feature27", "feature41", "feature66", "feature39", "feature25", "feature48", "feature90", "feature31", "feature16", "feature72", "feature34", "feature35", "feature13", "feature45", "feature4", "feature65", "feature6", "feature70", "feature73", "feature74", "feature75", "feature76", "feature77", "feature78", "feature79", "feature80", "feature92", "feature93", "feature94", "feature95", "feature96", "feature97"], "scores": [0.3218080339949146, 0.2765808130977832, 0.02492929729353089, 0.01996442050988782, 0.019747942154049788, 0.018521786956316916, 0.017831003309912018, 0.016652159656560375, 0.01511791718007083, 0.014290282370283989, 0.010008220390536102, 0.009616901052059935, 0.009575825495623708, 0.009220363286167073, 0.008924992666149574, 0.008248965254870696, 0.007177905295691551, 0.007026702277868169, 0.006323709487901656, 0.006206261454739372, 0.006040140599158113, 0.0059944656788328485, 0.0059602788405389495, 0.005875587493763206, 0.005756680074227338, 0.005563604243724183, 0.00532091517090271, 0.005078857604625829, 0.00457869107412306, 0.004515092577711466, 0.004511039381316915, 0.0041092248921428, 0.004075649199104514, 0.004000271795744816, 0.003984853136548929, 0.003708044921199067, 0.0036864292153116433, 0.003486464386433401, 0.0033852105371034455, 0.003325653235390199, 0.00330325452013091, 0.003253688722919661, 0.003248463135027773, 0.0031793629014542878, 0.0029831663516686657, 0.0028008132155162772, 0.00272462332491762, 0.002694883574637196, 0.002687064668262681, 0.002472787564189611, 0.0024389046039922447, 0.0024254439247601207, 0.002425401954975475, 0.0023236492375499507, 0.002309788382814149, 0.0023069250566986176, 0.002303480369531547, 0.00223138591088699, 0.0020915930911470323, 0.0020242040913156117, 0.00200498681098994, 0.001994654784750651, 0.001922444428697394, 0.0018499420219116704, 0.0017255562886052751, 0.0016603405125714926, 0.0015176812653501246, 0.0014365078878608819, 0.0012553449779212139, 0.0012404711831144502, 0.0012061705957292872, 0.001101450675628566, 0.001080537622096631, 0.0010266502468508556, 0.0008427014566514124, 0.0007922646916287716, 0.0007307212415306252, 0.0006924440537148995, 0.0006793187095973385, 0.00060423827892857, 0.0005997933640778183, 0.0005878305481198124, 0.00029113952086900704, 0.0001972669875853231, 0.0, 0.0, 0.0, 0.0, 0.0, 0.0, 0.0, 0.0, 0.0, 0.0, 0.0, 0.0, 0.0, 0.0, 0.0, 0.0]}, "evaluations": {"eval_method": "jaccard_full_score", "singles": [[1.0, 1.0, 0.5, 0.6, 0.42857142857142855, 0.3333333333333333, 0.2727272727272727, 0.23076923076923078, 0.2, 0.17647058823529413, 0.15789473684210525, 0.14285714285714285, 0.18181818181818182, 0.21739130434782608, 0.2, 0.18518518518518517, 0.1724137931034483, 0.2, 0.1875, 0.21212121212121213, 0.2, 0.2222222222222222, 0.21052631578947367, 0.2, 0.21951219512195122, 0.20930232558139536, 0.2, 0.24444444444444444, 0.2608695652173913, 0.2765957446808511, 0.2653061224489796, 0.2549019607843137, 0.2692307692307692, 0.2830188679245283, 0.32075471698113206, 0.3333333333333333, 0.34545454545454546, 0.3333333333333333, 0.3448275862068966, 0.3333333333333333, 0.36666666666666664, 0.3770491803278688, 0.36507936507936506, 0.375, 0.36363636363636365, 0.35294117647058826, 0.36231884057971014, 0.37142857142857144, 0.4, 0.4084507042253521, 0.4166666666666667, 0.4246575342465753, 0.4520547945205479, 0.4594594594594595, 0.4473684210526316, 0.47368421052631576, 0.5, 0.48717948717948717, 0.5128205128205128, 0.5384615384615384, 0.525, 0.55, 0.5365853658536586, 0.5609756097560976, 0.5662650602409639, 0.5714285714285714, 0.5764705882352941, 0.5813953488372093, 0.6046511627906976, 0.627906976744186, 0.6136363636363636, 0.6179775280898876, 0.6043956043956044, 0.5913978494623656, 0.6129032258064516, 0.6, 0.6210526315789474, 0.625, 0.6122448979591837, 0.6, 0.62, 0.64, 0.66, 0.68, 0.7, 0.72, 0.74, 0.76, 0.78, 0.8, 0.82, 0.84, 0.86, 0.88, 0.9, 0.92, 0.94, 0.96, 0.98, 1.0], 0.4785881926279218], "first_gen": [[1.0, 1.0, 0.5, 0.6, 0.42857142857142855, 0.7142857142857143, 0.75, 0.7777777777777778, 0.6363636363636364, 0.8181818181818182, 0.8333333333333334, 0.8461538461538461, 0.7333333333333333, 0.75, 0.875, 0.8823529411764706, 0.8888888888888888, 0.8, 0.7272727272727273, 0.7391304347826086, 0.68, 0.6923076923076923, 0.6428571428571429, 0.6, 0.5625, 0.5294117647058824, 0.5, 0.5135135135135135, 0.5263157894736842, 0.5, 0.5121951219512195, 0.4883720930232558, 0.5, 0.5111111111111111, 0.48936170212765956, 0.46938775510204084, 0.45098039215686275, 0.49019607843137253, 0.5, 0.5094339622641509, 0.5185185185185185, 0.5272727272727272, 0.5087719298245614, 0.4915254237288136, 0.5, 0.4838709677419355, 0.49206349206349204, 0.5, 0.5076923076923077, 0.5151515151515151, 0.5454545454545454, 0.5522388059701493, 0.582089552238806, 0.6119402985074627, 0.6176470588235294, 0.6231884057971014, 0.6285714285714286, 0.6338028169014085, 0.6619718309859155, 0.6901408450704225, 0.6944444444444444, 0.6986301369863014, 0.68, 0.6842105263157895, 0.6666666666666666, 0.6708860759493671, 0.654320987654321, 0.6585365853658537, 0.6626506024096386, 0.6666666666666666, 0.6511627906976745, 0.6551724137931034, 0.6404494382022472, 0.6444444444444445, 0.6483516483516484, 0.6344086021505376, 0.6382978723404256, 0.625, 0.6458333333333334, 0.6666666666666666, 0.6701030927835051, 0.673469387755102, 0.66, 0.68, 0.7, 0.72, 0.74, 0.76, 0.78, 0.8, 0.82, 0.84, 0.86, 0.88, 0.9, 0.92, 0.94, 0.96, 0.98, 1.0], 0.662938129822622]}}