{"rank_algo": "random_forest_score", "seed": 74, "subsampling_proportion": 0.01, "exec_time": 1.454697608947754, "results": {"features": ["feature99", "feature98", "feature87", "feature86", "feature85", "feature88", "feature83", "feature89", "feature82", "feature84", "feature23", "feature81", "feature22", "feature1", "feature33", "feature0", "feature43", "feature21", "feature2", "feature57", "feature55", "feature49", "feature10", "feature60", "feature3", "feature19", "feature9", "feature8", "feature58", "feature18", "feature20", "feature7", "feature44", "feature71", "feature50", "feature59", "feature46", "feature36", "feature47", "feature42", "feature51", "feature67", "feature26", "feature30", "feature11", "feature17", "feature29", "feature14", "feature32", "feature15", "feature64", "feature27", "feature12", "feature91", "feature5", "feature52", "feature66", "feature41", "feature53", "feature37", "feature69", "feature40", "feature54", "feature62", "feature39", "feature38", "feature48", "feature63", "feature68", "feature28", "feature90", "feature24", "feature31", "feature25", "feature65", "feature61", "feature56", "feature16", "feature45", "feature34", "feature4", "feature13", "feature35", "feature72", "feature6", "feature70", "feature73", "feature74", "feature75", "feature76", "feature77", "feature78", "feature79", "feature80", "feature92", "feature93", "feature94", "feature95", "feature96", "feature97"], "scores": [0.4226064903280316, 0.3984986051973181, 0.015629435192966088, 0.015372438945529867, 0.014583101089180973, 0.010788525350573628, 0.00957141912612073, 0.008794827015096875, 0.008648822505500399, 0.00833935669877435, 0.006949850496133392, 0.004756185686302975, 0.0025882668088696133, 0.0022504715596489804, 0.002161712861871281, 0.0020873020093397057, 0.0020034224384460645, 0.0019362066756280453, 0.0018576472003132528, 0.0018523013617106866, 0.0017753031162977726, 0.0017216293223441034, 0.0016513261113695404, 0.0016149541780276432, 0.00159626222824712, 0.001589331796082281, 0.0015759040479987646, 0.0015229617326726994, 0.0015056501831215083, 0.0014730683548795447, 0.001415126837874366, 0.0014011014874408805, 0.0013346357247118316, 0.001316758056416803, 0.0012987020270061231, 0.0012866655318980477, 0.001235769649544662, 0.0012261789524033297, 0.0011751895629898506, 0.0011677827667597688, 0.0011232916902495739, 0.0010754182376037972, 0.001071764814584704, 0.0010552123317139124, 0.0010502824410341554, 0.001021180179863079, 0.0010045088417097458, 0.0010020629740468668, 0.0009980657633197644, 0.0009870931309567009, 0.0009826827624999936, 0.0009773199827611653, 0.000948659144401343, 0.000943015328244702, 0.0008805855048854215, 0.0008520401584736611, 0.0008202207250330216, 0.0007604417412778755, 0.0007525435058591709, 0.0007512223888105422, 0.0007353424596974776, 0.0007302491428215688, 0.0007267759358233422, 0.0007033073370807877, 0.0006841222991757695, 0.0006617005286616448, 0.0006430084162209566, 0.0005692255849068169, 0.0005294169082652774, 0.0005008464459162378, 0.0004878676661602136, 0.0004561971109628805, 0.00042626042413496595, 0.0003839985730646386, 0.0003648838180241999, 0.00036457265583696727, 0.0003613520133635563, 0.00032778807330019846, 0.00029749591121269747, 0.00022604605713259278, 0.0002060615320351125, 0.00017760616637848447, 0.00016182148432903806, 4.8886614821424965e-05, 6.864977900818315e-06, 0.0, 0.0, 0.0, 0.0, 0.0, 0.0, 0.0, 0.0, 0.0, 0.0, 0.0, 0.0, 0.0, 0.0, 0.0]}, "evaluations": {"eval_method": "jaccard_full_score", "singles": [[1.0, 1.0, 0.5, 0.3333333333333333, 0.25, 0.2, 0.16666666666666666, 0.14285714285714285, 0.125, 0.1111111111111111, 0.15789473684210525, 0.14285714285714285, 0.13043478260869565, 0.16666666666666666, 0.15384615384615385, 0.14285714285714285, 0.13333333333333333, 0.16129032258064516, 0.1875, 0.21212121212121213, 0.2, 0.2222222222222222, 0.24324324324324326, 0.23076923076923078, 0.21951219512195122, 0.2682926829268293, 0.2558139534883721, 0.2727272727272727, 0.28888888888888886, 0.30434782608695654, 0.34782608695652173, 0.3333333333333333, 0.32, 0.36, 0.37254901960784315, 0.38461538461538464, 0.39622641509433965, 0.38181818181818183, 0.3684210526315789, 0.3793103448275862, 0.41379310344827586, 0.423728813559322, 0.43333333333333335, 0.41935483870967744, 0.42857142857142855, 0.4153846153846154, 0.40298507462686567, 0.391304347826087, 0.4, 0.42857142857142855, 0.43661971830985913, 0.4444444444444444, 0.4722222222222222, 0.4794520547945205, 0.4666666666666667, 0.47368421052631576, 0.4805194805194805, 0.48717948717948717, 0.4936708860759494, 0.5, 0.4878048780487805, 0.5121951219512195, 0.5180722891566265, 0.5421686746987951, 0.5294117647058824, 0.5348837209302325, 0.5402298850574713, 0.5632183908045977, 0.5681818181818182, 0.5909090909090909, 0.5955056179775281, 0.6179775280898876, 0.6043956043956044, 0.5913978494623656, 0.5957446808510638, 0.6, 0.6041666666666666, 0.6082474226804123, 0.6122448979591837, 0.6161616161616161, 0.6363636363636364, 0.6565656565656566, 0.66, 0.68, 0.7, 0.72, 0.74, 0.76, 0.78, 0.8, 0.82, 0.84, 0.86, 0.88, 0.9, 0.92, 0.94, 0.96, 0.98, 1.0], 0.47601030351948687], "first_gen": [[1.0, 1.0, 0.5, 0.3333333333333333, 0.42857142857142855, 0.5, 0.5555555555555556, 0.6, 0.6363636363636364, 0.6666666666666666, 0.8333333333333334, 0.8461538461538461, 1.0, 0.8666666666666667, 0.875, 0.7777777777777778, 0.7, 0.6363636363636364, 0.7272727272727273, 0.6666666666666666, 0.68, 0.6296296296296297, 0.6428571428571429, 0.6, 0.6129032258064516, 0.6774193548387096, 0.7419354838709677, 0.75, 0.7058823529411765, 0.7142857142857143, 0.7222222222222222, 0.6842105263157895, 0.6923076923076923, 0.7, 0.6666666666666666, 0.6363636363636364, 0.6086956521739131, 0.5833333333333334, 0.56, 0.5686274509803921, 0.5769230769230769, 0.5849056603773585, 0.5925925925925926, 0.5714285714285714, 0.5789473684210527, 0.5862068965517241, 0.5932203389830508, 0.6271186440677966, 0.6333333333333333, 0.639344262295082, 0.6190476190476191, 0.625, 0.6307692307692307, 0.6363636363636364, 0.6666666666666666, 0.6470588235294118, 0.6285714285714286, 0.6338028169014085, 0.6388888888888888, 0.6666666666666666, 0.6712328767123288, 0.6986301369863014, 0.7027027027027027, 0.7066666666666667, 0.7105263157894737, 0.7142857142857143, 0.717948717948718, 0.7, 0.6829268292682927, 0.6867469879518072, 0.6904761904761905, 0.6744186046511628, 0.6590909090909091, 0.6444444444444445, 0.6304347826086957, 0.6170212765957447, 0.6210526315789474, 0.625, 0.6122448979591837, 0.6326530612244898, 0.6363636363636364, 0.64, 0.66, 0.68, 0.7, 0.72, 0.74, 0.76, 0.78, 0.8, 0.82, 0.84, 0.86, 0.88, 0.9, 0.92, 0.94, 0.96, 0.98, 1.0], 0.6900887804545729]}}