{"rank_algo": "random_forest_score", "seed": 86, "subsampling_proportion": 0.01, "exec_time": 1.5679991245269775, "results": {"features": ["feature98", "feature99", "feature84", "feature83", "feature86", "feature88", "feature89", "feature85", "feature87", "feature23", "feature82", "feature81", "feature22", "feature33", "feature2", "feature55", "feature49", "feature3", "feature19", "feature1", "feature18", "feature21", "feature10", "feature0", "feature57", "feature20", "feature44", "feature60", "feature8", "feature58", "feature9", "feature71", "feature47", "feature7", "feature5", "feature67", "feature32", "feature26", "feature50", "feature43", "feature64", "feature30", "feature52", "feature17", "feature59", "feature63", "feature40", "feature66", "feature11", "feature41", "feature36", "feature51", "feature48", "feature29", "feature15", "feature37", "feature28", "feature69", "feature38", "feature14", "feature46", "feature12", "feature39", "feature90", "feature54", "feature53", "feature42", "feature68", "feature24", "feature56", "feature61", "feature31", "feature27", "feature65", "feature45", "feature62", "feature35", "feature13", "feature16", "feature34", "feature4", "feature91", "feature25", "feature72", "feature6", "feature70", "feature73", "feature74", "feature75", "feature76", "feature77", "feature78", "feature79", "feature80", "feature92", "feature93", "feature94", "feature95", "feature96", "feature97"], "scores": [0.44189569750629215, 0.3654167019503253, 0.014796138391851902, 0.014293993256268863, 0.014243345636655736, 0.013851609102970617, 0.013806442844469174, 0.013536758272041552, 0.01313725450255223, 0.010157001836844528, 0.00785962621764095, 0.003865281240182441, 0.0033741005369175227, 0.0020603425593506124, 0.0020342639885291805, 0.002031775025389546, 0.0019850863861027137, 0.001940080195847757, 0.0019385738411829402, 0.0019375562008456947, 0.001929673879783878, 0.0018376971741185595, 0.001821864358533255, 0.0017346538162796223, 0.0017030590935122592, 0.0016430134061087016, 0.001593406344785014, 0.0015782330818469724, 0.0015673736598286118, 0.00151376809335819, 0.001458011632479756, 0.0014412384774182053, 0.001158945876533391, 0.0011341723994602985, 0.0011277872657610671, 0.0011245452277036264, 0.001107618149536877, 0.0010479682101094108, 0.001034017843903942, 0.001012534661000837, 0.0009995770643087146, 0.0009894012065998715, 0.0009656495770580626, 0.0009577150487191719, 0.0009571467725189451, 0.0009501896655617604, 0.0009377099868098903, 0.000917096533119771, 0.0009115282358537932, 0.0008812763717844282, 0.000879477545442114, 0.0008775568596332562, 0.0008574992851763146, 0.000850669033028007, 0.000821169260225226, 0.0007570124601030221, 0.0007444750219959265, 0.0006966171140944807, 0.0006930500963715202, 0.0006830759298299523, 0.0006782279311161626, 0.0006713708762221771, 0.0006526359298964624, 0.0006323339509978499, 0.0006025141760742043, 0.0005950727057966265, 0.000559964543467438, 0.0005551844404686456, 0.0005320675633850881, 0.0004884796472910543, 0.00041654468462232354, 0.00041623409954107853, 0.00038451503545577253, 0.0003466070869960256, 0.0003327590855588258, 0.00030552466069103953, 0.0002887315473935077, 0.00028606563255982495, 0.0002738526696615272, 0.00026507612678946434, 0.00023367041479704763, 0.000219689809104257, 0.0001792689778752348, 2.4503191680251562e-05, 0.0, 0.0, 0.0, 0.0, 0.0, 0.0, 0.0, 0.0, 0.0, 0.0, 0.0, 0.0, 0.0, 0.0, 0.0, 0.0]}, "evaluations": {"eval_method": "jaccard_full_score", "singles": [[1.0, 1.0, 0.5, 0.3333333333333333, 0.25, 0.2, 0.16666666666666666, 0.14285714285714285, 0.125, 0.17647058823529413, 0.15789473684210525, 0.14285714285714285, 0.13043478260869565, 0.12, 0.1111111111111111, 0.10344827586206896, 0.13333333333333333, 0.125, 0.1875, 0.25, 0.23529411764705882, 0.2571428571428571, 0.2777777777777778, 0.2631578947368421, 0.25, 0.2682926829268293, 0.2558139534883721, 0.3023255813953488, 0.28888888888888886, 0.3333333333333333, 0.34782608695652173, 0.3333333333333333, 0.3469387755102041, 0.36, 0.37254901960784315, 0.3584905660377358, 0.34545454545454546, 0.35714285714285715, 0.3448275862068966, 0.3333333333333333, 0.3442622950819672, 0.3548387096774194, 0.34375, 0.3333333333333333, 0.34328358208955223, 0.35294117647058826, 0.36231884057971014, 0.352112676056338, 0.3611111111111111, 0.3888888888888889, 0.4166666666666667, 0.4246575342465753, 0.43243243243243246, 0.44, 0.4473684210526316, 0.45454545454545453, 0.4805194805194805, 0.46835443037974683, 0.475, 0.48148148148148145, 0.4878048780487805, 0.5121951219512195, 0.5, 0.5238095238095238, 0.5294117647058824, 0.5348837209302325, 0.5581395348837209, 0.5632183908045977, 0.5862068965517241, 0.5909090909090909, 0.5955056179775281, 0.6, 0.6043956043956044, 0.5913978494623656, 0.5957446808510638, 0.6, 0.6041666666666666, 0.6082474226804123, 0.6122448979591837, 0.6161616161616161, 0.6363636363636364, 0.6565656565656566, 0.66, 0.68, 0.7, 0.72, 0.74, 0.76, 0.78, 0.8, 0.82, 0.84, 0.86, 0.88, 0.9, 0.92, 0.94, 0.96, 0.98, 1.0], 0.46760676152443803], "first_gen": [[1.0, 1.0, 0.5, 0.3333333333333333, 0.42857142857142855, 0.3333333333333333, 0.4, 0.6, 0.6363636363636364, 0.8181818181818182, 0.8333333333333334, 0.8461538461538461, 1.0, 0.8666666666666667, 0.7647058823529411, 0.6842105263157895, 0.7, 0.7142857142857143, 0.6521739130434783, 0.6666666666666666, 0.6153846153846154, 0.6923076923076923, 0.7037037037037037, 0.7142857142857143, 0.7241379310344828, 0.7333333333333333, 0.8, 0.75, 0.7575757575757576, 0.7142857142857143, 0.7222222222222222, 0.6842105263157895, 0.65, 0.6585365853658537, 0.627906976744186, 0.6, 0.6086956521739131, 0.6170212765957447, 0.5918367346938775, 0.6326530612244898, 0.6078431372549019, 0.6153846153846154, 0.5925925925925926, 0.6, 0.5789473684210527, 0.559322033898305, 0.5666666666666667, 0.5737704918032787, 0.5555555555555556, 0.5384615384615384, 0.5454545454545454, 0.5522388059701493, 0.5588235294117647, 0.5428571428571428, 0.5714285714285714, 0.6, 0.6056338028169014, 0.589041095890411, 0.6164383561643836, 0.6438356164383562, 0.6712328767123288, 0.6986301369863014, 0.7027027027027027, 0.7066666666666667, 0.7105263157894737, 0.6923076923076923, 0.6962025316455697, 0.6790123456790124, 0.6626506024096386, 0.6666666666666666, 0.6511627906976745, 0.6363636363636364, 0.6404494382022472, 0.6263736263736264, 0.6129032258064516, 0.6170212765957447, 0.6210526315789474, 0.6082474226804123, 0.6122448979591837, 0.6326530612244898, 0.6363636363636364, 0.6565656565656566, 0.66, 0.68, 0.7, 0.72, 0.74, 0.76, 0.78, 0.8, 0.82, 0.84, 0.86, 0.88, 0.9, 0.92, 0.94, 0.96, 0.98, 1.0], 0.680488615154521]}}