{"rank_algo": "random_forest_score", "seed": 34, "subsampling_proportion": 0.00016, "exec_time": 0.11500382423400879, "results": {"features": ["feature99", "feature98", "feature23", "feature87", "feature85", "feature88", "feature84", "feature22", "feature55", "feature46", "feature81", "feature89", "feature83", "feature57", "feature29", "feature86", "feature2", "feature38", "feature39", "feature36", "feature49", "feature82", "feature71", "feature21", "feature9", "feature10", "feature53", "feature7", "feature42", "feature48", "feature37", "feature26", "feature33", "feature8", "feature58", "feature52", "feature3", "feature1", "feature51", "feature20", "feature40", "feature19", "feature69", "feature0", "feature30", "feature50", "feature65", "feature15", "feature41", "feature27", "feature60", "feature18", "feature44", "feature67", "feature59", "feature63", "feature43", "feature11", "feature54", "feature35", "feature47", "feature17", "feature64", "feature12", "feature56", "feature66", "feature24", "feature28", "feature13", "feature61", "feature31", "feature62", "feature45", "feature68", "feature34", "feature5", "feature4", "feature14", "feature32", "feature91", "feature25", "feature90", "feature16", "feature6", "feature70", "feature72", "feature73", "feature74", "feature75", "feature76", "feature77", "feature78", "feature79", "feature80", "feature92", "feature93", "feature94", "feature95", "feature96", "feature97"], "scores": [0.3104543989395127, 0.2744038467037735, 0.015909198241946036, 0.015652050586894145, 0.014805687582426978, 0.013706774461061633, 0.01309443572438258, 0.012742836210156674, 0.011894664212094315, 0.010888258882710824, 0.010854801302602492, 0.010588839714524331, 0.010408930417774836, 0.010118896396536538, 0.0098647180315478, 0.009683738664499526, 0.008754812202446859, 0.008646059820073453, 0.008343485228846537, 0.00786895490696214, 0.007626303422125446, 0.007580529910394894, 0.007472084003178581, 0.00657200495721572, 0.006553852860294433, 0.006492089691432682, 0.00645125340441863, 0.006226076469443465, 0.005720915106187024, 0.005673605383617597, 0.005669126013325318, 0.005627868447887266, 0.005419344527267461, 0.005188734761474625, 0.005035466154263765, 0.005024370450518543, 0.00488402948595573, 0.004659939935363453, 0.004643464884403585, 0.004591410628126489, 0.004386084639488328, 0.004153103279035668, 0.004067714537682851, 0.0040131657147647335, 0.003811234551557727, 0.0038058469373312663, 0.0037504106001441124, 0.003704224184917915, 0.0036311111445905242, 0.003556013268099845, 0.003504081534589902, 0.003434809770927117, 0.0034209113497030846, 0.0031774421180710013, 0.0030132782454381584, 0.002848343980738929, 0.0026962330183114853, 0.002366282116570158, 0.0021419255746074673, 0.002130431683707946, 0.0021236351401011737, 0.002110189258195451, 0.0020532294194616613, 0.002008390540373452, 0.0018850626554457039, 0.0017814060659929907, 0.0016902134501940158, 0.001576881909401216, 0.0015386517596378082, 0.0011958660909354225, 0.0011787398844251996, 0.001121426899301532, 0.0010725292080253678, 0.000924765240454638, 0.0007814600699718965, 0.0006496523884985259, 0.0006084110537122597, 0.0005530776137935895, 0.0005047231765410926, 0.00046930322945964705, 0.0004385221982400357, 0.00032335576989042105, 0.0, 0.0, 0.0, 0.0, 0.0, 0.0, 0.0, 0.0, 0.0, 0.0, 0.0, 0.0, 0.0, 0.0, 0.0, 0.0, 0.0, 0.0]}, "evaluations": {"eval_method": "jaccard_full_score", "singles": [[1.0, 1.0, 1.0, 0.6, 0.42857142857142855, 0.3333333333333333, 0.2727272727272727, 0.23076923076923078, 0.2, 0.17647058823529413, 0.15789473684210525, 0.14285714285714285, 0.13043478260869565, 0.16666666666666666, 0.15384615384615385, 0.14285714285714285, 0.13333333333333333, 0.125, 0.15151515151515152, 0.17647058823529413, 0.2, 0.1891891891891892, 0.1794871794871795, 0.2, 0.19047619047619047, 0.20930232558139536, 0.2, 0.19148936170212766, 0.1836734693877551, 0.2, 0.21568627450980393, 0.2549019607843137, 0.29411764705882354, 0.3076923076923077, 0.32075471698113206, 0.3090909090909091, 0.2982456140350877, 0.3103448275862069, 0.3220338983050847, 0.3333333333333333, 0.36666666666666664, 0.4, 0.3870967741935484, 0.375, 0.36363636363636365, 0.35294117647058826, 0.34285714285714286, 0.352112676056338, 0.38028169014084506, 0.4084507042253521, 0.43661971830985913, 0.4444444444444444, 0.4520547945205479, 0.4594594594594595, 0.4666666666666667, 0.49333333333333335, 0.4805194805194805, 0.48717948717948717, 0.5128205128205128, 0.5189873417721519, 0.5061728395061729, 0.5121951219512195, 0.5, 0.5238095238095238, 0.5116279069767442, 0.5172413793103449, 0.5402298850574713, 0.5632183908045977, 0.5862068965517241, 0.5909090909090909, 0.5777777777777777, 0.6, 0.6043956043956044, 0.5913978494623656, 0.5789473684210527, 0.5833333333333334, 0.6041666666666666, 0.5918367346938775, 0.5959595959595959, 0.6161616161616161, 0.62, 0.64, 0.66, 0.68, 0.7, 0.72, 0.74, 0.76, 0.78, 0.8, 0.82, 0.84, 0.86, 0.88, 0.9, 0.92, 0.94, 0.96, 0.98, 1.0], 0.47080083608707735], "first_gen": [[1.0, 1.0, 1.0, 0.6, 0.42857142857142855, 0.5, 0.5555555555555556, 0.7777777777777778, 0.6363636363636364, 0.6666666666666666, 0.5714285714285714, 0.6, 0.7333333333333333, 0.6470588235294118, 0.5789473684210527, 0.6, 0.6190476190476191, 0.5652173913043478, 0.52, 0.48148148148148145, 0.4482758620689655, 0.4666666666666667, 0.4375, 0.45454545454545453, 0.47058823529411764, 0.4857142857142857, 0.5, 0.47368421052631576, 0.45, 0.42857142857142855, 0.4090909090909091, 0.391304347826087, 0.375, 0.4166666666666667, 0.42857142857142855, 0.4117647058823529, 0.45098039215686275, 0.49019607843137253, 0.5, 0.5094339622641509, 0.5185185185185185, 0.5272727272727272, 0.5087719298245614, 0.543859649122807, 0.5517241379310345, 0.5333333333333333, 0.5409836065573771, 0.5483870967741935, 0.53125, 0.5384615384615384, 0.5454545454545454, 0.5522388059701493, 0.582089552238806, 0.5652173913043478, 0.5942028985507246, 0.6, 0.6056338028169014, 0.589041095890411, 0.6164383561643836, 0.6438356164383562, 0.6712328767123288, 0.6986301369863014, 0.68, 0.6842105263157895, 0.6883116883116883, 0.6708860759493671, 0.654320987654321, 0.6585365853658537, 0.6428571428571429, 0.627906976744186, 0.6136363636363636, 0.6179775280898876, 0.6043956043956044, 0.5913978494623656, 0.5957446808510638, 0.6, 0.5876288659793815, 0.5918367346938775, 0.5959595959595959, 0.6161616161616161, 0.62, 0.64, 0.66, 0.68, 0.7, 0.72, 0.74, 0.76, 0.78, 0.8, 0.82, 0.84, 0.86, 0.88, 0.9, 0.92, 0.94, 0.96, 0.98, 1.0], 0.6182661689546401]}}