{"rank_algo": "random_forest_score", "seed": 75, "subsampling_proportion": 0.0025, "exec_time": 0.4660012722015381, "results": {"features": ["feature99", "feature98", "feature88", "feature87", "feature85", "feature86", "feature23", "feature89", "feature84", "feature82", "feature83", "feature81", "feature22", "feature1", "feature21", "feature33", "feature55", "feature10", "feature0", "feature20", "feature57", "feature18", "feature8", "feature19", "feature71", "feature3", "feature9", "feature44", "feature26", "feature49", "feature2", "feature58", "feature67", "feature51", "feature60", "feature7", "feature11", "feature43", "feature59", "feature47", "feature28", "feature30", "feature36", "feature12", "feature29", "feature17", "feature69", "feature50", "feature64", "feature37", "feature38", "feature41", "feature5", "feature54", "feature52", "feature62", "feature56", "feature53", "feature46", "feature24", "feature61", "feature66", "feature42", "feature40", "feature68", "feature15", "feature63", "feature39", "feature34", "feature25", "feature4", "feature35", "feature45", "feature27", "feature31", "feature65", "feature13", "feature48", "feature32", "feature91", "feature16", "feature14", "feature90", "feature72", "feature6", "feature70", "feature73", "feature74", "feature75", "feature76", "feature77", "feature78", "feature79", "feature80", "feature92", "feature93", "feature94", "feature95", "feature96", "feature97"], "scores": [0.3955161000142367, 0.3575883741450269, 0.0176354942113776, 0.016526061346620772, 0.015372659718240393, 0.013226196874975074, 0.013177690470203922, 0.011732873635372693, 0.011338481117813604, 0.009561212108638048, 0.009050281429165898, 0.005100199312227997, 0.004476213348137875, 0.003929884892536916, 0.003910646841341639, 0.003507915331085025, 0.003360640147273529, 0.0033517608286183533, 0.0032330538081128198, 0.0032122599448348114, 0.003201882190650843, 0.0031589120017612776, 0.0030433429955656864, 0.0030177214415174486, 0.0029882229795302057, 0.0029210622182712694, 0.002906890262154188, 0.0028730049690096045, 0.0028429538825275515, 0.0028122618699949224, 0.0027667616042940176, 0.0025262576915396416, 0.0024917076612895324, 0.0022833073787594045, 0.002253984862580616, 0.0021586922580156603, 0.002100266749544724, 0.0020693918355500925, 0.0018789719282772924, 0.0018761982846108827, 0.001786077746315541, 0.001730234139214976, 0.0016939212691299032, 0.0015848159044748436, 0.0015615094066353122, 0.00152294627031104, 0.0014930273768570957, 0.0014897926157897892, 0.0014715313683596528, 0.0014569050592288147, 0.001426825041565484, 0.001407501231348119, 0.0013472742571763758, 0.0013241130495835669, 0.0013123780440780608, 0.0013032848278430175, 0.0011561687307161043, 0.001117111839146379, 0.0011062539378229317, 0.0010975679120229969, 0.001084825075559654, 0.0010461775425868603, 0.0009990512767247936, 0.0009927205921584391, 0.0009487259394344416, 0.0009268079275508497, 0.0009086724854911297, 0.000891592431668619, 0.0007027334405321742, 0.000676741712560116, 0.0006506098724939668, 0.0005961896473668688, 0.0005629468177764392, 0.0005562198082945042, 0.0005327344252087175, 0.00047114025840795713, 0.00038011487793592613, 0.00036365933064809333, 0.00036036933541305674, 0.000300280231629712, 0.00026911504625949775, 0.00022127498302157976, 0.00014937798701396317, 3.888433535719084e-05, 0.0, 0.0, 0.0, 0.0, 0.0, 0.0, 0.0, 0.0, 0.0, 0.0, 0.0, 0.0, 0.0, 0.0, 0.0, 0.0]}, "evaluations": {"eval_method": "jaccard_full_score", "singles": [[1.0, 1.0, 0.5, 0.3333333333333333, 0.25, 0.2, 0.2727272727272727, 0.23076923076923078, 0.2, 0.17647058823529413, 0.15789473684210525, 0.14285714285714285, 0.13043478260869565, 0.16666666666666666, 0.2, 0.18518518518518517, 0.1724137931034483, 0.2, 0.22580645161290322, 0.25, 0.23529411764705882, 0.2222222222222222, 0.21052631578947367, 0.23076923076923078, 0.21951219512195122, 0.20930232558139536, 0.2, 0.21739130434782608, 0.23404255319148937, 0.2765957446808511, 0.3191489361702128, 0.3333333333333333, 0.3469387755102041, 0.3877551020408163, 0.42857142857142855, 0.4117647058823529, 0.4230769230769231, 0.4074074074074074, 0.41818181818181815, 0.40350877192982454, 0.41379310344827586, 0.423728813559322, 0.4098360655737705, 0.41935483870967744, 0.40625, 0.3939393939393939, 0.40298507462686567, 0.391304347826087, 0.4, 0.4084507042253521, 0.4166666666666667, 0.4246575342465753, 0.43243243243243246, 0.4594594594594595, 0.4473684210526316, 0.47368421052631576, 0.46153846153846156, 0.45, 0.475, 0.5, 0.5061728395061729, 0.5121951219512195, 0.5180722891566265, 0.5421686746987951, 0.5294117647058824, 0.5529411764705883, 0.5764705882352941, 0.5813953488372093, 0.5862068965517241, 0.5909090909090909, 0.5777777777777777, 0.5824175824175825, 0.5869565217391305, 0.6086956521739131, 0.5957446808510638, 0.5833333333333334, 0.6041666666666666, 0.5918367346938775, 0.5959595959595959, 0.6161616161616161, 0.6363636363636364, 0.64, 0.66, 0.68, 0.7, 0.72, 0.74, 0.76, 0.78, 0.8, 0.82, 0.84, 0.86, 0.88, 0.9, 0.92, 0.94, 0.96, 0.98, 1.0], 0.4787445405291836], "first_gen": [[1.0, 1.0, 0.5, 0.3333333333333333, 0.25, 0.5, 0.75, 0.7777777777777778, 0.8, 0.8181818181818182, 0.8333333333333334, 0.8461538461538461, 1.0, 0.8666666666666667, 0.875, 0.7777777777777778, 0.7, 0.7142857142857143, 0.7272727272727273, 0.6666666666666666, 0.68, 0.6296296296296297, 0.7037037037037037, 0.7142857142857143, 0.7241379310344828, 0.7333333333333333, 0.7419354838709677, 0.75, 0.7058823529411765, 0.7142857142857143, 0.7222222222222222, 0.6842105263157895, 0.65, 0.6585365853658537, 0.627906976744186, 0.6, 0.574468085106383, 0.6170212765957447, 0.625, 0.6, 0.5769230769230769, 0.5849056603773585, 0.5636363636363636, 0.543859649122807, 0.5254237288135594, 0.5333333333333333, 0.5409836065573771, 0.5483870967741935, 0.5555555555555556, 0.5384615384615384, 0.5454545454545454, 0.5294117647058824, 0.5588235294117647, 0.5882352941176471, 0.5942028985507246, 0.6231884057971014, 0.6285714285714286, 0.6111111111111112, 0.6388888888888888, 0.6438356164383562, 0.6486486486486487, 0.6533333333333333, 0.6578947368421053, 0.6623376623376623, 0.6455696202531646, 0.65, 0.6341463414634146, 0.6385542168674698, 0.6428571428571429, 0.627906976744186, 0.6136363636363636, 0.6179775280898876, 0.6043956043956044, 0.6086956521739131, 0.5957446808510638, 0.5833333333333334, 0.5714285714285714, 0.5757575757575758, 0.58, 0.6, 0.62, 0.64, 0.66, 0.68, 0.7, 0.72, 0.74, 0.76, 0.78, 0.8, 0.82, 0.84, 0.86, 0.88, 0.9, 0.92, 0.94, 0.96, 0.98, 1.0], 0.6795800028131372]}}