{"rank_algo": "random_forest_score", "seed": 92, "subsampling_proportion": 0.0063, "exec_time": 0.950000524520874, "results": {"features": ["feature98", "feature99", "feature88", "feature86", "feature89", "feature85", "feature87", "feature23", "feature81", "feature83", "feature84", "feature22", "feature82", "feature21", "feature1", "feature19", "feature2", "feature33", "feature57", "feature3", "feature10", "feature49", "feature15", "feature60", "feature55", "feature20", "feature5", "feature18", "feature8", "feature44", "feature32", "feature91", "feature43", "feature9", "feature71", "feature58", "feature0", "feature12", "feature47", "feature67", "feature26", "feature50", "feature7", "feature51", "feature11", "feature29", "feature41", "feature62", "feature59", "feature30", "feature46", "feature40", "feature52", "feature38", "feature17", "feature90", "feature66", "feature54", "feature64", "feature39", "feature69", "feature37", "feature63", "feature28", "feature42", "feature36", "feature68", "feature53", "feature24", "feature14", "feature56", "feature27", "feature48", "feature25", "feature31", "feature61", "feature35", "feature45", "feature65", "feature13", "feature34", "feature16", "feature4", "feature72", "feature79", "feature77", "feature73", "feature6", "feature70", "feature74", "feature75", "feature76", "feature78", "feature80", "feature92", "feature93", "feature94", "feature95", "feature96", "feature97"], "scores": [0.42111316981009916, 0.391237687329676, 0.014973872573850258, 0.014504264040134624, 0.014198136662619595, 0.012372993765651484, 0.008823366943635518, 0.008041711330855248, 0.0077276365084060486, 0.005160093880444162, 0.005064904567684652, 0.005037701572830551, 0.005020999183493663, 0.0026089151981685287, 0.0024980649758631645, 0.002428526260078241, 0.002344761501195802, 0.002335424395779806, 0.0022163966385948222, 0.002183874393663134, 0.0021365321593848938, 0.0021044935409547066, 0.002013089027961578, 0.001993137941587428, 0.0019795703238168036, 0.0019346760708230694, 0.0019069004188195051, 0.0018399572000806078, 0.001829105634774379, 0.0018279455444494164, 0.0017885837474091771, 0.0017242791734156857, 0.0017049061352630444, 0.0016983521639404187, 0.0016854648833292544, 0.0016407781512692225, 0.0014929149609645294, 0.001483646875092093, 0.0014794437250663312, 0.0014624770748997771, 0.0014113191720484537, 0.001408205393834254, 0.0013251408708239707, 0.0012644881456050654, 0.0012058725844614395, 0.0011910937923481533, 0.0011819428354629055, 0.0011716091249024338, 0.0011558504177426238, 0.0011374045523920885, 0.0010980657375734124, 0.0010629868983040418, 0.0010106892797717094, 0.0009995338630567215, 0.0009540625426295086, 0.0009194930211463987, 0.0009141454067605462, 0.0009084654896910788, 0.0009023651738122117, 0.0008650398403973576, 0.0008363378689939268, 0.0008268540281015549, 0.0007814993578018708, 0.0007477098987049685, 0.0007323434322152806, 0.0006586077633244017, 0.0006297335719382807, 0.000620650536191252, 0.0005766770689863903, 0.0005750176863529866, 0.00057344759906128, 0.0005690438411269886, 0.0005397196275155144, 0.00043972276725234773, 0.00043713847009034534, 0.00042929542459678433, 0.0003728791130614243, 0.00035168429607672407, 0.0003451102985252445, 0.0003399436307294805, 0.0002959406016703136, 0.00028234043944645, 0.0002706206119402438, 3.580037669665191e-05, 1.0418597954860239e-05, 9.23306064790356e-06, 5.699602205724721e-06, 0.0, 0.0, 0.0, 0.0, 0.0, 0.0, 0.0, 0.0, 0.0, 0.0, 0.0, 0.0, 0.0]}, "evaluations": {"eval_method": "jaccard_full_score", "singles": [[1.0, 1.0, 0.5, 0.3333333333333333, 0.25, 0.2, 0.16666666666666666, 0.23076923076923078, 0.2, 0.17647058823529413, 0.15789473684210525, 0.14285714285714285, 0.13043478260869565, 0.16666666666666666, 0.2, 0.23076923076923078, 0.21428571428571427, 0.2, 0.22580645161290322, 0.25, 0.2727272727272727, 0.29411764705882354, 0.3142857142857143, 0.2972972972972973, 0.28205128205128205, 0.3333333333333333, 0.3170731707317073, 0.3333333333333333, 0.3181818181818182, 0.3333333333333333, 0.3191489361702128, 0.30612244897959184, 0.29411764705882354, 0.3333333333333333, 0.37254901960784315, 0.38461538461538464, 0.37037037037037035, 0.38181818181818183, 0.3684210526315789, 0.3559322033898305, 0.3898305084745763, 0.4, 0.3870967741935484, 0.3968253968253968, 0.40625, 0.3939393939393939, 0.40298507462686567, 0.4117647058823529, 0.42028985507246375, 0.42857142857142855, 0.45714285714285713, 0.4647887323943662, 0.4722222222222222, 0.4794520547945205, 0.4666666666666667, 0.49333333333333335, 0.5, 0.5064935064935064, 0.5128205128205128, 0.5189873417721519, 0.5061728395061729, 0.5121951219512195, 0.5180722891566265, 0.5421686746987951, 0.5476190476190477, 0.5714285714285714, 0.5764705882352941, 0.5813953488372093, 0.6046511627906976, 0.6091954022988506, 0.5955056179775281, 0.6179775280898876, 0.6043956043956044, 0.5913978494623656, 0.5957446808510638, 0.6, 0.6041666666666666, 0.6082474226804123, 0.5959595959595959, 0.6161616161616161, 0.62, 0.64, 0.66, 0.68, 0.7, 0.72, 0.74, 0.76, 0.78, 0.8, 0.82, 0.84, 0.86, 0.88, 0.9, 0.92, 0.94, 0.96, 0.98, 1.0], 0.48754043756514587], "first_gen": [[1.0, 1.0, 0.5, 0.3333333333333333, 0.42857142857142855, 0.5, 0.5555555555555556, 0.7777777777777778, 0.8, 0.6666666666666666, 0.8333333333333334, 0.8461538461538461, 1.0, 0.8666666666666667, 0.875, 0.7777777777777778, 0.7894736842105263, 0.7142857142857143, 0.7272727272727273, 0.7391304347826086, 0.75, 0.76, 0.7037037037037037, 0.6551724137931034, 0.6129032258064516, 0.625, 0.6363636363636364, 0.696969696969697, 0.7058823529411765, 0.7142857142857143, 0.7222222222222222, 0.7297297297297297, 0.7368421052631579, 0.7435897435897436, 0.75, 0.7142857142857143, 0.7209302325581395, 0.6888888888888889, 0.6595744680851063, 0.6666666666666666, 0.673469387755102, 0.68, 0.6538461538461539, 0.660377358490566, 0.6363636363636364, 0.6140350877192983, 0.5932203389830508, 0.5737704918032787, 0.6065573770491803, 0.6129032258064516, 0.6190476190476191, 0.625, 0.6060606060606061, 0.6119402985074627, 0.6417910447761194, 0.6716417910447762, 0.6521739130434783, 0.6571428571428571, 0.6619718309859155, 0.6901408450704225, 0.6944444444444444, 0.7222222222222222, 0.7027027027027027, 0.7066666666666667, 0.7105263157894737, 0.7142857142857143, 0.6962025316455697, 0.6790123456790124, 0.6626506024096386, 0.6666666666666666, 0.6705882352941176, 0.6744186046511628, 0.6781609195402298, 0.6629213483146067, 0.6483516483516484, 0.6344086021505376, 0.6382978723404256, 0.625, 0.6122448979591837, 0.6161616161616161, 0.6363636363636364, 0.6565656565656566, 0.66, 0.68, 0.7, 0.72, 0.74, 0.76, 0.78, 0.8, 0.82, 0.84, 0.86, 0.88, 0.9, 0.92, 0.94, 0.96, 0.98, 1.0], 0.7082255209620378]}}