{"rank_algo": "random_forest_score", "seed": 33, "subsampling_proportion": 0.001, "exec_time": 0.23400020599365234, "results": {"features": ["feature99", "feature98", "feature84", "feature86", "feature89", "feature87", "feature82", "feature81", "feature23", "feature85", "feature83", "feature88", "feature22", "feature1", "feature33", "feature21", "feature19", "feature2", "feature57", "feature18", "feature55", "feature67", "feature44", "feature71", "feature51", "feature0", "feature20", "feature9", "feature60", "feature3", "feature30", "feature10", "feature11", "feature8", "feature17", "feature54", "feature49", "feature59", "feature26", "feature12", "feature38", "feature58", "feature7", "feature24", "feature63", "feature28", "feature40", "feature50", "feature37", "feature42", "feature64", "feature29", "feature15", "feature48", "feature69", "feature39", "feature68", "feature43", "feature53", "feature47", "feature61", "feature36", "feature46", "feature41", "feature56", "feature62", "feature35", "feature52", "feature66", "feature34", "feature5", "feature16", "feature45", "feature31", "feature13", "feature90", "feature25", "feature27", "feature4", "feature32", "feature91", "feature65", "feature14", "feature6", "feature72", "feature70", "feature73", "feature74", "feature75", "feature76", "feature77", "feature78", "feature79", "feature80", "feature92", "feature93", "feature94", "feature95", "feature96", "feature97"], "scores": [0.36999296760369926, 0.36776506934971, 0.0145119478672752, 0.013517777814595879, 0.012970102549984703, 0.012163943980308688, 0.009805058900788425, 0.009583914732636263, 0.009560231673449411, 0.0084481627175959, 0.008406421434775161, 0.008018003097380445, 0.005561731040196185, 0.004865639206691799, 0.004564926812528375, 0.004478849029187677, 0.00424738514844988, 0.004006929977771776, 0.003994991202340979, 0.003882641296339088, 0.0037662402538355486, 0.0035876706433511834, 0.003453256526927156, 0.0033949006043058724, 0.0033826400413310377, 0.0033804129831379696, 0.0033582870702463627, 0.0032906069309209616, 0.0031807933945031067, 0.00301960214389179, 0.003013483823758454, 0.002926055803257051, 0.0029243821823143343, 0.0028982385561380237, 0.002766951912026577, 0.0027326682904657462, 0.0027242290664074623, 0.002685351272063496, 0.0025655225865925425, 0.002530621426881983, 0.0024047842129166323, 0.0023113947983855188, 0.0022609023626509054, 0.0021264599203437737, 0.002042776406422337, 0.002030010126994775, 0.0020167378331076664, 0.0019856995702327265, 0.0019839907310143434, 0.0019651886006696795, 0.0019386958672030232, 0.001895413931419791, 0.0018099575444733688, 0.0017851289776033845, 0.001743074846781458, 0.0015860791653759371, 0.001552109459651753, 0.0015148779547394862, 0.0014918819860144203, 0.0014792247339987029, 0.0014355205205074206, 0.001412892762185701, 0.0013429519640109592, 0.001279601643644803, 0.0012709097540255748, 0.0012195556434718082, 0.0011280770920466302, 0.0011273743566574343, 0.0010650258946763274, 0.001052699934428843, 0.000948092243398678, 0.0009282825858456902, 0.0009140488698184551, 0.0008610325532567014, 0.0006976661187311716, 0.0006136575295355008, 0.0006026131027935514, 0.0004977413077135423, 0.0004190478868147487, 0.00039742270572389884, 0.0003156817481877497, 0.0002513297155271664, 0.0002477394005892227, 8.265592778939521e-05, 3.537876055772101e-05, 0.0, 0.0, 0.0, 0.0, 0.0, 0.0, 0.0, 0.0, 0.0, 0.0, 0.0, 0.0, 0.0, 0.0, 0.0]}, "evaluations": {"eval_method": "jaccard_full_score", "singles": [[1.0, 1.0, 0.5, 0.3333333333333333, 0.25, 0.2, 0.16666666666666666, 0.14285714285714285, 0.2, 0.17647058823529413, 0.15789473684210525, 0.14285714285714285, 0.13043478260869565, 0.16666666666666666, 0.15384615384615385, 0.18518518518518517, 0.21428571428571427, 0.2, 0.22580645161290322, 0.25, 0.23529411764705882, 0.2222222222222222, 0.21052631578947367, 0.2, 0.21951219512195122, 0.20930232558139536, 0.22727272727272727, 0.24444444444444444, 0.2608695652173913, 0.2765957446808511, 0.2916666666666667, 0.30612244897959184, 0.3469387755102041, 0.36, 0.37254901960784315, 0.38461538461538464, 0.39622641509433965, 0.4074074074074074, 0.41818181818181815, 0.42857142857142855, 0.43859649122807015, 0.47368421052631576, 0.4576271186440678, 0.4666666666666667, 0.47540983606557374, 0.4603174603174603, 0.49206349206349204, 0.47692307692307695, 0.4626865671641791, 0.4925373134328358, 0.5, 0.4857142857142857, 0.5142857142857142, 0.5211267605633803, 0.5068493150684932, 0.5135135135135135, 0.5, 0.48717948717948717, 0.4936708860759494, 0.5, 0.5061728395061729, 0.5308641975308642, 0.5365853658536586, 0.5609756097560976, 0.5476190476190477, 0.5529411764705883, 0.5581395348837209, 0.5813953488372093, 0.5862068965517241, 0.5730337078651685, 0.5777777777777777, 0.6, 0.6043956043956044, 0.5913978494623656, 0.5957446808510638, 0.6, 0.6041666666666666, 0.6082474226804123, 0.6122448979591837, 0.6161616161616161, 0.6363636363636364, 0.6565656565656566, 0.66, 0.68, 0.7, 0.72, 0.74, 0.76, 0.78, 0.8, 0.82, 0.84, 0.86, 0.88, 0.9, 0.92, 0.94, 0.96, 0.98, 1.0], 0.4879845991595959], "first_gen": [[1.0, 1.0, 0.5, 0.3333333333333333, 0.42857142857142855, 0.3333333333333333, 0.4, 0.45454545454545453, 0.5, 0.6666666666666666, 0.6923076923076923, 0.8461538461538461, 1.0, 0.8666666666666667, 0.875, 0.7777777777777778, 0.7, 0.7142857142857143, 0.7272727272727273, 0.6666666666666666, 0.6153846153846154, 0.6296296296296297, 0.5862068965517241, 0.6, 0.6129032258064516, 0.625, 0.6363636363636364, 0.6470588235294118, 0.6111111111111112, 0.6216216216216216, 0.5897435897435898, 0.6, 0.5714285714285714, 0.6190476190476191, 0.5909090909090909, 0.6, 0.6086956521739131, 0.5833333333333334, 0.625, 0.6, 0.5769230769230769, 0.5555555555555556, 0.5357142857142857, 0.5172413793103449, 0.5, 0.5081967213114754, 0.5161290322580645, 0.5238095238095238, 0.53125, 0.5384615384615384, 0.5454545454545454, 0.5294117647058824, 0.5588235294117647, 0.5882352941176471, 0.5942028985507246, 0.6, 0.5833333333333334, 0.589041095890411, 0.5945945945945946, 0.6, 0.6052631578947368, 0.631578947368421, 0.6363636363636364, 0.6410256410256411, 0.6455696202531646, 0.65, 0.654320987654321, 0.6585365853658537, 0.6428571428571429, 0.6470588235294118, 0.6511627906976745, 0.6551724137931034, 0.6404494382022472, 0.6263736263736264, 0.6129032258064516, 0.6170212765957447, 0.6041666666666666, 0.6082474226804123, 0.5959595959595959, 0.6161616161616161, 0.6363636363636364, 0.64, 0.66, 0.68, 0.7, 0.72, 0.74, 0.76, 0.78, 0.8, 0.82, 0.84, 0.86, 0.88, 0.9, 0.92, 0.94, 0.96, 0.98, 1.0], 0.6525146782346617]}}