{"rank_algo": "mutual_info_score", "seed": 63, "subsampling_proportion": 0.1, "exec_time": 49.77101993560791, "results": {"features": ["feature99", "feature98", "feature85", "feature82", "feature83", "feature89", "feature86", "feature87", "feature84", "feature88", "feature81", "feature23", "feature5", "feature56", "feature4", "feature22", "feature13", "feature17", "feature90", "feature32", "feature91", "feature27", "feature14", "feature61", "feature48", "feature15", "feature58", "feature33", "feature60", "feature57", "feature9", "feature49", "feature41", "feature39", "feature40", "feature59", "feature71", "feature52", "feature43", "feature68", "feature10", "feature26", "feature24", "feature62", "feature44", "feature8", "feature28", "feature54", "feature63", "feature29", "feature50", "feature55", "feature42", "feature2", "feature30", "feature16", "feature0", "feature67", "feature3", "feature19", "feature7", "feature20", "feature46", "feature1", "feature11", "feature37", "feature38", "feature31", "feature34", "feature95", "feature97", "feature36", "feature78", "feature25", "feature12", "feature65", "feature96", "feature66", "feature93", "feature64", "feature79", "feature73", "feature45", "feature75", "feature76", "feature47", "feature35", "feature21", "feature51", "feature94", "feature53", "feature18", "feature6", "feature69", "feature70", "feature72", "feature74", "feature77", "feature80", "feature92"], "scores": [0.5024265316781749, 0.5023470591216381, 0.04926252396452746, 0.0490304193709834, 0.04811162940036673, 0.04810122211374113, 0.04805713322642369, 0.04788600896250972, 0.047439280529533834, 0.04648538262487922, 0.03522791565720884, 0.02709386961007576, 0.026687983532847515, 0.02039740017507974, 0.020306323069226195, 0.01596546533806209, 0.013739417140698151, 0.012494898918250952, 0.010146430901867731, 0.009574255609221538, 0.009142294790246419, 0.008439303316377433, 0.00804226555995946, 0.007191266573542077, 0.0066815497097680865, 0.006025273593943226, 0.005979451745012687, 0.005781840715149311, 0.005691249241485563, 0.005167160276899452, 0.00426723395188211, 0.004088796110614856, 0.004022209203967897, 0.003939378982462882, 0.003910728895510696, 0.00333928890307722, 0.0033290110488695124, 0.0031872711609064464, 0.003186610969762249, 0.00302064706320615, 0.0028182175508488783, 0.002744203493230124, 0.0027434400537695858, 0.0027025005872689523, 0.0025779353428296847, 0.002509868904016388, 0.002494310440806391, 0.0024765234547290405, 0.0024296144902686834, 0.0023936192146865043, 0.002346894960757462, 0.002313173901986376, 0.0023018613612411087, 0.0022906520996512914, 0.0022814041867438295, 0.0021714956777698635, 0.0020645062037130124, 0.001990972310023764, 0.0019906740673441004, 0.001967990835827882, 0.0018372635545793603, 0.0017358886750611369, 0.001721740312290887, 0.0016822319993536894, 0.0016307272534821227, 0.001602110261142986, 0.001586017982963428, 0.00143010019572265, 0.0013488594713655377, 0.0013486950787546803, 0.0012040638770931533, 0.0010559270044134816, 0.0009795937573942037, 0.0009516217945986227, 0.0008919968601668327, 0.0008753446218165983, 0.0007105835775000902, 0.0006940735984317659, 0.0006909060299851166, 0.0006657235227920388, 0.0006441853424017374, 0.000635076073628893, 0.0005338551388616164, 0.0005333138452345842, 0.00048544999154209734, 0.0004202682661189616, 0.00034546286683290184, 0.00032054182281071597, 0.0002952643237801311, 0.00020322286567053816, 9.180288104437828e-05, 0.0, 0.0, 0.0, 0.0, 0.0, 0.0, 0.0, 0.0, 0.0]}, "evaluations": {"eval_method": "jaccard_full_score", "singles": [[1.0, 1.0, 0.5, 0.3333333333333333, 0.25, 0.2, 0.16666666666666666, 0.14285714285714285, 0.125, 0.1111111111111111, 0.1, 0.14285714285714285, 0.13043478260869565, 0.12, 0.1111111111111111, 0.10344827586206896, 0.0967741935483871, 0.09090909090909091, 0.11764705882352941, 0.1111111111111111, 0.10526315789473684, 0.1, 0.09523809523809523, 0.11627906976744186, 0.1111111111111111, 0.13043478260869565, 0.14893617021276595, 0.16666666666666666, 0.1836734693877551, 0.2, 0.21568627450980393, 0.23076923076923078, 0.24528301886792453, 0.25925925925925924, 0.2727272727272727, 0.2857142857142857, 0.2982456140350877, 0.3103448275862069, 0.3, 0.2903225806451613, 0.3225806451612903, 0.3548387096774194, 0.3870967741935484, 0.41935483870967744, 0.40625, 0.3939393939393939, 0.40298507462686567, 0.4117647058823529, 0.42028985507246375, 0.4084507042253521, 0.4166666666666667, 0.40540540540540543, 0.41333333333333333, 0.44, 0.42857142857142855, 0.45454545454545453, 0.46153846153846156, 0.45, 0.475, 0.5, 0.5061728395061729, 0.5121951219512195, 0.5180722891566265, 0.5421686746987951, 0.5476190476190477, 0.5714285714285714, 0.5764705882352941, 0.5813953488372093, 0.5862068965517241, 0.6091954022988506, 0.6136363636363636, 0.6363636363636364, 0.6404494382022472, 0.6444444444444445, 0.6666666666666666, 0.6521739130434783, 0.6739130434782609, 0.6595744680851063, 0.6631578947368421, 0.6666666666666666, 0.6875, 0.7083333333333334, 0.7291666666666666, 0.75, 0.7708333333333334, 0.7731958762886598, 0.7755102040816326, 0.7959183673469388, 0.8163265306122449, 0.8367346938775511, 0.8383838383838383, 0.8585858585858586, 0.8787878787878788, 0.88, 0.9, 0.92, 0.94, 0.96, 0.98, 1.0], 0.4571623763258098], "first_gen": [[1.0, 1.0, 0.5, 0.3333333333333333, 0.25, 0.3333333333333333, 0.5555555555555556, 0.6, 0.5, 0.6666666666666666, 0.6923076923076923, 0.8461538461538461, 0.8571428571428571, 0.75, 0.6666666666666666, 0.6842105263157895, 0.6190476190476191, 0.5652173913043478, 0.52, 0.48148148148148145, 0.4482758620689655, 0.41935483870967744, 0.3939393939393939, 0.37142857142857144, 0.35135135135135137, 0.3333333333333333, 0.3170731707317073, 0.3333333333333333, 0.3181818181818182, 0.3333333333333333, 0.37777777777777777, 0.4222222222222222, 0.43478260869565216, 0.4166666666666667, 0.4583333333333333, 0.46938775510204084, 0.48, 0.46153846153846156, 0.4716981132075472, 0.48148148148148145, 0.5185185185185185, 0.5272727272727272, 0.5357142857142857, 0.543859649122807, 0.5517241379310345, 0.559322033898305, 0.5409836065573771, 0.5737704918032787, 0.5555555555555556, 0.5625, 0.5454545454545454, 0.5294117647058824, 0.5362318840579711, 0.5652173913043478, 0.5492957746478874, 0.5774647887323944, 0.5833333333333334, 0.5675675675675675, 0.5945945945945946, 0.6216216216216216, 0.6486486486486487, 0.6533333333333333, 0.6578947368421053, 0.6623376623376623, 0.6455696202531646, 0.65, 0.654320987654321, 0.6385542168674698, 0.6428571428571429, 0.6470588235294118, 0.6511627906976745, 0.6551724137931034, 0.6404494382022472, 0.6263736263736264, 0.6304347826086957, 0.6170212765957447, 0.6210526315789474, 0.625, 0.6288659793814433, 0.6326530612244898, 0.6530612244897959, 0.673469387755102, 0.6767676767676768, 0.696969696969697, 0.7171717171717171, 0.7373737373737373, 0.7575757575757576, 0.7777777777777778, 0.797979797979798, 0.8181818181818182, 0.82, 0.84, 0.86, 0.88, 0.9, 0.92, 0.94, 0.96, 0.98, 1.0], 0.604940549827899]}}