{"rank_algo": "mutual_info_score", "seed": 40, "subsampling_proportion": 0.1, "exec_time": 49.58604311943054, "results": {"features": ["feature99", "feature98", "feature82", "feature89", "feature86", "feature85", "feature84", "feature87", "feature83", "feature88", "feature81", "feature14", "feature90", "feature91", "feature32", "feature5", "feature4", "feature56", "feature23", "feature17", "feature31", "feature57", "feature22", "feature48", "feature39", "feature58", "feature63", "feature68", "feature33", "feature2", "feature40", "feature44", "feature16", "feature61", "feature60", "feature50", "feature12", "feature30", "feature15", "feature65", "feature59", "feature10", "feature26", "feature35", "feature45", "feature8", "feature9", "feature52", "feature43", "feature55", "feature29", "feature66", "feature19", "feature38", "feature7", "feature41", "feature6", "feature37", "feature11", "feature53", "feature0", "feature27", "feature20", "feature1", "feature71", "feature96", "feature93", "feature94", "feature97", "feature62", "feature49", "feature13", "feature28", "feature42", "feature67", "feature3", "feature64", "feature25", "feature51", "feature24", "feature47", "feature21", "feature77", "feature36", "feature69", "feature78", "feature34", "feature54", "feature70", "feature75", "feature74", "feature18", "feature46", "feature72", "feature73", "feature76", "feature79", "feature80", "feature92", "feature95"], "scores": [0.5022754707598956, 0.5022277872259736, 0.04839136923075693, 0.04816090205613799, 0.04782164893869201, 0.047433366358554885, 0.04738234729624424, 0.046469660776714106, 0.046183082045028634, 0.04586286215428648, 0.044921838379148094, 0.03147327283553647, 0.030480880150531853, 0.030025283107468326, 0.028487496329275608, 0.025818972182563238, 0.02072480193773263, 0.016928234159807376, 0.013714584704373145, 0.013399091905118565, 0.011426790974602197, 0.008383172295257424, 0.008138920372349201, 0.007665917816961354, 0.0065542019877116164, 0.005813024001059874, 0.005742532567722947, 0.0049991852743340726, 0.00485613511045635, 0.0048449208379623965, 0.004718646260864823, 0.004438412249305745, 0.004285326056881367, 0.003826837268117167, 0.0037060499374765854, 0.003314516519513422, 0.003199585075559286, 0.0031510250085606817, 0.003067023280100889, 0.002971640408806042, 0.002751364795511524, 0.0025973348991672474, 0.002525045161312356, 0.002520261294864934, 0.002396797096893888, 0.002300565999923121, 0.002284710015374225, 0.0020933967780438767, 0.0020707260293846286, 0.002048415910127499, 0.002013173657095635, 0.0019843554499667793, 0.0019602883779978875, 0.0017532612594866048, 0.0017310891447777088, 0.0015680824517463332, 0.0014824523088021735, 0.0014779693340574163, 0.0014592088206839549, 0.0014331466591377406, 0.0013716924519648899, 0.0012906964600551962, 0.0012843971604041826, 0.0012422271777108307, 0.0011810628155553005, 0.001125448527671935, 0.0010216120238211168, 0.0009896243174254415, 0.0008992379781367354, 0.0008373962549901304, 0.0008169615510702499, 0.0008061031673138874, 0.000763014271380591, 0.0007395750484850971, 0.0006972431221548003, 0.0006611073353082197, 0.0006214273751858901, 0.0005868062640235205, 0.0005408400443700501, 0.0005302076439761549, 0.0005198285763250432, 0.0004308168910540644, 0.000406394099467855, 0.0004057453330994498, 0.0003562555196776618, 0.000344312881435771, 0.0003399070063720977, 0.0002417683617819133, 0.00022387236643073294, 0.00018290713946012005, 9.158715713075694e-05, 0.0, 0.0, 0.0, 0.0, 0.0, 0.0, 0.0, 0.0, 0.0]}, "evaluations": {"eval_method": "jaccard_full_score", "singles": [[1.0, 1.0, 0.5, 0.3333333333333333, 0.25, 0.2, 0.16666666666666666, 0.14285714285714285, 0.125, 0.1111111111111111, 0.1, 0.09090909090909091, 0.08333333333333333, 0.07692307692307693, 0.07142857142857142, 0.06666666666666667, 0.0625, 0.058823529411764705, 0.08571428571428572, 0.08108108108108109, 0.07692307692307693, 0.07317073170731707, 0.09523809523809523, 0.09090909090909091, 0.08695652173913043, 0.10638297872340426, 0.125, 0.12, 0.13725490196078433, 0.17647058823529413, 0.19230769230769232, 0.18518518518518517, 0.2, 0.21428571428571427, 0.22807017543859648, 0.22033898305084745, 0.23333333333333334, 0.22580645161290322, 0.23809523809523808, 0.23076923076923078, 0.26153846153846155, 0.2923076923076923, 0.3230769230769231, 0.3333333333333333, 0.34328358208955223, 0.3333333333333333, 0.34285714285714286, 0.3333333333333333, 0.32432432432432434, 0.3157894736842105, 0.3246753246753247, 0.31645569620253167, 0.325, 0.3333333333333333, 0.34146341463414637, 0.36585365853658536, 0.37349397590361444, 0.36470588235294116, 0.38823529411764707, 0.3953488372093023, 0.38636363636363635, 0.4090909090909091, 0.4157303370786517, 0.4222222222222222, 0.42857142857142855, 0.45054945054945056, 0.4725274725274725, 0.4945054945054945, 0.5164835164835165, 0.5384615384615384, 0.5434782608695652, 0.5652173913043478, 0.5869565217391305, 0.6086956521739131, 0.6304347826086957, 0.6344086021505376, 0.6382978723404256, 0.625, 0.6288659793814433, 0.6494845360824743, 0.6530612244897959, 0.673469387755102, 0.6938775510204082, 0.7142857142857143, 0.7171717171717171, 0.7373737373737373, 0.74, 0.76, 0.78, 0.8, 0.82, 0.84, 0.86, 0.88, 0.9, 0.92, 0.94, 0.96, 0.98, 1.0], 0.41019367507470833], "first_gen": [[1.0, 1.0, 0.5, 0.3333333333333333, 0.42857142857142855, 0.5, 0.5555555555555556, 0.6, 0.5, 0.6666666666666666, 0.6923076923076923, 0.7142857142857143, 0.7333333333333333, 0.6470588235294118, 0.5789473684210527, 0.5238095238095238, 0.4782608695652174, 0.44, 0.46153846153846156, 0.42857142857142855, 0.4, 0.375, 0.3939393939393939, 0.37142857142857144, 0.35135135135135137, 0.3333333333333333, 0.3170731707317073, 0.3023255813953488, 0.28888888888888886, 0.3333333333333333, 0.37777777777777777, 0.4222222222222222, 0.43478260869565216, 0.4166666666666667, 0.42857142857142855, 0.44, 0.4230769230769231, 0.4074074074074074, 0.41818181818181815, 0.42857142857142855, 0.43859649122807015, 0.4482758620689655, 0.4576271186440678, 0.4666666666666667, 0.45161290322580644, 0.4603174603174603, 0.46875, 0.47692307692307695, 0.5076923076923077, 0.4925373134328358, 0.4782608695652174, 0.4857142857142857, 0.49295774647887325, 0.5, 0.5068493150684932, 0.5135135135135135, 0.5, 0.5263157894736842, 0.5324675324675324, 0.5384615384615384, 0.5641025641025641, 0.569620253164557, 0.5949367088607594, 0.6, 0.6049382716049383, 0.6097560975609756, 0.6144578313253012, 0.6190476190476191, 0.6235294117647059, 0.627906976744186, 0.632183908045977, 0.6179775280898876, 0.6222222222222222, 0.6263736263736264, 0.6129032258064516, 0.6170212765957447, 0.6041666666666666, 0.5918367346938775, 0.5959595959595959, 0.6, 0.62, 0.64, 0.66, 0.68, 0.7, 0.72, 0.74, 0.76, 0.78, 0.8, 0.82, 0.84, 0.86, 0.88, 0.9, 0.92, 0.94, 0.96, 0.98, 1.0], 0.5710974991377185]}}