{"rank_algo": "mutual_info_score", "seed": 32, "subsampling_proportion": 0.1, "exec_time": 49.769094944000244, "results": {"features": ["feature99", "feature98", "feature85", "feature89", "feature83", "feature82", "feature88", "feature84", "feature86", "feature87", "feature81", "feature17", "feature23", "feature65", "feature56", "feature22", "feature45", "feature32", "feature91", "feature27", "feature90", "feature5", "feature61", "feature14", "feature48", "feature63", "feature2", "feature40", "feature57", "feature58", "feature33", "feature59", "feature0", "feature39", "feature15", "feature68", "feature16", "feature60", "feature44", "feature12", "feature30", "feature35", "feature41", "feature13", "feature55", "feature9", "feature38", "feature50", "feature46", "feature31", "feature67", "feature71", "feature8", "feature29", "feature24", "feature97", "feature11", "feature7", "feature10", "feature49", "feature43", "feature21", "feature19", "feature3", "feature69", "feature47", "feature34", "feature1", "feature37", "feature73", "feature94", "feature66", "feature51", "feature52", "feature36", "feature28", "feature80", "feature25", "feature20", "feature70", "feature79", "feature62", "feature77", "feature78", "feature18", "feature26", "feature4", "feature42", "feature53", "feature54", "feature6", "feature64", "feature72", "feature74", "feature75", "feature76", "feature92", "feature93", "feature95", "feature96"], "scores": [0.5001376863354454, 0.5000963606060463, 0.04865718683960796, 0.04854163087395946, 0.048509078508097714, 0.04829793506459068, 0.048291636180245456, 0.04756784653434587, 0.047334617304726656, 0.046988818891414486, 0.038698053515827, 0.016071920613444757, 0.015819300669738245, 0.015030224315451868, 0.015027773865373684, 0.013452299547036972, 0.012125659145217016, 0.00984960784337452, 0.009048368938579188, 0.008919513676747037, 0.008828192525155432, 0.008828150080129493, 0.008432386884287935, 0.008364527593108795, 0.008140697315644374, 0.006475164307028658, 0.0056692030883620514, 0.005620202174540179, 0.005315546586505349, 0.005145000730623517, 0.005053423015054737, 0.004432059031808766, 0.004358783138143751, 0.004307497845534858, 0.004297194670940252, 0.004178443329780013, 0.004125947429484134, 0.0038607903778984376, 0.003687194546978967, 0.0036100535327776573, 0.0035170019727539525, 0.003420924112621959, 0.0031281955608235545, 0.003093387625049848, 0.0030811228392502166, 0.0028569798706228333, 0.0028159596444226054, 0.0025913837606001966, 0.002522416279250095, 0.0024835251875503506, 0.00242323149452206, 0.0023994431635663283, 0.0021282423084918456, 0.002077777526283242, 0.0020749913503093076, 0.0019013749797287538, 0.0018532607002093027, 0.0018524297549502577, 0.0017990813162196417, 0.001792145444410087, 0.0016772556440600717, 0.0016389181738896141, 0.0014941578415270662, 0.0014178031940188518, 0.0013322710068219834, 0.0013125912830864728, 0.0012897391091146737, 0.0011678238986969625, 0.0010934065985621633, 0.001027843756902902, 0.0008295095317216727, 0.0007512701050951254, 0.0007472277625504287, 0.0006464035175317573, 0.0006390779304799032, 0.0006053890793713546, 0.00048371479820752405, 0.0004564654548968594, 0.00039888813374777676, 0.0003470839396308989, 0.0003371055341057083, 0.00022279563236526911, 0.00015629098702008015, 5.0293317739980026e-05, 0.0, 0.0, 0.0, 0.0, 0.0, 0.0, 0.0, 0.0, 0.0, 0.0, 0.0, 0.0, 0.0, 0.0, 0.0, 0.0]}, "evaluations": {"eval_method": "jaccard_full_score", "singles": [[1.0, 1.0, 0.5, 0.3333333333333333, 0.25, 0.2, 0.16666666666666666, 0.14285714285714285, 0.125, 0.1111111111111111, 0.1, 0.09090909090909091, 0.13043478260869565, 0.12, 0.1111111111111111, 0.10344827586206896, 0.0967741935483871, 0.09090909090909091, 0.11764705882352941, 0.1111111111111111, 0.10526315789473684, 0.1, 0.09523809523809523, 0.09090909090909091, 0.08695652173913043, 0.10638297872340426, 0.14893617021276595, 0.16666666666666666, 0.16, 0.2, 0.21568627450980393, 0.23076923076923078, 0.2222222222222222, 0.23636363636363636, 0.25, 0.2413793103448276, 0.2542372881355932, 0.288135593220339, 0.2786885245901639, 0.2903225806451613, 0.30158730158730157, 0.3125, 0.34375, 0.375, 0.36363636363636365, 0.373134328358209, 0.36231884057971014, 0.352112676056338, 0.3611111111111111, 0.35135135135135137, 0.36, 0.3684210526315789, 0.358974358974359, 0.3670886075949367, 0.375, 0.38271604938271603, 0.4074074074074074, 0.4146341463414634, 0.43902439024390244, 0.4634146341463415, 0.4523809523809524, 0.4588235294117647, 0.46511627906976744, 0.4883720930232558, 0.4942528735632184, 0.48314606741573035, 0.4888888888888889, 0.5111111111111111, 0.5333333333333333, 0.5555555555555556, 0.5604395604395604, 0.5652173913043478, 0.5698924731182796, 0.574468085106383, 0.5957446808510638, 0.6, 0.6210526315789474, 0.6082474226804123, 0.6122448979591837, 0.6326530612244898, 0.6530612244897959, 0.673469387755102, 0.6938775510204082, 0.7142857142857143, 0.7346938775510204, 0.7551020408163265, 0.7755102040816326, 0.7959183673469388, 0.797979797979798, 0.8181818181818182, 0.8383838383838383, 0.84, 0.86, 0.88, 0.9, 0.92, 0.94, 0.96, 0.98, 1.0], 0.4293339155590701], "first_gen": [[1.0, 1.0, 0.5, 0.3333333333333333, 0.25, 0.3333333333333333, 0.4, 0.45454545454545453, 0.5, 0.6666666666666666, 0.6923076923076923, 0.7142857142857143, 0.8571428571428571, 0.75, 0.6666666666666666, 0.6842105263157895, 0.6190476190476191, 0.5652173913043478, 0.52, 0.48148148148148145, 0.4482758620689655, 0.41935483870967744, 0.3939393939393939, 0.37142857142857144, 0.35135135135135137, 0.3333333333333333, 0.35, 0.3333333333333333, 0.3488372093023256, 0.36363636363636365, 0.37777777777777777, 0.391304347826087, 0.43478260869565216, 0.4166666666666667, 0.4583333333333333, 0.46938775510204084, 0.45098039215686275, 0.4339622641509434, 0.4444444444444444, 0.45454545454545453, 0.4642857142857143, 0.4482758620689655, 0.4576271186440678, 0.4666666666666667, 0.45161290322580644, 0.4603174603174603, 0.4461538461538462, 0.45454545454545453, 0.48484848484848486, 0.47058823529411764, 0.4782608695652174, 0.5072463768115942, 0.5142857142857142, 0.5, 0.4864864864864865, 0.49333333333333335, 0.4805194805194805, 0.5064935064935064, 0.5324675324675324, 0.5384615384615384, 0.5641025641025641, 0.569620253164557, 0.575, 0.6, 0.6049382716049383, 0.6097560975609756, 0.6144578313253012, 0.6190476190476191, 0.6235294117647059, 0.6091954022988506, 0.6136363636363636, 0.6, 0.6222222222222222, 0.6263736263736264, 0.6304347826086957, 0.6344086021505376, 0.6382978723404256, 0.625, 0.6288659793814433, 0.6494845360824743, 0.6701030927835051, 0.6907216494845361, 0.711340206185567, 0.7319587628865979, 0.7346938775510204, 0.7551020408163265, 0.7755102040816326, 0.7959183673469388, 0.797979797979798, 0.8181818181818182, 0.8383838383838383, 0.84, 0.86, 0.88, 0.9, 0.92, 0.94, 0.96, 0.98, 1.0], 0.581158138525812]}}