{"rank_algo": "mutual_info_score", "seed": 55, "subsampling_proportion": 0.1, "exec_time": 49.723435401916504, "results": {"features": ["feature98", "feature99", "feature87", "feature85", "feature86", "feature83", "feature88", "feature89", "feature84", "feature82", "feature81", "feature5", "feature56", "feature22", "feature31", "feature48", "feature63", "feature32", "feature23", "feature14", "feature27", "feature91", "feature17", "feature90", "feature57", "feature58", "feature40", "feature39", "feature44", "feature33", "feature68", "feature7", "feature50", "feature37", "feature13", "feature59", "feature4", "feature34", "feature60", "feature12", "feature15", "feature9", "feature2", "feature52", "feature71", "feature62", "feature29", "feature65", "feature16", "feature24", "feature55", "feature25", "feature43", "feature42", "feature95", "feature8", "feature19", "feature38", "feature47", "feature6", "feature11", "feature26", "feature45", "feature61", "feature64", "feature10", "feature51", "feature75", "feature53", "feature20", "feature67", "feature18", "feature30", "feature79", "feature28", "feature73", "feature21", "feature0", "feature69", "feature46", "feature78", "feature66", "feature93", "feature77", "feature96", "feature49", "feature76", "feature94", "feature35", "feature1", "feature41", "feature92", "feature3", "feature36", "feature54", "feature70", "feature72", "feature74", "feature80", "feature97"], "scores": [0.5304373021315297, 0.5302200771436621, 0.0584086622462765, 0.05803983778027044, 0.05734728168059866, 0.05706998138702457, 0.056257783514230164, 0.05613085094504422, 0.05558189059288354, 0.05090024495479528, 0.03975953424751877, 0.02707328196112546, 0.014564828752342107, 0.012364273304731555, 0.010730306718088167, 0.01003379427434381, 0.009204756398533132, 0.009075151540900217, 0.00873533758888545, 0.008729219038686509, 0.00866282382652983, 0.008248407331677532, 0.008013618688225144, 0.007854045281540323, 0.007032400145667639, 0.006930067678045049, 0.005852944191650389, 0.005513453883934982, 0.005062962298238105, 0.004836690567590063, 0.0046979199785119885, 0.004252812945385154, 0.003866031578667606, 0.0037754215501879518, 0.003741295363477226, 0.0035988109554028203, 0.0034283372256989075, 0.003348651472720121, 0.0031380344589531095, 0.003053503838214011, 0.0028401253917618163, 0.002540095816672583, 0.0025224457583681303, 0.0023986224324215044, 0.0023704103827471013, 0.0023229554601928992, 0.0022192476733080557, 0.0022082949159232257, 0.002132201354294816, 0.002070741148351374, 0.002003509665874814, 0.001997281172125831, 0.0018653831943375998, 0.0018559969860927339, 0.001840578470138965, 0.001754797948612108, 0.001697830147926016, 0.0016693965108238729, 0.0016469729726122928, 0.0016433131646376165, 0.0015387247696192485, 0.0015210905447777812, 0.0014834795010456592, 0.0014498535781297672, 0.0013479264077473907, 0.0013222920811666317, 0.0013213464293428956, 0.001293212778289865, 0.0012570796938005113, 0.0012280058415345962, 0.0012228370018150247, 0.0011898596282278184, 0.00117430717189837, 0.0011328906905136993, 0.001091628241809195, 0.0010815342475285483, 0.0010565037487682005, 0.0009397784441653734, 0.00084231922239697, 0.0008330761266808206, 0.0007979536130844345, 0.0007884404310016802, 0.0007295603744896795, 0.0007178617992407155, 0.000627230613663432, 0.0005355982121573177, 0.000531602177561874, 0.0005128432130112603, 0.00043852809249544933, 0.00043279327075684826, 0.0001528701310220537, 9.002836366289735e-05, 0.0, 0.0, 0.0, 0.0, 0.0, 0.0, 0.0, 0.0]}, "evaluations": {"eval_method": "jaccard_full_score", "singles": [[1.0, 1.0, 0.5, 0.3333333333333333, 0.25, 0.2, 0.16666666666666666, 0.14285714285714285, 0.125, 0.1111111111111111, 0.1, 0.09090909090909091, 0.08333333333333333, 0.07692307692307693, 0.07142857142857142, 0.06666666666666667, 0.0625, 0.058823529411764705, 0.11764705882352941, 0.1111111111111111, 0.10526315789473684, 0.1, 0.09523809523809523, 0.09090909090909091, 0.1111111111111111, 0.13043478260869565, 0.14893617021276595, 0.14285714285714285, 0.13725490196078433, 0.17647058823529413, 0.16981132075471697, 0.16363636363636364, 0.15789473684210525, 0.1724137931034483, 0.1864406779661017, 0.2, 0.1935483870967742, 0.20634920634920634, 0.21875, 0.23076923076923078, 0.26153846153846155, 0.2923076923076923, 0.3230769230769231, 0.31343283582089554, 0.3235294117647059, 0.3333333333333333, 0.323943661971831, 0.3150684931506849, 0.32432432432432434, 0.35135135135135137, 0.36, 0.35064935064935066, 0.34177215189873417, 0.3670886075949367, 0.375, 0.38271604938271603, 0.4074074074074074, 0.39759036144578314, 0.40476190476190477, 0.4117647058823529, 0.4186046511627907, 0.4418604651162791, 0.4482758620689655, 0.45454545454545453, 0.4444444444444444, 0.4666666666666667, 0.4888888888888889, 0.5111111111111111, 0.5, 0.5217391304347826, 0.5268817204301075, 0.5483870967741935, 0.5531914893617021, 0.5578947368421052, 0.5789473684210527, 0.6, 0.6210526315789474, 0.625, 0.6122448979591837, 0.6326530612244898, 0.6530612244897959, 0.6565656565656566, 0.6767676767676768, 0.696969696969697, 0.7171717171717171, 0.7373737373737373, 0.7575757575757576, 0.7777777777777778, 0.78, 0.8, 0.82, 0.84, 0.86, 0.88, 0.9, 0.92, 0.94, 0.96, 0.98, 1.0], 0.4108354484798731], "first_gen": [[1.0, 1.0, 0.5, 0.3333333333333333, 0.42857142857142855, 0.5, 0.5555555555555556, 0.6, 0.6363636363636364, 0.6666666666666666, 0.6923076923076923, 0.7142857142857143, 0.7333333333333333, 0.75, 0.6666666666666666, 0.6, 0.5454545454545454, 0.5, 0.52, 0.48148148148148145, 0.4482758620689655, 0.41935483870967744, 0.3939393939393939, 0.37142857142857144, 0.35135135135135137, 0.3333333333333333, 0.3170731707317073, 0.3023255813953488, 0.3488372093023256, 0.36363636363636365, 0.37777777777777777, 0.391304347826087, 0.40425531914893614, 0.3877551020408163, 0.4, 0.4117647058823529, 0.39622641509433965, 0.38181818181818183, 0.3684210526315789, 0.3793103448275862, 0.41379310344827586, 0.423728813559322, 0.4576271186440678, 0.4666666666666667, 0.47540983606557374, 0.4603174603174603, 0.4461538461538462, 0.45454545454545453, 0.4626865671641791, 0.47058823529411764, 0.45714285714285713, 0.4647887323943662, 0.49295774647887325, 0.5, 0.5068493150684932, 0.5135135135135135, 0.5405405405405406, 0.5466666666666666, 0.5733333333333334, 0.5789473684210527, 0.5844155844155844, 0.5897435897435898, 0.5949367088607594, 0.6, 0.5853658536585366, 0.5903614457831325, 0.5952380952380952, 0.5813953488372093, 0.5681818181818182, 0.5730337078651685, 0.5777777777777777, 0.5824175824175825, 0.5698924731182796, 0.574468085106383, 0.5789473684210527, 0.5833333333333334, 0.5876288659793815, 0.5918367346938775, 0.5959595959595959, 0.6161616161616161, 0.62, 0.64, 0.66, 0.68, 0.7, 0.72, 0.74, 0.76, 0.78, 0.8, 0.82, 0.84, 0.86, 0.88, 0.9, 0.92, 0.94, 0.96, 0.98, 1.0], 0.5717127448276382]}}