{"rank_algo": "mutual_info_score", "seed": 88, "subsampling_proportion": 0.1, "exec_time": 60.92087721824646, "results": {"features": ["feature98", "feature99", "feature83", "feature82", "feature87", "feature84", "feature86", "feature89", "feature85", "feature88", "feature81", "feature23", "feature56", "feature17", "feature32", "feature22", "feature91", "feature5", "feature90", "feature14", "feature15", "feature48", "feature57", "feature31", "feature60", "feature42", "feature58", "feature2", "feature40", "feature8", "feature10", "feature12", "feature33", "feature44", "feature39", "feature59", "feature45", "feature55", "feature29", "feature3", "feature43", "feature9", "feature71", "feature7", "feature61", "feature13", "feature50", "feature28", "feature20", "feature0", "feature63", "feature34", "feature38", "feature37", "feature21", "feature69", "feature77", "feature51", "feature68", "feature65", "feature97", "feature49", "feature75", "feature67", "feature53", "feature11", "feature92", "feature19", "feature26", "feature16", "feature4", "feature27", "feature62", "feature1", "feature41", "feature46", "feature24", "feature35", "feature25", "feature52", "feature18", "feature72", "feature36", "feature47", "feature66", "feature96", "feature80", "feature64", "feature30", "feature54", "feature6", "feature70", "feature73", "feature74", "feature76", "feature78", "feature79", "feature93", "feature94", "feature95"], "scores": [0.503038849950636, 0.503038849950636, 0.048561550947746834, 0.04760119913750227, 0.04690660420107151, 0.04687349308514088, 0.04660423430074778, 0.04649422283341109, 0.04608980675863994, 0.04581285208522701, 0.042105622692699685, 0.029988992094581945, 0.019780891303261328, 0.011327356431087843, 0.010255468792364386, 0.010148526728551932, 0.00971012315949249, 0.009026968776099542, 0.008799817387828757, 0.00815993622950284, 0.007792924869041373, 0.007313237300777153, 0.006665932778473271, 0.0060537684532078195, 0.005985276707646925, 0.005605899025962424, 0.005509042585201573, 0.005429546184333223, 0.004884764454004431, 0.004782898856122042, 0.00456085798728223, 0.0045510684529932455, 0.0045493782701908625, 0.004144251728510628, 0.0037575720846680927, 0.003637539123074296, 0.003612658984143202, 0.0034072944417788964, 0.003291079018034271, 0.0031700340806721794, 0.00311476956396195, 0.002777651610269327, 0.0027544491876536625, 0.0026744473100654975, 0.0025967281448389112, 0.0025800900292185514, 0.0023464431966804256, 0.002170278623694122, 0.002074213940242542, 0.001967829971536883, 0.0019056149472733708, 0.001832059418470644, 0.0016573056272330966, 0.0015974605154001065, 0.0015763074246264441, 0.0015667978726898735, 0.0014992009581988874, 0.0014200071897065847, 0.0013268687916705435, 0.0012487246092409698, 0.0011956398049601802, 0.001169199790696629, 0.0011647320817431694, 0.0011519377801911812, 0.0010963293590577905, 0.0010857922538081155, 0.0010360972484202424, 0.0010172970552895233, 0.0010145408060289185, 0.0010055936803907706, 0.0009572296330753183, 0.0009321130237485153, 0.0008976001126062005, 0.0008644357633638133, 0.0008373322137162909, 0.0007471811675390239, 0.0005836547173678763, 0.0005836161260652784, 0.0005575509765578524, 0.0005403893921953618, 0.0005372428347700797, 0.000422423556690088, 0.00042030735795806073, 0.0003802446573801799, 0.0003296994942036946, 0.000243613663541975, 0.00019039911736529191, 0.0001557359473647324, 0.0, 0.0, 0.0, 0.0, 0.0, 0.0, 0.0, 0.0, 0.0, 0.0, 0.0, 0.0]}, "evaluations": {"eval_method": "jaccard_full_score", "singles": [[1.0, 1.0, 0.5, 0.3333333333333333, 0.25, 0.2, 0.16666666666666666, 0.14285714285714285, 0.125, 0.1111111111111111, 0.1, 0.14285714285714285, 0.13043478260869565, 0.12, 0.1111111111111111, 0.10344827586206896, 0.0967741935483871, 0.09090909090909091, 0.11764705882352941, 0.1111111111111111, 0.13513513513513514, 0.1282051282051282, 0.12195121951219512, 0.11627906976744186, 0.1111111111111111, 0.13043478260869565, 0.14893617021276595, 0.16666666666666666, 0.1836734693877551, 0.2, 0.21568627450980393, 0.2549019607843137, 0.2692307692307692, 0.2830188679245283, 0.2727272727272727, 0.2857142857142857, 0.2982456140350877, 0.288135593220339, 0.2786885245901639, 0.2698412698412698, 0.28125, 0.3125, 0.34375, 0.3333333333333333, 0.34328358208955223, 0.35294117647058826, 0.34285714285714286, 0.352112676056338, 0.3611111111111111, 0.3698630136986301, 0.3972602739726027, 0.38666666666666666, 0.39473684210526316, 0.4025974025974026, 0.41025641025641024, 0.4177215189873418, 0.4430379746835443, 0.45, 0.4567901234567901, 0.4634146341463415, 0.4523809523809524, 0.47619047619047616, 0.4823529411764706, 0.4883720930232558, 0.4942528735632184, 0.5, 0.5227272727272727, 0.5454545454545454, 0.5681818181818182, 0.5909090909090909, 0.5777777777777777, 0.6, 0.6043956043956044, 0.6263736263736264, 0.6483516483516484, 0.6521739130434783, 0.6739130434782609, 0.6595744680851063, 0.6458333333333334, 0.6666666666666666, 0.6875, 0.7083333333333334, 0.7291666666666666, 0.7319587628865979, 0.7346938775510204, 0.7551020408163265, 0.7755102040816326, 0.7777777777777778, 0.78, 0.8, 0.82, 0.84, 0.86, 0.88, 0.9, 0.92, 0.94, 0.96, 0.98, 1.0], 0.4422550797646378], "first_gen": [[1.0, 1.0, 0.5, 0.3333333333333333, 0.25, 0.2, 0.4, 0.45454545454545453, 0.5, 0.6666666666666666, 0.6923076923076923, 0.8461538461538461, 0.8571428571428571, 0.75, 0.6666666666666666, 0.6842105263157895, 0.6190476190476191, 0.5652173913043478, 0.52, 0.48148148148148145, 0.4482758620689655, 0.41935483870967744, 0.3939393939393939, 0.37142857142857144, 0.35135135135135137, 0.3333333333333333, 0.3170731707317073, 0.36585365853658536, 0.38095238095238093, 0.42857142857142855, 0.47619047619047616, 0.4883720930232558, 0.5, 0.5111111111111111, 0.5217391304347826, 0.5319148936170213, 0.5416666666666666, 0.52, 0.5, 0.5384615384615384, 0.5769230769230769, 0.5849056603773585, 0.5925925925925926, 0.6, 0.5789473684210527, 0.559322033898305, 0.5409836065573771, 0.5483870967741935, 0.5806451612903226, 0.5873015873015873, 0.5692307692307692, 0.5522388059701493, 0.5588235294117647, 0.5882352941176471, 0.6176470588235294, 0.6, 0.6056338028169014, 0.6111111111111112, 0.6164383561643836, 0.6, 0.6052631578947368, 0.631578947368421, 0.6153846153846154, 0.620253164556962, 0.6049382716049383, 0.5903614457831325, 0.5952380952380952, 0.6, 0.6046511627906976, 0.6091954022988506, 0.6136363636363636, 0.6179775280898876, 0.6222222222222222, 0.6263736263736264, 0.6304347826086957, 0.6344086021505376, 0.6382978723404256, 0.6421052631578947, 0.6288659793814433, 0.6494845360824743, 0.6530612244897959, 0.673469387755102, 0.6938775510204082, 0.7142857142857143, 0.7346938775510204, 0.7551020408163265, 0.7755102040816326, 0.7777777777777778, 0.78, 0.8, 0.82, 0.84, 0.86, 0.88, 0.9, 0.92, 0.94, 0.96, 0.98, 1.0], 0.6104462541678578]}}