{"rank_algo": "mutual_info_score", "seed": 71, "subsampling_proportion": 0.1, "exec_time": 55.58994150161743, "results": {"features": ["feature98", "feature99", "feature89", "feature88", "feature85", "feature84", "feature83", "feature82", "feature87", "feature86", "feature81", "feature90", "feature32", "feature91", "feature23", "feature56", "feature65", "feature22", "feature68", "feature5", "feature14", "feature61", "feature27", "feature17", "feature48", "feature63", "feature33", "feature58", "feature40", "feature57", "feature2", "feature31", "feature16", "feature39", "feature59", "feature29", "feature50", "feature12", "feature37", "feature55", "feature15", "feature42", "feature52", "feature8", "feature44", "feature45", "feature34", "feature0", "feature43", "feature25", "feature10", "feature60", "feature11", "feature35", "feature7", "feature30", "feature13", "feature28", "feature49", "feature9", "feature21", "feature4", "feature1", "feature69", "feature41", "feature53", "feature47", "feature71", "feature92", "feature3", "feature67", "feature51", "feature20", "feature72", "feature54", "feature94", "feature36", "feature38", "feature97", "feature80", "feature95", "feature78", "feature18", "feature26", "feature66", "feature19", "feature79", "feature24", "feature46", "feature6", "feature62", "feature64", "feature70", "feature73", "feature74", "feature75", "feature76", "feature77", "feature93", "feature96"], "scores": [0.5032613731089373, 0.5029434828827901, 0.05160975005807322, 0.051529846760479225, 0.05144273911420583, 0.05091446021752577, 0.05077828152204433, 0.05065174555349383, 0.05023604530851733, 0.04987908210997727, 0.04329249458770934, 0.030387748260937375, 0.029021119747808077, 0.02876267390567744, 0.02213745343104412, 0.016799394362855713, 0.015126883229880317, 0.012209452476905192, 0.010490558699715713, 0.010064234874869404, 0.009154633100777021, 0.008408523506978627, 0.008130061555921664, 0.007927120416582056, 0.007644432606433105, 0.007196610476941645, 0.005979809317345985, 0.005729172311523367, 0.005384036545147186, 0.005020449360505053, 0.00499206554818632, 0.00491860727050164, 0.004637556941188059, 0.004423532654884044, 0.0043161596448981765, 0.003801413305426271, 0.0035934315619108315, 0.0034027632499324945, 0.003361272465210119, 0.0033194678797940913, 0.003299518828081993, 0.0031590366699745243, 0.003033012299851423, 0.0030154479880286633, 0.002977827281696266, 0.002968480323033429, 0.0029551910336635956, 0.0027529860866679634, 0.002726332322683156, 0.002601911400822443, 0.0025980947921646624, 0.002565698783687287, 0.0025204815642492218, 0.002377286973007875, 0.0022687050597378633, 0.0021261057247574655, 0.002104401135710532, 0.0018718519155505042, 0.001791700498053883, 0.001772466274622575, 0.0016034377374014586, 0.001484847527427835, 0.0013656280886797934, 0.001267992069622803, 0.0012169633261893686, 0.0011503486546919905, 0.0009378406866278333, 0.0008109335869377343, 0.0008074281869290267, 0.0007892052112243864, 0.0007656305965593191, 0.0007354098354648286, 0.0007112744914101743, 0.0007102803578071804, 0.0006598817466592077, 0.0005859395410012791, 0.0005401330112710934, 0.0005371909064513236, 0.00050557561985487, 0.00042225880121815607, 0.0003893815630422459, 0.0002553054458338533, 9.809274971295245e-05, 7.639080840959878e-05, 7.575611876475818e-05, 3.956914405112144e-05, 1.728774090326013e-05, 0.0, 0.0, 0.0, 0.0, 0.0, 0.0, 0.0, 0.0, 0.0, 0.0, 0.0, 0.0, 0.0]}, "evaluations": {"eval_method": "jaccard_full_score", "singles": [[1.0, 1.0, 0.5, 0.3333333333333333, 0.25, 0.2, 0.16666666666666666, 0.14285714285714285, 0.125, 0.1111111111111111, 0.1, 0.09090909090909091, 0.08333333333333333, 0.07692307692307693, 0.1111111111111111, 0.10344827586206896, 0.0967741935483871, 0.09090909090909091, 0.11764705882352941, 0.1111111111111111, 0.10526315789473684, 0.1, 0.09523809523809523, 0.09090909090909091, 0.08695652173913043, 0.10638297872340426, 0.10204081632653061, 0.14285714285714285, 0.16, 0.17647058823529413, 0.19230769230769232, 0.18518518518518517, 0.2, 0.21428571428571427, 0.22807017543859648, 0.22033898305084745, 0.21311475409836064, 0.2459016393442623, 0.23809523809523808, 0.23076923076923078, 0.26153846153846155, 0.2923076923076923, 0.30303030303030304, 0.31343283582089554, 0.30434782608695654, 0.3142857142857143, 0.3055555555555556, 0.2972972972972973, 0.2894736842105263, 0.28205128205128205, 0.3076923076923077, 0.31645569620253167, 0.325, 0.3333333333333333, 0.34146341463414637, 0.3493975903614458, 0.37349397590361444, 0.38095238095238093, 0.40476190476190477, 0.42857142857142855, 0.43529411764705883, 0.4418604651162791, 0.4482758620689655, 0.43820224719101125, 0.4444444444444444, 0.45054945054945056, 0.45652173913043476, 0.4782608695652174, 0.5, 0.5217391304347826, 0.5268817204301075, 0.5483870967741935, 0.5531914893617021, 0.5578947368421052, 0.5789473684210527, 0.5833333333333334, 0.6041666666666666, 0.6082474226804123, 0.6122448979591837, 0.6326530612244898, 0.6530612244897959, 0.673469387755102, 0.6938775510204082, 0.7142857142857143, 0.7171717171717171, 0.7373737373737373, 0.7575757575757576, 0.7777777777777778, 0.797979797979798, 0.8181818181818182, 0.8383838383838383, 0.84, 0.86, 0.88, 0.9, 0.92, 0.94, 0.96, 0.98, 1.0], 0.4095959467417347], "first_gen": [[1.0, 1.0, 0.5, 0.3333333333333333, 0.25, 0.3333333333333333, 0.4, 0.45454545454545453, 0.5, 0.6666666666666666, 0.6923076923076923, 0.7142857142857143, 0.7333333333333333, 0.6470588235294118, 0.6666666666666666, 0.6, 0.5454545454545454, 0.5652173913043478, 0.52, 0.48148148148148145, 0.4482758620689655, 0.41935483870967744, 0.3939393939393939, 0.37142857142857144, 0.35135135135135137, 0.3333333333333333, 0.3170731707317073, 0.3023255813953488, 0.3181818181818182, 0.3333333333333333, 0.37777777777777777, 0.391304347826087, 0.40425531914893614, 0.3877551020408163, 0.4, 0.4117647058823529, 0.39622641509433965, 0.38181818181818183, 0.3684210526315789, 0.3793103448275862, 0.41379310344827586, 0.423728813559322, 0.43333333333333335, 0.4666666666666667, 0.47540983606557374, 0.4603174603174603, 0.4461538461538462, 0.47692307692307695, 0.5076923076923077, 0.4925373134328358, 0.5, 0.5072463768115942, 0.5142857142857142, 0.5, 0.5068493150684932, 0.49333333333333335, 0.5, 0.5263157894736842, 0.5526315789473685, 0.5789473684210527, 0.6052631578947368, 0.5897435897435898, 0.5949367088607594, 0.6, 0.6049382716049383, 0.5903614457831325, 0.5952380952380952, 0.6, 0.6046511627906976, 0.6091954022988506, 0.5955056179775281, 0.6, 0.6043956043956044, 0.5913978494623656, 0.5957446808510638, 0.6, 0.6041666666666666, 0.6082474226804123, 0.6288659793814433, 0.6494845360824743, 0.6530612244897959, 0.673469387755102, 0.6938775510204082, 0.7142857142857143, 0.7346938775510204, 0.7551020408163265, 0.7575757575757576, 0.7777777777777778, 0.797979797979798, 0.8181818181818182, 0.8383838383838383, 0.84, 0.86, 0.88, 0.9, 0.92, 0.94, 0.96, 0.98, 1.0], 0.5700364156487555]}}