{"rank_algo": "anova_f_score", "seed": 61, "subsampling_proportion": 0.01, "exec_time": 0.018000364303588867, "results": {"features": ["feature98", "feature99", "feature87", "feature88", "feature89", "feature85", "feature84", "feature86", "feature83", "feature82", "feature81", "feature14", "feature32", "feature90", "feature91", "feature5", "feature23", "feature40", "feature39", "feature15", "feature59", "feature42", "feature49", "feature12", "feature2", "feature71", "feature50", "feature37", "feature34", "feature36", "feature47", "feature44", "feature41", "feature0", "feature62", "feature24", "feature30", "feature28", "feature38", "feature10", "feature29", "feature9", "feature48", "feature8", "feature16", "feature51", "feature46", "feature26", "feature43", "feature45", "feature3", "feature52", "feature53", "feature66", "feature35", "feature4", "feature67", "feature56", "feature54", "feature21", "feature13", "feature58", "feature65", "feature31", "feature63", "feature72", "feature27", "feature18", "feature22", "feature61", "feature25", "feature57", "feature69", "feature68", "feature55", "feature20", "feature60", "feature11", "feature74", "feature75", "feature7", "feature73", "feature76", "feature77", "feature78", "feature79", "feature80", "feature6", "feature19", "feature17", "feature33", "feature1", "feature64", "feature70", "feature92", "feature93", "feature94", "feature95", "feature96", "feature97"], "scores": [Infinity, Infinity, 1863.2341031248227, 1863.2341031248227, 1863.2341031248227, 1863.1034426355636, 1860.0570402292708, 1859.2846898163723, 1802.568951134957, 1597.4111548128978, 1393.579174804447, 315.26066538006523, 307.0077411937768, 304.9707955539117, 273.5137688664023, 202.62456348124243, 181.68432098970663, 168.89402680307612, 161.2743052350987, 153.4735501877772, 148.56083841740602, 143.37915089966592, 101.96477685685039, 84.18671355514341, 81.09615178786869, 76.7123738285946, 66.74524100105324, 61.5983894162155, 59.559485703522725, 57.82970923983808, 54.74050816936643, 51.42321835293759, 47.94638898746903, 45.94175894721155, 44.68763150546906, 44.48711804718877, 43.757096463641574, 43.09315678604823, 42.91397491058752, 42.56120367299873, 39.338484011887275, 34.559560597071496, 30.83553197439087, 27.825633544320088, 24.370785433577776, 24.165984093446042, 22.569205261450254, 21.827127776279813, 21.64416447137176, 20.703119336248385, 20.572992159216742, 18.207761398449563, 17.29833171145556, 16.699576309530862, 16.03423804651914, 11.290065837406127, 10.630192461797913, 9.898545675214256, 9.661444128273082, 8.566204717986722, 7.758827154862269, 7.290872026819817, 7.022703888924253, 5.739743729373869, 4.995186268013352, 4.673080192944379, 4.231998879538979, 4.214679520182264, 4.023954813403108, 3.8030312176618923, 3.792355898663838, 3.7712520503408573, 2.337606576484388, 2.1917538447008216, 2.0596495520620555, 1.03941066384195, 0.9743844336678982, 0.732527301339357, 0.483906235412854, 0.483906235412854, 0.46150221175791667, 0.4355087328835275, 0.4355087328835275, 0.4355087328835275, 0.4355087328835275, 0.4355087328835275, 0.4355087328835275, 0.3617377316158299, 0.35976367279169547, 0.34106359679102327, 0.2651096005695, 0.21609342079807017, 0.09600345811037729, NaN, NaN, NaN, NaN, NaN, NaN, NaN]}, "evaluations": {"eval_method": "jaccard_full_score", "singles": [[1.0, 1.0, 0.5, 0.3333333333333333, 0.25, 0.2, 0.16666666666666666, 0.14285714285714285, 0.125, 0.1111111111111111, 0.1, 0.09090909090909091, 0.08333333333333333, 0.07692307692307693, 0.07142857142857142, 0.06666666666666667, 0.0967741935483871, 0.125, 0.11764705882352941, 0.14285714285714285, 0.16666666666666666, 0.15789473684210525, 0.1794871794871795, 0.2, 0.21951219512195122, 0.20930232558139536, 0.2, 0.19148936170212766, 0.1836734693877551, 0.2, 0.19230769230769232, 0.20754716981132076, 0.24528301886792453, 0.25925925925925924, 0.2727272727272727, 0.2631578947368421, 0.27586206896551724, 0.26666666666666666, 0.25806451612903225, 0.2698412698412698, 0.28125, 0.3125, 0.3230769230769231, 0.31343283582089554, 0.3235294117647059, 0.3333333333333333, 0.36231884057971014, 0.37142857142857144, 0.38028169014084506, 0.3888888888888889, 0.3972602739726027, 0.38666666666666666, 0.39473684210526316, 0.4025974025974026, 0.3924050632911392, 0.4, 0.4074074074074074, 0.39759036144578314, 0.42168674698795183, 0.4457831325301205, 0.4523809523809524, 0.47619047619047616, 0.46511627906976744, 0.47126436781609193, 0.4772727272727273, 0.48314606741573035, 0.5056179775280899, 0.5280898876404494, 0.550561797752809, 0.5730337078651685, 0.5604395604395604, 0.5652173913043478, 0.5531914893617021, 0.5578947368421052, 0.5625, 0.5670103092783505, 0.5876288659793815, 0.6082474226804123, 0.6122448979591837, 0.6326530612244898, 0.6530612244897959, 0.673469387755102, 0.6938775510204082, 0.7142857142857143, 0.7346938775510204, 0.7551020408163265, 0.7755102040816326, 0.7959183673469388, 0.8163265306122449, 0.8181818181818182, 0.8383838383838383, 0.8585858585858586, 0.86, 0.88, 0.9, 0.92, 0.94, 0.96, 0.98, 1.0], 0.4344699286233408], "first_gen": [[1.0, 1.0, 0.5, 0.3333333333333333, 0.25, 0.3333333333333333, 0.4, 0.6, 0.6363636363636364, 0.6666666666666666, 0.6923076923076923, 0.7142857142857143, 0.7333333333333333, 0.6470588235294118, 0.5789473684210527, 0.5238095238095238, 0.5454545454545454, 0.5, 0.46153846153846156, 0.42857142857142855, 0.4, 0.375, 0.35294117647058826, 0.3333333333333333, 0.35135135135135137, 0.3333333333333333, 0.35, 0.36585365853658536, 0.38095238095238093, 0.3953488372093023, 0.4090909090909091, 0.45454545454545453, 0.4666666666666667, 0.5111111111111111, 0.5217391304347826, 0.5, 0.5102040816326531, 0.49019607843137253, 0.4716981132075472, 0.5094339622641509, 0.4909090909090909, 0.5272727272727272, 0.5087719298245614, 0.543859649122807, 0.5254237288135594, 0.5333333333333333, 0.5666666666666667, 0.6, 0.6333333333333333, 0.639344262295082, 0.6721311475409836, 0.6774193548387096, 0.6825396825396826, 0.6875, 0.6666666666666666, 0.6716417910447762, 0.6764705882352942, 0.7058823529411765, 0.7101449275362319, 0.7391304347826086, 0.7428571428571429, 0.7222222222222222, 0.7027027027027027, 0.6842105263157895, 0.6666666666666666, 0.65, 0.654320987654321, 0.6585365853658537, 0.6626506024096386, 0.6470588235294118, 0.632183908045977, 0.6179775280898876, 0.6222222222222222, 0.6086956521739131, 0.6129032258064516, 0.6170212765957447, 0.6041666666666666, 0.5918367346938775, 0.6122448979591837, 0.6326530612244898, 0.6530612244897959, 0.673469387755102, 0.6938775510204082, 0.7142857142857143, 0.7346938775510204, 0.7551020408163265, 0.7755102040816326, 0.7959183673469388, 0.8163265306122449, 0.8367346938775511, 0.8383838383838383, 0.8585858585858586, 0.86, 0.88, 0.9, 0.92, 0.94, 0.96, 0.98, 1.0], 0.6163164225174296]}}