{"rank_algo": "anova_f_score", "seed": 27, "subsampling_proportion": 0.01, "exec_time": 0.01699995994567871, "results": {"features": ["feature98", "feature99", "feature86", "feature85", "feature87", "feature88", "feature89", "feature84", "feature83", "feature82", "feature81", "feature14", "feature32", "feature90", "feature91", "feature5", "feature39", "feature37", "feature59", "feature2", "feature40", "feature15", "feature49", "feature38", "feature36", "feature48", "feature42", "feature50", "feature27", "feature62", "feature12", "feature43", "feature30", "feature71", "feature26", "feature24", "feature29", "feature41", "feature22", "feature34", "feature0", "feature51", "feature16", "feature47", "feature9", "feature23", "feature10", "feature35", "feature46", "feature52", "feature53", "feature44", "feature54", "feature21", "feature67", "feature8", "feature11", "feature28", "feature31", "feature68", "feature4", "feature3", "feature55", "feature17", "feature56", "feature7", "feature66", "feature13", "feature20", "feature64", "feature45", "feature72", "feature69", "feature58", "feature18", "feature63", "feature33", "feature25", "feature60", "feature6", "feature57", "feature1", "feature65", "feature61", "feature19", "feature70", "feature73", "feature74", "feature75", "feature76", "feature77", "feature78", "feature79", "feature80", "feature92", "feature93", "feature94", "feature95", "feature96", "feature97"], "scores": [Infinity, Infinity, 2102.87814955659, 2100.6548204087353, 2100.6548204087353, 2100.6548204087353, 2100.6548204087353, 2032.0842402382666, 2031.4525173814536, 1889.3629445234203, 1365.1299011753424, 226.62990113483377, 225.69428626871604, 224.95710466015856, 208.1719625305758, 207.63889706989215, 152.8777240903696, 134.88134207430124, 133.22538693121422, 113.57837339375992, 103.51650852729114, 101.25205722522774, 93.05392696158205, 86.24594315767533, 82.21414729407837, 81.58186423983426, 76.54214297688821, 70.9860475143627, 69.644352044163, 68.65837498231889, 66.45428997293298, 61.67272142602395, 59.3962286453602, 54.790352804752025, 44.88451202198191, 44.83694958161346, 34.295794420098545, 34.06754277951464, 29.020840122029597, 28.389619782587495, 26.736368841978596, 25.970931468777863, 25.30652130600712, 24.451088953295343, 23.61159232239349, 21.73736176081018, 20.823957185174482, 19.96131824138064, 19.56611845191367, 18.987390455155584, 18.046521464678687, 17.92928535939385, 17.63250432027086, 16.63043557809959, 16.06615920219843, 16.00935862771815, 15.527714127652384, 14.831945745964994, 14.351061596006591, 13.834140185019136, 10.828520588544011, 10.486032192735202, 10.329350187997823, 9.774115676297194, 9.344345132077994, 8.72305339421747, 8.163707802096345, 7.812858469673446, 6.970072965108726, 3.626924705548509, 3.3984332495103975, 2.6793363702738677, 2.632277612511886, 2.62147677109083, 2.608860320156229, 1.9874672441769965, 1.4565408211613786, 1.178963643949161, 0.5510003218001855, 0.4822868422375124, 0.45250023349299434, 0.25218876488980907, 0.08269036883604983, 0.04589694144021701, 0.02111098604082628, NaN, NaN, NaN, NaN, NaN, NaN, NaN, NaN, NaN, NaN, NaN, NaN, NaN, NaN, NaN]}, "evaluations": {"eval_method": "jaccard_full_score", "singles": [[1.0, 1.0, 0.5, 0.3333333333333333, 0.25, 0.2, 0.16666666666666666, 0.14285714285714285, 0.125, 0.1111111111111111, 0.1, 0.09090909090909091, 0.08333333333333333, 0.07692307692307693, 0.07142857142857142, 0.06666666666666667, 0.0625, 0.058823529411764705, 0.08571428571428572, 0.1111111111111111, 0.13513513513513514, 0.15789473684210525, 0.1794871794871795, 0.17073170731707318, 0.16279069767441862, 0.15555555555555556, 0.14893617021276595, 0.14285714285714285, 0.13725490196078433, 0.17647058823529413, 0.19230769230769232, 0.20754716981132076, 0.2, 0.23636363636363636, 0.25, 0.2413793103448276, 0.2542372881355932, 0.288135593220339, 0.3, 0.2903225806451613, 0.30158730158730157, 0.3333333333333333, 0.36507936507936506, 0.35384615384615387, 0.36363636363636365, 0.373134328358209, 0.38235294117647056, 0.37142857142857144, 0.4, 0.3888888888888889, 0.3972602739726027, 0.38666666666666666, 0.39473684210526316, 0.42105263157894735, 0.41025641025641024, 0.4177215189873418, 0.4430379746835443, 0.45, 0.4567901234567901, 0.4634146341463415, 0.4523809523809524, 0.47619047619047616, 0.46511627906976744, 0.47126436781609193, 0.4606741573033708, 0.48314606741573035, 0.4888888888888889, 0.5111111111111111, 0.5333333333333333, 0.5384615384615384, 0.5434782608695652, 0.5483870967741935, 0.5368421052631579, 0.5578947368421052, 0.5789473684210527, 0.5833333333333334, 0.5876288659793815, 0.5918367346938775, 0.5959595959595959, 0.6, 0.62, 0.64, 0.66, 0.68, 0.7, 0.72, 0.74, 0.76, 0.78, 0.8, 0.82, 0.84, 0.86, 0.88, 0.9, 0.92, 0.94, 0.96, 0.98, 1.0], 0.42770590503907346], "first_gen": [[1.0, 1.0, 0.5, 0.3333333333333333, 0.42857142857142855, 0.5, 0.5555555555555556, 0.6, 0.6363636363636364, 0.6666666666666666, 0.6923076923076923, 0.7142857142857143, 0.7333333333333333, 0.6470588235294118, 0.5789473684210527, 0.5238095238095238, 0.4782608695652174, 0.44, 0.4074074074074074, 0.42857142857142855, 0.4, 0.375, 0.35294117647058826, 0.3333333333333333, 0.3157894736842105, 0.3, 0.3170731707317073, 0.3333333333333333, 0.3488372093023256, 0.36363636363636365, 0.37777777777777777, 0.4222222222222222, 0.43478260869565216, 0.44680851063829785, 0.4583333333333333, 0.44, 0.45098039215686275, 0.46153846153846156, 0.4716981132075472, 0.48148148148148145, 0.4909090909090909, 0.5, 0.5087719298245614, 0.543859649122807, 0.5517241379310345, 0.559322033898305, 0.5932203389830508, 0.6, 0.6333333333333333, 0.639344262295082, 0.6451612903225806, 0.6774193548387096, 0.7096774193548387, 0.7142857142857143, 0.6923076923076923, 0.7230769230769231, 0.7272727272727273, 0.7575757575757576, 0.7352941176470589, 0.7391304347826086, 0.7428571428571429, 0.7464788732394366, 0.75, 0.7534246575342466, 0.7567567567567568, 0.76, 0.7402597402597403, 0.7215189873417721, 0.725, 0.7073170731707317, 0.6904761904761905, 0.6744186046511628, 0.6781609195402298, 0.6629213483146067, 0.6666666666666666, 0.6521739130434783, 0.6382978723404256, 0.625, 0.6288659793814433, 0.6494845360824743, 0.6530612244897959, 0.673469387755102, 0.6767676767676768, 0.68, 0.7, 0.72, 0.74, 0.76, 0.78, 0.8, 0.82, 0.84, 0.86, 0.88, 0.9, 0.92, 0.94, 0.96, 0.98, 1.0], 0.6236879141585439]}}