{"rank_algo": "anova_f_score", "seed": 75, "subsampling_proportion": 0.01, "exec_time": 0.017000436782836914, "results": {"features": ["feature98", "feature99", "feature87", "feature88", "feature89", "feature85", "feature86", "feature84", "feature83", "feature82", "feature81", "feature5", "feature14", "feature32", "feature90", "feature59", "feature91", "feature27", "feature48", "feature39", "feature2", "feature71", "feature12", "feature50", "feature40", "feature49", "feature42", "feature51", "feature10", "feature3", "feature15", "feature37", "feature62", "feature9", "feature8", "feature43", "feature28", "feature36", "feature0", "feature47", "feature41", "feature16", "feature30", "feature29", "feature56", "feature24", "feature34", "feature38", "feature20", "feature44", "feature52", "feature26", "feature4", "feature18", "feature45", "feature35", "feature46", "feature11", "feature54", "feature53", "feature21", "feature7", "feature65", "feature23", "feature66", "feature67", "feature22", "feature25", "feature13", "feature31", "feature72", "feature1", "feature58", "feature6", "feature63", "feature33", "feature57", "feature69", "feature61", "feature55", "feature19", "feature64", "feature73", "feature74", "feature75", "feature76", "feature77", "feature78", "feature79", "feature80", "feature17", "feature60", "feature68", "feature70", "feature92", "feature93", "feature94", "feature95", "feature96", "feature97"], "scores": [Infinity, Infinity, 1988.686647856643, 1988.686647856643, 1988.686647856643, 1987.4461066198046, 1986.5660870887668, 1976.3749869442213, 1891.1576866647579, 1675.547236094014, 1121.3795518331121, 250.03695324248255, 193.39860793214135, 166.16211478493275, 166.01267950850598, 157.23210829260842, 129.82961878123012, 121.959791414344, 115.59241396297602, 108.47167820285463, 108.15806751554172, 99.07960757184618, 93.50009741188514, 89.8911960570588, 88.48219643629058, 82.80410996301858, 81.9835727157174, 74.58892998994827, 71.64109856410816, 56.23899328686413, 55.731871396256594, 55.61230759420934, 54.969313914248396, 49.61188665650538, 48.373530589218426, 46.89667839537045, 46.012985733841056, 44.99811281220575, 42.31375148750737, 40.53776271555135, 36.002790217202616, 31.678589377187464, 30.683960084335656, 29.170306824160114, 26.07377152296408, 25.19775078004528, 24.28675922566209, 23.12488458586363, 22.9701729381334, 22.5348498644035, 22.258716235048926, 21.30592274871328, 20.64935695332736, 16.698367044785048, 16.54594113896289, 16.245160583704926, 13.26592855403675, 11.897194225532989, 11.44683761634576, 10.877135344924188, 10.338361181303357, 9.585942898244223, 9.431352227160952, 8.573937401099943, 8.28485745229246, 7.355750912443753, 7.252425020445692, 6.390893767952022, 5.945030944096364, 4.918650936745338, 4.178570323647772, 4.158947959650802, 2.8001279965600827, 1.920083961060519, 1.8681636383311098, 1.751820818409339, 1.7244367100853486, 1.7126702263870417, 1.469499166327701, 0.9240988304581209, 0.8437340434427227, 0.7556174655832937, 0.23987803900942328, 0.23987803900942328, 0.23987803900942328, 0.23987803900942328, 0.23987803900942328, 0.23987803900942328, 0.23987803900942328, 0.23987803900942328, 0.14011051517986478, 0.009596949915587346, 0.00943939274317325, NaN, NaN, NaN, NaN, NaN, NaN, NaN]}, "evaluations": {"eval_method": "jaccard_full_score", "singles": [[1.0, 1.0, 0.5, 0.3333333333333333, 0.25, 0.2, 0.16666666666666666, 0.14285714285714285, 0.125, 0.1111111111111111, 0.1, 0.09090909090909091, 0.08333333333333333, 0.07692307692307693, 0.07142857142857142, 0.06666666666666667, 0.0967741935483871, 0.09090909090909091, 0.08571428571428572, 0.08108108108108109, 0.10526315789473684, 0.1, 0.12195121951219512, 0.11627906976744186, 0.13636363636363635, 0.15555555555555556, 0.14893617021276595, 0.16666666666666666, 0.1836734693877551, 0.2, 0.21568627450980393, 0.23076923076923078, 0.2692307692307692, 0.3076923076923077, 0.2962962962962963, 0.2857142857142857, 0.27586206896551724, 0.288135593220339, 0.2786885245901639, 0.2698412698412698, 0.30158730158730157, 0.3333333333333333, 0.34375, 0.3333333333333333, 0.3235294117647059, 0.3333333333333333, 0.34285714285714286, 0.3333333333333333, 0.3611111111111111, 0.35135135135135137, 0.36, 0.3684210526315789, 0.37662337662337664, 0.4025974025974026, 0.41025641025641024, 0.4177215189873418, 0.4430379746835443, 0.45, 0.475, 0.48148148148148145, 0.4878048780487805, 0.5121951219512195, 0.5, 0.5058823529411764, 0.4942528735632184, 0.5172413793103449, 0.5402298850574713, 0.5454545454545454, 0.5681818181818182, 0.5730337078651685, 0.5604395604395604, 0.5824175824175825, 0.5869565217391305, 0.6086956521739131, 0.6304347826086957, 0.6344086021505376, 0.6382978723404256, 0.6421052631578947, 0.6458333333333334, 0.6494845360824743, 0.6701030927835051, 0.673469387755102, 0.6767676767676768, 0.696969696969697, 0.7171717171717171, 0.7373737373737373, 0.7575757575757576, 0.7777777777777778, 0.797979797979798, 0.8181818181818182, 0.82, 0.84, 0.86, 0.88, 0.9, 0.92, 0.94, 0.96, 0.98, 1.0], 0.43651204857669235], "first_gen": [[1.0, 1.0, 0.5, 0.3333333333333333, 0.25, 0.3333333333333333, 0.5555555555555556, 0.6, 0.6363636363636364, 0.6666666666666666, 0.6923076923076923, 0.7142857142857143, 0.7333333333333333, 0.6470588235294118, 0.5789473684210527, 0.5238095238095238, 0.4782608695652174, 0.44, 0.4074074074074074, 0.3793103448275862, 0.4, 0.375, 0.35294117647058826, 0.3333333333333333, 0.3157894736842105, 0.3, 0.3170731707317073, 0.3023255813953488, 0.3488372093023256, 0.3953488372093023, 0.4418604651162791, 0.45454545454545453, 0.4666666666666667, 0.5111111111111111, 0.5555555555555556, 0.5652173913043478, 0.574468085106383, 0.5510204081632653, 0.5918367346938775, 0.6, 0.5769230769230769, 0.5849056603773585, 0.5925925925925926, 0.6, 0.6071428571428571, 0.5862068965517241, 0.5932203389830508, 0.6, 0.6333333333333333, 0.6666666666666666, 0.6721311475409836, 0.7049180327868853, 0.7096774193548387, 0.7419354838709677, 0.71875, 0.7230769230769231, 0.7538461538461538, 0.7575757575757576, 0.7611940298507462, 0.7647058823529411, 0.7941176470588235, 0.7971014492753623, 0.7746478873239436, 0.7777777777777778, 0.7567567567567568, 0.7368421052631579, 0.7402597402597403, 0.7215189873417721, 0.7037037037037037, 0.6867469879518072, 0.6705882352941176, 0.6744186046511628, 0.6590909090909091, 0.6629213483146067, 0.6483516483516484, 0.6344086021505376, 0.6210526315789474, 0.625, 0.6288659793814433, 0.6494845360824743, 0.6701030927835051, 0.6565656565656566, 0.6767676767676768, 0.696969696969697, 0.7171717171717171, 0.7373737373737373, 0.7575757575757576, 0.7777777777777778, 0.797979797979798, 0.8181818181818182, 0.8383838383838383, 0.84, 0.86, 0.88, 0.9, 0.92, 0.94, 0.96, 0.98, 1.0], 0.635961743586826]}}