{"rank_algo": "anova_f_score", "seed": 76, "subsampling_proportion": 0.01, "exec_time": 0.01800060272216797, "results": {"features": ["feature98", "feature99", "feature85", "feature87", "feature88", "feature89", "feature86", "feature84", "feature83", "feature82", "feature81", "feature32", "feature14", "feature90", "feature91", "feature23", "feature22", "feature59", "feature5", "feature40", "feature17", "feature2", "feature39", "feature49", "feature48", "feature42", "feature27", "feature12", "feature50", "feature15", "feature9", "feature10", "feature8", "feature36", "feature56", "feature43", "feature37", "feature44", "feature71", "feature41", "feature52", "feature51", "feature30", "feature29", "feature0", "feature24", "feature38", "feature47", "feature3", "feature16", "feature34", "feature54", "feature28", "feature4", "feature35", "feature53", "feature21", "feature66", "feature26", "feature11", "feature13", "feature67", "feature46", "feature69", "feature45", "feature20", "feature25", "feature62", "feature55", "feature31", "feature1", "feature68", "feature61", "feature57", "feature60", "feature33", "feature18", "feature6", "feature64", "feature72", "feature65", "feature7", "feature19", "feature58", "feature63", "feature70", "feature73", "feature74", "feature75", "feature76", "feature77", "feature78", "feature79", "feature80", "feature92", "feature93", "feature94", "feature95", "feature96", "feature97"], "scores": [Infinity, Infinity, 2389.0846155452905, 2389.0846155452905, 2389.0846155452905, 2389.0846155452905, 2388.254828046988, 2354.357406773702, 2350.6076911575665, 2137.6998148542953, 1644.7639197094325, 280.55617382751, 277.82849069212955, 274.9857978327336, 274.00739450628157, 250.41815240635063, 232.11818348568818, 208.1736654724142, 183.26790715595726, 167.20326007250648, 162.64868368678077, 118.51851613781928, 116.5603809215, 115.61717443147323, 113.46625563014197, 107.89778402222572, 106.69058691045878, 98.4176214772087, 97.95837938851226, 84.64954488947748, 83.92254423241239, 75.95813167519906, 67.15901265190914, 66.48214052339745, 65.63155775169996, 59.54361713023671, 59.41211608909936, 52.527867341551705, 51.39156152612238, 50.16983363679681, 42.355458731954485, 41.604966623383206, 41.245113831268675, 40.34769292307117, 39.38523253649821, 35.84943473127319, 35.21435623278438, 33.995639185224974, 32.56957956917242, 29.179699278359724, 26.859710982948627, 23.544241610888573, 21.594095956108998, 19.968236902001166, 18.462996007181893, 18.354301523154074, 17.27627509621732, 13.379797592972084, 13.124953713835545, 10.885524204395349, 10.82425689399249, 10.70899317550323, 9.350014850212363, 8.109095201708964, 7.145233723979062, 6.37148257925559, 6.104252987386332, 5.982843507998162, 5.720661822615797, 5.669318195302061, 5.5044541403864615, 5.389276631870672, 4.769812636842857, 3.34659274375225, 3.01107097114387, 2.8919882014061202, 2.638312589283737, 2.2489983282112713, 2.000100584673414, 0.817836693413548, 0.5371119807041552, 0.3126637840693351, 0.03539728258944565, 0.033448498099537934, 0.019462493293017347, NaN, NaN, NaN, NaN, NaN, NaN, NaN, NaN, NaN, NaN, NaN, NaN, NaN, NaN, NaN]}, "evaluations": {"eval_method": "jaccard_full_score", "singles": [[1.0, 1.0, 0.5, 0.3333333333333333, 0.25, 0.2, 0.16666666666666666, 0.14285714285714285, 0.125, 0.1111111111111111, 0.1, 0.09090909090909091, 0.08333333333333333, 0.07692307692307693, 0.07142857142857142, 0.10344827586206896, 0.0967741935483871, 0.125, 0.15151515151515152, 0.17647058823529413, 0.16666666666666666, 0.1891891891891892, 0.1794871794871795, 0.2, 0.19047619047619047, 0.18181818181818182, 0.17391304347826086, 0.19148936170212766, 0.1836734693877551, 0.22448979591836735, 0.24, 0.28, 0.2692307692307692, 0.2830188679245283, 0.2727272727272727, 0.2631578947368421, 0.2542372881355932, 0.26666666666666666, 0.2786885245901639, 0.2903225806451613, 0.30158730158730157, 0.3333333333333333, 0.34375, 0.3333333333333333, 0.3235294117647059, 0.3333333333333333, 0.323943661971831, 0.3150684931506849, 0.32432432432432434, 0.3333333333333333, 0.34210526315789475, 0.35064935064935066, 0.37662337662337664, 0.38461538461538464, 0.375, 0.38271604938271603, 0.4074074074074074, 0.39759036144578314, 0.42168674698795183, 0.4457831325301205, 0.4523809523809524, 0.4588235294117647, 0.46511627906976744, 0.47126436781609193, 0.4772727272727273, 0.5, 0.5056179775280899, 0.5280898876404494, 0.5333333333333333, 0.5384615384615384, 0.5434782608695652, 0.5483870967741935, 0.5531914893617021, 0.5578947368421052, 0.5789473684210527, 0.5833333333333334, 0.6041666666666666, 0.6082474226804123, 0.5959595959595959, 0.6, 0.62, 0.64, 0.66, 0.68, 0.7, 0.72, 0.74, 0.76, 0.78, 0.8, 0.82, 0.84, 0.86, 0.88, 0.9, 0.92, 0.94, 0.96, 0.98, 1.0], 0.4296737741541378], "first_gen": [[1.0, 1.0, 0.5, 0.3333333333333333, 0.25, 0.3333333333333333, 0.5555555555555556, 0.6, 0.6363636363636364, 0.6666666666666666, 0.6923076923076923, 0.7142857142857143, 0.7333333333333333, 0.6470588235294118, 0.5789473684210527, 0.6, 0.6190476190476191, 0.5652173913043478, 0.52, 0.48148148148148145, 0.4482758620689655, 0.4666666666666667, 0.4375, 0.4117647058823529, 0.3888888888888889, 0.3684210526315789, 0.38461538461538464, 0.36585365853658536, 0.38095238095238093, 0.42857142857142855, 0.47619047619047616, 0.5238095238095238, 0.5714285714285714, 0.5454545454545454, 0.5555555555555556, 0.6, 0.6086956521739131, 0.6170212765957447, 0.625, 0.6326530612244898, 0.64, 0.6470588235294118, 0.6538461538461539, 0.660377358490566, 0.6666666666666666, 0.6428571428571429, 0.6491228070175439, 0.6842105263157895, 0.7192982456140351, 0.6949152542372882, 0.7, 0.7333333333333333, 0.7377049180327869, 0.7419354838709677, 0.71875, 0.7230769230769231, 0.7538461538461538, 0.7575757575757576, 0.7611940298507462, 0.7647058823529411, 0.7681159420289855, 0.7464788732394366, 0.75, 0.7534246575342466, 0.7333333333333333, 0.7368421052631579, 0.717948717948718, 0.7215189873417721, 0.725, 0.7073170731707317, 0.7108433734939759, 0.6941176470588235, 0.6781609195402298, 0.6629213483146067, 0.6483516483516484, 0.6344086021505376, 0.6382978723404256, 0.6421052631578947, 0.6288659793814433, 0.6494845360824743, 0.6530612244897959, 0.673469387755102, 0.6938775510204082, 0.696969696969697, 0.7, 0.72, 0.74, 0.76, 0.78, 0.8, 0.82, 0.84, 0.86, 0.88, 0.9, 0.92, 0.94, 0.96, 0.98, 1.0], 0.6583802105120391]}}