{"rank_algo": "anova_f_score", "seed": 15, "subsampling_proportion": 0.01, "exec_time": 0.015999794006347656, "results": {"features": ["feature98", "feature99", "feature85", "feature87", "feature88", "feature89", "feature86", "feature84", "feature83", "feature82", "feature81", "feature32", "feature14", "feature90", "feature5", "feature59", "feature27", "feature39", "feature2", "feature91", "feature12", "feature62", "feature40", "feature71", "feature50", "feature48", "feature49", "feature36", "feature42", "feature9", "feature15", "feature8", "feature0", "feature44", "feature30", "feature56", "feature52", "feature29", "feature10", "feature24", "feature11", "feature28", "feature38", "feature51", "feature16", "feature43", "feature37", "feature26", "feature3", "feature46", "feature67", "feature68", "feature41", "feature45", "feature66", "feature34", "feature35", "feature47", "feature4", "feature23", "feature54", "feature64", "feature21", "feature53", "feature13", "feature19", "feature22", "feature65", "feature20", "feature7", "feature33", "feature25", "feature69", "feature17", "feature61", "feature57", "feature60", "feature55", "feature72", "feature6", "feature1", "feature31", "feature58", "feature63", "feature18", "feature70", "feature73", "feature74", "feature75", "feature76", "feature77", "feature78", "feature79", "feature80", "feature92", "feature93", "feature94", "feature95", "feature96", "feature97"], "scores": [Infinity, Infinity, 1707.0411792275236, 1707.0411792275236, 1707.0411792275236, 1707.0411792275236, 1705.3812433612131, 1690.164728507788, 1661.5550696243156, 1434.9610502527767, 961.6474197686424, 236.39551755361052, 234.91687600001907, 228.9391488710366, 218.53335975896601, 181.54438585814611, 166.6418431201722, 155.3068190836857, 116.56121501116812, 112.34993227050053, 104.30038304817931, 104.18815268042874, 90.15103839944065, 85.72842580097736, 84.89627868901063, 83.8060966281775, 83.62330716376812, 77.43261059846024, 75.43111071099928, 72.3933385241668, 69.8869889430257, 58.748817102511964, 56.982869960636, 54.32689775143438, 54.19023536706727, 52.216275842529114, 46.553748457398484, 44.109932226929814, 42.845577277224216, 41.95344733586985, 41.89611313689131, 35.932473607478606, 35.75257391998582, 34.67703489593653, 34.278226882769665, 30.543392318868154, 30.179906741703917, 26.43662297246841, 22.76154319710239, 20.96984954706293, 20.145466899316798, 19.93127738298209, 19.721504312144884, 18.96926208907076, 18.945419215649192, 17.94324260959874, 17.651878652334354, 15.389650792047807, 14.912585419066636, 11.284822406367047, 10.42744333617194, 9.792601054878327, 8.283891328488512, 8.195176474981263, 6.711011391473506, 6.537896946321341, 4.129931652794061, 3.6183370001344115, 1.918613756221803, 1.2481415160795202, 0.9799411268341486, 0.6204261405490686, 0.44913654364170263, 0.3761485379528702, 0.31951679912358905, 0.31654835701780976, 0.2705717672209849, 0.18185668472259311, 0.16912656434483114, 0.0753352801590923, 0.05232654706968222, 0.05194584394047831, 0.033979099314047766, 0.020761045167794, 0.00010387201578296472, NaN, NaN, NaN, NaN, NaN, NaN, NaN, NaN, NaN, NaN, NaN, NaN, NaN, NaN, NaN]}, "evaluations": {"eval_method": "jaccard_full_score", "singles": [[1.0, 1.0, 0.5, 0.3333333333333333, 0.25, 0.2, 0.16666666666666666, 0.14285714285714285, 0.125, 0.1111111111111111, 0.1, 0.09090909090909091, 0.08333333333333333, 0.07692307692307693, 0.07142857142857142, 0.06666666666666667, 0.0967741935483871, 0.09090909090909091, 0.08571428571428572, 0.1111111111111111, 0.13513513513513514, 0.15789473684210525, 0.1794871794871795, 0.17073170731707318, 0.16279069767441862, 0.15555555555555556, 0.17391304347826086, 0.16666666666666666, 0.16, 0.17647058823529413, 0.21568627450980393, 0.23076923076923078, 0.24528301886792453, 0.25925925925925924, 0.25, 0.2413793103448276, 0.23333333333333334, 0.2459016393442623, 0.25806451612903225, 0.2698412698412698, 0.30158730158730157, 0.3125, 0.3230769230769231, 0.3333333333333333, 0.34328358208955223, 0.3333333333333333, 0.34285714285714286, 0.352112676056338, 0.3611111111111111, 0.3698630136986301, 0.3783783783783784, 0.3684210526315789, 0.39473684210526316, 0.42105263157894735, 0.41025641025641024, 0.4177215189873418, 0.425, 0.4146341463414634, 0.42168674698795183, 0.4457831325301205, 0.4523809523809524, 0.4588235294117647, 0.46511627906976744, 0.47126436781609193, 0.4772727272727273, 0.5, 0.5227272727272727, 0.5280898876404494, 0.550561797752809, 0.5730337078651685, 0.5777777777777777, 0.5824175824175825, 0.5698924731182796, 0.574468085106383, 0.5957446808510638, 0.5833333333333334, 0.6041666666666666, 0.5918367346938775, 0.5959595959595959, 0.6161616161616161, 0.6363636363636364, 0.64, 0.66, 0.68, 0.7, 0.72, 0.74, 0.76, 0.78, 0.8, 0.82, 0.84, 0.86, 0.88, 0.9, 0.92, 0.94, 0.96, 0.98, 1.0], 0.42796992746091356], "first_gen": [[1.0, 1.0, 0.5, 0.3333333333333333, 0.25, 0.3333333333333333, 0.5555555555555556, 0.6, 0.6363636363636364, 0.6666666666666666, 0.6923076923076923, 0.7142857142857143, 0.7333333333333333, 0.6470588235294118, 0.5789473684210527, 0.5238095238095238, 0.4782608695652174, 0.44, 0.46153846153846156, 0.42857142857142855, 0.4, 0.375, 0.35294117647058826, 0.3333333333333333, 0.3157894736842105, 0.3, 0.3170731707317073, 0.3023255813953488, 0.3181818181818182, 0.36363636363636365, 0.4090909090909091, 0.45454545454545453, 0.5, 0.5454545454545454, 0.5555555555555556, 0.5319148936170213, 0.5416666666666666, 0.52, 0.5294117647058824, 0.5384615384615384, 0.5471698113207547, 0.5272727272727272, 0.5357142857142857, 0.5714285714285714, 0.5517241379310345, 0.559322033898305, 0.5666666666666667, 0.6, 0.6333333333333333, 0.6666666666666666, 0.6721311475409836, 0.6774193548387096, 0.6825396825396826, 0.6875, 0.6666666666666666, 0.6716417910447762, 0.6764705882352942, 0.7058823529411765, 0.6857142857142857, 0.7142857142857143, 0.7428571428571429, 0.7222222222222222, 0.726027397260274, 0.7066666666666667, 0.6883116883116883, 0.6923076923076923, 0.6962025316455697, 0.6790123456790124, 0.6829268292682927, 0.6867469879518072, 0.6705882352941176, 0.6551724137931034, 0.6590909090909091, 0.6629213483146067, 0.6483516483516484, 0.6344086021505376, 0.6210526315789474, 0.625, 0.6288659793814433, 0.6494845360824743, 0.6701030927835051, 0.673469387755102, 0.6767676767676768, 0.68, 0.7, 0.72, 0.74, 0.76, 0.78, 0.8, 0.82, 0.84, 0.86, 0.88, 0.9, 0.92, 0.94, 0.96, 0.98, 1.0], 0.6207662198959534]}}