{"rank_algo": "random_forest_score", "seed": 43, "subsampling_proportion": 0.01, "exec_time": 1.5532140731811523, "results": {"features": ["feature98", "feature99", "feature86", "feature87", "feature89", "feature85", "feature88", "feature23", "feature83", "feature84", "feature82", "feature81", "feature22", "feature0", "feature20", "feature2", "feature21", "feature49", "feature33", "feature10", "feature55", "feature1", "feature57", "feature19", "feature3", "feature44", "feature8", "feature9", "feature71", "feature18", "feature60", "feature58", "feature15", "feature26", "feature50", "feature7", "feature67", "feature36", "feature43", "feature52", "feature51", "feature5", "feature38", "feature47", "feature59", "feature29", "feature41", "feature17", "feature62", "feature64", "feature12", "feature11", "feature46", "feature42", "feature30", "feature54", "feature28", "feature37", "feature53", "feature66", "feature40", "feature68", "feature91", "feature63", "feature39", "feature69", "feature56", "feature90", "feature27", "feature48", "feature24", "feature16", "feature45", "feature61", "feature4", "feature65", "feature31", "feature32", "feature25", "feature13", "feature14", "feature34", "feature35", "feature72", "feature6", "feature70", "feature73", "feature74", "feature75", "feature76", "feature77", "feature78", "feature79", "feature80", "feature92", "feature93", "feature94", "feature95", "feature96", "feature97"], "scores": [0.4396453834347846, 0.3799388068444157, 0.014723973189710884, 0.013206862916326001, 0.012963335598846482, 0.012307984794148755, 0.009724547222950753, 0.009001827690585787, 0.008835567386248539, 0.007803278779902708, 0.006956134251957069, 0.005834924841761513, 0.005133076547324794, 0.0037774254611547308, 0.0022971424049673815, 0.002192496080302533, 0.0021115949996747888, 0.0020138336554850773, 0.002013320124777323, 0.001980039598307995, 0.0019636943058361773, 0.0019636307720901983, 0.0019555488419155443, 0.0019053894321644908, 0.0017814110967786048, 0.0016281964635158702, 0.0016055904684833323, 0.0015435805904032492, 0.0015258160014889304, 0.0014741933264187975, 0.001469345888298251, 0.0014573509973299522, 0.0013994706242647095, 0.001346879824743147, 0.001288683586994429, 0.0012143224423614128, 0.001136919193502013, 0.0010860606499702161, 0.001045989135645648, 0.0010354374301027936, 0.0010210019663963676, 0.0010205076098094732, 0.0010163423330420158, 0.001008549282350164, 0.000997924751854979, 0.000993003445561776, 0.0009915995500469565, 0.0009637115832957775, 0.0009282344449297727, 0.0009063405140560969, 0.0008974955253439732, 0.0008692454308721104, 0.000859606589311, 0.0008376398959314616, 0.0008215371867085501, 0.0007949439389389887, 0.0007655438638013884, 0.0007597236626090182, 0.0007405105413557403, 0.0007229576245625551, 0.0007110050798809489, 0.000682247529821038, 0.0006336904090184997, 0.0006307623597817326, 0.0006068540625757081, 0.0006003890074277737, 0.0005808655782594827, 0.0005280190719297497, 0.0004890292611536906, 0.00046332449893187524, 0.00041113435121876914, 0.00037056087998614697, 0.0003390320443289916, 0.0003181277035942571, 0.00029838166591774886, 0.00029488238383074366, 0.0002898470450579813, 0.0002798921810774024, 0.00027865173719602003, 0.00026809985707679305, 0.00025587493392304844, 0.0002453624887089586, 0.0001860058597738959, 3.2473372809447795e-05, 0.0, 0.0, 0.0, 0.0, 0.0, 0.0, 0.0, 0.0, 0.0, 0.0, 0.0, 0.0, 0.0, 0.0, 0.0, 0.0]}, "evaluations": {"eval_method": "jaccard_full_score", "singles": [[1.0, 1.0, 0.5, 0.3333333333333333, 0.25, 0.2, 0.16666666666666666, 0.23076923076923078, 0.2, 0.17647058823529413, 0.15789473684210525, 0.14285714285714285, 0.13043478260869565, 0.12, 0.1111111111111111, 0.10344827586206896, 0.13333333333333333, 0.2, 0.22580645161290322, 0.2903225806451613, 0.2727272727272727, 0.29411764705882354, 0.2777777777777778, 0.2972972972972973, 0.28205128205128205, 0.2682926829268293, 0.2558139534883721, 0.2727272727272727, 0.2608695652173913, 0.2765957446808511, 0.3191489361702128, 0.3333333333333333, 0.375, 0.4166666666666667, 0.42857142857142855, 0.4117647058823529, 0.39622641509433965, 0.38181818181818183, 0.3684210526315789, 0.3559322033898305, 0.3898305084745763, 0.4, 0.3870967741935484, 0.375, 0.38461538461538464, 0.373134328358209, 0.38235294117647056, 0.37142857142857144, 0.4, 0.4084507042253521, 0.43661971830985913, 0.4444444444444444, 0.4722222222222222, 0.5, 0.4864864864864865, 0.5135135135135135, 0.52, 0.5064935064935064, 0.5128205128205128, 0.5189873417721519, 0.525, 0.5308641975308642, 0.5180722891566265, 0.5421686746987951, 0.5294117647058824, 0.5348837209302325, 0.5402298850574713, 0.5632183908045977, 0.5862068965517241, 0.5909090909090909, 0.5955056179775281, 0.6179775280898876, 0.6222222222222222, 0.6263736263736264, 0.6483516483516484, 0.6344086021505376, 0.6382978723404256, 0.6421052631578947, 0.6288659793814433, 0.6494845360824743, 0.6530612244897959, 0.6565656565656566, 0.66, 0.68, 0.7, 0.72, 0.74, 0.76, 0.78, 0.8, 0.82, 0.84, 0.86, 0.88, 0.9, 0.92, 0.94, 0.96, 0.98, 1.0], 0.48500286161061995], "first_gen": [[1.0, 1.0, 0.5, 0.3333333333333333, 0.42857142857142855, 0.5, 0.5555555555555556, 0.7777777777777778, 0.8, 0.8181818181818182, 0.8333333333333334, 0.8461538461538461, 1.0, 0.8666666666666667, 0.7647058823529411, 0.6842105263157895, 0.7, 0.6363636363636364, 0.6521739130434783, 0.6666666666666666, 0.68, 0.6923076923076923, 0.7037037037037037, 0.7142857142857143, 0.7241379310344828, 0.7333333333333333, 0.8, 0.8064516129032258, 0.7575757575757576, 0.7647058823529411, 0.7222222222222222, 0.6842105263157895, 0.6923076923076923, 0.7, 0.6666666666666666, 0.6363636363636364, 0.6086956521739131, 0.6170212765957447, 0.625, 0.6, 0.6078431372549019, 0.6153846153846154, 0.5925925925925926, 0.6, 0.5789473684210527, 0.559322033898305, 0.5666666666666667, 0.6, 0.5806451612903226, 0.5873015873015873, 0.6190476190476191, 0.6, 0.6060606060606061, 0.6119402985074627, 0.6176470588235294, 0.6470588235294118, 0.6521739130434783, 0.6571428571428571, 0.6619718309859155, 0.6666666666666666, 0.6944444444444444, 0.6756756756756757, 0.68, 0.6623376623376623, 0.6666666666666666, 0.6708860759493671, 0.675, 0.6790123456790124, 0.6829268292682927, 0.6867469879518072, 0.6705882352941176, 0.6744186046511628, 0.6590909090909091, 0.6444444444444445, 0.6304347826086957, 0.6170212765957447, 0.6041666666666666, 0.6082474226804123, 0.5959595959595959, 0.6, 0.62, 0.64, 0.66, 0.68, 0.7, 0.72, 0.74, 0.76, 0.78, 0.8, 0.82, 0.84, 0.86, 0.88, 0.9, 0.92, 0.94, 0.96, 0.98, 1.0], 0.6949410620913238]}}