{"rank_algo": "chi2_score", "seed": 97, "subsampling_proportion": 0.1, "exec_time": 0.20200014114379883, "results": {"features": ["feature50", "feature49", "feature2", "feature52", "feature59", "feature51", "feature53", "feature87", "feature88", "feature89", "feature85", "feature86", "feature84", "feature83", "feature82", "feature36", "feature10", "feature3", "feature47", "feature66", "feature81", "feature21", "feature33", "feature71", "feature9", "feature8", "feature98", "feature99", "feature60", "feature24", "feature38", "feature15", "feature44", "feature40", "feature39", "feature20", "feature12", "feature18", "feature42", "feature41", "feature16", "feature67", "feature1", "feature43", "feature46", "feature28", "feature37", "feature54", "feature30", "feature23", "feature62", "feature0", "feature34", "feature27", "feature35", "feature29", "feature11", "feature91", "feature14", "feature32", "feature90", "feature19", "feature48", "feature5", "feature56", "feature64", "feature26", "feature17", "feature68", "feature57", "feature69", "feature4", "feature22", "feature55", "feature45", "feature31", "feature7", "feature65", "feature13", "feature61", "feature6", "feature63", "feature72", "feature74", "feature75", "feature58", "feature73", "feature76", "feature77", "feature78", "feature79", "feature80", "feature25", "feature70", "feature92", "feature93", "feature94", "feature95", "feature96", "feature97"], "scores": [21956067.778015286, 7511654.41471129, 6364668.857883648, 4569262.206082898, 4313590.454510469, 1944240.448151148, 1933819.2099233249, 1279705.853753808, 1279705.853753808, 1279705.853753808, 1278631.2286130353, 1273876.3196304347, 1212173.4111461362, 1153276.3902692874, 946989.3296640189, 932669.9516910862, 539364.4392627646, 515472.27070204384, 507708.9703962074, 499258.5940721756, 429660.2367774681, 365282.79507538717, 317447.29374287603, 248846.10241129925, 241529.9933828065, 180436.07146903832, 125746.99999999999, 125746.99999999999, 81174.79941068255, 48104.026414995824, 27322.190906416505, 25112.210930798083, 21083.33070500824, 19202.34877570538, 12278.60825264228, 11478.694437194308, 11165.383741115893, 9790.185913196497, 9021.516649892952, 8540.403760463973, 7111.934109973102, 7080.72297054949, 6572.420221609148, 5660.290445300107, 4747.133170651386, 4621.004578787173, 4450.885026472825, 4199.796024068759, 4161.870225551194, 4153.826632848274, 3992.411654630765, 3672.759807290959, 3395.4252456462245, 3054.306786152366, 2952.450667071374, 2726.8068736805417, 2666.0666561716093, 2405.5389460669367, 2371.0669804534496, 2216.890735310272, 2209.2131373808415, 2082.533349033686, 2038.2249257058493, 1772.692444966962, 1280.3551030966987, 1151.183377116442, 1011.497371120317, 796.6738226062257, 258.231869506886, 250.81488066704165, 241.15507081519715, 119.82963692233267, 73.85939144268876, 34.1958518965115, 28.859895941166968, 24.8988263466027, 24.13447522017095, 24.072323473768897, 20.39739869265006, 20.342501362962118, 17.213794734330055, 9.92134758379898, 8.48691341721565, 1.8255201666441048, 1.8255201666441048, 1.3100419018752298, 0.24429535513022121, 0.24429535513022121, 0.24429535513022121, 0.24429535513022121, 0.24429535513022121, 0.24429535513022121, 0.048154596647306536, NaN, NaN, NaN, NaN, NaN, NaN, NaN]}, "evaluations": {"eval_method": "jaccard_full_score", "singles": [[0.0, 0.0, 0.0, 0.0, 0.0, 0.0, 0.0, 0.0, 0.0, 0.05263157894736842, 0.047619047619047616, 0.09090909090909091, 0.08333333333333333, 0.07692307692307693, 0.07142857142857142, 0.06666666666666667, 0.13333333333333333, 0.125, 0.11764705882352941, 0.14285714285714285, 0.13513513513513514, 0.15789473684210525, 0.15, 0.14285714285714285, 0.13636363636363635, 0.13043478260869565, 0.14893617021276595, 0.19148936170212766, 0.20833333333333334, 0.22448979591836735, 0.24, 0.2549019607843137, 0.2692307692307692, 0.3076923076923077, 0.2962962962962963, 0.3090909090909091, 0.34545454545454546, 0.35714285714285715, 0.3684210526315789, 0.3793103448275862, 0.41379310344827586, 0.423728813559322, 0.43333333333333335, 0.41935483870967744, 0.42857142857142855, 0.4153846153846154, 0.42424242424242425, 0.43283582089552236, 0.4411764705882353, 0.4492753623188406, 0.4782608695652174, 0.4647887323943662, 0.4722222222222222, 0.5, 0.4864864864864865, 0.49333333333333335, 0.5, 0.48717948717948717, 0.4936708860759494, 0.5189873417721519, 0.525, 0.55, 0.5365853658536586, 0.5421686746987951, 0.5294117647058824, 0.5348837209302325, 0.5581395348837209, 0.5632183908045977, 0.5681818181818182, 0.5730337078651685, 0.5604395604395604, 0.5652173913043478, 0.5698924731182796, 0.574468085106383, 0.5957446808510638, 0.5833333333333334, 0.6041666666666666, 0.5918367346938775, 0.5959595959595959, 0.6161616161616161, 0.6363636363636364, 0.6565656565656566, 0.6767676767676768, 0.696969696969697, 0.7171717171717171, 0.7373737373737373, 0.7575757575757576, 0.7777777777777778, 0.797979797979798, 0.8181818181818182, 0.8383838383838383, 0.8585858585858586, 0.86, 0.88, 0.9, 0.92, 0.94, 0.96, 0.98, 1.0], 0.4261211080232534], "first_gen": [[0.0, 0.0, 0.0, 0.0, 0.0, 0.0, 0.0, 0.06666666666666667, 0.125, 0.17647058823529413, 0.2222222222222222, 0.2631578947368421, 0.3, 0.3333333333333333, 0.36363636363636365, 0.3333333333333333, 0.4166666666666667, 0.44, 0.4074074074074074, 0.3793103448275862, 0.4, 0.41935483870967744, 0.3939393939393939, 0.37142857142857144, 0.3888888888888889, 0.40540540540540543, 0.4594594594594595, 0.47368421052631576, 0.45, 0.42857142857142855, 0.4090909090909091, 0.4222222222222222, 0.43478260869565216, 0.4782608695652174, 0.48936170212765956, 0.5, 0.48, 0.49019607843137253, 0.5294117647058824, 0.5094339622641509, 0.4909090909090909, 0.5, 0.5087719298245614, 0.5172413793103449, 0.5254237288135594, 0.5081967213114754, 0.5161290322580645, 0.5483870967741935, 0.5555555555555556, 0.5625, 0.59375, 0.625, 0.6307692307692307, 0.6615384615384615, 0.6417910447761194, 0.6470588235294118, 0.6521739130434783, 0.6811594202898551, 0.6857142857142857, 0.7142857142857143, 0.7428571428571429, 0.7464788732394366, 0.75, 0.7534246575342466, 0.7567567567567568, 0.7368421052631579, 0.7402597402597403, 0.7435897435897436, 0.725, 0.7073170731707317, 0.7108433734939759, 0.6941176470588235, 0.6976744186046512, 0.7011494252873564, 0.6853932584269663, 0.6703296703296703, 0.6739130434782609, 0.6595744680851063, 0.6458333333333334, 0.6494845360824743, 0.6701030927835051, 0.673469387755102, 0.6938775510204082, 0.7142857142857143, 0.7346938775510204, 0.7373737373737373, 0.7575757575757576, 0.7777777777777778, 0.78, 0.8, 0.82, 0.84, 0.86, 0.88, 0.9, 0.92, 0.94, 0.96, 0.98, 1.0], 0.5520914012805649]}}