{"rank_algo": "chi2_score", "seed": 12, "subsampling_proportion": 0.1, "exec_time": 0.16599750518798828, "results": {"features": ["feature50", "feature49", "feature2", "feature52", "feature59", "feature51", "feature53", "feature87", "feature88", "feature89", "feature85", "feature86", "feature84", "feature83", "feature82", "feature36", "feature10", "feature81", "feature3", "feature66", "feature47", "feature21", "feature9", "feature71", "feature33", "feature8", "feature98", "feature99", "feature24", "feature38", "feature44", "feature1", "feature23", "feature15", "feature40", "feature39", "feature12", "feature67", "feature43", "feature37", "feature22", "feature20", "feature42", "feature54", "feature27", "feature18", "feature41", "feature16", "feature48", "feature62", "feature35", "feature28", "feature34", "feature46", "feature0", "feature91", "feature14", "feature32", "feature90", "feature26", "feature5", "feature29", "feature11", "feature30", "feature56", "feature19", "feature17", "feature7", "feature64", "feature55", "feature57", "feature4", "feature60", "feature31", "feature13", "feature58", "feature65", "feature68", "feature45", "feature6", "feature25", "feature72", "feature61", "feature69", "feature77", "feature74", "feature73", "feature76", "feature78", "feature79", "feature80", "feature75", "feature63", "feature70", "feature92", "feature93", "feature94", "feature95", "feature96", "feature97"], "scores": [22754070.29564999, 6495315.859362755, 6190521.255599323, 4735757.439762863, 4312344.681186744, 2087423.425895825, 1899988.560198544, 1343675.9288146696, 1343675.9288146696, 1343675.9288146696, 1342852.8328279967, 1332424.7841922755, 1274575.9832815942, 1217884.4970128462, 994017.9106334308, 836821.8769340524, 623288.551784747, 474458.33183704753, 466502.08446730423, 416052.98082358035, 376282.6143348061, 325410.6245184553, 261766.01991127967, 252111.755018674, 161672.61062810288, 147879.29610481975, 125703.0, 125703.0, 50796.002152629015, 38677.710234268176, 28339.406673169404, 20329.004879599812, 19367.961580124393, 18488.563206092098, 14609.53042831042, 11658.329288354174, 11577.499069369662, 11371.245593290916, 10127.431095656237, 9062.372344338932, 8802.72831851842, 8407.009779381047, 7361.303904261315, 6849.78525515466, 5808.206628057762, 5257.766109771069, 4911.511943709139, 4409.7297809407255, 4034.329170040032, 4013.021680851832, 3344.0733256644303, 3250.962307602012, 3112.833005708148, 2857.8223614925737, 2506.140645919773, 2472.2056534010917, 2297.747361357004, 2240.599994265902, 2229.7776039685527, 1908.1505185001042, 1675.0105420131435, 1489.1833890991716, 1370.321782817303, 1254.8790581371925, 1254.5882567304927, 869.1103866146502, 704.1999628213053, 669.3583170324343, 431.22908866697327, 286.9857420696107, 195.40936312144055, 170.58644467827975, 138.951085507761, 101.46865584037407, 81.96388703518588, 57.36256773675432, 29.190937214202982, 20.931164572860048, 18.17694262832593, 11.76769508351154, 11.50516303831979, 6.849938938357843, 5.9774972022661235, 4.665215604864965, 3.1306581992440976, 2.2983190673947593, 1.8868335622448065, 1.8868335622448065, 1.8868335622448065, 1.8868335622448065, 1.8868335622448065, 1.2346574983304528, 0.0013615048239210763, NaN, NaN, NaN, NaN, NaN, NaN, NaN]}, "evaluations": {"eval_method": "jaccard_full_score", "singles": [[0.0, 0.0, 0.0, 0.0, 0.0, 0.0, 0.0, 0.0, 0.0, 0.05263157894736842, 0.047619047619047616, 0.09090909090909091, 0.08333333333333333, 0.07692307692307693, 0.07142857142857142, 0.06666666666666667, 0.13333333333333333, 0.125, 0.11764705882352941, 0.14285714285714285, 0.13513513513513514, 0.15789473684210525, 0.15, 0.14285714285714285, 0.13636363636363635, 0.13043478260869565, 0.14893617021276595, 0.19148936170212766, 0.1836734693877551, 0.2, 0.21568627450980393, 0.23076923076923078, 0.2692307692307692, 0.3076923076923077, 0.32075471698113206, 0.3090909090909091, 0.34545454545454546, 0.3333333333333333, 0.3220338983050847, 0.3114754098360656, 0.3442622950819672, 0.3770491803278688, 0.3870967741935484, 0.3968253968253968, 0.40625, 0.4153846153846154, 0.42424242424242425, 0.43283582089552236, 0.4411764705882353, 0.4492753623188406, 0.45714285714285713, 0.4647887323943662, 0.4722222222222222, 0.5, 0.4864864864864865, 0.49333333333333335, 0.4805194805194805, 0.48717948717948717, 0.5128205128205128, 0.5384615384615384, 0.525, 0.5308641975308642, 0.5365853658536586, 0.5421686746987951, 0.5294117647058824, 0.5529411764705883, 0.5581395348837209, 0.5813953488372093, 0.5862068965517241, 0.5909090909090909, 0.5777777777777777, 0.5824175824175825, 0.5869565217391305, 0.5913978494623656, 0.6129032258064516, 0.6170212765957447, 0.6210526315789474, 0.6082474226804123, 0.6122448979591837, 0.6326530612244898, 0.6363636363636364, 0.6565656565656566, 0.6767676767676768, 0.68, 0.7, 0.72, 0.74, 0.76, 0.78, 0.8, 0.82, 0.84, 0.86, 0.88, 0.9, 0.92, 0.94, 0.96, 0.98, 1.0], 0.4226666564540708], "first_gen": [[0.0, 0.0, 0.0, 0.0, 0.0, 0.0, 0.0, 0.06666666666666667, 0.125, 0.17647058823529413, 0.2222222222222222, 0.2631578947368421, 0.3, 0.3333333333333333, 0.36363636363636365, 0.3333333333333333, 0.4166666666666667, 0.44, 0.46153846153846156, 0.42857142857142855, 0.4, 0.41935483870967744, 0.4375, 0.4117647058823529, 0.3888888888888889, 0.40540540540540543, 0.4594594594594595, 0.47368421052631576, 0.45, 0.42857142857142855, 0.4418604651162791, 0.45454545454545453, 0.4666666666666667, 0.5111111111111111, 0.5217391304347826, 0.5319148936170213, 0.5102040816326531, 0.49019607843137253, 0.5294117647058824, 0.5094339622641509, 0.5185185185185185, 0.5555555555555556, 0.5636363636363636, 0.543859649122807, 0.5517241379310345, 0.5862068965517241, 0.5932203389830508, 0.6, 0.6333333333333333, 0.639344262295082, 0.6451612903225806, 0.6507936507936508, 0.65625, 0.6875, 0.6923076923076923, 0.7230769230769231, 0.7538461538461538, 0.7846153846153846, 0.7878787878787878, 0.8181818181818182, 0.8484848484848485, 0.8235294117647058, 0.8, 0.7777777777777778, 0.7808219178082192, 0.7837837837837838, 0.7866666666666666, 0.7894736842105263, 0.7692307692307693, 0.7721518987341772, 0.7530864197530864, 0.7349397590361446, 0.7176470588235294, 0.7011494252873564, 0.6853932584269663, 0.6703296703296703, 0.6559139784946236, 0.6421052631578947, 0.6288659793814433, 0.6494845360824743, 0.6530612244897959, 0.673469387755102, 0.6767676767676768, 0.696969696969697, 0.7171717171717171, 0.7373737373737373, 0.7575757575757576, 0.7777777777777778, 0.797979797979798, 0.8181818181818182, 0.8383838383838383, 0.8585858585858586, 0.86, 0.88, 0.9, 0.92, 0.94, 0.96, 0.98, 1.0], 0.5744591379606788]}}