{"rank_algo": "chi2_score", "seed": 72, "subsampling_proportion": 0.1, "exec_time": 0.1810011863708496, "results": {"features": ["feature50", "feature49", "feature52", "feature2", "feature59", "feature53", "feature51", "feature87", "feature88", "feature89", "feature85", "feature86", "feature84", "feature83", "feature82", "feature36", "feature81", "feature66", "feature47", "feature10", "feature33", "feature3", "feature71", "feature21", "feature9", "feature8", "feature98", "feature99", "feature60", "feature24", "feature0", "feature38", "feature23", "feature40", "feature15", "feature44", "feature39", "feature12", "feature37", "feature26", "feature43", "feature67", "feature54", "feature41", "feature42", "feature20", "feature28", "feature62", "feature55", "feature27", "feature22", "feature48", "feature46", "feature16", "feature35", "feature30", "feature29", "feature34", "feature91", "feature11", "feature14", "feature32", "feature90", "feature5", "feature19", "feature17", "feature56", "feature64", "feature7", "feature57", "feature18", "feature69", "feature4", "feature31", "feature65", "feature58", "feature13", "feature45", "feature1", "feature72", "feature63", "feature25", "feature68", "feature6", "feature61", "feature74", "feature75", "feature73", "feature76", "feature78", "feature79", "feature80", "feature77", "feature70", "feature92", "feature93", "feature94", "feature95", "feature96", "feature97"], "scores": [26442445.480746236, 8591536.573091377, 6479924.611534002, 5472339.533435976, 4329986.600481747, 2000312.2305949514, 1762459.005387641, 1431867.2366853175, 1431867.2366853175, 1431867.2366853175, 1430835.2209510813, 1421816.393648198, 1363057.6742321204, 1302261.6945830742, 1056101.4562472966, 923278.1150451219, 513358.4559783992, 512973.8321466328, 448709.7490048878, 399988.64668893366, 291072.2526083379, 283508.7550802538, 242131.3077688229, 226303.3088999648, 209295.988261546, 133603.83467092918, 126262.0, 126262.0, 115648.15503127695, 44209.75081229585, 36435.616951894626, 30950.08306911475, 25551.20441540113, 23001.278118647548, 16629.33722592995, 13980.516061348113, 10798.189238663079, 10607.530747367946, 10169.15285903977, 9913.763781263413, 9271.321580247244, 8777.19917392245, 8771.667641033713, 7425.185733946019, 6260.617076085821, 5573.066939869374, 5240.303779899927, 5161.911353998406, 4939.032639911043, 4749.171568517555, 4614.786819814475, 4017.56893426275, 3982.864003355787, 3839.4733609431933, 3550.400596472065, 3381.849728106381, 3347.1227977999674, 3084.8895186310892, 2417.6342440678204, 2250.330198252871, 2209.004505642193, 2151.0424898275996, 2137.6477594048665, 1583.2169117162375, 1576.3116950865294, 1426.3772881262726, 1407.7435804708302, 1171.7539553702222, 516.3646376584638, 513.7783006029081, 310.422987036695, 290.5431372230692, 134.92711467510736, 123.94039401210091, 109.72706569630915, 105.50199873056302, 98.21000258838322, 30.270585307214876, 26.266131418560455, 21.2516302784669, 20.62544684110764, 19.979916196903602, 16.211914747023155, 10.647867264766282, 1.516598046282602, 0.7914912067066192, 0.6556403198167604, 0.42528481567666643, 0.42528481567666643, 0.42528481567666643, 0.42528481567666643, 0.42528481567666643, 0.24666892853458208, NaN, NaN, NaN, NaN, NaN, NaN, NaN]}, "evaluations": {"eval_method": "jaccard_full_score", "singles": [[0.0, 0.0, 0.0, 0.0, 0.0, 0.0, 0.0, 0.0, 0.0, 0.05263157894736842, 0.047619047619047616, 0.09090909090909091, 0.08333333333333333, 0.07692307692307693, 0.07142857142857142, 0.06666666666666667, 0.0967741935483871, 0.09090909090909091, 0.08571428571428572, 0.14285714285714285, 0.13513513513513514, 0.1282051282051282, 0.12195121951219512, 0.14285714285714285, 0.13636363636363635, 0.13043478260869565, 0.14893617021276595, 0.19148936170212766, 0.20833333333333334, 0.22448979591836735, 0.24, 0.23076923076923078, 0.2692307692307692, 0.3076923076923077, 0.32075471698113206, 0.3090909090909091, 0.32142857142857145, 0.3333333333333333, 0.3220338983050847, 0.3333333333333333, 0.3442622950819672, 0.3548387096774194, 0.36507936507936506, 0.375, 0.38461538461538464, 0.3939393939393939, 0.40298507462686567, 0.4117647058823529, 0.42028985507246375, 0.42857142857142855, 0.45714285714285713, 0.4444444444444444, 0.4722222222222222, 0.5, 0.4864864864864865, 0.49333333333333335, 0.4805194805194805, 0.46835443037974683, 0.475, 0.5, 0.4878048780487805, 0.5121951219512195, 0.5180722891566265, 0.5238095238095238, 0.5294117647058824, 0.5348837209302325, 0.5402298850574713, 0.5454545454545454, 0.5681818181818182, 0.5730337078651685, 0.5777777777777777, 0.5824175824175825, 0.5698924731182796, 0.574468085106383, 0.5789473684210527, 0.5833333333333334, 0.6041666666666666, 0.6082474226804123, 0.6122448979591837, 0.6326530612244898, 0.6530612244897959, 0.6565656565656566, 0.66, 0.68, 0.7, 0.72, 0.74, 0.76, 0.78, 0.8, 0.82, 0.84, 0.86, 0.88, 0.9, 0.92, 0.94, 0.96, 0.98, 1.0], 0.4154275871400642], "first_gen": [[0.0, 0.0, 0.0, 0.0, 0.0, 0.0, 0.0, 0.06666666666666667, 0.125, 0.17647058823529413, 0.2222222222222222, 0.2631578947368421, 0.3, 0.3333333333333333, 0.36363636363636365, 0.3333333333333333, 0.4166666666666667, 0.38461538461538464, 0.35714285714285715, 0.3793103448275862, 0.3548387096774194, 0.375, 0.35294117647058826, 0.37142857142857144, 0.3888888888888889, 0.40540540540540543, 0.4594594594594595, 0.47368421052631576, 0.45, 0.42857142857142855, 0.4418604651162791, 0.4222222222222222, 0.43478260869565216, 0.4782608695652174, 0.48936170212765956, 0.5, 0.5102040816326531, 0.49019607843137253, 0.5, 0.5094339622641509, 0.5185185185185185, 0.5272727272727272, 0.5087719298245614, 0.4915254237288136, 0.5, 0.5333333333333333, 0.5409836065573771, 0.5483870967741935, 0.5555555555555556, 0.5873015873015873, 0.6190476190476191, 0.625, 0.65625, 0.6875, 0.6666666666666666, 0.6716417910447762, 0.6521739130434783, 0.6811594202898551, 0.7101449275362319, 0.7142857142857143, 0.7428571428571429, 0.7464788732394366, 0.75, 0.7534246575342466, 0.7567567567567568, 0.76, 0.7631578947368421, 0.7435897435897436, 0.7468354430379747, 0.7283950617283951, 0.7317073170731707, 0.7349397590361446, 0.7176470588235294, 0.7011494252873564, 0.6853932584269663, 0.6703296703296703, 0.6559139784946236, 0.6421052631578947, 0.6458333333333334, 0.6666666666666666, 0.6701030927835051, 0.6565656565656566, 0.6767676767676768, 0.696969696969697, 0.7, 0.72, 0.74, 0.76, 0.78, 0.8, 0.82, 0.84, 0.86, 0.88, 0.9, 0.92, 0.94, 0.96, 0.98, 1.0], 0.5524969975139119]}}