{"rank_algo": "chi2_score", "seed": 85, "subsampling_proportion": 0.1, "exec_time": 0.19300174713134766, "results": {"features": ["feature50", "feature49", "feature2", "feature52", "feature59", "feature53", "feature51", "feature87", "feature88", "feature89", "feature85", "feature86", "feature84", "feature83", "feature36", "feature82", "feature47", "feature10", "feature66", "feature33", "feature3", "feature81", "feature71", "feature9", "feature21", "feature60", "feature8", "feature98", "feature99", "feature24", "feature38", "feature15", "feature42", "feature39", "feature12", "feature40", "feature67", "feature44", "feature37", "feature41", "feature43", "feature26", "feature55", "feature30", "feature27", "feature16", "feature0", "feature46", "feature48", "feature62", "feature35", "feature28", "feature29", "feature34", "feature19", "feature91", "feature1", "feature14", "feature32", "feature90", "feature54", "feature11", "feature5", "feature18", "feature56", "feature22", "feature7", "feature64", "feature57", "feature68", "feature13", "feature4", "feature61", "feature31", "feature69", "feature45", "feature58", "feature23", "feature17", "feature65", "feature72", "feature6", "feature63", "feature25", "feature74", "feature20", "feature73", "feature75", "feature76", "feature77", "feature78", "feature79", "feature80", "feature70", "feature92", "feature93", "feature94", "feature95", "feature96", "feature97"], "scores": [24531462.71495889, 6541006.357727741, 5853861.554056422, 5545088.145172105, 4583156.289205076, 1946627.245389768, 1899436.958222271, 1119531.2221033792, 1119531.2221033792, 1119531.2221033792, 1117361.584116954, 1108609.4310580348, 1060725.8313756452, 984518.5894871841, 895551.56588466, 796275.7433667979, 575657.5342637369, 539040.6334215049, 486100.79560349253, 435066.18024037837, 347339.98940049775, 332855.6243405107, 302934.60646815586, 206226.96087461046, 176349.4339580222, 143914.59152934753, 137519.57502639713, 125927.0, 125927.0, 47275.76523018018, 26803.90594428192, 22674.7425972059, 13618.235471529075, 12923.616165024125, 11151.648005498453, 10690.20869949858, 9741.792891740848, 8775.665557951723, 8211.258440918717, 7637.299151282193, 6882.515127369839, 6493.514406220103, 6477.939056454169, 6138.993007532659, 6076.241331011511, 6042.385591742692, 4930.657734604227, 4824.270604954268, 4533.521910724998, 4215.187127553378, 4064.4268355510944, 3472.951447373666, 3453.7548030574717, 3350.1375127051315, 2617.1790453406084, 2511.3548536723692, 2342.335168243179, 2277.9878040329813, 2240.2973703567063, 2224.713865075977, 2210.767054096835, 1822.7545538395357, 1609.5037500415965, 1206.9470703231734, 1178.613660181581, 1154.9773911322593, 881.2080534317785, 774.219265584326, 335.03434887379063, 317.48435869723534, 205.40105945477126, 177.9376838540459, 133.53603871601658, 126.09818471370757, 95.9634408985464, 92.10378291673763, 46.29595322585399, 35.16247635154678, 33.93447911849435, 28.509466086097813, 14.736375797663317, 12.359627349669152, 5.619608357431124, 4.106498558618636, 1.910793255178778, 0.9524777925971664, 0.8508643945479908, 0.8508643945479908, 0.8508643945479908, 0.8508643945479908, 0.8508643945479908, 0.8508643945479908, 0.8508643945479908, NaN, NaN, NaN, NaN, NaN, NaN, NaN]}, "evaluations": {"eval_method": "jaccard_full_score", "singles": [[0.0, 0.0, 0.0, 0.0, 0.0, 0.0, 0.0, 0.0, 0.0, 0.05263157894736842, 0.047619047619047616, 0.09090909090909091, 0.08333333333333333, 0.07692307692307693, 0.07142857142857142, 0.06666666666666667, 0.0967741935483871, 0.125, 0.11764705882352941, 0.14285714285714285, 0.13513513513513514, 0.1282051282051282, 0.12195121951219512, 0.11627906976744186, 0.13636363636363635, 0.15555555555555556, 0.14893617021276595, 0.19148936170212766, 0.20833333333333334, 0.22448979591836735, 0.24, 0.2549019607843137, 0.29411764705882354, 0.3076923076923077, 0.32075471698113206, 0.3333333333333333, 0.34545454545454546, 0.3333333333333333, 0.3220338983050847, 0.3333333333333333, 0.3442622950819672, 0.3770491803278688, 0.36507936507936506, 0.35384615384615387, 0.36363636363636365, 0.373134328358209, 0.36231884057971014, 0.37142857142857144, 0.38028169014084506, 0.3888888888888889, 0.3972602739726027, 0.40540540540540543, 0.41333333333333333, 0.42105263157894735, 0.42857142857142855, 0.4358974358974359, 0.4430379746835443, 0.43209876543209874, 0.4567901234567901, 0.48148148148148145, 0.4878048780487805, 0.5121951219512195, 0.5, 0.5238095238095238, 0.5116279069767442, 0.5348837209302325, 0.5581395348837209, 0.5632183908045977, 0.5681818181818182, 0.5730337078651685, 0.5777777777777777, 0.5824175824175825, 0.5869565217391305, 0.5913978494623656, 0.5957446808510638, 0.6, 0.6210526315789474, 0.625, 0.6122448979591837, 0.6161616161616161, 0.6363636363636364, 0.6565656565656566, 0.6767676767676768, 0.68, 0.7, 0.72, 0.74, 0.76, 0.78, 0.8, 0.82, 0.84, 0.86, 0.88, 0.9, 0.92, 0.94, 0.96, 0.98, 1.0], 0.4112089182355107], "first_gen": [[0.0, 0.0, 0.0, 0.0, 0.0, 0.0, 0.0, 0.06666666666666667, 0.125, 0.17647058823529413, 0.2222222222222222, 0.2631578947368421, 0.3, 0.3333333333333333, 0.30434782608695654, 0.3333333333333333, 0.36, 0.38461538461538464, 0.35714285714285715, 0.3333333333333333, 0.3548387096774194, 0.375, 0.35294117647058826, 0.37142857142857144, 0.3888888888888889, 0.3684210526315789, 0.42105263157894735, 0.4358974358974359, 0.45, 0.42857142857142855, 0.4090909090909091, 0.4222222222222222, 0.40425531914893614, 0.4166666666666667, 0.42857142857142855, 0.44, 0.45098039215686275, 0.46153846153846156, 0.4716981132075472, 0.45454545454545453, 0.4642857142857143, 0.5, 0.4827586206896552, 0.4666666666666667, 0.47540983606557374, 0.4603174603174603, 0.49206349206349204, 0.5238095238095238, 0.5555555555555556, 0.5625, 0.5692307692307692, 0.5757575757575758, 0.582089552238806, 0.5882352941176471, 0.5942028985507246, 0.6231884057971014, 0.6521739130434783, 0.6811594202898551, 0.7101449275362319, 0.7391304347826086, 0.7681159420289855, 0.7464788732394366, 0.75, 0.7534246575342466, 0.7567567567567568, 0.76, 0.7631578947368421, 0.7435897435897436, 0.725, 0.7073170731707317, 0.6904761904761905, 0.6744186046511628, 0.6590909090909091, 0.6444444444444445, 0.6483516483516484, 0.6344086021505376, 0.6210526315789474, 0.625, 0.6288659793814433, 0.6326530612244898, 0.6530612244897959, 0.673469387755102, 0.6767676767676768, 0.68, 0.7, 0.72, 0.74, 0.76, 0.78, 0.8, 0.82, 0.84, 0.86, 0.88, 0.9, 0.92, 0.94, 0.96, 0.98, 1.0], 0.53414963297189]}}