{"rank_algo": "chi2_score", "seed": 93, "subsampling_proportion": 0.1, "exec_time": 0.1770000457763672, "results": {"features": ["feature50", "feature49", "feature2", "feature52", "feature59", "feature51", "feature87", "feature88", "feature89", "feature85", "feature86", "feature84", "feature83", "feature53", "feature82", "feature36", "feature66", "feature81", "feature10", "feature3", "feature47", "feature9", "feature21", "feature71", "feature8", "feature98", "feature99", "feature24", "feature44", "feature33", "feature38", "feature22", "feature23", "feature15", "feature0", "feature40", "feature39", "feature67", "feature37", "feature42", "feature12", "feature30", "feature54", "feature1", "feature35", "feature34", "feature28", "feature27", "feature16", "feature91", "feature29", "feature41", "feature43", "feature18", "feature20", "feature14", "feature48", "feature32", "feature90", "feature11", "feature5", "feature19", "feature46", "feature57", "feature60", "feature64", "feature56", "feature26", "feature62", "feature7", "feature4", "feature55", "feature65", "feature13", "feature31", "feature45", "feature68", "feature61", "feature72", "feature73", "feature76", "feature77", "feature78", "feature79", "feature80", "feature6", "feature17", "feature25", "feature74", "feature75", "feature69", "feature63", "feature58", "feature70", "feature92", "feature93", "feature94", "feature95", "feature96", "feature97"], "scores": [23157089.336476713, 8249551.913027739, 6727031.169847994, 5835804.007941652, 4669499.276038668, 2233088.619061647, 1519700.364457704, 1519700.364457704, 1519700.364457704, 1516540.7849991336, 1506113.1431480043, 1446823.4061474744, 1380136.4809841644, 1244019.9820697056, 1134752.5837620322, 1077351.8143011301, 590240.2790944326, 561114.6976817455, 519413.4001811935, 510313.4569145837, 445525.7293982928, 239813.230950767, 231916.11556978917, 201977.15551293633, 160145.7370374151, 126007.0, 126007.0, 43005.666165491806, 38727.91060585715, 33445.66655464305, 33344.80469324853, 25246.309300872483, 18366.46134454999, 18075.85154381468, 17201.357914078242, 15997.846016794749, 13578.326085174136, 8584.905107077431, 8545.56257710704, 7309.358904722317, 6170.506656320427, 5000.4250129184575, 4895.650255894097, 4876.990605179296, 4806.285298403333, 4517.649606767461, 4462.558818204715, 4373.326930983985, 4125.0740089507535, 4082.0484656590243, 3902.9501644739767, 3752.598020327061, 3044.2401647505594, 2865.547735597366, 2496.911388034265, 2343.3081666436674, 2210.7596191634693, 2164.386645149237, 2147.2451582674653, 1574.6737446925974, 1465.5315350794415, 1443.6172450868003, 1216.701601890719, 901.9929476328505, 835.1796857797359, 803.6147877080147, 734.9204753982435, 567.543511845047, 192.42950234123668, 172.564341515929, 157.91756020933153, 88.68561187091477, 79.92183652730247, 60.038731726487654, 37.952942603771234, 24.206642338577247, 20.137857417081932, 14.62975929894258, 13.239609221275863, 11.259171179890405, 11.259171179890405, 11.259171179890405, 11.259171179890405, 11.259171179890405, 11.259171179890405, 7.439738058154913, 6.0670931174483815, 5.840439617991667, 3.808553222502944, 3.808553222502944, 0.3149376022124483, 0.07268023031869732, 0.012448866717762156, NaN, NaN, NaN, NaN, NaN, NaN, NaN]}, "evaluations": {"eval_method": "jaccard_full_score", "singles": [[0.0, 0.0, 0.0, 0.0, 0.0, 0.0, 0.0, 0.0, 0.0, 0.05263157894736842, 0.047619047619047616, 0.09090909090909091, 0.08333333333333333, 0.07692307692307693, 0.07142857142857142, 0.06666666666666667, 0.0967741935483871, 0.09090909090909091, 0.11764705882352941, 0.14285714285714285, 0.13513513513513514, 0.1282051282051282, 0.15, 0.14285714285714285, 0.13636363636363635, 0.15555555555555556, 0.17391304347826086, 0.16666666666666666, 0.16, 0.2, 0.21568627450980393, 0.23076923076923078, 0.2692307692307692, 0.3076923076923077, 0.2962962962962963, 0.3090909090909091, 0.32142857142857145, 0.3103448275862069, 0.3, 0.3114754098360656, 0.3442622950819672, 0.3548387096774194, 0.36507936507936506, 0.375, 0.36363636363636365, 0.35294117647058826, 0.36231884057971014, 0.37142857142857144, 0.4, 0.3888888888888889, 0.3972602739726027, 0.40540540540540543, 0.41333333333333333, 0.44, 0.4473684210526316, 0.45454545454545453, 0.4430379746835443, 0.45, 0.475, 0.5, 0.4878048780487805, 0.5121951219512195, 0.5180722891566265, 0.5238095238095238, 0.5294117647058824, 0.5348837209302325, 0.5402298850574713, 0.5632183908045977, 0.5862068965517241, 0.6091954022988506, 0.5955056179775281, 0.6, 0.5869565217391305, 0.6086956521739131, 0.6129032258064516, 0.6170212765957447, 0.6210526315789474, 0.625, 0.6288659793814433, 0.6494845360824743, 0.6701030927835051, 0.6907216494845361, 0.711340206185567, 0.7319587628865979, 0.7525773195876289, 0.7731958762886598, 0.7755102040816326, 0.7777777777777778, 0.797979797979798, 0.8181818181818182, 0.82, 0.84, 0.86, 0.88, 0.9, 0.92, 0.94, 0.96, 0.98, 1.0], 0.4152789358625345], "first_gen": [[0.0, 0.0, 0.0, 0.0, 0.0, 0.0, 0.07692307692307693, 0.14285714285714285, 0.2, 0.25, 0.29411764705882354, 0.3333333333333333, 0.3684210526315789, 0.3333333333333333, 0.36363636363636365, 0.3333333333333333, 0.36, 0.38461538461538464, 0.4074074074074074, 0.42857142857142855, 0.4, 0.41935483870967744, 0.4375, 0.4117647058823529, 0.42857142857142855, 0.4444444444444444, 0.5, 0.47368421052631576, 0.48717948717948717, 0.4634146341463415, 0.4418604651162791, 0.45454545454545453, 0.4666666666666667, 0.5111111111111111, 0.5217391304347826, 0.5319148936170213, 0.5416666666666666, 0.52, 0.5294117647058824, 0.5384615384615384, 0.5185185185185185, 0.5272727272727272, 0.5087719298245614, 0.5172413793103449, 0.5, 0.5081967213114754, 0.5161290322580645, 0.5483870967741935, 0.5555555555555556, 0.5625, 0.5692307692307692, 0.5757575757575758, 0.6060606060606061, 0.6363636363636364, 0.6417910447761194, 0.6716417910447762, 0.7014925373134329, 0.7313432835820896, 0.7352941176470589, 0.7391304347826086, 0.7681159420289855, 0.7714285714285715, 0.7746478873239436, 0.7534246575342466, 0.7333333333333333, 0.7142857142857143, 0.717948717948718, 0.7215189873417721, 0.725, 0.7283950617283951, 0.7108433734939759, 0.7142857142857143, 0.6976744186046512, 0.6818181818181818, 0.6666666666666666, 0.6521739130434783, 0.6382978723404256, 0.625, 0.6288659793814433, 0.6494845360824743, 0.6701030927835051, 0.6907216494845361, 0.711340206185567, 0.7319587628865979, 0.7525773195876289, 0.7731958762886598, 0.7938144329896907, 0.7959183673469388, 0.8163265306122449, 0.8367346938775511, 0.8571428571428571, 0.8585858585858586, 0.86, 0.88, 0.9, 0.92, 0.94, 0.96, 0.98, 1.0], 0.5653752411950816]}}