{"rank_algo": "chi2_score", "seed": 27, "subsampling_proportion": 0.1, "exec_time": 0.221998929977417, "results": {"features": ["feature50", "feature49", "feature2", "feature52", "feature59", "feature51", "feature53", "feature87", "feature88", "feature89", "feature85", "feature86", "feature84", "feature83", "feature82", "feature36", "feature66", "feature10", "feature47", "feature3", "feature81", "feature71", "feature21", "feature33", "feature9", "feature98", "feature99", "feature8", "feature24", "feature60", "feature38", "feature15", "feature0", "feature43", "feature44", "feature39", "feature40", "feature26", "feature67", "feature12", "feature37", "feature20", "feature42", "feature54", "feature41", "feature28", "feature55", "feature22", "feature16", "feature46", "feature62", "feature30", "feature35", "feature27", "feature34", "feature29", "feature91", "feature14", "feature32", "feature90", "feature11", "feature48", "feature5", "feature18", "feature1", "feature23", "feature64", "feature57", "feature7", "feature4", "feature31", "feature13", "feature68", "feature17", "feature58", "feature56", "feature69", "feature65", "feature45", "feature19", "feature72", "feature6", "feature25", "feature61", "feature63", "feature73", "feature76", "feature78", "feature79", "feature80", "feature74", "feature75", "feature77", "feature70", "feature92", "feature93", "feature94", "feature95", "feature96", "feature97"], "scores": [22073096.27931669, 7156092.040455022, 6191950.761752314, 4994420.011299444, 4151219.7699347204, 2015946.1432194714, 1727516.2809504834, 1156149.5304252042, 1156149.5304252042, 1156149.5304252042, 1154243.1746867164, 1148709.4691568355, 1092788.306817717, 1032123.7795120393, 833874.2570933228, 615042.0518749282, 570845.0049194242, 381205.1204826697, 380827.06488164474, 365463.574606347, 346057.8061586686, 292889.19536479795, 286606.8854698175, 207391.5882319758, 182832.13799476164, 125908.00000000004, 125908.00000000004, 103649.99421787413, 44278.57483769471, 29066.41442304273, 24909.45119821609, 18365.126402218088, 16363.300855383844, 15356.700790866187, 14375.216551024187, 12834.340549973429, 12780.71005266659, 12273.062024637162, 10222.847358737734, 10043.440698228931, 8486.307742784415, 8396.528628114904, 8322.288954291886, 8205.712804927922, 7061.22581653127, 6104.627648093976, 5885.056977018595, 5188.912249741381, 5057.614230403007, 4507.870047494394, 4051.568718268556, 3791.920572040329, 3638.614220484724, 3187.333520170672, 3131.954548835371, 3116.458658289141, 2462.0896010797155, 2241.531372456136, 2213.953104342241, 2197.7450313689255, 1994.904605359718, 1868.4145912161741, 1653.5884132932254, 1423.952875491962, 1011.8612830600973, 864.5059352986589, 826.3746917107396, 637.8091620749724, 622.7612409589581, 147.10866585218187, 105.93177358661266, 83.77992591816883, 67.47231531579325, 46.91959729328278, 30.826104694346785, 29.703652610965584, 23.40063716377989, 19.775371846256288, 18.82266925303411, 18.153059931724883, 8.346000689363551, 7.576420393810248, 5.580910516157301, 1.2495612512803604, 0.34334310593488737, 0.17271824170703146, 0.17271824170703146, 0.17271824170703146, 0.17271824170703146, 0.17271824170703146, 0.10624403454260606, 0.03832171483195013, 4.667248830173914e-05, NaN, NaN, NaN, NaN, NaN, NaN, NaN]}, "evaluations": {"eval_method": "jaccard_full_score", "singles": [[0.0, 0.0, 0.0, 0.0, 0.0, 0.0, 0.0, 0.0, 0.0, 0.05263157894736842, 0.047619047619047616, 0.09090909090909091, 0.08333333333333333, 0.07692307692307693, 0.07142857142857142, 0.06666666666666667, 0.0967741935483871, 0.125, 0.11764705882352941, 0.14285714285714285, 0.13513513513513514, 0.1282051282051282, 0.15, 0.14285714285714285, 0.13636363636363635, 0.15555555555555556, 0.17391304347826086, 0.19148936170212766, 0.1836734693877551, 0.22448979591836735, 0.24, 0.2549019607843137, 0.2692307692307692, 0.2830188679245283, 0.2727272727272727, 0.2631578947368421, 0.2982456140350877, 0.3103448275862069, 0.3, 0.3114754098360656, 0.3225806451612903, 0.3548387096774194, 0.36507936507936506, 0.375, 0.38461538461538464, 0.373134328358209, 0.38235294117647056, 0.391304347826087, 0.42028985507246375, 0.42857142857142855, 0.45714285714285713, 0.4444444444444444, 0.4520547945205479, 0.4794520547945205, 0.4666666666666667, 0.47368421052631576, 0.46153846153846156, 0.45, 0.475, 0.5, 0.5061728395061729, 0.5121951219512195, 0.5, 0.5238095238095238, 0.5294117647058824, 0.5529411764705883, 0.5581395348837209, 0.5632183908045977, 0.5862068965517241, 0.5909090909090909, 0.5777777777777777, 0.6, 0.5869565217391305, 0.5913978494623656, 0.6129032258064516, 0.6, 0.6041666666666666, 0.5918367346938775, 0.5959595959595959, 0.6161616161616161, 0.6363636363636364, 0.6565656565656566, 0.66, 0.68, 0.7, 0.72, 0.74, 0.76, 0.78, 0.8, 0.82, 0.84, 0.86, 0.88, 0.9, 0.92, 0.94, 0.96, 0.98, 1.0], 0.414014330934158], "first_gen": [[0.0, 0.0, 0.0, 0.0, 0.0, 0.0, 0.0, 0.06666666666666667, 0.125, 0.17647058823529413, 0.2222222222222222, 0.2631578947368421, 0.3, 0.3333333333333333, 0.36363636363636365, 0.3333333333333333, 0.36, 0.38461538461538464, 0.35714285714285715, 0.3793103448275862, 0.4, 0.375, 0.3939393939393939, 0.37142857142857144, 0.3888888888888889, 0.40540540540540543, 0.4594594594594595, 0.47368421052631576, 0.45, 0.42857142857142855, 0.4090909090909091, 0.4222222222222222, 0.43478260869565216, 0.4782608695652174, 0.48936170212765956, 0.5, 0.5102040816326531, 0.52, 0.5294117647058824, 0.5094339622641509, 0.4909090909090909, 0.5272727272727272, 0.5357142857142857, 0.5172413793103449, 0.5, 0.5081967213114754, 0.5161290322580645, 0.5483870967741935, 0.5555555555555556, 0.5625, 0.59375, 0.6, 0.6060606060606061, 0.6363636363636364, 0.6176470588235294, 0.6231884057971014, 0.6521739130434783, 0.6811594202898551, 0.7101449275362319, 0.7391304347826086, 0.7428571428571429, 0.7464788732394366, 0.75, 0.7534246575342466, 0.7567567567567568, 0.76, 0.7402597402597403, 0.7215189873417721, 0.725, 0.7073170731707317, 0.6904761904761905, 0.6744186046511628, 0.6590909090909091, 0.6629213483146067, 0.6483516483516484, 0.6521739130434783, 0.6559139784946236, 0.6421052631578947, 0.6288659793814433, 0.6494845360824743, 0.6701030927835051, 0.6907216494845361, 0.6938775510204082, 0.696969696969697, 0.7, 0.72, 0.74, 0.76, 0.78, 0.8, 0.82, 0.84, 0.86, 0.88, 0.9, 0.92, 0.94, 0.96, 0.98, 1.0], 0.5470166298135243]}}