{"rank_algo": "chi2_score", "seed": 88, "subsampling_proportion": 0.1, "exec_time": 0.27900195121765137, "results": {"features": ["feature50", "feature49", "feature2", "feature52", "feature59", "feature53", "feature51", "feature87", "feature88", "feature89", "feature85", "feature86", "feature84", "feature83", "feature36", "feature82", "feature10", "feature47", "feature3", "feature81", "feature66", "feature71", "feature9", "feature21", "feature8", "feature98", "feature99", "feature33", "feature24", "feature60", "feature38", "feature15", "feature44", "feature43", "feature40", "feature39", "feature0", "feature12", "feature42", "feature26", "feature67", "feature41", "feature23", "feature37", "feature16", "feature46", "feature19", "feature30", "feature62", "feature55", "feature27", "feature35", "feature29", "feature22", "feature34", "feature54", "feature91", "feature14", "feature32", "feature90", "feature20", "feature48", "feature28", "feature17", "feature5", "feature11", "feature64", "feature1", "feature69", "feature57", "feature68", "feature7", "feature4", "feature58", "feature13", "feature61", "feature18", "feature56", "feature65", "feature31", "feature25", "feature63", "feature6", "feature73", "feature74", "feature75", "feature76", "feature77", "feature78", "feature79", "feature80", "feature72", "feature45", "feature70", "feature92", "feature93", "feature94", "feature95", "feature96", "feature97"], "scores": [21986197.00367318, 6886327.7771812845, 6223121.090562281, 4638595.546601686, 4096949.2586052846, 2082006.8270933775, 1595351.8745446643, 1205496.579177136, 1205496.579177136, 1205496.579177136, 1205178.6862556704, 1199426.5225794632, 1153206.8019855067, 1090449.1256579054, 906194.7233763495, 887170.0266224704, 533393.5364510481, 483632.39467493165, 437217.1036983235, 399991.10973389656, 395764.1513222535, 251800.9179134803, 235536.31791859743, 183352.689041645, 139563.97849596862, 125863.00000000001, 125863.00000000001, 107884.66514771724, 40123.33136354179, 38618.876739539395, 31975.542164239596, 22449.039827059038, 19928.270283720853, 13604.84187686464, 12489.574094369276, 11763.661744635592, 11452.25567035991, 10623.175534579721, 9962.578250422739, 9414.323130607987, 8607.961362567508, 8433.023294365308, 8269.730314265355, 6722.355227497253, 5684.046376210694, 5626.724654018772, 5514.620289636299, 4000.3459129198854, 3993.8840881609294, 3763.9662301594108, 3706.880833978833, 3494.4082195275832, 3356.7423920110127, 3219.510364935755, 2889.2557093788682, 2849.088057475041, 2625.7927032104863, 2386.3803306144796, 2321.9509175143426, 2309.084431941636, 2060.7133966517486, 1986.6667484512527, 1877.462701356935, 1613.5417236851663, 1483.7390480911404, 1380.0992605942897, 910.7068497320914, 713.8948747463489, 436.91168728963095, 332.3102475203533, 217.1999669280194, 207.7356383161878, 192.86475268409689, 144.83646734038885, 109.80037339258735, 97.6320673077168, 86.16961820106796, 56.7364470706913, 24.53659689785734, 21.820245572931814, 21.140069356297786, 19.672615001488396, 16.625856565816804, 13.16651333593646, 13.16651333593646, 13.16651333593646, 13.16651333593646, 13.16651333593646, 13.16651333593646, 13.16651333593646, 13.16651333593646, 11.947471418107828, 3.207214000922366, NaN, NaN, NaN, NaN, NaN, NaN, NaN]}, "evaluations": {"eval_method": "jaccard_full_score", "singles": [[0.0, 0.0, 0.0, 0.0, 0.0, 0.0, 0.0, 0.0, 0.0, 0.05263157894736842, 0.047619047619047616, 0.09090909090909091, 0.08333333333333333, 0.07692307692307693, 0.07142857142857142, 0.06666666666666667, 0.13333333333333333, 0.125, 0.11764705882352941, 0.14285714285714285, 0.13513513513513514, 0.1282051282051282, 0.12195121951219512, 0.14285714285714285, 0.13636363636363635, 0.15555555555555556, 0.17391304347826086, 0.19148936170212766, 0.1836734693877551, 0.22448979591836735, 0.24, 0.2549019607843137, 0.2692307692307692, 0.2830188679245283, 0.2962962962962963, 0.2857142857142857, 0.2982456140350877, 0.3103448275862069, 0.3220338983050847, 0.3333333333333333, 0.3442622950819672, 0.3770491803278688, 0.3870967741935484, 0.375, 0.38461538461538464, 0.3939393939393939, 0.40298507462686567, 0.391304347826087, 0.42028985507246375, 0.4084507042253521, 0.43661971830985913, 0.4246575342465753, 0.43243243243243246, 0.4594594594594595, 0.4473684210526316, 0.47368421052631576, 0.46153846153846156, 0.45, 0.475, 0.5, 0.5061728395061729, 0.5121951219512195, 0.5180722891566265, 0.5238095238095238, 0.5116279069767442, 0.5348837209302325, 0.5402298850574713, 0.5632183908045977, 0.5681818181818182, 0.5730337078651685, 0.5604395604395604, 0.5824175824175825, 0.5698924731182796, 0.5913978494623656, 0.6129032258064516, 0.6170212765957447, 0.6382978723404256, 0.625, 0.6122448979591837, 0.6161616161616161, 0.62, 0.64, 0.66, 0.68, 0.7, 0.72, 0.74, 0.76, 0.78, 0.8, 0.82, 0.84, 0.86, 0.88, 0.9, 0.92, 0.94, 0.96, 0.98, 1.0], 0.41432380856749323], "first_gen": [[0.0, 0.0, 0.0, 0.0, 0.0, 0.0, 0.0, 0.06666666666666667, 0.125, 0.17647058823529413, 0.2222222222222222, 0.2631578947368421, 0.3, 0.3333333333333333, 0.30434782608695654, 0.3333333333333333, 0.4166666666666667, 0.38461538461538464, 0.4074074074074074, 0.42857142857142855, 0.4, 0.375, 0.3939393939393939, 0.4117647058823529, 0.42857142857142855, 0.4444444444444444, 0.5, 0.47368421052631576, 0.45, 0.42857142857142855, 0.4090909090909091, 0.4222222222222222, 0.43478260869565216, 0.4782608695652174, 0.48936170212765956, 0.5, 0.5102040816326531, 0.49019607843137253, 0.5294117647058824, 0.5384615384615384, 0.5185185185185185, 0.5272727272727272, 0.5357142857142857, 0.5172413793103449, 0.5, 0.5081967213114754, 0.5409836065573771, 0.5483870967741935, 0.5555555555555556, 0.5625, 0.59375, 0.6, 0.6060606060606061, 0.6119402985074627, 0.5942028985507246, 0.6231884057971014, 0.6521739130434783, 0.6811594202898551, 0.7101449275362319, 0.7391304347826086, 0.7681159420289855, 0.7714285714285715, 0.7746478873239436, 0.7777777777777778, 0.7808219178082192, 0.76, 0.7402597402597403, 0.7435897435897436, 0.7468354430379747, 0.7283950617283951, 0.7108433734939759, 0.7142857142857143, 0.6976744186046512, 0.6818181818181818, 0.6666666666666666, 0.6521739130434783, 0.6559139784946236, 0.6595744680851063, 0.6458333333333334, 0.6494845360824743, 0.6530612244897959, 0.6565656565656566, 0.6767676767676768, 0.696969696969697, 0.7171717171717171, 0.7373737373737373, 0.7575757575757576, 0.7777777777777778, 0.797979797979798, 0.8181818181818182, 0.82, 0.84, 0.86, 0.88, 0.9, 0.92, 0.94, 0.96, 0.98, 1.0], 0.5536509743845611]}}