{"rank_algo": "chi2_score", "seed": 80, "subsampling_proportion": 0.1, "exec_time": 0.1790010929107666, "results": {"features": ["feature50", "feature49", "feature2", "feature52", "feature59", "feature53", "feature51", "feature87", "feature88", "feature89", "feature85", "feature86", "feature84", "feature83", "feature82", "feature36", "feature10", "feature3", "feature66", "feature47", "feature81", "feature71", "feature9", "feature33", "feature8", "feature21", "feature98", "feature99", "feature60", "feature24", "feature38", "feature0", "feature15", "feature44", "feature67", "feature26", "feature1", "feature40", "feature16", "feature41", "feature12", "feature37", "feature27", "feature28", "feature19", "feature91", "feature39", "feature48", "feature30", "feature29", "feature34", "feature46", "feature43", "feature14", "feature90", "feature32", "feature54", "feature18", "feature42", "feature23", "feature5", "feature11", "feature22", "feature62", "feature35", "feature55", "feature57", "feature17", "feature56", "feature64", "feature7", "feature65", "feature4", "feature31", "feature13", "feature58", "feature45", "feature68", "feature20", "feature69", "feature72", "feature6", "feature25", "feature73", "feature76", "feature78", "feature79", "feature80", "feature77", "feature75", "feature74", "feature63", "feature61", "feature70", "feature92", "feature93", "feature94", "feature95", "feature96", "feature97"], "scores": [21991723.020491388, 7451343.524988897, 6089986.142158675, 5239825.172729909, 4286078.853992882, 1912112.9814417213, 1632096.901307569, 1188982.4077036888, 1188982.4077036888, 1188982.4077036888, 1186459.9429838627, 1179309.4050746602, 1132638.3763022975, 1061837.2271475247, 843655.6425080346, 808833.9656621316, 623563.8196865412, 483228.00798507483, 439221.1367926758, 398528.6904994208, 349177.6489324423, 281029.071667643, 260795.11383585492, 211978.5208035652, 181369.70270919887, 164639.28906210835, 126076.99999999999, 126076.99999999999, 59216.5429639481, 46933.51477075423, 30730.045846069617, 29187.641657691092, 20013.64879539019, 12400.525707665049, 12018.633817549591, 11549.640977609564, 10811.563303650535, 9151.814712178922, 7235.926969391468, 6886.347977208496, 6034.272431420139, 5694.71915310739, 4834.417963637533, 4499.57964367272, 4352.418969195791, 4238.766008455197, 4064.7859828726514, 3989.066867804232, 3484.62511605049, 2874.584808642291, 2758.9363367690553, 2621.93463962475, 2391.272947541555, 2331.381330515241, 2272.0856343480123, 2271.6011241626497, 2181.688082903635, 1949.681457217335, 1837.6969384045, 1659.1565622549329, 1584.6169181011192, 1333.6238302840245, 1147.8057950570721, 864.8225835294345, 862.0150863654113, 657.0413909011355, 566.7493339163442, 554.8292301122832, 537.0403140736137, 527.3052926974308, 395.4900298334036, 180.1362263703471, 173.46881263724686, 101.05223974027649, 71.45754033557164, 65.10972819906196, 23.905338381538463, 21.166601980913832, 20.910260611158215, 10.553369836294943, 8.207330749492591, 7.637092198511542, 6.886485450500692, 6.834073520528542, 6.834073520528542, 6.834073520528542, 6.834073520528542, 6.834073520528542, 5.381679201206034, 5.140892477920648, 3.7080028567740513, 1.6063309197904119, 1.1381070247125857, NaN, NaN, NaN, NaN, NaN, NaN, NaN]}, "evaluations": {"eval_method": "jaccard_full_score", "singles": [[0.0, 0.0, 0.0, 0.0, 0.0, 0.0, 0.0, 0.0, 0.0, 0.05263157894736842, 0.047619047619047616, 0.09090909090909091, 0.08333333333333333, 0.07692307692307693, 0.07142857142857142, 0.06666666666666667, 0.13333333333333333, 0.125, 0.11764705882352941, 0.14285714285714285, 0.13513513513513514, 0.1282051282051282, 0.12195121951219512, 0.11627906976744186, 0.1111111111111111, 0.13043478260869565, 0.14893617021276595, 0.19148936170212766, 0.20833333333333334, 0.22448979591836735, 0.24, 0.23076923076923078, 0.2692307692307692, 0.2830188679245283, 0.2727272727272727, 0.2857142857142857, 0.32142857142857145, 0.3333333333333333, 0.3448275862068966, 0.3559322033898305, 0.3898305084745763, 0.4, 0.4098360655737705, 0.3968253968253968, 0.40625, 0.3939393939393939, 0.40298507462686567, 0.391304347826087, 0.4, 0.3888888888888889, 0.3972602739726027, 0.40540540540540543, 0.41333333333333333, 0.42105263157894735, 0.42857142857142855, 0.4358974358974359, 0.46153846153846156, 0.46835443037974683, 0.4936708860759494, 0.5189873417721519, 0.5061728395061729, 0.5308641975308642, 0.5365853658536586, 0.5609756097560976, 0.5476190476190477, 0.5529411764705883, 0.5581395348837209, 0.5632183908045977, 0.5681818181818182, 0.5730337078651685, 0.5777777777777777, 0.5824175824175825, 0.5698924731182796, 0.574468085106383, 0.5957446808510638, 0.6, 0.6210526315789474, 0.6082474226804123, 0.6122448979591837, 0.6161616161616161, 0.6363636363636364, 0.6565656565656566, 0.66, 0.68, 0.7, 0.72, 0.74, 0.76, 0.78, 0.8, 0.82, 0.84, 0.86, 0.88, 0.9, 0.92, 0.94, 0.96, 0.98, 1.0], 0.4148918745737869], "first_gen": [[0.0, 0.0, 0.0, 0.0, 0.0, 0.0, 0.0, 0.06666666666666667, 0.125, 0.17647058823529413, 0.2222222222222222, 0.2631578947368421, 0.3, 0.3333333333333333, 0.36363636363636365, 0.3333333333333333, 0.4166666666666667, 0.44, 0.4074074074074074, 0.3793103448275862, 0.4, 0.375, 0.3939393939393939, 0.37142857142857144, 0.3888888888888889, 0.40540540540540543, 0.4594594594594595, 0.47368421052631576, 0.45, 0.42857142857142855, 0.4090909090909091, 0.4222222222222222, 0.43478260869565216, 0.4782608695652174, 0.4583333333333333, 0.44, 0.45098039215686275, 0.49019607843137253, 0.5, 0.48148148148148145, 0.4642857142857143, 0.47368421052631576, 0.4827586206896552, 0.4666666666666667, 0.47540983606557374, 0.4838709677419355, 0.5161290322580645, 0.5483870967741935, 0.5555555555555556, 0.5384615384615384, 0.5454545454545454, 0.5757575757575758, 0.6060606060606061, 0.6363636363636364, 0.6417910447761194, 0.6716417910447762, 0.7014925373134329, 0.7058823529411765, 0.7101449275362319, 0.7391304347826086, 0.7681159420289855, 0.7464788732394366, 0.75, 0.7534246575342466, 0.7567567567567568, 0.76, 0.7402597402597403, 0.7435897435897436, 0.7468354430379747, 0.7283950617283951, 0.7317073170731707, 0.7142857142857143, 0.6976744186046512, 0.6818181818181818, 0.6666666666666666, 0.6521739130434783, 0.6382978723404256, 0.625, 0.6288659793814433, 0.6494845360824743, 0.6701030927835051, 0.6907216494845361, 0.6938775510204082, 0.7142857142857143, 0.7346938775510204, 0.7551020408163265, 0.7755102040816326, 0.7959183673469388, 0.8163265306122449, 0.8181818181818182, 0.8383838383838383, 0.84, 0.86, 0.88, 0.9, 0.92, 0.94, 0.96, 0.98, 1.0], 0.5488969117912892]}}