{"rank_algo": "mrmr_score", "seed": 71, "subsampling_proportion": 0.1, "exec_time": 36.27591872215271, "results": {"features": ["feature98", "feature99", "feature86", "feature84", "feature85", "feature87", "feature88", "feature89", "feature83", "feature82", "feature81", "feature5", "feature14", "feature23", "feature12", "feature27", "feature32", "feature56", "feature90", "feature37", "feature71", "feature2", "feature48", "feature50", "feature39", "feature59", "feature0", "feature91", "feature22", "feature30", "feature42", "feature62", "feature17", "feature15", "feature28", "feature52", "feature38", "feature9", "feature40", "feature44", "feature24", "feature49", "feature16", "feature4", "feature8", "feature43", "feature29", "feature6", "feature26", "feature36", "feature66", "feature51", "feature46", "feature41", "feature21", "feature67", "feature10", "feature47", "feature57", "feature65", "feature35", "feature53", "feature3", "feature64", "feature69", "feature11", "feature34", "feature18", "feature7", "feature45", "feature61", "feature20", "feature54", "feature13", "feature68", "feature72", "feature25", "feature33", "feature1", "feature58", "feature55", "feature31", "feature63", "feature19", "feature60", "feature73", "feature76", "feature77", "feature78", "feature79", "feature80", "feature74", "feature75", "feature70", "feature92", "feature93", "feature94", "feature95", "feature96", "feature97"], "scores": [99, 98, 97, 96, 95, 94, 93, 92, 91, 90, 89, 88, 87, 86, 85, 84, 83, 82, 81, 80, 79, 78, 77, 76, 75, 74, 73, 72, 71, 70, 69, 68, 67, 66, 65, 64, 63, 62, 61, 60, 59, 58, 57, 56, 55, 54, 53, 52, 51, 50, 49, 48, 47, 46, 45, 44, 43, 42, 41, 40, 39, 38, 37, 36, 35, 34, 33, 32, 31, 30, 29, 28, 27, 26, 25, 24, 23, 22, 21, 20, 19, 18, 17, 16, 15, 14, 13, 12, 11, 10, 9, 8, 7, 0, 0, 0, 0, 0, 0, 0]}, "evaluations": {"eval_method": "jaccard_full_score", "singles": [[1.0, 1.0, 0.5, 0.3333333333333333, 0.25, 0.2, 0.16666666666666666, 0.14285714285714285, 0.125, 0.1111111111111111, 0.1, 0.09090909090909091, 0.08333333333333333, 0.12, 0.15384615384615385, 0.14285714285714285, 0.13333333333333333, 0.125, 0.11764705882352941, 0.1111111111111111, 0.10526315789473684, 0.1282051282051282, 0.12195121951219512, 0.11627906976744186, 0.1111111111111111, 0.13043478260869565, 0.125, 0.12, 0.13725490196078433, 0.15384615384615385, 0.14814814814814814, 0.18518518518518517, 0.2, 0.23636363636363636, 0.22807017543859648, 0.22033898305084745, 0.21311475409836064, 0.2459016393442623, 0.25806451612903225, 0.25, 0.28125, 0.3125, 0.34375, 0.3333333333333333, 0.3235294117647059, 0.3142857142857143, 0.323943661971831, 0.3150684931506849, 0.32432432432432434, 0.3333333333333333, 0.34210526315789475, 0.35064935064935066, 0.358974358974359, 0.38461538461538464, 0.3924050632911392, 0.4, 0.425, 0.4146341463414634, 0.42168674698795183, 0.42857142857142855, 0.4186046511627907, 0.42528735632183906, 0.4318181818181818, 0.43820224719101125, 0.42857142857142855, 0.45054945054945056, 0.45652173913043476, 0.4782608695652174, 0.5, 0.5217391304347826, 0.5268817204301075, 0.5483870967741935, 0.5698924731182796, 0.5913978494623656, 0.5957446808510638, 0.5833333333333334, 0.5876288659793815, 0.6082474226804123, 0.6122448979591837, 0.6326530612244898, 0.6363636363636364, 0.64, 0.66, 0.68, 0.7, 0.72, 0.74, 0.76, 0.78, 0.8, 0.82, 0.84, 0.86, 0.88, 0.9, 0.92, 0.94, 0.96, 0.98, 1.0], 0.4160386681668762], "first_gen": [[1.0, 1.0, 0.5, 0.3333333333333333, 0.42857142857142855, 0.5, 0.5555555555555556, 0.6, 0.6363636363636364, 0.6666666666666666, 0.6923076923076923, 0.7142857142857143, 0.7333333333333333, 0.75, 0.6666666666666666, 0.6, 0.5454545454545454, 0.5, 0.46153846153846156, 0.42857142857142855, 0.4, 0.41935483870967744, 0.3939393939393939, 0.37142857142857144, 0.35135135135135137, 0.3333333333333333, 0.35, 0.3333333333333333, 0.3488372093023256, 0.36363636363636365, 0.37777777777777777, 0.391304347826087, 0.40425531914893614, 0.44680851063829785, 0.4583333333333333, 0.46938775510204084, 0.48, 0.49019607843137253, 0.5, 0.5384615384615384, 0.5471698113207547, 0.5555555555555556, 0.5636363636363636, 0.5714285714285714, 0.5789473684210527, 0.5862068965517241, 0.5666666666666667, 0.5737704918032787, 0.6065573770491803, 0.639344262295082, 0.6451612903225806, 0.6774193548387096, 0.7096774193548387, 0.7142857142857143, 0.71875, 0.7230769230769231, 0.7272727272727273, 0.7313432835820896, 0.7101449275362319, 0.7142857142857143, 0.7428571428571429, 0.7222222222222222, 0.75, 0.7297297297297297, 0.7333333333333333, 0.7142857142857143, 0.717948717948718, 0.7215189873417721, 0.725, 0.7073170731707317, 0.6904761904761905, 0.6941176470588235, 0.6976744186046512, 0.6818181818181818, 0.6666666666666666, 0.6521739130434783, 0.6382978723404256, 0.625, 0.6458333333333334, 0.6494845360824743, 0.6701030927835051, 0.673469387755102, 0.6767676767676768, 0.696969696969697, 0.7, 0.72, 0.74, 0.76, 0.78, 0.8, 0.82, 0.84, 0.86, 0.88, 0.9, 0.92, 0.94, 0.96, 0.98, 1.0], 0.6325066037603588]}}