{"rank_algo": "mrmr_score", "seed": 99, "subsampling_proportion": 0.1, "exec_time": 41.78525447845459, "results": {"features": ["feature98", "feature99", "feature85", "feature86", "feature87", "feature88", "feature89", "feature83", "feature84", "feature82", "feature81", "feature5", "feature14", "feature2", "feature32", "feature56", "feature12", "feature90", "feature37", "feature23", "feature59", "feature17", "feature0", "feature71", "feature39", "feature50", "feature91", "feature27", "feature40", "feature48", "feature62", "feature15", "feature30", "feature49", "feature9", "feature43", "feature22", "feature38", "feature28", "feature52", "feature24", "feature4", "feature8", "feature42", "feature51", "feature26", "feature29", "feature36", "feature34", "feature66", "feature67", "feature46", "feature10", "feature16", "feature21", "feature41", "feature44", "feature47", "feature3", "feature53", "feature6", "feature11", "feature31", "feature35", "feature13", "feature54", "feature20", "feature69", "feature55", "feature65", "feature58", "feature64", "feature18", "feature33", "feature7", "feature68", "feature57", "feature72", "feature1", "feature61", "feature63", "feature45", "feature25", "feature19", "feature74", "feature60", "feature75", "feature73", "feature76", "feature77", "feature78", "feature79", "feature80", "feature70", "feature92", "feature93", "feature94", "feature95", "feature96", "feature97"], "scores": [99, 98, 97, 96, 95, 94, 93, 92, 91, 90, 89, 88, 87, 86, 85, 84, 83, 82, 81, 80, 79, 78, 77, 76, 75, 74, 73, 72, 71, 70, 69, 68, 67, 66, 65, 64, 63, 62, 61, 60, 59, 58, 57, 56, 55, 54, 53, 52, 51, 50, 49, 48, 47, 46, 45, 44, 43, 42, 41, 40, 39, 38, 37, 36, 35, 34, 33, 32, 31, 30, 29, 28, 27, 26, 25, 24, 23, 22, 21, 20, 19, 18, 17, 16, 15, 14, 13, 12, 11, 10, 9, 8, 7, 0, 0, 0, 0, 0, 0, 0]}, "evaluations": {"eval_method": "jaccard_full_score", "singles": [[1.0, 1.0, 0.5, 0.3333333333333333, 0.25, 0.2, 0.16666666666666666, 0.14285714285714285, 0.125, 0.1111111111111111, 0.1, 0.09090909090909091, 0.08333333333333333, 0.07692307692307693, 0.07142857142857142, 0.06666666666666667, 0.0967741935483871, 0.09090909090909091, 0.08571428571428572, 0.14285714285714285, 0.16666666666666666, 0.15789473684210525, 0.15, 0.14285714285714285, 0.13636363636363635, 0.13043478260869565, 0.125, 0.12, 0.13725490196078433, 0.15384615384615385, 0.16981132075471697, 0.18518518518518517, 0.2, 0.23636363636363636, 0.25, 0.2413793103448276, 0.2542372881355932, 0.26666666666666666, 0.25806451612903225, 0.25, 0.28125, 0.2923076923076923, 0.30303030303030304, 0.31343283582089554, 0.3235294117647059, 0.3333333333333333, 0.34285714285714286, 0.3333333333333333, 0.3424657534246575, 0.3333333333333333, 0.34210526315789475, 0.35064935064935066, 0.358974358974359, 0.38461538461538464, 0.3924050632911392, 0.4177215189873418, 0.425, 0.4146341463414634, 0.43902439024390244, 0.4457831325301205, 0.43529411764705883, 0.4588235294117647, 0.4482758620689655, 0.45454545454545453, 0.4606741573033708, 0.48314606741573035, 0.5056179775280899, 0.5111111111111111, 0.5164835164835165, 0.5217391304347826, 0.5268817204301075, 0.5319148936170213, 0.5531914893617021, 0.574468085106383, 0.5957446808510638, 0.5833333333333334, 0.5876288659793815, 0.5918367346938775, 0.5959595959595959, 0.6161616161616161, 0.6363636363636364, 0.6565656565656566, 0.66, 0.68, 0.7, 0.72, 0.74, 0.76, 0.78, 0.8, 0.82, 0.84, 0.86, 0.88, 0.9, 0.92, 0.94, 0.96, 0.98, 1.0], 0.4184046124379022], "first_gen": [[1.0, 1.0, 0.5, 0.3333333333333333, 0.42857142857142855, 0.5, 0.5555555555555556, 0.6, 0.6363636363636364, 0.6666666666666666, 0.6923076923076923, 0.7142857142857143, 0.7333333333333333, 0.6470588235294118, 0.5789473684210527, 0.5238095238095238, 0.5454545454545454, 0.5, 0.46153846153846156, 0.48148148148148145, 0.4482758620689655, 0.41935483870967744, 0.4375, 0.4117647058823529, 0.3888888888888889, 0.3684210526315789, 0.35, 0.3333333333333333, 0.3488372093023256, 0.36363636363636365, 0.37777777777777777, 0.4222222222222222, 0.43478260869565216, 0.4782608695652174, 0.5217391304347826, 0.5652173913043478, 0.574468085106383, 0.5510204081632653, 0.5294117647058824, 0.5384615384615384, 0.5471698113207547, 0.5272727272727272, 0.5636363636363636, 0.6, 0.6071428571428571, 0.6140350877192983, 0.5932203389830508, 0.6271186440677966, 0.6333333333333333, 0.639344262295082, 0.6451612903225806, 0.6507936507936508, 0.6825396825396826, 0.7142857142857143, 0.71875, 0.7230769230769231, 0.7538461538461538, 0.7575757575757576, 0.7611940298507462, 0.7647058823529411, 0.7681159420289855, 0.7464788732394366, 0.75, 0.7534246575342466, 0.7333333333333333, 0.7368421052631579, 0.7402597402597403, 0.7435897435897436, 0.7468354430379747, 0.7283950617283951, 0.7108433734939759, 0.6941176470588235, 0.6976744186046512, 0.6818181818181818, 0.6853932584269663, 0.6703296703296703, 0.6559139784946236, 0.6421052631578947, 0.6631578947368421, 0.6666666666666666, 0.6701030927835051, 0.673469387755102, 0.6767676767676768, 0.696969696969697, 0.7171717171717171, 0.72, 0.74, 0.76, 0.78, 0.8, 0.82, 0.84, 0.86, 0.88, 0.9, 0.92, 0.94, 0.96, 0.98, 1.0], 0.6427884944465537]}}