{"rank_algo": "mrmr_score", "seed": 16, "subsampling_proportion": 0.1, "exec_time": 31.527000427246094, "results": {"features": ["feature98", "feature86", "feature99", "feature85", "feature87", "feature88", "feature89", "feature84", "feature82", "feature83", "feature81", "feature5", "feature32", "feature14", "feature12", "feature2", "feature90", "feature59", "feature71", "feature50", "feature91", "feature39", "feature40", "feature48", "feature30", "feature37", "feature27", "feature15", "feature42", "feature52", "feature23", "feature9", "feature28", "feature24", "feature49", "feature62", "feature38", "feature4", "feature16", "feature44", "feature8", "feature46", "feature29", "feature36", "feature11", "feature17", "feature34", "feature66", "feature51", "feature0", "feature56", "feature26", "feature41", "feature43", "feature47", "feature10", "feature35", "feature67", "feature61", "feature21", "feature22", "feature25", "feature3", "feature31", "feature53", "feature13", "feature57", "feature6", "feature68", "feature64", "feature72", "feature74", "feature58", "feature18", "feature65", "feature7", "feature33", "feature54", "feature20", "feature55", "feature1", "feature75", "feature45", "feature63", "feature19", "feature69", "feature73", "feature60", "feature76", "feature77", "feature78", "feature79", "feature80", "feature70", "feature92", "feature93", "feature94", "feature95", "feature96", "feature97"], "scores": [99, 98, 97, 96, 95, 94, 93, 92, 91, 90, 89, 88, 87, 86, 85, 84, 83, 82, 81, 80, 79, 78, 77, 76, 75, 74, 73, 72, 71, 70, 69, 68, 67, 66, 65, 64, 63, 62, 61, 60, 59, 58, 57, 56, 55, 54, 53, 52, 51, 50, 49, 48, 47, 46, 45, 44, 43, 42, 41, 40, 39, 38, 37, 36, 35, 34, 33, 32, 31, 30, 29, 28, 27, 26, 25, 24, 23, 22, 21, 20, 19, 18, 17, 16, 15, 14, 13, 12, 11, 10, 9, 8, 7, 0, 0, 0, 0, 0, 0, 0]}, "evaluations": {"eval_method": "jaccard_full_score", "singles": [[1.0, 0.3333333333333333, 0.5, 0.3333333333333333, 0.25, 0.2, 0.16666666666666666, 0.14285714285714285, 0.125, 0.1111111111111111, 0.1, 0.09090909090909091, 0.08333333333333333, 0.07692307692307693, 0.1111111111111111, 0.10344827586206896, 0.0967741935483871, 0.125, 0.11764705882352941, 0.14285714285714285, 0.13513513513513514, 0.1282051282051282, 0.15, 0.14285714285714285, 0.13636363636363635, 0.13043478260869565, 0.125, 0.14285714285714285, 0.13725490196078433, 0.15384615384615385, 0.16981132075471697, 0.20754716981132076, 0.2222222222222222, 0.23636363636363636, 0.25, 0.2631578947368421, 0.27586206896551724, 0.288135593220339, 0.3, 0.2903225806451613, 0.30158730158730157, 0.3333333333333333, 0.34375, 0.3333333333333333, 0.34328358208955223, 0.3333333333333333, 0.34285714285714286, 0.3333333333333333, 0.3611111111111111, 0.35135135135135137, 0.36, 0.3684210526315789, 0.37662337662337664, 0.38461538461538464, 0.375, 0.4, 0.4074074074074074, 0.39759036144578314, 0.42168674698795183, 0.4457831325301205, 0.4523809523809524, 0.4588235294117647, 0.46511627906976744, 0.47126436781609193, 0.4606741573033708, 0.48314606741573035, 0.4888888888888889, 0.4945054945054945, 0.5, 0.5053763440860215, 0.49473684210526314, 0.5157894736842106, 0.5368421052631579, 0.5578947368421052, 0.5625, 0.5670103092783505, 0.5876288659793815, 0.6082474226804123, 0.6122448979591837, 0.6161616161616161, 0.6363636363636364, 0.6565656565656566, 0.6767676767676768, 0.696969696969697, 0.7171717171717171, 0.72, 0.74, 0.76, 0.78, 0.8, 0.82, 0.84, 0.86, 0.88, 0.9, 0.92, 0.94, 0.96, 0.98, 1.0], 0.4154863979844895], "first_gen": [[1.0, 0.3333333333333333, 0.5, 0.3333333333333333, 0.42857142857142855, 0.5, 0.5555555555555556, 0.6, 0.6363636363636364, 0.6666666666666666, 0.6923076923076923, 0.7142857142857143, 0.7333333333333333, 0.6470588235294118, 0.5789473684210527, 0.5238095238095238, 0.5454545454545454, 0.5, 0.46153846153846156, 0.42857142857142855, 0.4, 0.375, 0.35294117647058826, 0.3333333333333333, 0.3157894736842105, 0.3, 0.2857142857142857, 0.3023255813953488, 0.3181818181818182, 0.3333333333333333, 0.37777777777777777, 0.4222222222222222, 0.43478260869565216, 0.44680851063829785, 0.48936170212765956, 0.46938775510204084, 0.48, 0.46153846153846156, 0.4444444444444444, 0.48148148148148145, 0.4909090909090909, 0.47368421052631576, 0.4827586206896552, 0.4915254237288136, 0.5, 0.5081967213114754, 0.5161290322580645, 0.5238095238095238, 0.5555555555555556, 0.5873015873015873, 0.6190476190476191, 0.6507936507936508, 0.65625, 0.6875, 0.6923076923076923, 0.7230769230769231, 0.7272727272727273, 0.7313432835820896, 0.7101449275362319, 0.7391304347826086, 0.7681159420289855, 0.7464788732394366, 0.75, 0.7297297297297297, 0.7105263157894737, 0.6923076923076923, 0.675, 0.6790123456790124, 0.6626506024096386, 0.6470588235294118, 0.632183908045977, 0.6363636363636364, 0.6222222222222222, 0.6263736263736264, 0.6129032258064516, 0.6170212765957447, 0.6041666666666666, 0.6082474226804123, 0.6288659793814433, 0.6494845360824743, 0.6701030927835051, 0.6907216494845361, 0.6938775510204082, 0.696969696969697, 0.7171717171717171, 0.7373737373737373, 0.7575757575757576, 0.76, 0.78, 0.8, 0.82, 0.84, 0.86, 0.88, 0.9, 0.92, 0.94, 0.96, 0.98, 1.0], 0.6057858370001729]}}