{"rank_algo": "mrmr_score", "seed": 38, "subsampling_proportion": 0.1, "exec_time": 31.634002208709717, "results": {"features": ["feature98", "feature99", "feature86", "feature83", "feature85", "feature87", "feature88", "feature89", "feature84", "feature82", "feature81", "feature5", "feature14", "feature48", "feature90", "feature23", "feature2", "feature32", "feature50", "feature27", "feature12", "feature71", "feature39", "feature59", "feature91", "feature37", "feature24", "feature9", "feature15", "feature30", "feature52", "feature40", "feature62", "feature8", "feature49", "feature44", "feature4", "feature38", "feature28", "feature11", "feature10", "feature22", "feature42", "feature51", "feature26", "feature47", "feature29", "feature16", "feature66", "feature36", "feature34", "feature0", "feature56", "feature3", "feature41", "feature43", "feature61", "feature20", "feature21", "feature67", "feature46", "feature31", "feature53", "feature69", "feature35", "feature7", "feature64", "feature6", "feature57", "feature68", "feature1", "feature13", "feature54", "feature45", "feature72", "feature58", "feature33", "feature25", "feature65", "feature63", "feature55", "feature18", "feature74", "feature60", "feature75", "feature17", "feature19", "feature73", "feature76", "feature77", "feature78", "feature79", "feature80", "feature70", "feature92", "feature93", "feature94", "feature95", "feature96", "feature97"], "scores": [99, 98, 97, 96, 95, 94, 93, 92, 91, 90, 89, 88, 87, 86, 85, 84, 83, 82, 81, 80, 79, 78, 77, 76, 75, 74, 73, 72, 71, 70, 69, 68, 67, 66, 65, 64, 63, 62, 61, 60, 59, 58, 57, 56, 55, 54, 53, 52, 51, 50, 49, 48, 47, 46, 45, 44, 43, 42, 41, 40, 39, 38, 37, 36, 35, 34, 33, 32, 31, 30, 29, 28, 27, 26, 25, 24, 23, 22, 21, 20, 19, 18, 17, 16, 15, 14, 13, 12, 11, 10, 9, 8, 7, 0, 0, 0, 0, 0, 0, 0]}, "evaluations": {"eval_method": "jaccard_full_score", "singles": [[1.0, 1.0, 0.5, 0.3333333333333333, 0.25, 0.2, 0.16666666666666666, 0.14285714285714285, 0.125, 0.1111111111111111, 0.1, 0.09090909090909091, 0.08333333333333333, 0.07692307692307693, 0.07142857142857142, 0.10344827586206896, 0.0967741935483871, 0.09090909090909091, 0.08571428571428572, 0.1111111111111111, 0.13513513513513514, 0.1282051282051282, 0.12195121951219512, 0.14285714285714285, 0.13636363636363635, 0.13043478260869565, 0.125, 0.12, 0.13725490196078433, 0.15384615384615385, 0.16981132075471697, 0.18518518518518517, 0.2222222222222222, 0.23636363636363636, 0.25, 0.2413793103448276, 0.2542372881355932, 0.26666666666666666, 0.25806451612903225, 0.2698412698412698, 0.30158730158730157, 0.3333333333333333, 0.36507936507936506, 0.375, 0.38461538461538464, 0.373134328358209, 0.38235294117647056, 0.391304347826087, 0.38028169014084506, 0.3888888888888889, 0.3972602739726027, 0.38666666666666666, 0.37662337662337664, 0.4025974025974026, 0.41025641025641024, 0.4177215189873418, 0.4430379746835443, 0.45, 0.475, 0.48148148148148145, 0.4878048780487805, 0.4939759036144578, 0.4823529411764706, 0.4883720930232558, 0.4772727272727273, 0.5, 0.5056179775280899, 0.5111111111111111, 0.5164835164835165, 0.5217391304347826, 0.5268817204301075, 0.5483870967741935, 0.5698924731182796, 0.5913978494623656, 0.5957446808510638, 0.6, 0.6210526315789474, 0.625, 0.6122448979591837, 0.6326530612244898, 0.6363636363636364, 0.6565656565656566, 0.6767676767676768, 0.696969696969697, 0.7171717171717171, 0.72, 0.74, 0.76, 0.78, 0.8, 0.82, 0.84, 0.86, 0.88, 0.9, 0.92, 0.94, 0.96, 0.98, 1.0], 0.42962004606105275], "first_gen": [[1.0, 1.0, 0.5, 0.3333333333333333, 0.42857142857142855, 0.5, 0.5555555555555556, 0.6, 0.6363636363636364, 0.6666666666666666, 0.6923076923076923, 0.7142857142857143, 0.7333333333333333, 0.6470588235294118, 0.5789473684210527, 0.6, 0.6190476190476191, 0.5652173913043478, 0.52, 0.48148148148148145, 0.4482758620689655, 0.41935483870967744, 0.3939393939393939, 0.37142857142857144, 0.35135135135135137, 0.3333333333333333, 0.3170731707317073, 0.3333333333333333, 0.3488372093023256, 0.36363636363636365, 0.37777777777777777, 0.4222222222222222, 0.43478260869565216, 0.4782608695652174, 0.5217391304347826, 0.5319148936170213, 0.5102040816326531, 0.49019607843137253, 0.4716981132075472, 0.48148148148148145, 0.4909090909090909, 0.5, 0.5357142857142857, 0.5714285714285714, 0.5789473684210527, 0.5862068965517241, 0.5666666666666667, 0.5737704918032787, 0.5806451612903226, 0.6129032258064516, 0.6190476190476191, 0.6507936507936508, 0.6825396825396826, 0.7142857142857143, 0.6923076923076923, 0.7230769230769231, 0.7272727272727273, 0.7313432835820896, 0.7352941176470589, 0.7391304347826086, 0.7681159420289855, 0.7464788732394366, 0.726027397260274, 0.7297297297297297, 0.7333333333333333, 0.7368421052631579, 0.717948717948718, 0.7215189873417721, 0.7037037037037037, 0.6867469879518072, 0.6904761904761905, 0.6744186046511628, 0.6781609195402298, 0.6629213483146067, 0.6483516483516484, 0.6344086021505376, 0.6210526315789474, 0.6082474226804123, 0.6122448979591837, 0.6161616161616161, 0.6363636363636364, 0.6565656565656566, 0.6767676767676768, 0.68, 0.7, 0.72, 0.74, 0.76, 0.78, 0.8, 0.82, 0.84, 0.86, 0.88, 0.9, 0.92, 0.94, 0.96, 0.98, 1.0], 0.6298169794180976]}}