{"rank_algo": "mrmr_score", "seed": 15, "subsampling_proportion": 0.1, "exec_time": 31.36496615409851, "results": {"features": ["feature98", "feature85", "feature99", "feature86", "feature87", "feature88", "feature89", "feature5", "feature84", "feature83", "feature82", "feature56", "feature81", "feature14", "feature12", "feature32", "feature2", "feature90", "feature27", "feature71", "feature0", "feature39", "feature59", "feature50", "feature30", "feature40", "feature44", "feature91", "feature62", "feature9", "feature37", "feature42", "feature48", "feature49", "feature8", "feature28", "feature15", "feature26", "feature29", "feature52", "feature51", "feature36", "feature10", "feature24", "feature46", "feature38", "feature4", "feature11", "feature43", "feature34", "feature16", "feature41", "feature47", "feature66", "feature3", "feature68", "feature21", "feature57", "feature35", "feature53", "feature67", "feature23", "feature13", "feature31", "feature6", "feature45", "feature33", "feature19", "feature18", "feature72", "feature54", "feature64", "feature1", "feature55", "feature22", "feature25", "feature65", "feature69", "feature7", "feature61", "feature73", "feature63", "feature20", "feature60", "feature17", "feature74", "feature75", "feature76", "feature77", "feature78", "feature58", "feature79", "feature80", "feature70", "feature92", "feature93", "feature94", "feature95", "feature96", "feature97"], "scores": [99, 98, 97, 96, 95, 94, 93, 92, 91, 90, 89, 88, 87, 86, 85, 84, 83, 82, 81, 80, 79, 78, 77, 76, 75, 74, 73, 72, 71, 70, 69, 68, 67, 66, 65, 64, 63, 62, 61, 60, 59, 58, 57, 56, 55, 54, 53, 52, 51, 50, 49, 48, 47, 46, 45, 44, 43, 42, 41, 40, 39, 38, 37, 36, 35, 34, 33, 32, 31, 30, 29, 28, 27, 26, 25, 24, 23, 22, 21, 20, 19, 18, 17, 16, 15, 14, 13, 12, 11, 10, 9, 8, 7, 0, 0, 0, 0, 0, 0, 0]}, "evaluations": {"eval_method": "jaccard_full_score", "singles": [[1.0, 0.3333333333333333, 0.5, 0.3333333333333333, 0.25, 0.2, 0.16666666666666666, 0.14285714285714285, 0.125, 0.1111111111111111, 0.1, 0.09090909090909091, 0.08333333333333333, 0.07692307692307693, 0.1111111111111111, 0.10344827586206896, 0.0967741935483871, 0.09090909090909091, 0.08571428571428572, 0.1111111111111111, 0.10526315789473684, 0.1, 0.12195121951219512, 0.11627906976744186, 0.1111111111111111, 0.13043478260869565, 0.125, 0.12, 0.13725490196078433, 0.15384615384615385, 0.16981132075471697, 0.18518518518518517, 0.2, 0.23636363636363636, 0.22807017543859648, 0.22033898305084745, 0.23333333333333334, 0.26666666666666666, 0.25806451612903225, 0.25, 0.28125, 0.2923076923076923, 0.3230769230769231, 0.3333333333333333, 0.34328358208955223, 0.3333333333333333, 0.34285714285714286, 0.352112676056338, 0.3611111111111111, 0.35135135135135137, 0.3783783783783784, 0.38666666666666666, 0.37662337662337664, 0.38461538461538464, 0.3924050632911392, 0.4, 0.425, 0.4146341463414634, 0.42168674698795183, 0.42857142857142855, 0.4186046511627907, 0.4418604651162791, 0.4482758620689655, 0.45454545454545453, 0.4444444444444444, 0.4666666666666667, 0.4888888888888889, 0.5111111111111111, 0.5333333333333333, 0.5384615384615384, 0.5434782608695652, 0.5483870967741935, 0.5698924731182796, 0.574468085106383, 0.5957446808510638, 0.5833333333333334, 0.5876288659793815, 0.5918367346938775, 0.5959595959595959, 0.6161616161616161, 0.6363636363636364, 0.6565656565656566, 0.6767676767676768, 0.696969696969697, 0.7, 0.72, 0.74, 0.76, 0.78, 0.8, 0.82, 0.84, 0.86, 0.88, 0.9, 0.92, 0.94, 0.96, 0.98, 1.0], 0.41135209628941694], "first_gen": [[1.0, 0.3333333333333333, 0.5, 0.3333333333333333, 0.42857142857142855, 0.5, 0.5555555555555556, 0.6, 0.6363636363636364, 0.6666666666666666, 0.6923076923076923, 0.7142857142857143, 0.7333333333333333, 0.6470588235294118, 0.5789473684210527, 0.5238095238095238, 0.5454545454545454, 0.5, 0.46153846153846156, 0.42857142857142855, 0.4482758620689655, 0.41935483870967744, 0.3939393939393939, 0.37142857142857144, 0.35135135135135137, 0.3333333333333333, 0.35, 0.3333333333333333, 0.3488372093023256, 0.3953488372093023, 0.4090909090909091, 0.4222222222222222, 0.43478260869565216, 0.4782608695652174, 0.5217391304347826, 0.5, 0.5416666666666666, 0.5510204081632653, 0.5294117647058824, 0.5384615384615384, 0.5769230769230769, 0.5555555555555556, 0.5925925925925926, 0.6, 0.6071428571428571, 0.5862068965517241, 0.5932203389830508, 0.6, 0.6333333333333333, 0.639344262295082, 0.6451612903225806, 0.6507936507936508, 0.6825396825396826, 0.6875, 0.6923076923076923, 0.696969696969697, 0.7272727272727273, 0.7058823529411765, 0.7101449275362319, 0.7142857142857143, 0.7183098591549296, 0.7222222222222222, 0.7027027027027027, 0.6842105263157895, 0.6883116883116883, 0.6708860759493671, 0.654320987654321, 0.6585365853658537, 0.6626506024096386, 0.6470588235294118, 0.6511627906976745, 0.6363636363636364, 0.6404494382022472, 0.6444444444444445, 0.6483516483516484, 0.6344086021505376, 0.6210526315789474, 0.625, 0.6458333333333334, 0.6494845360824743, 0.6701030927835051, 0.673469387755102, 0.6938775510204082, 0.696969696969697, 0.7171717171717171, 0.7373737373737373, 0.7575757575757576, 0.7777777777777778, 0.797979797979798, 0.8181818181818182, 0.82, 0.84, 0.86, 0.88, 0.9, 0.92, 0.94, 0.96, 0.98, 1.0], 0.6221657354698396]}}