{"rank_algo": "mrmr_score", "seed": 90, "subsampling_proportion": 0.1, "exec_time": 50.68934726715088, "results": {"features": ["feature98", "feature86", "feature99", "feature85", "feature87", "feature88", "feature89", "feature83", "feature84", "feature5", "feature82", "feature81", "feature0", "feature14", "feature23", "feature32", "feature2", "feature50", "feature12", "feature90", "feature71", "feature59", "feature39", "feature91", "feature37", "feature48", "feature40", "feature42", "feature9", "feature24", "feature30", "feature49", "feature27", "feature28", "feature52", "feature15", "feature8", "feature11", "feature22", "feature38", "feature51", "feature4", "feature43", "feature29", "feature47", "feature36", "feature34", "feature66", "feature10", "feature67", "feature16", "feature46", "feature21", "feature26", "feature56", "feature41", "feature17", "feature6", "feature62", "feature69", "feature31", "feature35", "feature19", "feature3", "feature53", "feature72", "feature44", "feature45", "feature61", "feature64", "feature58", "feature68", "feature54", "feature13", "feature33", "feature18", "feature57", "feature1", "feature65", "feature55", "feature25", "feature20", "feature73", "feature60", "feature76", "feature77", "feature63", "feature78", "feature79", "feature80", "feature75", "feature7", "feature74", "feature70", "feature92", "feature93", "feature94", "feature95", "feature96", "feature97"], "scores": [99, 98, 97, 96, 95, 94, 93, 92, 91, 90, 89, 88, 87, 86, 85, 84, 83, 82, 81, 80, 79, 78, 77, 76, 75, 74, 73, 72, 71, 70, 69, 68, 67, 66, 65, 64, 63, 62, 61, 60, 59, 58, 57, 56, 55, 54, 53, 52, 51, 50, 49, 48, 47, 46, 45, 44, 43, 42, 41, 40, 39, 38, 37, 36, 35, 34, 33, 32, 31, 30, 29, 28, 27, 26, 25, 24, 23, 22, 21, 20, 19, 18, 17, 16, 15, 14, 13, 12, 11, 10, 9, 8, 7, 0, 0, 0, 0, 0, 0, 0]}, "evaluations": {"eval_method": "jaccard_full_score", "singles": [[1.0, 0.3333333333333333, 0.5, 0.3333333333333333, 0.25, 0.2, 0.16666666666666666, 0.14285714285714285, 0.125, 0.1111111111111111, 0.1, 0.09090909090909091, 0.08333333333333333, 0.07692307692307693, 0.1111111111111111, 0.10344827586206896, 0.0967741935483871, 0.09090909090909091, 0.11764705882352941, 0.14285714285714285, 0.13513513513513514, 0.15789473684210525, 0.15, 0.14285714285714285, 0.13636363636363635, 0.13043478260869565, 0.14893617021276595, 0.14285714285714285, 0.13725490196078433, 0.15384615384615385, 0.16981132075471697, 0.20754716981132076, 0.2222222222222222, 0.23636363636363636, 0.22807017543859648, 0.2413793103448276, 0.2542372881355932, 0.288135593220339, 0.3, 0.2903225806451613, 0.3225806451612903, 0.3333333333333333, 0.34375, 0.3333333333333333, 0.3235294117647059, 0.3142857142857143, 0.323943661971831, 0.3150684931506849, 0.3424657534246575, 0.3333333333333333, 0.36, 0.3684210526315789, 0.37662337662337664, 0.4025974025974026, 0.3924050632911392, 0.4177215189873418, 0.425, 0.4146341463414634, 0.43902439024390244, 0.4457831325301205, 0.43529411764705883, 0.4418604651162791, 0.4482758620689655, 0.47126436781609193, 0.4606741573033708, 0.4666666666666667, 0.4725274725274725, 0.4945054945054945, 0.5164835164835165, 0.5217391304347826, 0.5268817204301075, 0.5319148936170213, 0.5531914893617021, 0.574468085106383, 0.5957446808510638, 0.6, 0.6041666666666666, 0.625, 0.6122448979591837, 0.6161616161616161, 0.62, 0.64, 0.66, 0.68, 0.7, 0.72, 0.74, 0.76, 0.78, 0.8, 0.82, 0.84, 0.86, 0.88, 0.9, 0.92, 0.94, 0.96, 0.98, 1.0], 0.4156240618679499], "first_gen": [[1.0, 0.3333333333333333, 0.5, 0.3333333333333333, 0.42857142857142855, 0.5, 0.5555555555555556, 0.6, 0.6363636363636364, 0.6666666666666666, 0.6923076923076923, 0.7142857142857143, 0.7333333333333333, 0.6470588235294118, 0.6666666666666666, 0.6, 0.6190476190476191, 0.5652173913043478, 0.52, 0.48148148148148145, 0.5, 0.4666666666666667, 0.4375, 0.4117647058823529, 0.3888888888888889, 0.3684210526315789, 0.35, 0.3333333333333333, 0.38095238095238093, 0.3953488372093023, 0.4090909090909091, 0.45454545454545453, 0.4666666666666667, 0.4782608695652174, 0.48936170212765956, 0.5, 0.5416666666666666, 0.52, 0.5294117647058824, 0.5384615384615384, 0.5471698113207547, 0.5272727272727272, 0.5636363636363636, 0.5714285714285714, 0.5789473684210527, 0.559322033898305, 0.5666666666666667, 0.5737704918032787, 0.6065573770491803, 0.5873015873015873, 0.59375, 0.625, 0.65625, 0.6875, 0.6923076923076923, 0.696969696969697, 0.7272727272727273, 0.7058823529411765, 0.7101449275362319, 0.7142857142857143, 0.7183098591549296, 0.7464788732394366, 0.7746478873239436, 0.7777777777777778, 0.7567567567567568, 0.7368421052631579, 0.7402597402597403, 0.7215189873417721, 0.7037037037037037, 0.6867469879518072, 0.6705882352941176, 0.6551724137931034, 0.6590909090909091, 0.6444444444444445, 0.6304347826086957, 0.6344086021505376, 0.6210526315789474, 0.625, 0.6288659793814433, 0.6494845360824743, 0.6530612244897959, 0.673469387755102, 0.6938775510204082, 0.696969696969697, 0.7171717171717171, 0.7373737373737373, 0.74, 0.76, 0.78, 0.8, 0.82, 0.84, 0.86, 0.88, 0.9, 0.92, 0.94, 0.96, 0.98, 1.0], 0.6300859469824707]}}