{"rank_algo": "mrmr_score", "seed": 58, "subsampling_proportion": 0.1, "exec_time": 31.56499934196472, "results": {"features": ["feature98", "feature86", "feature99", "feature81", "feature85", "feature87", "feature88", "feature89", "feature83", "feature84", "feature82", "feature5", "feature14", "feature12", "feature32", "feature2", "feature90", "feature59", "feature50", "feature39", "feature71", "feature91", "feature48", "feature37", "feature40", "feature30", "feature26", "feature0", "feature15", "feature42", "feature27", "feature52", "feature58", "feature62", "feature4", "feature24", "feature16", "feature9", "feature38", "feature34", "feature49", "feature43", "feature41", "feature8", "feature17", "feature29", "feature36", "feature51", "feature11", "feature66", "feature56", "feature46", "feature21", "feature28", "feature10", "feature35", "feature47", "feature22", "feature44", "feature61", "feature23", "feature67", "feature31", "feature53", "feature3", "feature55", "feature69", "feature6", "feature13", "feature20", "feature68", "feature45", "feature57", "feature18", "feature65", "feature54", "feature64", "feature33", "feature72", "feature19", "feature1", "feature63", "feature60", "feature73", "feature76", "feature77", "feature78", "feature79", "feature80", "feature74", "feature75", "feature25", "feature7", "feature70", "feature92", "feature93", "feature94", "feature95", "feature96", "feature97"], "scores": [99, 98, 97, 96, 95, 94, 93, 92, 91, 90, 89, 88, 87, 86, 85, 84, 83, 82, 81, 80, 79, 78, 77, 76, 75, 74, 73, 72, 71, 70, 69, 68, 67, 66, 65, 64, 63, 62, 61, 60, 59, 58, 57, 56, 55, 54, 53, 52, 51, 50, 49, 48, 47, 46, 45, 44, 43, 42, 41, 40, 39, 38, 37, 36, 35, 34, 33, 32, 31, 30, 29, 28, 27, 26, 25, 24, 23, 22, 21, 20, 19, 18, 17, 16, 15, 14, 13, 12, 11, 10, 9, 8, 7, 0, 0, 0, 0, 0, 0, 0]}, "evaluations": {"eval_method": "jaccard_full_score", "singles": [[1.0, 0.3333333333333333, 0.5, 0.3333333333333333, 0.25, 0.2, 0.16666666666666666, 0.14285714285714285, 0.125, 0.1111111111111111, 0.1, 0.09090909090909091, 0.08333333333333333, 0.12, 0.1111111111111111, 0.10344827586206896, 0.0967741935483871, 0.125, 0.11764705882352941, 0.14285714285714285, 0.13513513513513514, 0.1282051282051282, 0.12195121951219512, 0.11627906976744186, 0.13636363636363635, 0.13043478260869565, 0.14893617021276595, 0.14285714285714285, 0.16, 0.17647058823529413, 0.16981132075471697, 0.18518518518518517, 0.2222222222222222, 0.25925925925925924, 0.25, 0.2413793103448276, 0.27586206896551724, 0.3103448275862069, 0.3, 0.2903225806451613, 0.3225806451612903, 0.3333333333333333, 0.36507936507936506, 0.35384615384615387, 0.34328358208955223, 0.3333333333333333, 0.323943661971831, 0.3333333333333333, 0.3611111111111111, 0.35135135135135137, 0.36, 0.3684210526315789, 0.37662337662337664, 0.4025974025974026, 0.41025641025641024, 0.4177215189873418, 0.425, 0.43209876543209874, 0.43902439024390244, 0.4634146341463415, 0.46987951807228917, 0.47619047619047616, 0.46511627906976744, 0.47126436781609193, 0.4772727272727273, 0.48314606741573035, 0.4888888888888889, 0.4945054945054945, 0.5164835164835165, 0.5384615384615384, 0.5268817204301075, 0.5483870967741935, 0.5531914893617021, 0.574468085106383, 0.5789473684210527, 0.5833333333333334, 0.5876288659793815, 0.5918367346938775, 0.5959595959595959, 0.6161616161616161, 0.6363636363636364, 0.6565656565656566, 0.6767676767676768, 0.696969696969697, 0.7171717171717171, 0.7373737373737373, 0.7575757575757576, 0.7777777777777778, 0.797979797979798, 0.8181818181818182, 0.8383838383838383, 0.84, 0.86, 0.88, 0.9, 0.92, 0.94, 0.96, 0.98, 1.0], 0.4212108157034825], "first_gen": [[1.0, 0.3333333333333333, 0.5, 0.3333333333333333, 0.42857142857142855, 0.5, 0.5555555555555556, 0.6, 0.6363636363636364, 0.6666666666666666, 0.6923076923076923, 0.7142857142857143, 0.7333333333333333, 0.6470588235294118, 0.5789473684210527, 0.5238095238095238, 0.5454545454545454, 0.5, 0.46153846153846156, 0.42857142857142855, 0.4, 0.375, 0.35294117647058826, 0.3333333333333333, 0.3157894736842105, 0.3, 0.2857142857142857, 0.3023255813953488, 0.3488372093023256, 0.36363636363636365, 0.37777777777777777, 0.391304347826087, 0.40425531914893614, 0.4166666666666667, 0.42857142857142855, 0.4117647058823529, 0.4230769230769231, 0.46153846153846156, 0.4444444444444444, 0.45454545454545453, 0.4642857142857143, 0.47368421052631576, 0.4827586206896552, 0.5172413793103449, 0.5254237288135594, 0.5081967213114754, 0.5161290322580645, 0.5483870967741935, 0.5555555555555556, 0.5625, 0.59375, 0.625, 0.65625, 0.6615384615384615, 0.6666666666666666, 0.6716417910447762, 0.7014925373134329, 0.7313432835820896, 0.7352941176470589, 0.7391304347826086, 0.7681159420289855, 0.7464788732394366, 0.726027397260274, 0.7066666666666667, 0.7105263157894737, 0.7142857142857143, 0.717948717948718, 0.7215189873417721, 0.7037037037037037, 0.7073170731707317, 0.6904761904761905, 0.6744186046511628, 0.6590909090909091, 0.6629213483146067, 0.6483516483516484, 0.6521739130434783, 0.6382978723404256, 0.625, 0.6288659793814433, 0.6494845360824743, 0.6701030927835051, 0.673469387755102, 0.6767676767676768, 0.696969696969697, 0.7171717171717171, 0.7373737373737373, 0.7575757575757576, 0.7777777777777778, 0.78, 0.8, 0.82, 0.84, 0.86, 0.88, 0.9, 0.92, 0.94, 0.96, 0.98, 1.0], 0.606523256439726]}}