{"rank_algo": "mrmr_score", "seed": 36, "subsampling_proportion": 0.1, "exec_time": 31.318000078201294, "results": {"features": ["feature98", "feature99", "feature86", "feature84", "feature85", "feature87", "feature88", "feature89", "feature83", "feature5", "feature82", "feature81", "feature23", "feature14", "feature56", "feature32", "feature12", "feature48", "feature90", "feature2", "feature59", "feature39", "feature50", "feature0", "feature71", "feature30", "feature40", "feature37", "feature15", "feature28", "feature42", "feature91", "feature27", "feature52", "feature24", "feature8", "feature29", "feature38", "feature49", "feature44", "feature62", "feature9", "feature34", "feature36", "feature4", "feature66", "feature21", "feature46", "feature51", "feature26", "feature16", "feature10", "feature68", "feature41", "feature47", "feature61", "feature67", "feature35", "feature3", "feature53", "feature11", "feature43", "feature69", "feature57", "feature13", "feature55", "feature6", "feature31", "feature54", "feature33", "feature65", "feature7", "feature64", "feature25", "feature20", "feature74", "feature72", "feature18", "feature22", "feature17", "feature58", "feature60", "feature73", "feature75", "feature76", "feature45", "feature77", "feature78", "feature79", "feature80", "feature63", "feature19", "feature1", "feature70", "feature92", "feature93", "feature94", "feature95", "feature96", "feature97"], "scores": [99, 98, 97, 96, 95, 94, 93, 92, 91, 90, 89, 88, 87, 86, 85, 84, 83, 82, 81, 80, 79, 78, 77, 76, 75, 74, 73, 72, 71, 70, 69, 68, 67, 66, 65, 64, 63, 62, 61, 60, 59, 58, 57, 56, 55, 54, 53, 52, 51, 50, 49, 48, 47, 46, 45, 44, 43, 42, 41, 40, 39, 38, 37, 36, 35, 34, 33, 32, 31, 30, 29, 28, 27, 26, 25, 24, 23, 22, 21, 20, 19, 18, 17, 16, 15, 14, 13, 12, 11, 10, 9, 8, 7, 0, 0, 0, 0, 0, 0, 0]}, "evaluations": {"eval_method": "jaccard_full_score", "singles": [[1.0, 1.0, 0.5, 0.3333333333333333, 0.25, 0.2, 0.16666666666666666, 0.14285714285714285, 0.125, 0.1111111111111111, 0.1, 0.09090909090909091, 0.13043478260869565, 0.12, 0.1111111111111111, 0.10344827586206896, 0.13333333333333333, 0.125, 0.11764705882352941, 0.14285714285714285, 0.16666666666666666, 0.15789473684210525, 0.15, 0.14285714285714285, 0.13636363636363635, 0.13043478260869565, 0.14893617021276595, 0.14285714285714285, 0.16, 0.17647058823529413, 0.16981132075471697, 0.18518518518518517, 0.2, 0.21428571428571427, 0.20689655172413793, 0.2, 0.21311475409836064, 0.22580645161290322, 0.23809523809523808, 0.23076923076923078, 0.26153846153846155, 0.2923076923076923, 0.30303030303030304, 0.29411764705882354, 0.2857142857142857, 0.2777777777777778, 0.3055555555555556, 0.3150684931506849, 0.3424657534246575, 0.35135135135135137, 0.3783783783783784, 0.38666666666666666, 0.37662337662337664, 0.4025974025974026, 0.3924050632911392, 0.4177215189873418, 0.425, 0.4146341463414634, 0.43902439024390244, 0.4457831325301205, 0.4523809523809524, 0.4588235294117647, 0.4482758620689655, 0.45454545454545453, 0.4606741573033708, 0.4666666666666667, 0.4725274725274725, 0.4782608695652174, 0.5, 0.5217391304347826, 0.5106382978723404, 0.5319148936170213, 0.5368421052631579, 0.5416666666666666, 0.5625, 0.5670103092783505, 0.5714285714285714, 0.5918367346938775, 0.5959595959595959, 0.6, 0.62, 0.64, 0.66, 0.68, 0.7, 0.72, 0.74, 0.76, 0.78, 0.8, 0.82, 0.84, 0.86, 0.88, 0.9, 0.92, 0.94, 0.96, 0.98, 1.0], 0.4164808790797553], "first_gen": [[1.0, 1.0, 0.5, 0.3333333333333333, 0.42857142857142855, 0.5, 0.5555555555555556, 0.6, 0.6363636363636364, 0.6666666666666666, 0.6923076923076923, 0.7142857142857143, 0.8571428571428571, 0.75, 0.6666666666666666, 0.6, 0.5454545454545454, 0.5, 0.46153846153846156, 0.48148148148148145, 0.4482758620689655, 0.41935483870967744, 0.3939393939393939, 0.4117647058823529, 0.3888888888888889, 0.3684210526315789, 0.35, 0.3333333333333333, 0.38095238095238093, 0.3953488372093023, 0.4090909090909091, 0.4222222222222222, 0.43478260869565216, 0.44680851063829785, 0.4583333333333333, 0.46938775510204084, 0.48, 0.46153846153846156, 0.4716981132075472, 0.5094339622641509, 0.5185185185185185, 0.5272727272727272, 0.5357142857142857, 0.543859649122807, 0.5254237288135594, 0.5081967213114754, 0.5409836065573771, 0.5737704918032787, 0.6065573770491803, 0.639344262295082, 0.6451612903225806, 0.6774193548387096, 0.6825396825396826, 0.6875, 0.6923076923076923, 0.696969696969697, 0.7014925373134329, 0.7058823529411765, 0.7101449275362319, 0.7142857142857143, 0.7183098591549296, 0.7222222222222222, 0.726027397260274, 0.7066666666666667, 0.6883116883116883, 0.6923076923076923, 0.6962025316455697, 0.6790123456790124, 0.6829268292682927, 0.6666666666666666, 0.6511627906976745, 0.6551724137931034, 0.6404494382022472, 0.6263736263736264, 0.6304347826086957, 0.6344086021505376, 0.6210526315789474, 0.625, 0.6458333333333334, 0.6666666666666666, 0.6701030927835051, 0.673469387755102, 0.6938775510204082, 0.7142857142857143, 0.7346938775510204, 0.7373737373737373, 0.7575757575757576, 0.7777777777777778, 0.797979797979798, 0.8181818181818182, 0.82, 0.84, 0.86, 0.88, 0.9, 0.92, 0.94, 0.96, 0.98, 1.0], 0.628553682055174]}}