{"rank_algo": "chi2_score", "seed": 56, "subsampling_proportion": 0.1, "exec_time": 0.10899877548217773, "results": {"features": ["feature50", "feature49", "feature2", "feature52", "feature59", "feature53", "feature51", "feature82", "feature36", "feature47", "feature10", "feature66", "feature81", "feature33", "feature3", "feature21", "feature71", "feature9", "feature8", "feature60", "feature24", "feature38", "feature40", "feature15", "feature39", "feature43", "feature23", "feature12", "feature67", "feature54", "feature26", "feature37", "feature0", "feature1", "feature41", "feature42", "feature44", "feature30", "feature27", "feature62", "feature16", "feature22", "feature48", "feature46", "feature29", "feature35", "feature17", "feature28", "feature34", "feature11", "feature18", "feature20", "feature90", "feature55", "feature5", "feature64", "feature69", "feature68", "feature56", "feature57", "feature31", "feature4", "feature19", "feature25", "feature58", "feature13", "feature45", "feature6", "feature65", "feature61", "feature63", "feature73", "feature72", "feature7"], "scores": [20800504.7336605, 6857262.945854266, 6143636.109960325, 4871336.966803025, 4166869.1471352614, 1818305.1578852022, 1577210.675334952, 909506.4837419877, 808647.6835450088, 543375.144608234, 469766.1898882884, 440253.84887684457, 391148.30862590816, 376653.792799814, 349535.6215987844, 223972.4285106937, 208410.7918387346, 184171.74302338678, 109459.13423405023, 94868.25800156563, 46010.0846858686, 32868.02771955012, 20424.034725118032, 18593.85295039345, 13322.247035383562, 12751.752481923344, 11119.341364243139, 11098.932008749855, 10740.647840619922, 9591.977019478125, 9439.275535408924, 9258.791915513295, 9111.27362242181, 9042.11075458508, 8761.228197668013, 7947.65044509687, 6316.359621514617, 5811.50066864103, 5450.023975425176, 4585.32350224381, 4307.42156922281, 4120.343470986148, 4106.672608124487, 3874.580095026389, 3607.835177187978, 3390.641571936878, 2800.499044305041, 2760.929515164179, 2751.3116288719857, 2392.8527577321647, 2357.175779658477, 2277.4911389365047, 2264.8443597906967, 2007.1346388369673, 1728.5881710033304, 1021.9278437373026, 353.83091632926846, 267.0754187617302, 231.4872924098669, 157.5322895479981, 111.37491679297588, 108.01809328471843, 32.00614605780784, 28.81345616711416, 26.602361380505428, 21.563112492837373, 21.01594979022977, 17.765228625241175, 13.831203693261706, 11.840643616357848, 9.810075007592584, 8.099945363412491, 2.0001742882109226, 0.22415373250389226]}, "evaluations": {"eval_method": "jaccard_full_score", "singles": [[0.0, 0.0, 0.0, 0.0, 0.0, 0.0, 0.0, 0.06666666666666667, 0.058823529411764705, 0.1111111111111111, 0.15789473684210525, 0.14285714285714285, 0.13043478260869565, 0.12, 0.15384615384615385, 0.18518518518518517, 0.1724137931034483, 0.2, 0.1875, 0.17647058823529413, 0.16666666666666666, 0.15789473684210525, 0.1794871794871795, 0.23076923076923078, 0.21951219512195122, 0.23809523809523808, 0.2558139534883721, 0.3023255813953488, 0.28888888888888886, 0.3333333333333333, 0.34782608695652173, 0.3617021276595745, 0.3469387755102041, 0.36, 0.37254901960784315, 0.38461538461538464, 0.37037037037037035, 0.38181818181818183, 0.39285714285714285, 0.42857142857142855, 0.4642857142857143, 0.5, 0.5087719298245614, 0.543859649122807, 0.5517241379310345, 0.559322033898305, 0.5666666666666667, 0.6, 0.5806451612903226, 0.6129032258064516, 0.6190476190476191, 0.625, 0.6307692307692307, 0.6119402985074627, 0.6176470588235294, 0.6, 0.6056338028169014, 0.6111111111111112, 0.6388888888888888, 0.6666666666666666, 0.6712328767123288, 0.6986301369863014, 0.726027397260274, 0.7297297297297297, 0.7567567567567568, 0.7837837837837838, 0.8108108108108109, 0.8378378378378378, 0.8648648648648649, 0.8918918918918919, 0.918918918918919, 0.9459459459459459, 0.972972972972973, 1.0], 0.42202090865551], "first_gen": [[0.0, 0.0, 0.0, 0.0, 0.0, 0.0, 0.0, 0.14285714285714285, 0.125, 0.1111111111111111, 0.15789473684210525, 0.14285714285714285, 0.18181818181818182, 0.16666666666666666, 0.2, 0.23076923076923078, 0.21428571428571427, 0.2857142857142857, 0.3103448275862069, 0.2903225806451613, 0.2727272727272727, 0.29411764705882354, 0.3142857142857143, 0.3333333333333333, 0.35135135135135137, 0.3684210526315789, 0.42105263157894735, 0.4, 0.38095238095238093, 0.3953488372093023, 0.4090909090909091, 0.391304347826087, 0.40425531914893614, 0.44680851063829785, 0.4583333333333333, 0.5, 0.5416666666666666, 0.52, 0.56, 0.5686274509803921, 0.6078431372549019, 0.6153846153846154, 0.6226415094339622, 0.660377358490566, 0.6363636363636364, 0.6428571428571429, 0.6491228070175439, 0.6842105263157895, 0.7192982456140351, 0.6949152542372882, 0.7, 0.7049180327868853, 0.7096774193548387, 0.7419354838709677, 0.7741935483870968, 0.75, 0.7538461538461538, 0.7846153846153846, 0.7878787878787878, 0.7647058823529411, 0.7681159420289855, 0.7971014492753623, 0.8, 0.8028169014084507, 0.7808219178082192, 0.8082191780821918, 0.8108108108108109, 0.8378378378378378, 0.8648648648648649, 0.8918918918918919, 0.918918918918919, 0.9459459459459459, 0.972972972972973, 1.0], 0.4985811224366475]}}