{"rank_algo": "chi2_score", "seed": 92, "subsampling_proportion": 0.1, "exec_time": 0.10200047492980957, "results": {"features": ["feature50", "feature49", "feature2", "feature52", "feature59", "feature53", "feature51", "feature36", "feature82", "feature66", "feature47", "feature10", "feature3", "feature71", "feature21", "feature81", "feature33", "feature9", "feature8", "feature24", "feature38", "feature15", "feature44", "feature40", "feature39", "feature19", "feature37", "feature43", "feature67", "feature12", "feature0", "feature26", "feature16", "feature42", "feature55", "feature28", "feature62", "feature41", "feature54", "feature35", "feature1", "feature29", "feature27", "feature34", "feature30", "feature18", "feature90", "feature22", "feature48", "feature60", "feature5", "feature56", "feature23", "feature46", "feature11", "feature64", "feature57", "feature17", "feature13", "feature20", "feature7", "feature68", "feature65", "feature31", "feature69", "feature4", "feature72", "feature6", "feature25", "feature61", "feature45", "feature63", "feature58", "feature73", "feature70", "feature92", "feature93", "feature94", "feature95", "feature96", "feature97"], "scores": [22347991.84945126, 7623558.359441757, 5536908.633855874, 4969963.325453884, 4267096.222693906, 2044295.0371642888, 1603647.1144750486, 984564.5151585446, 625820.1746103042, 548278.9056903496, 464756.4115452649, 416227.96417388576, 305212.1249489758, 260852.18478455202, 217235.55908795644, 206141.48048927, 198737.90228790187, 191326.53642282056, 118286.8161989986, 46462.909422153374, 37199.36356709199, 16848.528655944527, 14880.400998037592, 13063.640497028351, 12515.531570164554, 10607.49331909018, 10408.745671146164, 10191.670522114267, 10161.548187513357, 10159.32058054562, 9231.331346331903, 8777.837989201636, 7670.237902840021, 6625.740160910647, 5497.815733572721, 4330.807634335982, 3822.2339646094097, 3715.4333218172123, 3588.0200104475325, 3511.9536088756618, 3148.1408704144137, 3114.7534306969337, 3101.0574102323785, 3083.8467568317433, 3026.188730371725, 2751.2204938750765, 2357.6079892216217, 2004.599158205414, 1976.6243793436897, 1908.2375061114806, 1619.0968998169824, 1095.6708368534296, 1056.6212240375803, 1037.5349276396294, 827.5806942016588, 674.3484658327627, 592.7591397270274, 183.09165701743896, 101.15178816510277, 67.62959778615557, 66.06648421030869, 63.32235079751038, 50.01946373328656, 29.31254369421212, 24.180318236050752, 22.900615115686513, 22.016372709944463, 12.041947127031504, 10.078920295948068, 4.251848221570581, 3.3925088830529724, 1.889730040674788, 1.1578833013926542, 0.33083947380531104, NaN, NaN, NaN, NaN, NaN, NaN, NaN]}, "evaluations": {"eval_method": "jaccard_full_score", "singles": [[0.0, 0.0, 0.0, 0.0, 0.0, 0.0, 0.0, 0.06666666666666667, 0.058823529411764705, 0.1111111111111111, 0.1, 0.14285714285714285, 0.13043478260869565, 0.12, 0.2, 0.18518518518518517, 0.1724137931034483, 0.2, 0.1875, 0.17647058823529413, 0.16666666666666666, 0.1891891891891892, 0.1794871794871795, 0.2, 0.19047619047619047, 0.23809523809523808, 0.22727272727272727, 0.24444444444444444, 0.23404255319148937, 0.2765957446808511, 0.2653061224489796, 0.30612244897959184, 0.32, 0.3333333333333333, 0.32075471698113206, 0.3090909090909091, 0.32142857142857145, 0.35714285714285715, 0.3684210526315789, 0.3793103448275862, 0.3898305084745763, 0.4, 0.4098360655737705, 0.41935483870967744, 0.40625, 0.4375, 0.46875, 0.47692307692307695, 0.48484848484848486, 0.4925373134328358, 0.5, 0.4857142857142857, 0.5142857142857142, 0.5428571428571428, 0.5714285714285714, 0.5774647887323944, 0.5833333333333334, 0.5675675675675675, 0.5733333333333334, 0.6, 0.6052631578947368, 0.5897435897435898, 0.6153846153846154, 0.620253164556962, 0.625, 0.65, 0.675, 0.7, 0.7037037037037037, 0.7283950617283951, 0.7530864197530864, 0.7777777777777778, 0.8024691358024691, 0.8271604938271605, 0.8518518518518519, 0.8765432098765432, 0.9012345679012346, 0.9259259259259259, 0.9506172839506173, 0.9753086419753086, 1.0], 0.41043970895520704], "first_gen": [[0.0, 0.0, 0.0, 0.0, 0.0, 0.0, 0.0, 0.06666666666666667, 0.125, 0.1111111111111111, 0.1, 0.14285714285714285, 0.18181818181818182, 0.16666666666666666, 0.2, 0.23076923076923078, 0.21428571428571427, 0.2857142857142857, 0.3103448275862069, 0.2903225806451613, 0.2727272727272727, 0.3333333333333333, 0.35294117647058826, 0.37142857142857144, 0.3888888888888889, 0.40540540540540543, 0.42105263157894735, 0.4358974358974359, 0.4146341463414634, 0.42857142857142855, 0.4418604651162791, 0.45454545454545453, 0.43478260869565216, 0.44680851063829785, 0.4583333333333333, 0.46938775510204084, 0.48, 0.49019607843137253, 0.5294117647058824, 0.5384615384615384, 0.5769230769230769, 0.5849056603773585, 0.5925925925925926, 0.6, 0.6071428571428571, 0.6428571428571429, 0.6785714285714286, 0.7142857142857143, 0.75, 0.7241379310344828, 0.7288135593220338, 0.7333333333333333, 0.7377049180327869, 0.7419354838709677, 0.71875, 0.696969696969697, 0.6764705882352942, 0.6811594202898551, 0.6619718309859155, 0.6666666666666666, 0.6944444444444444, 0.6986301369863014, 0.7027027027027027, 0.7066666666666667, 0.7333333333333333, 0.7368421052631579, 0.7631578947368421, 0.7894736842105263, 0.7922077922077922, 0.7948717948717948, 0.7974683544303798, 0.8, 0.8024691358024691, 0.8271604938271605, 0.8518518518518519, 0.8765432098765432, 0.9012345679012346, 0.9259259259259259, 0.9506172839506173, 0.9753086419753086, 1.0], 0.5141290766281226]}}