{"rank_algo": "chi2_score", "seed": 8, "subsampling_proportion": 0.1, "exec_time": 0.09799885749816895, "results": {"features": ["feature50", "feature49", "feature2", "feature52", "feature59", "feature53", "feature51", "feature82", "feature36", "feature47", "feature10", "feature66", "feature81", "feature33", "feature3", "feature71", "feature21", "feature9", "feature8", "feature24", "feature60", "feature38", "feature15", "feature22", "feature40", "feature39", "feature0", "feature44", "feature12", "feature26", "feature67", "feature42", "feature55", "feature41", "feature46", "feature37", "feature1", "feature16", "feature30", "feature27", "feature29", "feature34", "feature35", "feature48", "feature62", "feature28", "feature18", "feature54", "feature90", "feature43", "feature20", "feature11", "feature64", "feature19", "feature69", "feature5", "feature57", "feature68", "feature56", "feature4", "feature17", "feature63", "feature31", "feature58", "feature13", "feature65", "feature6", "feature72", "feature23", "feature45", "feature73", "feature7", "feature25", "feature61", "feature70", "feature92", "feature93", "feature94", "feature95", "feature96", "feature97"], "scores": [23885484.739199497, 6460151.63445607, 6306105.046117521, 5990243.734724763, 4813288.400225644, 1819185.4094949283, 1679018.7360217632, 991605.1191164029, 790409.2036920977, 493230.6434469653, 491736.2975631338, 478784.31140834535, 447378.23265010986, 402594.2262045948, 365480.9566899087, 270866.28535581595, 193412.7575465083, 188465.49128797706, 121865.59229278138, 46959.63555465969, 41948.96707846627, 33884.5441028416, 28211.257239457365, 17930.832675354584, 16659.957710359326, 12090.620619884528, 11671.001496778028, 10608.994423017335, 10364.788040801468, 9634.700683740093, 8986.934499771542, 8942.917587417869, 8836.139437003038, 8387.539542468527, 7347.769953973557, 7294.881820636921, 7115.033602000025, 5971.2649459060485, 5666.98953049243, 5529.58456201945, 4946.173123387699, 4567.470691889461, 4532.261147958566, 4293.988286348367, 4042.075697077949, 3019.33431567398, 2756.8979576289057, 2383.920106589722, 2235.429812031672, 1930.0656363456856, 1873.475017238875, 952.4075476217007, 914.3880905805964, 784.465713196451, 646.9396192192684, 552.3466818552628, 342.40401411109934, 323.17204117123725, 316.6631745223366, 180.84063799781103, 73.93349494161964, 45.73301218750669, 38.651447388262156, 37.584375928763514, 34.598076544726055, 22.589683214017562, 20.421033658296004, 14.606955901831915, 7.091810863960445, 6.139062682193428, 4.18921731576399, 4.059884796403484, 2.9580660164363106, 0.15754959618779946, NaN, NaN, NaN, NaN, NaN, NaN, NaN]}, "evaluations": {"eval_method": "jaccard_full_score", "singles": [[0.0, 0.0, 0.0, 0.0, 0.0, 0.0, 0.0, 0.06666666666666667, 0.058823529411764705, 0.1111111111111111, 0.15789473684210525, 0.14285714285714285, 0.13043478260869565, 0.12, 0.15384615384615385, 0.14285714285714285, 0.1724137931034483, 0.2, 0.1875, 0.17647058823529413, 0.16666666666666666, 0.15789473684210525, 0.1794871794871795, 0.23076923076923078, 0.25, 0.2682926829268293, 0.2558139534883721, 0.2727272727272727, 0.28888888888888886, 0.3333333333333333, 0.3191489361702128, 0.3617021276595745, 0.3469387755102041, 0.36, 0.37254901960784315, 0.3584905660377358, 0.37037037037037035, 0.38181818181818183, 0.3684210526315789, 0.40350877192982454, 0.3898305084745763, 0.4, 0.3870967741935484, 0.3968253968253968, 0.40625, 0.4375, 0.46875, 0.47692307692307695, 0.5076923076923077, 0.4925373134328358, 0.5223880597014925, 0.5294117647058824, 0.5362318840579711, 0.5652173913043478, 0.5714285714285714, 0.5774647887323944, 0.5833333333333334, 0.5675675675675675, 0.5526315789473685, 0.5789473684210527, 0.5641025641025641, 0.569620253164557, 0.575, 0.6, 0.625, 0.65, 0.675, 0.7, 0.725, 0.75, 0.775, 0.8, 0.8024691358024691, 0.8271604938271605, 0.8518518518518519, 0.8765432098765432, 0.9012345679012346, 0.9259259259259259, 0.9506172839506173, 0.9753086419753086, 1.0], 0.41794448760656105], "first_gen": [[0.0, 0.0, 0.0, 0.0, 0.0, 0.0, 0.0, 0.14285714285714285, 0.125, 0.1111111111111111, 0.15789473684210525, 0.14285714285714285, 0.18181818181818182, 0.16666666666666666, 0.2, 0.18518518518518517, 0.21428571428571427, 0.2857142857142857, 0.3103448275862069, 0.2903225806451613, 0.2727272727272727, 0.29411764705882354, 0.3142857142857143, 0.3333333333333333, 0.35135135135135137, 0.3684210526315789, 0.42105263157894735, 0.4358974358974359, 0.4146341463414634, 0.4634146341463415, 0.4418604651162791, 0.45454545454545453, 0.43478260869565216, 0.4166666666666667, 0.4583333333333333, 0.46938775510204084, 0.5102040816326531, 0.49019607843137253, 0.5, 0.5384615384615384, 0.5471698113207547, 0.5272727272727272, 0.5087719298245614, 0.543859649122807, 0.5789473684210527, 0.6140350877192983, 0.6491228070175439, 0.6842105263157895, 0.7192982456140351, 0.7241379310344828, 0.7288135593220338, 0.7049180327868853, 0.6825396825396826, 0.6875, 0.6923076923076923, 0.696969696969697, 0.6764705882352942, 0.6571428571428571, 0.6619718309859155, 0.6438356164383562, 0.6712328767123288, 0.6756756756756757, 0.68, 0.6623376623376623, 0.6666666666666666, 0.6923076923076923, 0.717948717948718, 0.7435897435897436, 0.7692307692307693, 0.75, 0.7530864197530864, 0.7777777777777778, 0.8024691358024691, 0.8271604938271605, 0.8518518518518519, 0.8765432098765432, 0.9012345679012346, 0.9259259259259259, 0.9506172839506173, 0.9753086419753086, 1.0], 0.49997489413011065]}}