{"rank_algo": "chi2_score", "seed": 54, "subsampling_proportion": 0.1, "exec_time": 0.09900093078613281, "results": {"features": ["feature50", "feature49", "feature2", "feature52", "feature59", "feature51", "feature53", "feature82", "feature36", "feature66", "feature47", "feature10", "feature81", "feature3", "feature33", "feature60", "feature71", "feature9", "feature21", "feature8", "feature24", "feature15", "feature23", "feature1", "feature20", "feature38", "feature40", "feature0", "feature67", "feature44", "feature39", "feature43", "feature12", "feature26", "feature42", "feature30", "feature18", "feature29", "feature16", "feature54", "feature41", "feature34", "feature27", "feature62", "feature28", "feature35", "feature46", "feature48", "feature90", "feature5", "feature37", "feature22", "feature11", "feature56", "feature55", "feature19", "feature57", "feature69", "feature13", "feature64", "feature4", "feature45", "feature7", "feature65", "feature31", "feature63", "feature72", "feature6", "feature68", "feature58", "feature25", "feature61", "feature73", "feature17"], "scores": [21628948.391596638, 7052534.802528246, 5899066.981117608, 4704242.692380185, 4377341.428711093, 2044621.0281918072, 1605278.766877675, 811247.6037961255, 807336.5138554964, 562939.5083285294, 469275.3499661196, 451509.6636969769, 376095.45716786245, 346555.42414426105, 308701.2386122084, 230631.66538591828, 214309.52165978757, 187685.2220480341, 181344.7769531341, 119552.67268721532, 48896.41196730585, 19617.738476691706, 19580.952285050153, 19219.75704071367, 17459.14812517357, 16772.927542753143, 15565.598833892582, 15088.267404816525, 11853.270063130985, 11485.741000346534, 11431.874176544441, 9526.942989691359, 9474.070519967154, 9142.823454511568, 6779.7701126371185, 5260.643933742429, 5104.820452847566, 5043.587820634176, 4341.922801535923, 3979.2915234750258, 3888.6942968024446, 3784.6007069164193, 3762.8101813089716, 3746.4186636217682, 3563.6087692930446, 3524.872628570908, 2896.7088848355, 2522.358021100565, 2379.0830135982524, 1521.8614609210656, 1387.6148672159484, 1047.9680456349145, 890.7334124416188, 400.99489548641697, 390.9072671717138, 278.3778396179793, 236.23987712928363, 230.0433146928069, 224.56663165798176, 207.1617531040112, 177.6720209118719, 107.2570477826051, 49.69730239505634, 42.56079074924621, 37.650272315629174, 34.387617149230806, 17.117172305323635, 15.292716736381328, 10.962814588143878, 9.401538189623597, 8.310359138370357, 2.8563937045643817, 2.743948842197243, 0.4513172647335083]}, "evaluations": {"eval_method": "jaccard_full_score", "singles": [[0.0, 0.0, 0.0, 0.0, 0.0, 0.0, 0.0, 0.06666666666666667, 0.058823529411764705, 0.1111111111111111, 0.1, 0.14285714285714285, 0.13043478260869565, 0.12, 0.15384615384615385, 0.14285714285714285, 0.13333333333333333, 0.16129032258064516, 0.1875, 0.17647058823529413, 0.16666666666666666, 0.1891891891891892, 0.21052631578947367, 0.2631578947368421, 0.28205128205128205, 0.3, 0.3170731707317073, 0.3333333333333333, 0.3181818181818182, 0.3333333333333333, 0.3191489361702128, 0.3333333333333333, 0.3469387755102041, 0.36, 0.37254901960784315, 0.3584905660377358, 0.37037037037037035, 0.38181818181818183, 0.39285714285714285, 0.42857142857142855, 0.4642857142857143, 0.47368421052631576, 0.5087719298245614, 0.5172413793103449, 0.5517241379310345, 0.559322033898305, 0.5932203389830508, 0.6, 0.6065573770491803, 0.639344262295082, 0.6451612903225806, 0.6507936507936508, 0.65625, 0.6363636363636364, 0.6176470588235294, 0.6470588235294118, 0.6764705882352942, 0.6571428571428571, 0.6857142857142857, 0.6901408450704225, 0.7183098591549296, 0.7464788732394366, 0.75, 0.7777777777777778, 0.8055555555555556, 0.8333333333333334, 0.8611111111111112, 0.863013698630137, 0.8904109589041096, 0.9178082191780822, 0.9452054794520548, 0.9726027397260274, 1.0, 1.0], 0.434538130930957], "first_gen": [[0.0, 0.0, 0.0, 0.0, 0.0, 0.0, 0.0, 0.14285714285714285, 0.125, 0.1111111111111111, 0.1, 0.14285714285714285, 0.18181818181818182, 0.21739130434782608, 0.2, 0.18518518518518517, 0.1724137931034483, 0.2413793103448276, 0.26666666666666666, 0.2903225806451613, 0.2727272727272727, 0.3333333333333333, 0.35294117647058826, 0.37142857142857144, 0.3888888888888889, 0.3684210526315789, 0.42105263157894735, 0.4358974358974359, 0.4146341463414634, 0.4634146341463415, 0.47619047619047616, 0.4883720930232558, 0.4666666666666667, 0.4782608695652174, 0.5217391304347826, 0.5319148936170213, 0.574468085106383, 0.5510204081632653, 0.56, 0.6, 0.5769230769230769, 0.5555555555555556, 0.5636363636363636, 0.6, 0.6363636363636364, 0.6428571428571429, 0.6491228070175439, 0.6842105263157895, 0.7192982456140351, 0.7241379310344828, 0.7288135593220338, 0.7333333333333333, 0.7096774193548387, 0.7419354838709677, 0.7741935483870968, 0.7777777777777778, 0.7538461538461538, 0.7846153846153846, 0.7611940298507462, 0.7647058823529411, 0.7941176470588235, 0.7714285714285715, 0.7746478873239436, 0.7777777777777778, 0.8055555555555556, 0.8082191780821918, 0.8356164383561644, 0.863013698630137, 0.8648648648648649, 0.8918918918918919, 0.918918918918919, 0.9459459459459459, 0.972972972972973, 1.0], 0.50487045742445]}}