{"rank_algo": "chi2_score", "seed": 15, "subsampling_proportion": 0.1, "exec_time": 0.10500216484069824, "results": {"features": ["feature50", "feature49", "feature2", "feature52", "feature59", "feature51", "feature53", "feature36", "feature10", "feature82", "feature33", "feature3", "feature47", "feature66", "feature9", "feature71", "feature81", "feature8", "feature21", "feature60", "feature24", "feature0", "feature44", "feature38", "feature40", "feature39", "feature1", "feature12", "feature26", "feature41", "feature67", "feature43", "feature42", "feature46", "feature27", "feature28", "feature62", "feature15", "feature30", "feature29", "feature16", "feature54", "feature35", "feature34", "feature37", "feature19", "feature48", "feature11", "feature18", "feature5", "feature56", "feature55", "feature57", "feature64", "feature90", "feature23", "feature68", "feature22", "feature20", "feature13", "feature4", "feature45", "feature7", "feature31", "feature65", "feature72", "feature6", "feature61", "feature25", "feature63", "feature69", "feature17", "feature73", "feature58", "feature70", "feature92", "feature93", "feature94", "feature95", "feature96", "feature97"], "scores": [23297518.24733699, 8463120.174847186, 6700288.735516647, 4597468.255214968, 4367571.569851676, 2333062.68485922, 1861897.2631128181, 1047516.5174197515, 752439.7699605734, 675117.3166849888, 623527.9391979006, 566221.2929963226, 444512.78210738226, 420606.2681692021, 355627.562475172, 304386.0161871564, 261445.03371619523, 242393.23807471857, 223429.90363218606, 42164.41168916472, 41158.30491656569, 29989.295688046303, 26917.562011802933, 24596.539898631592, 15731.383737734934, 13398.847019214647, 12871.556678170035, 11215.474896630236, 9585.471611758381, 9027.542549775211, 7933.515169356574, 7422.323633851716, 7252.075748778644, 6296.313133327208, 5760.3319313389, 5508.7776485034765, 5226.173088241189, 4964.027182083357, 4813.164175379556, 4282.308394546087, 3900.2885130975837, 3610.337793692547, 3437.41189972966, 2609.570668214257, 2527.843708290381, 2434.971259120288, 1932.9254578782486, 1872.282028256749, 1743.452317804633, 1607.3181941505588, 766.0259844075181, 747.0762820719913, 570.3075254036177, 514.7448562870152, 464.0709692071591, 252.48434797946416, 220.1820293975029, 197.30905153000054, 175.04638209144275, 162.75986672135616, 145.64387443815457, 106.55877845829377, 98.30620787234139, 22.23931737136034, 18.606912798807937, 11.475436070124106, 10.6028035110599, 8.720563733811582, 7.233664945902917, 6.126531734200746, 3.9439268587102996, 2.4424518191268976, 0.28082394904833985, 0.1503488480544791, NaN, NaN, NaN, NaN, NaN, NaN, NaN]}, "evaluations": {"eval_method": "jaccard_full_score", "singles": [[0.0, 0.0, 0.0, 0.0, 0.0, 0.0, 0.0, 0.06666666666666667, 0.125, 0.17647058823529413, 0.15789473684210525, 0.14285714285714285, 0.13043478260869565, 0.12, 0.15384615384615385, 0.14285714285714285, 0.13333333333333333, 0.16129032258064516, 0.1875, 0.17647058823529413, 0.16666666666666666, 0.15789473684210525, 0.15, 0.17073170731707318, 0.19047619047619047, 0.20930232558139536, 0.22727272727272727, 0.2727272727272727, 0.28888888888888886, 0.3333333333333333, 0.3191489361702128, 0.3333333333333333, 0.3469387755102041, 0.36, 0.37254901960784315, 0.3584905660377358, 0.37037037037037035, 0.4074074074074074, 0.39285714285714285, 0.40350877192982454, 0.41379310344827586, 0.4482758620689655, 0.43333333333333335, 0.4426229508196721, 0.42857142857142855, 0.4603174603174603, 0.46875, 0.47692307692307695, 0.5076923076923077, 0.4925373134328358, 0.5, 0.4857142857142857, 0.49295774647887325, 0.5, 0.5277777777777778, 0.5555555555555556, 0.5616438356164384, 0.5675675675675675, 0.5733333333333334, 0.6, 0.6052631578947368, 0.6103896103896104, 0.6363636363636364, 0.6410256410256411, 0.6666666666666666, 0.6923076923076923, 0.717948717948718, 0.7435897435897436, 0.7468354430379747, 0.7721518987341772, 0.775, 0.7777777777777778, 0.8024691358024691, 0.8271604938271605, 0.8518518518518519, 0.8765432098765432, 0.9012345679012346, 0.9259259259259259, 0.9506172839506173, 0.9753086419753086, 1.0], 0.4205039708236358], "first_gen": [[0.0, 0.0, 0.0, 0.0, 0.0, 0.0, 0.0, 0.06666666666666667, 0.125, 0.17647058823529413, 0.15789473684210525, 0.2, 0.18181818181818182, 0.16666666666666666, 0.2, 0.18518518518518517, 0.21428571428571427, 0.2857142857142857, 0.3103448275862069, 0.2903225806451613, 0.2727272727272727, 0.3333333333333333, 0.35294117647058826, 0.3333333333333333, 0.35135135135135137, 0.3684210526315789, 0.42105263157894735, 0.4, 0.4146341463414634, 0.42857142857142855, 0.4090909090909091, 0.4222222222222222, 0.43478260869565216, 0.44680851063829785, 0.48936170212765956, 0.5, 0.5102040816326531, 0.5510204081632653, 0.56, 0.5384615384615384, 0.5471698113207547, 0.5849056603773585, 0.5636363636363636, 0.5714285714285714, 0.6071428571428571, 0.6428571428571429, 0.6491228070175439, 0.6551724137931034, 0.6896551724137931, 0.6949152542372882, 0.7, 0.7049180327868853, 0.6825396825396826, 0.6615384615384615, 0.6666666666666666, 0.6716417910447762, 0.6521739130434783, 0.6571428571428571, 0.6619718309859155, 0.6438356164383562, 0.6486486486486487, 0.6533333333333333, 0.68, 0.6623376623376623, 0.6883116883116883, 0.7142857142857143, 0.7402597402597403, 0.7435897435897436, 0.7468354430379747, 0.75, 0.775, 0.8, 0.825, 0.8271604938271605, 0.8518518518518519, 0.8765432098765432, 0.9012345679012346, 0.9259259259259259, 0.9506172839506173, 0.9753086419753086, 1.0], 0.5030420749567744]}}