{"rank_algo": "chi2_score", "seed": 36, "subsampling_proportion": 0.1, "exec_time": 0.10800027847290039, "results": {"features": ["feature50", "feature49", "feature2", "feature52", "feature59", "feature53", "feature51", "feature36", "feature82", "feature33", "feature66", "feature10", "feature81", "feature47", "feature3", "feature21", "feature71", "feature9", "feature8", "feature60", "feature24", "feature38", "feature0", "feature15", "feature23", "feature40", "feature44", "feature67", "feature39", "feature12", "feature41", "feature42", "feature37", "feature26", "feature55", "feature30", "feature48", "feature46", "feature54", "feature29", "feature16", "feature35", "feature28", "feature62", "feature34", "feature27", "feature56", "feature43", "feature20", "feature5", "feature64", "feature18", "feature11", "feature7", "feature90", "feature69", "feature57", "feature68", "feature22", "feature61", "feature4", "feature13", "feature65", "feature31", "feature1", "feature19", "feature6", "feature72", "feature58", "feature17", "feature25", "feature73", "feature45", "feature63"], "scores": [24225374.796828516, 7818959.598970257, 5952739.3804561645, 5570273.384526973, 4498231.223246215, 1974430.8544488202, 1681504.2115447035, 992772.8495205989, 887472.3678659111, 630667.0742252858, 566342.0687947378, 472837.8053215764, 391980.22792019945, 366399.899428355, 363603.7479402656, 312852.52858595655, 208334.32300658384, 198546.05692609667, 144788.0843011575, 135777.48452868173, 52157.50217161331, 33570.383175787036, 25954.507007783905, 21703.532515064508, 14118.70428009012, 13908.098702221558, 13894.940772786482, 12666.024805978734, 12132.240929913543, 10713.67921841823, 8566.502230099588, 8473.317615623197, 7163.988915648254, 7033.967254211056, 6774.64128317459, 5907.668326298524, 5556.064023783325, 5201.039425338335, 5171.727524524521, 5021.4377134462875, 4314.468795352907, 3880.109391756618, 3770.3581848535664, 3272.4952141238773, 3239.0045214984075, 2980.4594482377925, 2598.6804316946696, 2340.7151145347884, 2249.9125980228705, 1741.9744911193407, 973.5038071334952, 747.8029913656264, 714.460443520858, 491.2291580876831, 452.8548666413715, 438.1970921298346, 391.61750147950966, 323.7298248275551, 149.98206031096814, 140.6516542272587, 132.48358464759073, 117.66002677015413, 30.598895662303303, 24.399689420496426, 21.01989863859187, 13.2714935370992, 11.412304257809858, 10.222224209102976, 8.209836772060317, 5.722903590916696, 3.517507926796461, 2.744385570499122, 2.6168408275506163, 0.7044161904639972]}, "evaluations": {"eval_method": "jaccard_full_score", "singles": [[0.0, 0.0, 0.0, 0.0, 0.0, 0.0, 0.0, 0.06666666666666667, 0.058823529411764705, 0.1111111111111111, 0.1, 0.14285714285714285, 0.13043478260869565, 0.12, 0.15384615384615385, 0.18518518518518517, 0.1724137931034483, 0.2, 0.1875, 0.17647058823529413, 0.16666666666666666, 0.15789473684210525, 0.15, 0.2, 0.21951219512195122, 0.2682926829268293, 0.2558139534883721, 0.2727272727272727, 0.2608695652173913, 0.30434782608695654, 0.3191489361702128, 0.3617021276595745, 0.3469387755102041, 0.36, 0.34615384615384615, 0.3333333333333333, 0.32142857142857145, 0.35714285714285715, 0.3684210526315789, 0.3793103448275862, 0.41379310344827586, 0.423728813559322, 0.4576271186440678, 0.4915254237288136, 0.5, 0.5333333333333333, 0.5409836065573771, 0.5483870967741935, 0.5555555555555556, 0.5873015873015873, 0.5692307692307692, 0.5757575757575758, 0.582089552238806, 0.5882352941176471, 0.5942028985507246, 0.6, 0.6285714285714286, 0.6338028169014085, 0.6619718309859155, 0.6901408450704225, 0.7183098591549296, 0.7464788732394366, 0.75, 0.7777777777777778, 0.8055555555555556, 0.8333333333333334, 0.8611111111111112, 0.863013698630137, 0.8904109589041096, 0.8918918918918919, 0.918918918918919, 0.9459459459459459, 0.972972972972973, 1.0], 0.4137941540373167], "first_gen": [[0.0, 0.0, 0.0, 0.0, 0.0, 0.0, 0.0, 0.06666666666666667, 0.125, 0.1111111111111111, 0.1, 0.14285714285714285, 0.18181818181818182, 0.16666666666666666, 0.2, 0.23076923076923078, 0.21428571428571427, 0.2857142857142857, 0.3103448275862069, 0.2903225806451613, 0.2727272727272727, 0.29411764705882354, 0.3142857142857143, 0.3333333333333333, 0.35135135135135137, 0.3684210526315789, 0.42105263157894735, 0.4, 0.4146341463414634, 0.42857142857142855, 0.4090909090909091, 0.4222222222222222, 0.40425531914893614, 0.4166666666666667, 0.42857142857142855, 0.44, 0.48, 0.49019607843137253, 0.5294117647058824, 0.5094339622641509, 0.5471698113207547, 0.5272727272727272, 0.5357142857142857, 0.5714285714285714, 0.5789473684210527, 0.6140350877192983, 0.6491228070175439, 0.6842105263157895, 0.7192982456140351, 0.7241379310344828, 0.7, 0.7049180327868853, 0.6825396825396826, 0.7142857142857143, 0.746031746031746, 0.75, 0.7272727272727273, 0.7575757575757576, 0.7611940298507462, 0.7391304347826086, 0.7681159420289855, 0.7714285714285715, 0.7746478873239436, 0.8028169014084507, 0.8055555555555556, 0.8333333333333334, 0.8356164383561644, 0.863013698630137, 0.8648648648648649, 0.8918918918918919, 0.918918918918919, 0.9459459459459459, 0.972972972972973, 1.0], 0.48681243488693143]}}