{"rank_algo": "chi2_score", "seed": 79, "subsampling_proportion": 0.1, "exec_time": 0.10700154304504395, "results": {"features": ["feature50", "feature49", "feature2", "feature52", "feature59", "feature53", "feature51", "feature82", "feature36", "feature10", "feature81", "feature66", "feature3", "feature47", "feature21", "feature71", "feature33", "feature9", "feature8", "feature60", "feature24", "feature44", "feature38", "feature15", "feature22", "feature0", "feature23", "feature40", "feature67", "feature46", "feature39", "feature27", "feature41", "feature1", "feature48", "feature42", "feature43", "feature18", "feature37", "feature16", "feature20", "feature54", "feature35", "feature28", "feature12", "feature26", "feature34", "feature55", "feature90", "feature29", "feature5", "feature64", "feature30", "feature11", "feature62", "feature7", "feature56", "feature57", "feature69", "feature68", "feature17", "feature61", "feature4", "feature31", "feature19", "feature13", "feature58", "feature65", "feature25", "feature6", "feature45", "feature63", "feature73", "feature72"], "scores": [21522529.273719236, 7500067.388302306, 6814584.111572403, 4660246.454983714, 4114206.8815068295, 2031599.0176451493, 1658897.6024511636, 1193123.1842438008, 810276.7682982252, 632711.1806425544, 535209.0506691377, 502262.65509446035, 500154.17405627575, 433899.5267683678, 366252.88736014813, 274141.9155198158, 253268.84120120257, 228420.76687590906, 121877.87377796453, 57943.849001948845, 54869.68852385423, 37490.352772044105, 29906.175999040053, 28868.518636253786, 24916.45346437893, 22946.676737274796, 21526.84025771872, 14625.714815161238, 9776.144751365262, 9622.132485113174, 9583.493382909715, 9063.828889148725, 8633.81383756447, 8477.955423289935, 8428.047958298826, 8197.638121976006, 7595.695542094736, 7098.622308569538, 7048.913017820685, 6566.421556078389, 6287.485386338936, 4791.769457361126, 4348.049857948341, 4240.351832777533, 3881.8031522058295, 3138.091525057538, 3131.389449872247, 2942.0307346144623, 2395.2816597388232, 1648.587574547194, 1633.0122550359365, 1463.3520787389373, 1410.7607277694838, 648.7508102827796, 611.1105290421667, 501.49573418750674, 375.67969424064495, 315.545706406815, 311.5251641917094, 253.1003185210745, 203.43583791174592, 191.97950777771769, 141.62821828598567, 135.8953058393019, 115.02956802166084, 85.82069947229206, 35.98549811008065, 24.86760588799836, 17.351420734096706, 11.376850410609778, 8.255276972206037, 5.532746490163865, 3.398445417475794, 0.07505899936865737]}, "evaluations": {"eval_method": "jaccard_full_score", "singles": [[0.0, 0.0, 0.0, 0.0, 0.0, 0.0, 0.0, 0.06666666666666667, 0.058823529411764705, 0.17647058823529413, 0.15789473684210525, 0.14285714285714285, 0.13043478260869565, 0.12, 0.2, 0.18518518518518517, 0.1724137931034483, 0.2, 0.1875, 0.17647058823529413, 0.16666666666666666, 0.15789473684210525, 0.15, 0.2, 0.21951219512195122, 0.23809523809523808, 0.2558139534883721, 0.3023255813953488, 0.28888888888888886, 0.3333333333333333, 0.3191489361702128, 0.3333333333333333, 0.375, 0.3877551020408163, 0.37254901960784315, 0.38461538461538464, 0.37037037037037035, 0.4074074074074074, 0.39285714285714285, 0.42857142857142855, 0.4642857142857143, 0.5, 0.5087719298245614, 0.543859649122807, 0.5789473684210527, 0.6140350877192983, 0.6206896551724138, 0.6271186440677966, 0.6333333333333333, 0.639344262295082, 0.6451612903225806, 0.625, 0.6060606060606061, 0.6119402985074627, 0.6176470588235294, 0.6231884057971014, 0.6521739130434783, 0.6571428571428571, 0.6619718309859155, 0.6901408450704225, 0.6944444444444444, 0.7222222222222222, 0.726027397260274, 0.7534246575342466, 0.7808219178082192, 0.8082191780821918, 0.8356164383561644, 0.8378378378378378, 0.8648648648648649, 0.8918918918918919, 0.918918918918919, 0.9459459459459459, 0.972972972972973, 1.0], 0.4305873584943513], "first_gen": [[0.0, 0.0, 0.0, 0.0, 0.0, 0.0, 0.0, 0.14285714285714285, 0.125, 0.17647058823529413, 0.2222222222222222, 0.2, 0.23809523809523808, 0.21739130434782608, 0.25, 0.23076923076923078, 0.21428571428571427, 0.2857142857142857, 0.3103448275862069, 0.2903225806451613, 0.2727272727272727, 0.3333333333333333, 0.3142857142857143, 0.3333333333333333, 0.35135135135135137, 0.3684210526315789, 0.42105263157894735, 0.4358974358974359, 0.4146341463414634, 0.42857142857142855, 0.4418604651162791, 0.45454545454545453, 0.4666666666666667, 0.4782608695652174, 0.5217391304347826, 0.5652173913043478, 0.574468085106383, 0.5833333333333334, 0.5918367346938775, 0.6, 0.64, 0.6470588235294118, 0.6226415094339622, 0.660377358490566, 0.6666666666666666, 0.7037037037037037, 0.7090909090909091, 0.7454545454545455, 0.7818181818181819, 0.7543859649122807, 0.7586206896551724, 0.7333333333333333, 0.7096774193548387, 0.7142857142857143, 0.746031746031746, 0.75, 0.7538461538461538, 0.7575757575757576, 0.7611940298507462, 0.7647058823529411, 0.7941176470588235, 0.7714285714285715, 0.7746478873239436, 0.8028169014084507, 0.8055555555555556, 0.8333333333333334, 0.8108108108108109, 0.8378378378378378, 0.8648648648648649, 0.8918918918918919, 0.918918918918919, 0.9459459459459459, 0.972972972972973, 1.0], 0.517268773894727]}}