{"rank_algo": "chi2_score", "seed": 75, "subsampling_proportion": 0.1, "exec_time": 0.10199975967407227, "results": {"features": ["feature50", "feature49", "feature2", "feature52", "feature59", "feature53", "feature51", "feature36", "feature82", "feature10", "feature66", "feature3", "feature47", "feature81", "feature9", "feature71", "feature8", "feature21", "feature33", "feature60", "feature24", "feature38", "feature15", "feature40", "feature39", "feature18", "feature12", "feature0", "feature67", "feature44", "feature42", "feature26", "feature43", "feature37", "feature20", "feature41", "feature27", "feature1", "feature16", "feature28", "feature62", "feature34", "feature46", "feature30", "feature29", "feature35", "feature48", "feature90", "feature54", "feature55", "feature5", "feature22", "feature11", "feature7", "feature19", "feature23", "feature64", "feature56", "feature57", "feature4", "feature65", "feature63", "feature69", "feature25", "feature31", "feature13", "feature45", "feature58", "feature6", "feature72", "feature61", "feature17", "feature68", "feature73"], "scores": [23034080.581310283, 7774123.979359591, 6237540.752011451, 4697832.1441957, 4463059.440566319, 2312046.624495204, 1647773.0754515158, 950465.3114882475, 820315.5159751861, 538337.6043618525, 513121.54459862143, 411820.4137083448, 383202.56699683063, 316240.0686153401, 248501.37744496358, 204695.0594968033, 167073.62760688743, 155807.34317206914, 142165.55968629208, 98013.91743435228, 51287.34062466842, 28659.42630423271, 17001.186098472244, 17000.52793620952, 11845.678370683952, 10627.259162416161, 9817.29550879107, 9811.613869406992, 8411.497475844842, 8361.740783840942, 8335.697906080779, 8076.923328739646, 7868.826967254471, 7482.2002648927, 7109.361090470762, 7093.198057479222, 6527.644544030991, 6237.768481189813, 6196.006028325473, 5057.7160844084865, 4227.259074054234, 4167.133412564934, 3969.603887421652, 3789.420452265291, 3498.1181223522967, 2960.8732212464915, 2268.801448370452, 2217.1459461300174, 2207.372942207709, 2031.1322702805978, 1579.958988276223, 1389.687729123013, 1189.0512689982238, 1178.063761472828, 1144.4901591742257, 568.9405669790984, 413.47033690634305, 321.3776394798009, 179.62378393864984, 167.66133705262777, 126.62115645597464, 55.190965482707895, 48.87113632118771, 41.22906639046171, 32.39376711132017, 31.70516675739537, 30.92330222792269, 24.566965858905625, 13.75583475339736, 11.972837287725, 7.348051588155312, 6.892976314312854, 4.712158666971083, 4.552188543199899]}, "evaluations": {"eval_method": "jaccard_full_score", "singles": [[0.0, 0.0, 0.0, 0.0, 0.0, 0.0, 0.0, 0.06666666666666667, 0.058823529411764705, 0.17647058823529413, 0.15789473684210525, 0.14285714285714285, 0.13043478260869565, 0.12, 0.15384615384615385, 0.14285714285714285, 0.13333333333333333, 0.2, 0.1875, 0.17647058823529413, 0.16666666666666666, 0.15789473684210525, 0.1794871794871795, 0.23076923076923078, 0.21951219512195122, 0.23809523809523808, 0.2558139534883721, 0.2727272727272727, 0.2608695652173913, 0.2765957446808511, 0.3191489361702128, 0.3617021276595745, 0.3469387755102041, 0.3333333333333333, 0.34615384615384615, 0.3584905660377358, 0.37037037037037035, 0.4074074074074074, 0.41818181818181815, 0.45454545454545453, 0.4909090909090909, 0.5, 0.5357142857142857, 0.543859649122807, 0.5517241379310345, 0.559322033898305, 0.5666666666666667, 0.6, 0.6065573770491803, 0.6129032258064516, 0.6190476190476191, 0.625, 0.6307692307692307, 0.6363636363636364, 0.6417910447761194, 0.6470588235294118, 0.6521739130434783, 0.6571428571428571, 0.6857142857142857, 0.7142857142857143, 0.7428571428571429, 0.7714285714285715, 0.75, 0.7534246575342466, 0.7808219178082192, 0.8082191780821918, 0.8356164383561644, 0.863013698630137, 0.8904109589041096, 0.9178082191780822, 0.9452054794520548, 0.9459459459459459, 0.972972972972973, 1.0], 0.42981627200383316], "first_gen": [[0.0, 0.0, 0.0, 0.0, 0.0, 0.0, 0.0, 0.06666666666666667, 0.125, 0.17647058823529413, 0.15789473684210525, 0.2, 0.18181818181818182, 0.21739130434782608, 0.25, 0.23076923076923078, 0.25925925925925924, 0.3333333333333333, 0.3103448275862069, 0.2903225806451613, 0.2727272727272727, 0.29411764705882354, 0.3142857142857143, 0.3333333333333333, 0.35135135135135137, 0.3684210526315789, 0.38461538461538464, 0.4, 0.38095238095238093, 0.42857142857142855, 0.4418604651162791, 0.45454545454545453, 0.4666666666666667, 0.44680851063829785, 0.48936170212765956, 0.5, 0.5416666666666666, 0.5510204081632653, 0.56, 0.5686274509803921, 0.6078431372549019, 0.6153846153846154, 0.6226415094339622, 0.6296296296296297, 0.6363636363636364, 0.6428571428571429, 0.6491228070175439, 0.6842105263157895, 0.7192982456140351, 0.7241379310344828, 0.7288135593220338, 0.7333333333333333, 0.7096774193548387, 0.7419354838709677, 0.7741935483870968, 0.7777777777777778, 0.7538461538461538, 0.7846153846153846, 0.7611940298507462, 0.7647058823529411, 0.7941176470588235, 0.7714285714285715, 0.7746478873239436, 0.7777777777777778, 0.7808219178082192, 0.8082191780821918, 0.8356164383561644, 0.8378378378378378, 0.8648648648648649, 0.8918918918918919, 0.918918918918919, 0.9459459459459459, 0.972972972972973, 1.0], 0.5052718795043885]}}