{"rank_algo": "chi2_score", "seed": 23, "subsampling_proportion": 0.1, "exec_time": 0.09299778938293457, "results": {"features": ["feature50", "feature49", "feature2", "feature52", "feature59", "feature53", "feature51", "feature82", "feature36", "feature33", "feature66", "feature10", "feature3", "feature47", "feature81", "feature71", "feature21", "feature9", "feature8", "feature24", "feature60", "feature38", "feature23", "feature44", "feature1", "feature40", "feature15", "feature39", "feature12", "feature0", "feature48", "feature67", "feature42", "feature41", "feature20", "feature54", "feature22", "feature26", "feature16", "feature62", "feature28", "feature29", "feature35", "feature18", "feature30", "feature34", "feature27", "feature37", "feature46", "feature43", "feature90", "feature11", "feature5", "feature17", "feature55", "feature64", "feature7", "feature56", "feature69", "feature13", "feature4", "feature61", "feature57", "feature58", "feature31", "feature45", "feature6", "feature68", "feature72", "feature65", "feature25", "feature19", "feature73", "feature63"], "scores": [26069759.710251465, 7151833.305175679, 6611284.7512565795, 5336632.034049019, 4667670.530819456, 2696139.5215561576, 2017584.7471490907, 1075701.7815652073, 866229.9805809243, 571492.624278979, 564627.8760447853, 534838.8761829534, 485492.79855931224, 461258.0541347377, 443965.78955909907, 285413.93163060956, 214789.55577362914, 183611.91276455217, 113370.7283640705, 49958.32952262214, 41045.133108145565, 33096.810183598405, 27068.716449953827, 22264.797503195383, 22255.213562764762, 16135.686366930322, 16119.184004682847, 12822.910748397193, 11286.751321214228, 9705.174926003361, 8463.34709857905, 8372.943711541164, 7000.630522821488, 6700.963034370313, 5930.08913609593, 5861.28939149609, 5702.14331807883, 5680.692121635275, 5639.288430463734, 5216.035660244012, 4423.266585865918, 4362.7259181854315, 4095.0839978943886, 4028.3817465844477, 3900.2141585620348, 3817.167858921268, 3575.7122486241988, 3291.0901417364225, 2950.916882522045, 2227.815858126838, 2196.370673018546, 1660.7156746693618, 1610.3967627933744, 1320.5872205701116, 844.581731171285, 761.3197719060814, 444.61115715717625, 286.0875566175778, 238.26645409137853, 178.48424953124237, 152.3981469121701, 133.1348459155746, 101.99596640084187, 50.91973264180087, 31.37603109537642, 27.0888185283219, 25.06230775885217, 21.993254178902554, 19.73844053158938, 18.944008644273378, 7.466631535722721, 3.3734099318429953, 0.7996094580390454, 0.012740649205833055]}, "evaluations": {"eval_method": "jaccard_full_score", "singles": [[0.0, 0.0, 0.0, 0.0, 0.0, 0.0, 0.0, 0.06666666666666667, 0.058823529411764705, 0.1111111111111111, 0.1, 0.14285714285714285, 0.13043478260869565, 0.12, 0.15384615384615385, 0.14285714285714285, 0.1724137931034483, 0.2, 0.1875, 0.17647058823529413, 0.16666666666666666, 0.15789473684210525, 0.1794871794871795, 0.2, 0.21951219512195122, 0.2682926829268293, 0.2857142857142857, 0.3023255813953488, 0.3181818181818182, 0.3333333333333333, 0.3191489361702128, 0.3333333333333333, 0.3469387755102041, 0.36, 0.37254901960784315, 0.38461538461538464, 0.39622641509433965, 0.4339622641509434, 0.4444444444444444, 0.48148148148148145, 0.5185185185185185, 0.5272727272727272, 0.5357142857142857, 0.543859649122807, 0.5517241379310345, 0.559322033898305, 0.5932203389830508, 0.6271186440677966, 0.6333333333333333, 0.639344262295082, 0.6451612903225806, 0.6507936507936508, 0.65625, 0.6363636363636364, 0.6176470588235294, 0.6, 0.6285714285714286, 0.6338028169014085, 0.6388888888888888, 0.6666666666666666, 0.6944444444444444, 0.7222222222222222, 0.726027397260274, 0.7534246575342466, 0.7808219178082192, 0.8082191780821918, 0.8356164383561644, 0.8378378378378378, 0.8648648648648649, 0.8918918918918919, 0.918918918918919, 0.9459459459459459, 0.972972972972973, 1.0], 0.43046399316964457], "first_gen": [[0.0, 0.0, 0.0, 0.0, 0.0, 0.0, 0.0, 0.14285714285714285, 0.125, 0.1111111111111111, 0.1, 0.14285714285714285, 0.18181818181818182, 0.16666666666666666, 0.2, 0.18518518518518517, 0.21428571428571427, 0.2857142857142857, 0.3103448275862069, 0.2903225806451613, 0.2727272727272727, 0.29411764705882354, 0.3142857142857143, 0.3333333333333333, 0.35135135135135137, 0.3684210526315789, 0.42105263157894735, 0.4358974358974359, 0.4146341463414634, 0.4634146341463415, 0.4418604651162791, 0.45454545454545453, 0.4666666666666667, 0.44680851063829785, 0.48936170212765956, 0.5319148936170213, 0.574468085106383, 0.5833333333333334, 0.5918367346938775, 0.6326530612244898, 0.6078431372549019, 0.6153846153846154, 0.5925925925925926, 0.6296296296296297, 0.6071428571428571, 0.6428571428571429, 0.6491228070175439, 0.6842105263157895, 0.7192982456140351, 0.7241379310344828, 0.7288135593220338, 0.7049180327868853, 0.7096774193548387, 0.7419354838709677, 0.7741935483870968, 0.75, 0.7538461538461538, 0.7846153846153846, 0.7878787878787878, 0.7910447761194029, 0.8208955223880597, 0.7971014492753623, 0.7746478873239436, 0.7777777777777778, 0.7808219178082192, 0.8082191780821918, 0.8108108108108109, 0.8378378378378378, 0.8648648648648649, 0.8918918918918919, 0.918918918918919, 0.9459459459459459, 0.972972972972973, 1.0], 0.5046670763297597]}}