{"rank_algo": "chi2_score", "seed": 26, "subsampling_proportion": 0.1, "exec_time": 0.09800457954406738, "results": {"features": ["feature50", "feature49", "feature2", "feature59", "feature52", "feature53", "feature51", "feature82", "feature36", "feature81", "feature10", "feature47", "feature3", "feature66", "feature21", "feature9", "feature71", "feature8", "feature33", "feature24", "feature44", "feature38", "feature15", "feature0", "feature22", "feature40", "feature23", "feature67", "feature39", "feature1", "feature60", "feature37", "feature42", "feature28", "feature12", "feature16", "feature18", "feature30", "feature43", "feature29", "feature54", "feature41", "feature27", "feature35", "feature46", "feature90", "feature48", "feature20", "feature34", "feature11", "feature64", "feature57", "feature17", "feature5", "feature62", "feature69", "feature68", "feature4", "feature56", "feature55", "feature31", "feature26", "feature7", "feature61", "feature13", "feature58", "feature63", "feature72", "feature6", "feature25", "feature65", "feature73", "feature19", "feature45", "feature70", "feature92", "feature93", "feature94", "feature95", "feature96", "feature97"], "scores": [20090249.739335183, 6288237.396194771, 5749468.148621034, 4276849.545701645, 4038820.191338444, 2209492.293092886, 1392465.1326527013, 1041735.2179555789, 910365.7775108542, 498394.4214334723, 496666.44746211707, 428836.5535742455, 372626.9833806339, 362037.564165141, 296861.5567829917, 266587.3967765944, 218321.03312578337, 169633.74048739806, 128592.52322595462, 50073.373316430996, 32346.629137504606, 32068.97504560448, 27803.572327725473, 19091.32394232622, 17131.983795441465, 15495.927436924218, 12965.696285768186, 11607.901704509753, 10923.727249918082, 10134.064254101957, 7046.165266161699, 6830.873674843396, 6143.33074804009, 6122.678381441992, 6034.5344879070335, 5856.758822693968, 5429.003567465271, 5088.988183843052, 4470.503399563488, 4188.034827261378, 4178.4968349766195, 3534.9069752400396, 3403.4373597826234, 2762.9131548868386, 2743.1401727774905, 2381.4389131520243, 2194.4454026080452, 1884.2085561877093, 1748.9262272482122, 1152.9027852013567, 1068.6528523517657, 819.4921667863952, 730.6194203514192, 573.496104502154, 488.7937618346791, 385.6195540123395, 267.3715428632513, 186.92572565074548, 176.8473180153037, 139.47329829385956, 130.39299143752987, 128.86928578981608, 111.42713093720357, 102.73747952737364, 100.73142371356053, 39.69107692610996, 29.625560881025127, 22.112844942320294, 18.627802699892396, 15.842303817652105, 15.211039740700606, 13.237680891408042, 6.118586683164903, 5.948776187125348, NaN, NaN, NaN, NaN, NaN, NaN, NaN]}, "evaluations": {"eval_method": "jaccard_full_score", "singles": [[0.0, 0.0, 0.0, 0.0, 0.0, 0.0, 0.0, 0.06666666666666667, 0.058823529411764705, 0.1111111111111111, 0.15789473684210525, 0.14285714285714285, 0.13043478260869565, 0.12, 0.2, 0.18518518518518517, 0.1724137931034483, 0.2, 0.1875, 0.17647058823529413, 0.16666666666666666, 0.15789473684210525, 0.1794871794871795, 0.17073170731707318, 0.19047619047619047, 0.23809523809523808, 0.2558139534883721, 0.2727272727272727, 0.2608695652173913, 0.30434782608695654, 0.3191489361702128, 0.3333333333333333, 0.3469387755102041, 0.3333333333333333, 0.34615384615384615, 0.3584905660377358, 0.37037037037037035, 0.38181818181818183, 0.3684210526315789, 0.3793103448275862, 0.3898305084745763, 0.423728813559322, 0.43333333333333335, 0.4426229508196721, 0.45161290322580644, 0.4838709677419355, 0.49206349206349204, 0.5, 0.5076923076923077, 0.5151515151515151, 0.5223880597014925, 0.5072463768115942, 0.5142857142857142, 0.5211267605633803, 0.5492957746478874, 0.5555555555555556, 0.5616438356164384, 0.5466666666666666, 0.5526315789473685, 0.5584415584415584, 0.5443037974683544, 0.55, 0.575, 0.6, 0.625, 0.65, 0.675, 0.7, 0.725, 0.7283950617283951, 0.7530864197530864, 0.7777777777777778, 0.8024691358024691, 0.8271604938271605, 0.8518518518518519, 0.8765432098765432, 0.9012345679012346, 0.9259259259259259, 0.9506172839506173, 0.9753086419753086, 1.0], 0.41484561817188226], "first_gen": [[0.0, 0.0, 0.0, 0.0, 0.0, 0.0, 0.0, 0.14285714285714285, 0.125, 0.17647058823529413, 0.2222222222222222, 0.2, 0.23809523809523808, 0.21739130434782608, 0.25, 0.28, 0.25925925925925924, 0.3333333333333333, 0.3103448275862069, 0.2903225806451613, 0.3125, 0.3333333333333333, 0.35294117647058826, 0.37142857142857144, 0.3888888888888889, 0.40540540540540543, 0.4594594594594595, 0.4358974358974359, 0.45, 0.5, 0.47619047619047616, 0.45454545454545453, 0.4666666666666667, 0.44680851063829785, 0.4583333333333333, 0.46938775510204084, 0.5102040816326531, 0.49019607843137253, 0.5294117647058824, 0.5384615384615384, 0.5769230769230769, 0.5849056603773585, 0.5925925925925926, 0.6, 0.6071428571428571, 0.6428571428571429, 0.6491228070175439, 0.6842105263157895, 0.7192982456140351, 0.6949152542372882, 0.6721311475409836, 0.6507936507936508, 0.65625, 0.6615384615384615, 0.6666666666666666, 0.6716417910447762, 0.6521739130434783, 0.6338028169014085, 0.6388888888888888, 0.6438356164383562, 0.6486486486486487, 0.6756756756756757, 0.7027027027027027, 0.6842105263157895, 0.6883116883116883, 0.6923076923076923, 0.6962025316455697, 0.7215189873417721, 0.7468354430379747, 0.75, 0.775, 0.7777777777777778, 0.8024691358024691, 0.8271604938271605, 0.8518518518518519, 0.8765432098765432, 0.9012345679012346, 0.9259259259259259, 0.9506172839506173, 0.9753086419753086, 1.0], 0.5120668790997979]}}