{"rank_algo": "chi2_score", "seed": 35, "subsampling_proportion": 0.1, "exec_time": 0.09900140762329102, "results": {"features": ["feature50", "feature49", "feature2", "feature52", "feature59", "feature53", "feature51", "feature82", "feature36", "feature10", "feature3", "feature66", "feature33", "feature81", "feature47", "feature9", "feature71", "feature21", "feature60", "feature8", "feature24", "feature1", "feature38", "feature44", "feature0", "feature15", "feature23", "feature40", "feature43", "feature67", "feature12", "feature37", "feature20", "feature27", "feature16", "feature41", "feature54", "feature30", "feature29", "feature48", "feature62", "feature35", "feature42", "feature39", "feature26", "feature22", "feature34", "feature46", "feature90", "feature28", "feature18", "feature11", "feature56", "feature17", "feature64", "feature57", "feature5", "feature19", "feature45", "feature7", "feature13", "feature69", "feature65", "feature31", "feature4", "feature72", "feature63", "feature6", "feature61", "feature25", "feature55", "feature58", "feature68", "feature73", "feature70", "feature92", "feature93", "feature94", "feature95", "feature96", "feature97"], "scores": [24193788.243777946, 7858874.465293765, 6570060.572846292, 5951649.534994947, 5514172.324461923, 2039816.7935980724, 1510577.9732905552, 952122.2111153676, 794574.0281262588, 757266.7179427668, 567650.5057581039, 496444.73221963237, 486320.6902347592, 438924.23648791184, 381074.85220190894, 307722.6918549549, 289572.71388128115, 285480.63013479055, 226375.96533799975, 200674.53275604013, 36127.588620402894, 32950.368695962476, 32815.80615464231, 25358.373061965096, 21770.329311770674, 16277.796124144557, 12868.091929862047, 11209.228408684197, 11095.025915584543, 10342.936026086918, 10121.925756284165, 7750.801777471523, 7112.891391863521, 6361.589066330264, 6292.873465874673, 6244.798240700397, 5890.84538574833, 5462.664307981893, 4854.19242040023, 4731.673608853795, 4633.327319687265, 3783.7268193813643, 3531.6048138688902, 3486.7496311736495, 3131.2101373355986, 2961.118252281652, 2847.3212777572962, 2485.459208812864, 2279.134653664535, 1696.4134600893917, 1489.0436249264922, 1452.5324669513404, 1337.7099143999899, 939.4342574032349, 882.7095786210215, 808.247399788387, 558.0988048842339, 367.3910318549721, 148.1654849717823, 144.08796439110492, 107.03001632931779, 52.39057529757729, 30.112969253640983, 30.034299529722254, 22.68337783861044, 18.590995111655058, 17.32632174014976, 12.633421017879389, 11.800262567547922, 10.36025264413837, 5.331245125596212, 5.295425700165346, 0.9862358405267158, 0.3097393935412524, NaN, NaN, NaN, NaN, NaN, NaN, NaN]}, "evaluations": {"eval_method": "jaccard_full_score", "singles": [[0.0, 0.0, 0.0, 0.0, 0.0, 0.0, 0.0, 0.06666666666666667, 0.058823529411764705, 0.17647058823529413, 0.15789473684210525, 0.14285714285714285, 0.13043478260869565, 0.12, 0.15384615384615385, 0.14285714285714285, 0.13333333333333333, 0.2, 0.1875, 0.17647058823529413, 0.16666666666666666, 0.1891891891891892, 0.1794871794871795, 0.2, 0.19047619047619047, 0.23809523809523808, 0.2558139534883721, 0.3023255813953488, 0.28888888888888886, 0.30434782608695654, 0.3191489361702128, 0.3333333333333333, 0.3469387755102041, 0.36, 0.37254901960784315, 0.38461538461538464, 0.39622641509433965, 0.38181818181818183, 0.3684210526315789, 0.3793103448275862, 0.3898305084745763, 0.4, 0.4098360655737705, 0.41935483870967744, 0.42857142857142855, 0.4603174603174603, 0.46875, 0.47692307692307695, 0.5076923076923077, 0.5151515151515151, 0.5454545454545454, 0.5522388059701493, 0.5588235294117647, 0.5652173913043478, 0.5714285714285714, 0.5555555555555556, 0.5833333333333334, 0.589041095890411, 0.5945945945945946, 0.6216216216216216, 0.6266666666666667, 0.6103896103896104, 0.6363636363636364, 0.6410256410256411, 0.6455696202531646, 0.6708860759493671, 0.6962025316455697, 0.7, 0.725, 0.7283950617283951, 0.7530864197530864, 0.7777777777777778, 0.8024691358024691, 0.8271604938271605, 0.8518518518518519, 0.8765432098765432, 0.9012345679012346, 0.9259259259259259, 0.9506172839506173, 0.9753086419753086, 1.0], 0.42301271526148765], "first_gen": [[0.0, 0.0, 0.0, 0.0, 0.0, 0.0, 0.0, 0.14285714285714285, 0.125, 0.17647058823529413, 0.2222222222222222, 0.2, 0.18181818181818182, 0.21739130434782608, 0.2, 0.23076923076923078, 0.21428571428571427, 0.2857142857142857, 0.26666666666666666, 0.2903225806451613, 0.2727272727272727, 0.3333333333333333, 0.3142857142857143, 0.3333333333333333, 0.35135135135135137, 0.3684210526315789, 0.42105263157894735, 0.4358974358974359, 0.45, 0.4634146341463415, 0.4418604651162791, 0.4222222222222222, 0.43478260869565216, 0.44680851063829785, 0.4583333333333333, 0.46938775510204084, 0.5102040816326531, 0.49019607843137253, 0.5, 0.5384615384615384, 0.5769230769230769, 0.5555555555555556, 0.5636363636363636, 0.6, 0.6071428571428571, 0.6428571428571429, 0.6491228070175439, 0.6842105263157895, 0.7192982456140351, 0.7241379310344828, 0.7288135593220338, 0.7049180327868853, 0.7096774193548387, 0.7142857142857143, 0.6923076923076923, 0.6716417910447762, 0.6764705882352942, 0.6811594202898551, 0.6619718309859155, 0.6666666666666666, 0.6712328767123288, 0.6986301369863014, 0.68, 0.6842105263157895, 0.6883116883116883, 0.7142857142857143, 0.717948717948718, 0.7435897435897436, 0.7468354430379747, 0.75, 0.775, 0.7777777777777778, 0.8024691358024691, 0.8271604938271605, 0.8518518518518519, 0.8765432098765432, 0.9012345679012346, 0.9259259259259259, 0.9506172839506173, 0.9753086419753086, 1.0], 0.5087415278491761]}}