{"rank_algo": "chi2_score", "seed": 25, "subsampling_proportion": 0.1, "exec_time": 0.09299683570861816, "results": {"features": ["feature50", "feature49", "feature2", "feature52", "feature59", "feature53", "feature51", "feature36", "feature82", "feature10", "feature66", "feature3", "feature47", "feature33", "feature81", "feature71", "feature9", "feature21", "feature8", "feature60", "feature24", "feature38", "feature15", "feature0", "feature40", "feature67", "feature44", "feature12", "feature37", "feature39", "feature26", "feature42", "feature41", "feature43", "feature46", "feature27", "feature30", "feature54", "feature55", "feature29", "feature62", "feature23", "feature1", "feature19", "feature16", "feature28", "feature90", "feature34", "feature48", "feature35", "feature5", "feature18", "feature64", "feature11", "feature69", "feature56", "feature22", "feature20", "feature68", "feature57", "feature17", "feature7", "feature45", "feature63", "feature65", "feature6", "feature13", "feature4", "feature31", "feature72", "feature25", "feature61", "feature73", "feature58", "feature70", "feature92", "feature93", "feature94", "feature95", "feature96", "feature97"], "scores": [27041798.37461269, 8447809.442866249, 7141653.567252733, 6639205.916069237, 4276990.756491449, 2329112.446335265, 1791324.3996384481, 1118233.8371779535, 930898.0881054052, 703291.1129533327, 584501.2120832036, 575070.5117849987, 490432.2194792364, 452488.9975750747, 411238.8187190618, 303215.065449317, 279405.43209068326, 251138.271397588, 196804.8906737522, 167691.59578150124, 45332.106583372166, 35817.356585555404, 30871.818893252315, 22713.912876817627, 14922.444409616948, 13442.656874399669, 13230.380143193506, 10462.05680720847, 10249.977319907255, 10186.957513852805, 8884.366240314284, 8130.653834463795, 7247.636429549504, 6961.91515932674, 6554.543676644838, 6310.609666580386, 5843.695059860397, 5468.479327701467, 5402.741581024448, 4859.546057693792, 4414.637979425295, 3981.3525802291115, 3616.46779733569, 3583.565464277827, 3558.2772147002834, 3267.127449023262, 2256.991693333384, 2100.1745773822777, 2082.3136105301905, 2033.1198715850342, 1678.1604468620187, 1212.003928493916, 1197.086890315511, 977.4010217971738, 531.4813860442961, 460.7922815147453, 421.63957282731394, 381.705528237104, 351.82456664199424, 219.84325076330205, 183.49775388647737, 133.71876963577563, 102.69893915714776, 31.742738207040198, 27.591721466035978, 24.600734726255013, 24.441777726269358, 17.825716612466845, 12.473726506137123, 6.598959296810301, 3.645947864955099, 2.909792648415002, 1.547189056193624, 1.3093318344001537, NaN, NaN, NaN, NaN, NaN, NaN, NaN]}, "evaluations": {"eval_method": "jaccard_full_score", "singles": [[0.0, 0.0, 0.0, 0.0, 0.0, 0.0, 0.0, 0.06666666666666667, 0.058823529411764705, 0.17647058823529413, 0.15789473684210525, 0.14285714285714285, 0.13043478260869565, 0.12, 0.15384615384615385, 0.14285714285714285, 0.13333333333333333, 0.2, 0.1875, 0.17647058823529413, 0.16666666666666666, 0.15789473684210525, 0.1794871794871795, 0.2, 0.21951219512195122, 0.23809523809523808, 0.22727272727272727, 0.2727272727272727, 0.2608695652173913, 0.2765957446808511, 0.2916666666666667, 0.3333333333333333, 0.3469387755102041, 0.3333333333333333, 0.34615384615384615, 0.3584905660377358, 0.34545454545454546, 0.35714285714285715, 0.3448275862068966, 0.3559322033898305, 0.36666666666666664, 0.4, 0.4098360655737705, 0.4426229508196721, 0.45161290322580644, 0.4838709677419355, 0.5161290322580645, 0.5, 0.5076923076923077, 0.4925373134328358, 0.5, 0.5072463768115942, 0.5142857142857142, 0.5428571428571428, 0.5492957746478874, 0.5555555555555556, 0.5833333333333334, 0.589041095890411, 0.5733333333333334, 0.5789473684210527, 0.5641025641025641, 0.569620253164557, 0.5949367088607594, 0.620253164556962, 0.6455696202531646, 0.6708860759493671, 0.6962025316455697, 0.7215189873417721, 0.725, 0.75, 0.7530864197530864, 0.7777777777777778, 0.8024691358024691, 0.8271604938271605, 0.8518518518518519, 0.8765432098765432, 0.9012345679012346, 0.9259259259259259, 0.9506172839506173, 0.9753086419753086, 1.0], 0.415305985266225], "first_gen": [[0.0, 0.0, 0.0, 0.0, 0.0, 0.0, 0.0, 0.06666666666666667, 0.125, 0.17647058823529413, 0.15789473684210525, 0.2, 0.18181818181818182, 0.16666666666666666, 0.2, 0.18518518518518517, 0.21428571428571427, 0.2857142857142857, 0.3103448275862069, 0.2903225806451613, 0.2727272727272727, 0.29411764705882354, 0.3142857142857143, 0.3333333333333333, 0.35135135135135137, 0.3333333333333333, 0.38461538461538464, 0.36585365853658536, 0.3488372093023256, 0.3953488372093023, 0.4090909090909091, 0.4222222222222222, 0.40425531914893614, 0.4166666666666667, 0.4583333333333333, 0.5, 0.5102040816326531, 0.52, 0.5294117647058824, 0.5094339622641509, 0.5471698113207547, 0.5555555555555556, 0.5636363636363636, 0.6, 0.6071428571428571, 0.6140350877192983, 0.6491228070175439, 0.6842105263157895, 0.7192982456140351, 0.7241379310344828, 0.7288135593220338, 0.7333333333333333, 0.7096774193548387, 0.6875, 0.6923076923076923, 0.696969696969697, 0.7014925373134329, 0.7058823529411765, 0.6857142857142857, 0.6666666666666666, 0.6944444444444444, 0.7222222222222222, 0.726027397260274, 0.7066666666666667, 0.7333333333333333, 0.7368421052631579, 0.7402597402597403, 0.7662337662337663, 0.7692307692307693, 0.7721518987341772, 0.775, 0.8, 0.825, 0.8271604938271605, 0.8518518518518519, 0.8765432098765432, 0.9012345679012346, 0.9259259259259259, 0.9506172839506173, 0.9753086419753086, 1.0], 0.5060314060337584]}}