{"rank_algo": "chi2_score", "seed": 65, "subsampling_proportion": 0.1, "exec_time": 0.09599804878234863, "results": {"features": ["feature50", "feature49", "feature2", "feature59", "feature52", "feature53", "feature51", "feature36", "feature82", "feature10", "feature66", "feature3", "feature81", "feature33", "feature47", "feature71", "feature21", "feature9", "feature8", "feature60", "feature24", "feature38", "feature0", "feature15", "feature26", "feature12", "feature44", "feature40", "feature67", "feature41", "feature16", "feature46", "feature22", "feature29", "feature43", "feature30", "feature62", "feature39", "feature37", "feature28", "feature27", "feature55", "feature18", "feature1", "feature48", "feature35", "feature5", "feature42", "feature54", "feature11", "feature20", "feature64", "feature56", "feature19", "feature34", "feature7", "feature90", "feature57", "feature17", "feature69", "feature23", "feature4", "feature45", "feature13", "feature31", "feature63", "feature58", "feature65", "feature68", "feature6", "feature25", "feature72", "feature61", "feature73", "feature70", "feature92", "feature93", "feature94", "feature95", "feature96", "feature97"], "scores": [23083116.98407846, 7582175.6551605575, 6325628.321120829, 4974270.633997319, 4930342.100663139, 2179874.2704778123, 1668423.40414767, 980291.4935060022, 893469.8871651543, 510840.7335437285, 463410.49231112126, 437982.4186829993, 390503.39628267876, 380578.2484403138, 333879.35362944735, 277253.76548708166, 232342.71141903003, 220871.0650982103, 133725.06691451537, 119006.50453638131, 47478.603289227016, 33579.53982985097, 29286.546009384692, 21760.35196419429, 11940.27276282358, 11772.758528866038, 10006.966209735585, 8202.569351625236, 7562.229781114651, 6219.332762479509, 6027.736566146238, 4866.98827525039, 4865.078279626479, 4378.275725134646, 4355.95803138139, 4324.495084933007, 4186.545497041541, 4091.75467898651, 4066.358313037538, 3882.626357901743, 3800.576419441799, 3538.514705139587, 2645.554071462646, 2555.8742963728373, 2451.603623589533, 1774.7552125782454, 1707.2957651675752, 1476.4845403188126, 1305.9693688139669, 1199.7059839227102, 972.7040405584596, 885.3808647098687, 859.3333308405479, 809.9101614627943, 603.6128890964441, 507.64317622708944, 444.92447579493546, 331.2201415717723, 305.7168394944913, 272.90830918284735, 210.89879333545352, 157.94509269260095, 146.4885627346784, 140.50910719295507, 139.77052170718082, 84.42658830448937, 84.1668947134254, 33.35545021190009, 21.998735497984526, 8.596769017774617, 7.045562530517038, 6.602264773656635, 0.00639926621802016, 0.00013839663382686, NaN, NaN, NaN, NaN, NaN, NaN, NaN]}, "evaluations": {"eval_method": "jaccard_full_score", "singles": [[0.0, 0.0, 0.0, 0.0, 0.0, 0.0, 0.0, 0.06666666666666667, 0.058823529411764705, 0.17647058823529413, 0.15789473684210525, 0.14285714285714285, 0.13043478260869565, 0.12, 0.15384615384615385, 0.14285714285714285, 0.1724137931034483, 0.2, 0.1875, 0.17647058823529413, 0.16666666666666666, 0.15789473684210525, 0.15, 0.2, 0.21951219512195122, 0.2682926829268293, 0.2558139534883721, 0.3023255813953488, 0.28888888888888886, 0.3333333333333333, 0.34782608695652173, 0.391304347826087, 0.40425531914893614, 0.3877551020408163, 0.37254901960784315, 0.3584905660377358, 0.37037037037037035, 0.35714285714285715, 0.3448275862068966, 0.3793103448275862, 0.3898305084745763, 0.4, 0.4098360655737705, 0.4426229508196721, 0.42857142857142855, 0.4375, 0.4461538461538462, 0.45454545454545453, 0.48484848484848486, 0.4925373134328358, 0.5223880597014925, 0.5072463768115942, 0.5142857142857142, 0.5428571428571428, 0.5492957746478874, 0.5774647887323944, 0.6056338028169014, 0.589041095890411, 0.5733333333333334, 0.5789473684210527, 0.5844155844155844, 0.5897435897435898, 0.6153846153846154, 0.6410256410256411, 0.625, 0.65, 0.675, 0.7, 0.725, 0.75, 0.7530864197530864, 0.7777777777777778, 0.8024691358024691, 0.8271604938271605, 0.8518518518518519, 0.8765432098765432, 0.9012345679012346, 0.9259259259259259, 0.9506172839506173, 0.9753086419753086, 1.0], 0.4198409876577781], "first_gen": [[0.0, 0.0, 0.0, 0.0, 0.0, 0.0, 0.0, 0.06666666666666667, 0.125, 0.17647058823529413, 0.15789473684210525, 0.2, 0.23809523809523808, 0.21739130434782608, 0.2, 0.18518518518518517, 0.21428571428571427, 0.2857142857142857, 0.3103448275862069, 0.2903225806451613, 0.2727272727272727, 0.29411764705882354, 0.3142857142857143, 0.3333333333333333, 0.3157894736842105, 0.3333333333333333, 0.38461538461538464, 0.4, 0.38095238095238093, 0.3953488372093023, 0.37777777777777777, 0.3617021276595745, 0.40425531914893614, 0.3877551020408163, 0.42857142857142855, 0.44, 0.45098039215686275, 0.49019607843137253, 0.5, 0.5094339622641509, 0.5471698113207547, 0.5555555555555556, 0.5636363636363636, 0.6, 0.6071428571428571, 0.6140350877192983, 0.6491228070175439, 0.6842105263157895, 0.7192982456140351, 0.6949152542372882, 0.7, 0.6774193548387096, 0.6825396825396826, 0.6875, 0.6923076923076923, 0.696969696969697, 0.7014925373134329, 0.6811594202898551, 0.6857142857142857, 0.6901408450704225, 0.7183098591549296, 0.7222222222222222, 0.7027027027027027, 0.6842105263157895, 0.6883116883116883, 0.6923076923076923, 0.6962025316455697, 0.7215189873417721, 0.7468354430379747, 0.75, 0.7530864197530864, 0.7777777777777778, 0.8024691358024691, 0.8271604938271605, 0.8518518518518519, 0.8765432098765432, 0.9012345679012346, 0.9259259259259259, 0.9506172839506173, 0.9753086419753086, 1.0], 0.4979684209767492]}}