{"rank_algo": "anova_f_score", "seed": 40, "subsampling_proportion": 0.01, "exec_time": 0.012997627258300781, "results": {"features": ["feature82", "feature81", "feature90", "feature5", "feature56", "feature39", "feature59", "feature40", "feature71", "feature15", "feature37", "feature42", "feature27", "feature43", "feature49", "feature2", "feature8", "feature48", "feature50", "feature9", "feature36", "feature12", "feature30", "feature10", "feature44", "feature38", "feature51", "feature22", "feature24", "feature47", "feature28", "feature41", "feature52", "feature0", "feature66", "feature29", "feature17", "feature4", "feature34", "feature11", "feature26", "feature68", "feature16", "feature54", "feature64", "feature3", "feature21", "feature35", "feature61", "feature20", "feature13", "feature69", "feature53", "feature65", "feature23", "feature62", "feature58", "feature18", "feature31", "feature57", "feature67", "feature46", "feature7", "feature19", "feature72", "feature1", "feature60", "feature33", "feature6", "feature45", "feature25", "feature55", "feature73", "feature63", "feature70", "feature92", "feature93", "feature94", "feature95", "feature96", "feature97"], "scores": [1705.0091719143961, 1531.7236786992369, 264.9023925070831, 222.91986718817463, 182.8475678043964, 163.39222687937288, 143.24536525785217, 123.10065482410836, 99.19363075836723, 99.13013552710045, 97.04415303920506, 96.27831059610104, 96.2618705773779, 89.77883493151184, 88.73872873859277, 83.62003668073741, 75.1058918217485, 73.47846695448855, 70.70319659010138, 69.67000367578534, 62.871979766459035, 53.16666732543905, 51.023573567319644, 48.95731272248314, 48.82634206402283, 48.333294015195, 42.64363198769521, 39.005429864252534, 36.166492753822645, 34.60004816961819, 32.96240424361787, 32.71152315493036, 32.46849742636636, 29.64581617958604, 29.43784098989655, 29.33506563965358, 27.39596193611955, 24.58737163424124, 24.1396373320365, 23.42396430986895, 22.60332682904201, 22.566223298593364, 21.01158849248736, 19.928974740185176, 19.285237385515725, 17.25285300797469, 16.34946487940855, 14.494085652043093, 13.368665472875653, 13.118268928061662, 12.434948383633264, 12.101196524239528, 11.536441999820047, 10.4229439584069, 9.869563844606406, 8.645352688843115, 8.362260835434855, 7.364118468293714, 6.855226200878244, 5.359398983287526, 5.050676455801139, 4.921980878527241, 4.006356505692745, 2.5133976373146676, 2.3638453875122094, 1.273970555633089, 0.9778119684688253, 0.6060477403342338, 0.436969454432788, 0.3863862701592019, 0.2943035410787442, 0.27670485865110933, 0.25281577221431584, 0.03731376200450028, NaN, NaN, NaN, NaN, NaN, NaN, NaN]}, "evaluations": {"eval_method": "jaccard_full_score", "singles": [[0.0, 0.0, 0.0, 0.0, 0.0, 0.0, 0.0, 0.0, 0.0, 0.05263157894736842, 0.047619047619047616, 0.043478260869565216, 0.08333333333333333, 0.07692307692307693, 0.15384615384615385, 0.14285714285714285, 0.13333333333333333, 0.16129032258064516, 0.15151515151515152, 0.14285714285714285, 0.13513513513513514, 0.15789473684210525, 0.15, 0.17073170731707318, 0.16279069767441862, 0.15555555555555556, 0.17391304347826086, 0.21739130434782608, 0.23404255319148937, 0.25, 0.24, 0.28, 0.29411764705882354, 0.2830188679245283, 0.2962962962962963, 0.2857142857142857, 0.27586206896551724, 0.288135593220339, 0.2786885245901639, 0.3114754098360656, 0.3225806451612903, 0.3333333333333333, 0.34375, 0.35384615384615387, 0.34328358208955223, 0.373134328358209, 0.40298507462686567, 0.391304347826087, 0.42028985507246375, 0.42857142857142855, 0.43661971830985913, 0.4246575342465753, 0.43243243243243246, 0.44, 0.4666666666666667, 0.49333333333333335, 0.52, 0.5263157894736842, 0.5324675324675324, 0.5384615384615384, 0.5443037974683544, 0.569620253164557, 0.5949367088607594, 0.620253164556962, 0.6455696202531646, 0.6708860759493671, 0.6962025316455697, 0.7, 0.725, 0.75, 0.7530864197530864, 0.7777777777777778, 0.8024691358024691, 0.8271604938271605, 0.8518518518518519, 0.8765432098765432, 0.9012345679012346, 0.9259259259259259, 0.9506172839506173, 0.9753086419753086, 1.0], 0.37516535908309445], "first_gen": [[0.0, 0.0, 0.2, 0.3333333333333333, 0.25, 0.2, 0.16666666666666666, 0.14285714285714285, 0.125, 0.1111111111111111, 0.1, 0.09090909090909091, 0.08333333333333333, 0.07692307692307693, 0.07142857142857142, 0.10344827586206896, 0.1724137931034483, 0.2, 0.22580645161290322, 0.2903225806451613, 0.3125, 0.3333333333333333, 0.35294117647058826, 0.37142857142857144, 0.42857142857142855, 0.40540540540540543, 0.42105263157894735, 0.47368421052631576, 0.48717948717948717, 0.5, 0.5121951219512195, 0.5238095238095238, 0.5, 0.5111111111111111, 0.5217391304347826, 0.5319148936170213, 0.574468085106383, 0.5510204081632653, 0.56, 0.5384615384615384, 0.5769230769230769, 0.5849056603773585, 0.5925925925925926, 0.6296296296296297, 0.6363636363636364, 0.6428571428571429, 0.6491228070175439, 0.6842105263157895, 0.6896551724137931, 0.6949152542372882, 0.6721311475409836, 0.6774193548387096, 0.65625, 0.6363636363636364, 0.6417910447761194, 0.6470588235294118, 0.6285714285714286, 0.6338028169014085, 0.6164383561643836, 0.6, 0.6052631578947368, 0.631578947368421, 0.6578947368421053, 0.6842105263157895, 0.7105263157894737, 0.7368421052631579, 0.7402597402597403, 0.7435897435897436, 0.7692307692307693, 0.75, 0.775, 0.8, 0.825, 0.8271604938271605, 0.8518518518518519, 0.8765432098765432, 0.9012345679012346, 0.9259259259259259, 0.9506172839506173, 0.9753086419753086, 1.0], 0.5172926201276417]}}