{"rank_algo": "anova_f_score", "seed": 92, "subsampling_proportion": 0.01, "exec_time": 0.01300048828125, "results": {"features": ["feature82", "feature81", "feature90", "feature5", "feature39", "feature59", "feature15", "feature56", "feature37", "feature48", "feature49", "feature62", "feature27", "feature50", "feature2", "feature40", "feature12", "feature28", "feature36", "feature38", "feature71", "feature42", "feature51", "feature26", "feature10", "feature34", "feature30", "feature52", "feature24", "feature43", "feature19", "feature16", "feature47", "feature9", "feature41", "feature23", "feature29", "feature4", "feature67", "feature0", "feature8", "feature44", "feature35", "feature66", "feature65", "feature3", "feature22", "feature17", "feature13", "feature46", "feature11", "feature31", "feature54", "feature55", "feature53", "feature57", "feature64", "feature68", "feature25", "feature33", "feature73", "feature60", "feature21", "feature6", "feature18", "feature72", "feature20", "feature69", "feature7", "feature63", "feature1", "feature58", "feature45", "feature61"], "scores": [1419.9531487747888, 929.5862292686016, 312.9409027193018, 209.63907285761402, 183.49457611380026, 159.77525956976976, 136.1091994520498, 114.0652674914073, 105.80405818639082, 98.2368851346562, 89.1267035466525, 87.37058136244853, 80.79880941146524, 78.25331752405337, 76.3737225212166, 76.35586530490092, 73.45807216494254, 66.10062086736778, 60.021549672982104, 59.64610420464001, 58.78071698192564, 46.03497959509604, 41.44968560523032, 40.97253086017499, 36.58237679214831, 35.12453624297808, 34.911405052039115, 33.252281799089516, 32.69654592312722, 32.22393001523501, 28.88744949601688, 28.322382688375733, 27.743179403775628, 25.818559213077847, 24.132118036743254, 23.399062359950367, 21.785709910092706, 20.995364211066597, 20.50493897352348, 18.357024073484375, 18.031474795211977, 17.740883037112216, 17.67353150098531, 14.89143229003616, 14.318790348401386, 14.194903557078304, 13.853209161546213, 11.581131654573168, 9.70882899495014, 9.508387907393116, 8.209089143930576, 8.174817108534349, 7.386925431970614, 6.505039882011889, 5.892698729256389, 5.842653290232788, 5.772421466657565, 5.589910724969998, 5.40725709945313, 5.210923206281808, 3.931140058319752, 3.2503385787038086, 3.225303053130384, 3.0556548178364786, 2.708417689762613, 1.7910765632209724, 1.5875878887963555, 1.5390138998276144, 0.35892315639842937, 0.09550175290935202, 0.08650372272619443, 0.025303711348904617, 0.0035642100589960966, 2.794060993336089e-06]}, "evaluations": {"eval_method": "jaccard_full_score", "singles": [[0.0, 0.0, 0.0, 0.0, 0.0, 0.0, 0.07692307692307693, 0.06666666666666667, 0.058823529411764705, 0.05263157894736842, 0.1, 0.09090909090909091, 0.08333333333333333, 0.07692307692307693, 0.1111111111111111, 0.14285714285714285, 0.1724137931034483, 0.2, 0.1875, 0.21212121212121213, 0.2, 0.1891891891891892, 0.21052631578947367, 0.23076923076923078, 0.25, 0.23809523809523808, 0.22727272727272727, 0.21739130434782608, 0.23404255319148937, 0.25, 0.2653061224489796, 0.30612244897959184, 0.32, 0.3333333333333333, 0.37254901960784315, 0.38461538461538464, 0.39622641509433965, 0.4074074074074074, 0.39285714285714285, 0.40350877192982454, 0.3898305084745763, 0.4, 0.4098360655737705, 0.41935483870967744, 0.42857142857142855, 0.4603174603174603, 0.49206349206349204, 0.5, 0.53125, 0.5625, 0.5692307692307692, 0.5757575757575758, 0.582089552238806, 0.5652173913043478, 0.5714285714285714, 0.6, 0.6056338028169014, 0.6111111111111112, 0.6164383561643836, 0.6438356164383562, 0.6712328767123288, 0.6986301369863014, 0.726027397260274, 0.7534246575342466, 0.7808219178082192, 0.8082191780821918, 0.8356164383561644, 0.8378378378378378, 0.8648648648648649, 0.8918918918918919, 0.918918918918919, 0.9459459459459459, 0.972972972972973, 1.0], 0.4000314766110918], "first_gen": [[0.0, 0.0, 0.2, 0.3333333333333333, 0.25, 0.2, 0.16666666666666666, 0.14285714285714285, 0.125, 0.1111111111111111, 0.1, 0.09090909090909091, 0.08333333333333333, 0.07692307692307693, 0.1111111111111111, 0.10344827586206896, 0.0967741935483871, 0.125, 0.15151515151515152, 0.17647058823529413, 0.2, 0.2222222222222222, 0.24324324324324326, 0.23076923076923078, 0.28205128205128205, 0.3, 0.3170731707317073, 0.3333333333333333, 0.3488372093023256, 0.36363636363636365, 0.4090909090909091, 0.4222222222222222, 0.43478260869565216, 0.44680851063829785, 0.4583333333333333, 0.5, 0.5102040816326531, 0.52, 0.5294117647058824, 0.5686274509803921, 0.6078431372549019, 0.6470588235294118, 0.6226415094339622, 0.6296296296296297, 0.6363636363636364, 0.6727272727272727, 0.6785714285714286, 0.7142857142857143, 0.7192982456140351, 0.7241379310344828, 0.7, 0.6774193548387096, 0.6825396825396826, 0.7142857142857143, 0.71875, 0.696969696969697, 0.7014925373134329, 0.7313432835820896, 0.7352941176470589, 0.7391304347826086, 0.7681159420289855, 0.7714285714285715, 0.8, 0.8028169014084507, 0.8055555555555556, 0.8333333333333334, 0.8356164383561644, 0.863013698630137, 0.8648648648648649, 0.8918918918918919, 0.918918918918919, 0.9459459459459459, 0.972972972972973, 1.0], 0.4877994136675901]}}