{"rank_algo": "anova_f_score", "seed": 1, "subsampling_proportion": 0.01, "exec_time": 0.013000011444091797, "results": {"features": ["feature82", "feature81", "feature90", "feature39", "feature5", "feature23", "feature59", "feature27", "feature48", "feature15", "feature40", "feature37", "feature50", "feature2", "feature42", "feature49", "feature71", "feature36", "feature41", "feature0", "feature51", "feature9", "feature16", "feature38", "feature17", "feature12", "feature34", "feature8", "feature10", "feature62", "feature44", "feature43", "feature47", "feature21", "feature24", "feature30", "feature52", "feature28", "feature35", "feature29", "feature3", "feature4", "feature53", "feature54", "feature68", "feature11", "feature46", "feature56", "feature31", "feature1", "feature18", "feature67", "feature20", "feature26", "feature45", "feature65", "feature7", "feature57", "feature69", "feature25", "feature66", "feature64", "feature13", "feature55", "feature6", "feature33", "feature72", "feature19", "feature60", "feature22", "feature61", "feature63", "feature58", "feature73"], "scores": [1736.1496374167418, 1453.8423926470161, 251.34684676263322, 203.37163547385066, 201.31288885039416, 193.87169660189298, 167.75095596112268, 151.78942224744142, 139.4127525800489, 129.294287569329, 115.10505782773275, 102.52791425381542, 101.99488733307652, 94.34886163291655, 93.5615145730846, 89.8472572774996, 73.60229123262502, 69.8181715985971, 64.3635501517149, 60.03292669843947, 56.75817975400135, 56.13391483350664, 54.2324520211127, 51.73183237297866, 51.382091830686996, 49.16889644154555, 46.09186426646562, 44.43474394704196, 43.67578520817284, 43.475451528344145, 42.942867048287304, 38.004647331501694, 33.19193672622062, 32.36083973176802, 29.760776596075004, 29.71704425703591, 28.378586955912503, 26.138753704275725, 25.73755109128945, 23.139591701323887, 21.751987207761324, 20.515688473815835, 20.213539018834073, 15.495379221447726, 15.175326349220281, 13.316144100573842, 13.162496985552409, 10.109482741828378, 10.03722154094582, 9.295648884869, 9.139951214438272, 8.318238433573205, 7.821515563212657, 4.9816113418231724, 4.9452363809219975, 4.754490249650463, 4.273794459597335, 4.04883880501175, 3.9270860053305237, 3.1830447081122992, 3.1206185960132644, 2.089138522422787, 1.853436264630926, 1.7068822625113362, 1.0028155523974271, 1.0027817414880567, 0.7540011540029037, 0.6850466404335526, 0.6266394145918314, 0.5476980747429276, 0.26415545042104716, 0.011877431330431844, 0.0015346915747356418, NaN]}, "evaluations": {"eval_method": "jaccard_full_score", "singles": [[0.0, 0.0, 0.0, 0.0, 0.0, 0.09090909090909091, 0.07692307692307693, 0.06666666666666667, 0.058823529411764705, 0.1111111111111111, 0.1, 0.09090909090909091, 0.13043478260869565, 0.12, 0.15384615384615385, 0.18518518518518517, 0.1724137931034483, 0.2, 0.22580645161290322, 0.21212121212121213, 0.23529411764705882, 0.2222222222222222, 0.24324324324324326, 0.23076923076923078, 0.21951219512195122, 0.23809523809523808, 0.22727272727272727, 0.24444444444444444, 0.28888888888888886, 0.3333333333333333, 0.3191489361702128, 0.30612244897959184, 0.32, 0.3333333333333333, 0.37254901960784315, 0.3584905660377358, 0.34545454545454546, 0.38181818181818183, 0.3684210526315789, 0.3793103448275862, 0.3898305084745763, 0.4, 0.4098360655737705, 0.4426229508196721, 0.42857142857142855, 0.4603174603174603, 0.49206349206349204, 0.5, 0.5076923076923077, 0.5384615384615384, 0.5454545454545454, 0.5757575757575758, 0.582089552238806, 0.5882352941176471, 0.5942028985507246, 0.6231884057971014, 0.6521739130434783, 0.6811594202898551, 0.6857142857142857, 0.6666666666666666, 0.6712328767123288, 0.6756756756756757, 0.7027027027027027, 0.7297297297297297, 0.7567567567567568, 0.7837837837837838, 0.8108108108108109, 0.8378378378378378, 0.8648648648648649, 0.8918918918918919, 0.918918918918919, 0.9459459459459459, 0.972972972972973, 1.0], 0.40808270263721236], "first_gen": [[0.0, 0.0, 0.2, 0.3333333333333333, 0.25, 0.3333333333333333, 0.2727272727272727, 0.23076923076923078, 0.2, 0.17647058823529413, 0.15789473684210525, 0.14285714285714285, 0.13043478260869565, 0.16666666666666666, 0.15384615384615385, 0.14285714285714285, 0.13333333333333333, 0.16129032258064516, 0.1875, 0.25, 0.2727272727272727, 0.3333333333333333, 0.35294117647058826, 0.3333333333333333, 0.3888888888888889, 0.3684210526315789, 0.38461538461538464, 0.4358974358974359, 0.45, 0.42857142857142855, 0.47619047619047616, 0.5238095238095238, 0.5348837209302325, 0.5454545454545454, 0.5555555555555556, 0.5652173913043478, 0.574468085106383, 0.5833333333333334, 0.5918367346938775, 0.6, 0.64, 0.6470588235294118, 0.6226415094339622, 0.660377358490566, 0.6666666666666666, 0.6727272727272727, 0.6785714285714286, 0.7142857142857143, 0.7192982456140351, 0.7241379310344828, 0.7288135593220338, 0.7049180327868853, 0.7096774193548387, 0.7419354838709677, 0.71875, 0.7230769230769231, 0.7538461538461538, 0.7575757575757576, 0.7878787878787878, 0.7647058823529411, 0.7941176470588235, 0.7971014492753623, 0.8260869565217391, 0.8285714285714286, 0.8571428571428571, 0.8591549295774648, 0.8611111111111112, 0.8888888888888888, 0.8648648648648649, 0.8918918918918919, 0.918918918918919, 0.9459459459459459, 0.972972972972973, 1.0], 0.5324178839177942]}}