{"rank_algo": "anova_f_score", "seed": 63, "subsampling_proportion": 0.01, "exec_time": 0.010997533798217773, "results": {"features": ["feature82", "feature81", "feature90", "feature5", "feature56", "feature39", "feature48", "feature27", "feature59", "feature15", "feature23", "feature40", "feature2", "feature28", "feature22", "feature12", "feature42", "feature0", "feature50", "feature62", "feature49", "feature37", "feature36", "feature71", "feature9", "feature8", "feature10", "feature30", "feature43", "feature47", "feature16", "feature51", "feature67", "feature46", "feature44", "feature3", "feature38", "feature52", "feature41", "feature24", "feature68", "feature26", "feature69", "feature29", "feature13", "feature66", "feature31", "feature54", "feature4", "feature35", "feature65", "feature21", "feature17", "feature53", "feature7", "feature72", "feature45", "feature25", "feature20", "feature63", "feature34", "feature58", "feature6", "feature64", "feature11", "feature55", "feature18", "feature33", "feature60", "feature61", "feature57", "feature1", "feature19", "feature70", "feature73", "feature92", "feature93", "feature94", "feature95", "feature96", "feature97"], "scores": [1850.9179016544736, 1262.7058283266597, 304.7430068103325, 216.02591164269853, 164.26620784888024, 149.3776327935732, 138.72205079602105, 124.35963910783265, 122.98462421604107, 121.00093957842665, 120.82101266083619, 111.4679888761327, 92.78414702308032, 77.01863561273278, 74.64873901083722, 63.2564003553383, 61.3026688496421, 58.591563509511815, 57.29235993966996, 56.32689887116865, 52.85993776524454, 50.114698883676034, 49.34391831613446, 47.010579090533525, 46.85340239764808, 33.99448513284902, 33.69644051743563, 32.629224338618094, 32.029829441732446, 31.407889474298216, 28.37231204236036, 27.879632463212925, 25.78435369795404, 24.39545230617978, 23.98882623148842, 23.418779416124533, 21.92686217465246, 21.866898890698256, 21.426106086180564, 20.5265895098776, 20.161897252932448, 19.178424555776814, 18.658016593310446, 18.39499656278391, 17.760593964729217, 15.222830639151798, 14.96107966730194, 13.399581280257198, 13.241246205975834, 12.823821336294998, 12.718001435828441, 12.544161306631295, 9.435131784303296, 9.315037751673486, 5.743465146486042, 5.535798821593794, 4.257131156031583, 3.703276945224684, 3.6307559588211045, 3.2907468323647793, 2.8288328732235994, 2.0719044775527324, 1.8400268814122105, 0.8286413011870132, 0.676393888405133, 0.490003433870161, 0.4387885390626349, 0.17904509201807473, 0.11230098095676962, 0.0729015626223424, 0.04856718822774953, 0.015816141029314664, 0.0031274481473524155, NaN, NaN, NaN, NaN, NaN, NaN, NaN, NaN]}, "evaluations": {"eval_method": "jaccard_full_score", "singles": [[0.0, 0.0, 0.0, 0.0, 0.0, 0.0, 0.0, 0.0, 0.0, 0.05263157894736842, 0.1, 0.09090909090909091, 0.13043478260869565, 0.12, 0.15384615384615385, 0.18518518518518517, 0.21428571428571427, 0.2413793103448276, 0.22580645161290322, 0.25, 0.2727272727272727, 0.2571428571428571, 0.24324324324324326, 0.23076923076923078, 0.21951219512195122, 0.20930232558139536, 0.22727272727272727, 0.24444444444444444, 0.2608695652173913, 0.2765957446808511, 0.2916666666666667, 0.30612244897959184, 0.32, 0.3333333333333333, 0.34615384615384615, 0.3333333333333333, 0.32142857142857145, 0.3333333333333333, 0.3448275862068966, 0.3793103448275862, 0.36666666666666664, 0.4, 0.3870967741935484, 0.3968253968253968, 0.40625, 0.4153846153846154, 0.42424242424242425, 0.43283582089552236, 0.4411764705882353, 0.42857142857142855, 0.43661971830985913, 0.4444444444444444, 0.4520547945205479, 0.4594594594594595, 0.4864864864864865, 0.49333333333333335, 0.52, 0.5064935064935064, 0.5324675324675324, 0.5384615384615384, 0.5443037974683544, 0.569620253164557, 0.5949367088607594, 0.6, 0.625, 0.6296296296296297, 0.654320987654321, 0.6790123456790124, 0.7037037037037037, 0.7283950617283951, 0.7530864197530864, 0.7777777777777778, 0.8024691358024691, 0.8271604938271605, 0.8518518518518519, 0.8765432098765432, 0.9012345679012346, 0.9259259259259259, 0.9506172839506173, 0.9753086419753086, 1.0], 0.39944544432599643], "first_gen": [[0.0, 0.0, 0.2, 0.3333333333333333, 0.25, 0.2, 0.16666666666666666, 0.14285714285714285, 0.125, 0.1111111111111111, 0.15789473684210525, 0.14285714285714285, 0.18181818181818182, 0.16666666666666666, 0.2, 0.18518518518518517, 0.1724137931034483, 0.2, 0.22580645161290322, 0.25, 0.3125, 0.29411764705882354, 0.3142857142857143, 0.3333333333333333, 0.3888888888888889, 0.40540540540540543, 0.42105263157894735, 0.4358974358974359, 0.48717948717948717, 0.5, 0.5121951219512195, 0.5609756097560976, 0.5348837209302325, 0.5454545454545454, 0.5909090909090909, 0.6363636363636364, 0.6444444444444445, 0.6521739130434783, 0.6595744680851063, 0.6666666666666666, 0.673469387755102, 0.7142857142857143, 0.6862745098039216, 0.6923076923076923, 0.6666666666666666, 0.6428571428571429, 0.6206896551724138, 0.6551724137931034, 0.6610169491525424, 0.6949152542372882, 0.6721311475409836, 0.6774193548387096, 0.6825396825396826, 0.6615384615384615, 0.6666666666666666, 0.6470588235294118, 0.6285714285714286, 0.6111111111111112, 0.6164383561643836, 0.6216216216216216, 0.6486486486486487, 0.6533333333333333, 0.68, 0.6842105263157895, 0.6883116883116883, 0.7142857142857143, 0.7402597402597403, 0.7435897435897436, 0.7468354430379747, 0.75, 0.7530864197530864, 0.7777777777777778, 0.8024691358024691, 0.8271604938271605, 0.8518518518518519, 0.8765432098765432, 0.9012345679012346, 0.9259259259259259, 0.9506172839506173, 0.9753086419753086, 1.0], 0.5336514294983138]}}