{"rank_algo": "anova_f_score", "seed": 77, "subsampling_proportion": 0.01, "exec_time": 0.012999534606933594, "results": {"features": ["feature82", "feature81", "feature90", "feature5", "feature39", "feature40", "feature59", "feature42", "feature2", "feature27", "feature23", "feature48", "feature12", "feature15", "feature37", "feature71", "feature49", "feature26", "feature50", "feature10", "feature30", "feature62", "feature22", "feature29", "feature41", "feature51", "feature9", "feature3", "feature24", "feature47", "feature68", "feature36", "feature35", "feature8", "feature0", "feature43", "feature34", "feature16", "feature46", "feature17", "feature38", "feature56", "feature4", "feature31", "feature67", "feature13", "feature20", "feature52", "feature11", "feature28", "feature44", "feature53", "feature21", "feature54", "feature69", "feature66", "feature64", "feature63", "feature55", "feature18", "feature6", "feature60", "feature25", "feature65", "feature57", "feature61", "feature19", "feature45", "feature7", "feature73", "feature1", "feature58", "feature33", "feature72"], "scores": [1869.1115650147447, 1527.603764813506, 270.77049376677303, 240.3163769969584, 211.9522459845215, 187.29529196345123, 157.65213253874535, 146.8451768174065, 115.89064549157075, 115.29512855007245, 114.76795712688627, 107.36027445626544, 96.85865913661094, 82.16994638567978, 75.38169081412931, 72.33611828605515, 68.83878614618439, 68.52345905624257, 68.50115340917496, 64.89205437727557, 64.28281793219637, 61.75970153970658, 56.5043995461671, 55.07044908805497, 53.40086382932614, 50.08998522845303, 46.0563051976168, 45.14869672698205, 44.47942720119547, 43.76818371525435, 40.97716809632891, 40.59549726634829, 40.3569300141783, 39.847734855550826, 39.442696402405176, 38.12205803914363, 34.900830827665445, 33.75745108165378, 30.453407512847978, 29.002413124720555, 28.008005203832614, 26.309603495635884, 20.561274921823728, 19.87041826249152, 19.763191164049488, 19.7568523542654, 19.172814761834562, 16.809714146910792, 15.79520726875772, 12.41505554148533, 12.397032605722973, 12.063661220060807, 11.660863916223272, 11.164722802649674, 8.799171524097764, 7.2040587698052345, 7.175405180186493, 5.395055893310288, 3.0820810507889465, 2.5627013397257197, 2.18496879952552, 1.637708566156497, 0.9177698746168579, 0.7681032706004676, 0.6681022972652154, 0.5364166305176412, 0.38905070413338433, 0.3650869040592402, 0.3650660223022488, 0.24262085068477637, 0.04957096688967783, 0.03398074332195882, 0.006892064848457352, 0.0015680300805444665]}, "evaluations": {"eval_method": "jaccard_full_score", "singles": [[0.0, 0.0, 0.0, 0.0, 0.0, 0.0, 0.0, 0.0, 0.0, 0.0, 0.047619047619047616, 0.043478260869565216, 0.13043478260869565, 0.16666666666666666, 0.2, 0.18518518518518517, 0.21428571428571427, 0.2857142857142857, 0.26666666666666666, 0.2903225806451613, 0.2727272727272727, 0.29411764705882354, 0.3142857142857143, 0.2972972972972973, 0.3157894736842105, 0.3333333333333333, 0.3170731707317073, 0.3333333333333333, 0.3488372093023256, 0.36363636363636365, 0.34782608695652173, 0.3617021276595745, 0.375, 0.36, 0.37254901960784315, 0.3584905660377358, 0.34545454545454546, 0.38181818181818183, 0.39285714285714285, 0.40350877192982454, 0.41379310344827586, 0.423728813559322, 0.43333333333333335, 0.4426229508196721, 0.45161290322580644, 0.4603174603174603, 0.49206349206349204, 0.5238095238095238, 0.5555555555555556, 0.5625, 0.5692307692307692, 0.5757575757575758, 0.582089552238806, 0.5882352941176471, 0.5714285714285714, 0.5774647887323944, 0.5833333333333334, 0.6111111111111112, 0.6164383561643836, 0.6438356164383562, 0.6712328767123288, 0.6986301369863014, 0.7027027027027027, 0.7297297297297297, 0.7567567567567568, 0.7837837837837838, 0.8108108108108109, 0.8378378378378378, 0.8648648648648649, 0.8918918918918919, 0.918918918918919, 0.9459459459459459, 0.972972972972973, 1.0], 0.41759386003524623], "first_gen": [[0.0, 0.0, 0.2, 0.3333333333333333, 0.25, 0.2, 0.16666666666666666, 0.14285714285714285, 0.2, 0.17647058823529413, 0.2222222222222222, 0.2, 0.18181818181818182, 0.16666666666666666, 0.15384615384615385, 0.14285714285714285, 0.13333333333333333, 0.16129032258064516, 0.1875, 0.25, 0.2727272727272727, 0.29411764705882354, 0.35294117647058826, 0.3333333333333333, 0.35135135135135137, 0.3684210526315789, 0.42105263157894735, 0.47368421052631576, 0.45, 0.4634146341463415, 0.47619047619047616, 0.4883720930232558, 0.4666666666666667, 0.4782608695652174, 0.5217391304347826, 0.5652173913043478, 0.574468085106383, 0.5833333333333334, 0.5918367346938775, 0.6326530612244898, 0.673469387755102, 0.68, 0.6538461538461539, 0.660377358490566, 0.6666666666666666, 0.6727272727272727, 0.6785714285714286, 0.6842105263157895, 0.6896551724137931, 0.6949152542372882, 0.7, 0.6774193548387096, 0.6825396825396826, 0.7142857142857143, 0.71875, 0.75, 0.7272727272727273, 0.7313432835820896, 0.7611940298507462, 0.7910447761194029, 0.8208955223880597, 0.8235294117647058, 0.8260869565217391, 0.8285714285714286, 0.8055555555555556, 0.8333333333333334, 0.8611111111111112, 0.8888888888888888, 0.8904109589041096, 0.9178082191780822, 0.9452054794520548, 0.9726027397260274, 0.972972972972973, 1.0], 0.5277247160776078]}}