{"rank_algo": "anova_f_score", "seed": 53, "subsampling_proportion": 0.01, "exec_time": 0.011999130249023438, "results": {"features": ["feature82", "feature81", "feature90", "feature5", "feature15", "feature39", "feature59", "feature40", "feature2", "feature62", "feature50", "feature12", "feature49", "feature56", "feature42", "feature71", "feature0", "feature10", "feature30", "feature36", "feature51", "feature52", "feature37", "feature48", "feature41", "feature23", "feature9", "feature29", "feature3", "feature8", "feature26", "feature38", "feature34", "feature46", "feature24", "feature47", "feature68", "feature4", "feature28", "feature67", "feature11", "feature16", "feature66", "feature1", "feature53", "feature19", "feature35", "feature69", "feature22", "feature21", "feature45", "feature17", "feature64", "feature27", "feature54", "feature60", "feature7", "feature33", "feature25", "feature18", "feature43", "feature57", "feature72", "feature65", "feature13", "feature44", "feature58", "feature6", "feature31", "feature20", "feature73", "feature61", "feature63", "feature55"], "scores": [1932.3136303948595, 1273.4322236569435, 277.54001967079876, 237.45321664682078, 168.83690025852826, 166.130640054128, 152.75686589708044, 126.05715261856612, 112.52925056154443, 101.20127829003471, 97.53917097289548, 95.92905691907913, 95.15301506213582, 89.67079479113134, 74.32357703323196, 68.03596761691978, 65.585406256604, 52.53200277017647, 51.47734466163683, 44.81061305220213, 44.735045257595935, 43.549583105064016, 43.52990291131222, 40.10932890654043, 39.54460220235101, 38.77913528612101, 35.95759371889432, 35.209805598971805, 33.81286982556704, 32.872033227147554, 31.45766345982499, 29.86950558543866, 29.139033479221073, 28.80479769915407, 28.246648597598014, 27.45698508719072, 22.0052997444345, 21.567726755599416, 21.48926273419541, 19.74229164159509, 18.784781291864725, 18.73454192864557, 16.014061475498227, 15.436267657123349, 13.635721060635255, 12.451663868996599, 12.149587360769416, 11.533747953223228, 11.053898063186816, 10.00933453456498, 9.013842721541431, 7.6310325477756225, 7.507671390223437, 4.623542398354288, 4.479415867035076, 3.8328597008027607, 2.9792557326069784, 2.8008201478102515, 2.4748194923661844, 2.4533618682936256, 2.0549869139279684, 1.4190103121887925, 1.281752584700557, 1.0271057161840753, 0.859863105835251, 0.8119017909099085, 0.7070877533651825, 0.6535996632742778, 0.42276761521599204, 0.28141434584392383, 0.2543144425889346, 0.17433901784934444, 0.1441379087294928, 0.024183168540164553]}, "evaluations": {"eval_method": "jaccard_full_score", "singles": [[0.0, 0.0, 0.0, 0.0, 0.0, 0.0, 0.07692307692307693, 0.06666666666666667, 0.058823529411764705, 0.05263157894736842, 0.047619047619047616, 0.09090909090909091, 0.18181818181818182, 0.16666666666666666, 0.2, 0.18518518518518517, 0.1724137931034483, 0.2413793103448276, 0.22580645161290322, 0.25, 0.2727272727272727, 0.2571428571428571, 0.24324324324324326, 0.23076923076923078, 0.25, 0.2682926829268293, 0.2558139534883721, 0.2727272727272727, 0.28888888888888886, 0.30434782608695654, 0.3191489361702128, 0.30612244897959184, 0.29411764705882354, 0.3076923076923077, 0.34615384615384615, 0.3333333333333333, 0.32142857142857145, 0.3333333333333333, 0.3448275862068966, 0.3559322033898305, 0.3898305084745763, 0.423728813559322, 0.43333333333333335, 0.4666666666666667, 0.47540983606557374, 0.5081967213114754, 0.5161290322580645, 0.5238095238095238, 0.5555555555555556, 0.5625, 0.5692307692307692, 0.5757575757575758, 0.5588235294117647, 0.5652173913043478, 0.5714285714285714, 0.6, 0.6285714285714286, 0.6571428571428571, 0.6388888888888888, 0.6666666666666666, 0.6712328767123288, 0.6986301369863014, 0.7027027027027027, 0.7297297297297297, 0.7567567567567568, 0.7837837837837838, 0.8108108108108109, 0.8378378378378378, 0.8648648648648649, 0.8918918918918919, 0.918918918918919, 0.9459459459459459, 0.972972972972973, 1.0], 0.40953223178503706], "first_gen": [[0.0, 0.0, 0.2, 0.3333333333333333, 0.25, 0.2, 0.16666666666666666, 0.14285714285714285, 0.2, 0.17647058823529413, 0.15789473684210525, 0.14285714285714285, 0.13043478260869565, 0.12, 0.1111111111111111, 0.10344827586206896, 0.13333333333333333, 0.2, 0.22580645161290322, 0.25, 0.2727272727272727, 0.29411764705882354, 0.3142857142857143, 0.2972972972972973, 0.3157894736842105, 0.3333333333333333, 0.38461538461538464, 0.4, 0.45, 0.4634146341463415, 0.47619047619047616, 0.4883720930232558, 0.4666666666666667, 0.4782608695652174, 0.48936170212765956, 0.5319148936170213, 0.5416666666666666, 0.5510204081632653, 0.56, 0.5384615384615384, 0.5471698113207547, 0.5849056603773585, 0.5636363636363636, 0.6, 0.6071428571428571, 0.6140350877192983, 0.6206896551724138, 0.6271186440677966, 0.6610169491525424, 0.6949152542372882, 0.6721311475409836, 0.6774193548387096, 0.65625, 0.6875, 0.71875, 0.7230769230769231, 0.7272727272727273, 0.7313432835820896, 0.7352941176470589, 0.7391304347826086, 0.7681159420289855, 0.7464788732394366, 0.7746478873239436, 0.7777777777777778, 0.8055555555555556, 0.8333333333333334, 0.8108108108108109, 0.8378378378378378, 0.8648648648648649, 0.8918918918918919, 0.918918918918919, 0.9459459459459459, 0.972972972972973, 1.0], 0.5004063085071232]}}