{"rank_algo": "anova_f_score", "seed": 43, "subsampling_proportion": 0.01, "exec_time": 0.01199960708618164, "results": {"features": ["feature82", "feature81", "feature23", "feature90", "feature5", "feature59", "feature0", "feature15", "feature39", "feature27", "feature40", "feature2", "feature49", "feature42", "feature50", "feature12", "feature36", "feature10", "feature48", "feature22", "feature71", "feature20", "feature62", "feature8", "feature9", "feature52", "feature37", "feature28", "feature3", "feature29", "feature47", "feature30", "feature38", "feature46", "feature51", "feature44", "feature16", "feature43", "feature41", "feature11", "feature56", "feature4", "feature26", "feature21", "feature24", "feature66", "feature34", "feature68", "feature67", "feature1", "feature53", "feature54", "feature13", "feature31", "feature19", "feature45", "feature57", "feature17", "feature69", "feature65", "feature18", "feature35", "feature63", "feature55", "feature33", "feature60", "feature72", "feature73", "feature7", "feature64", "feature25", "feature58", "feature61", "feature6", "feature70", "feature92", "feature93", "feature94", "feature95", "feature96", "feature97"], "scores": [1729.4666905409124, 1276.7534284509225, 321.3956184687031, 268.1362353530788, 214.22618584599098, 149.51646499761802, 134.86601388299053, 133.37345233134874, 106.40670419241947, 99.96108197960194, 94.4497818181225, 93.83128796402875, 92.14011565361615, 90.47892835885096, 88.50548506747529, 83.9591183175501, 82.08722573618468, 77.49026227527672, 65.6584003639563, 65.52121402383875, 65.07653535823778, 64.40037361389695, 62.149412299341954, 60.14815632716193, 57.04745534798387, 53.873453011843736, 53.828400706955236, 48.902169589507025, 46.48132001579428, 39.62046424737255, 35.05562313346111, 33.86762395781234, 33.69397473798628, 30.031036051347098, 29.253386577457746, 29.202046932158698, 27.545667237647127, 26.181336461603614, 26.001578256265113, 23.736436608315636, 23.289587545951694, 22.98874597442283, 22.468923814924178, 22.439203070851942, 19.49192096930867, 18.73320293667158, 17.881306300949703, 16.934483873472633, 15.844780622656515, 14.63934001486319, 13.004921842549155, 11.82690850045842, 11.507389053482962, 9.290503418343436, 9.081036127471014, 8.92348686621572, 7.61853795079645, 7.020337072886081, 6.575923379925004, 5.982743538459433, 5.711969907946214, 4.986906650159501, 4.70017746064916, 3.022143365004574, 1.6184096257123315, 0.7062065939558119, 0.41920023258222655, 0.25481479656676875, 0.14287290183195367, 0.07186014532692991, 0.026930902906265614, 0.02377987859121411, 0.0018345328299929368, 0.0005854463789454884, NaN, NaN, NaN, NaN, NaN, NaN, NaN]}, "evaluations": {"eval_method": "jaccard_full_score", "singles": [[0.0, 0.0, 0.2, 0.14285714285714285, 0.1111111111111111, 0.09090909090909091, 0.07692307692307693, 0.14285714285714285, 0.125, 0.1111111111111111, 0.1, 0.09090909090909091, 0.18181818181818182, 0.16666666666666666, 0.2, 0.23076923076923078, 0.21428571428571427, 0.2857142857142857, 0.26666666666666666, 0.2903225806451613, 0.2727272727272727, 0.29411764705882354, 0.3142857142857143, 0.2972972972972973, 0.28205128205128205, 0.2682926829268293, 0.2558139534883721, 0.2727272727272727, 0.28888888888888886, 0.30434782608695654, 0.2916666666666667, 0.28, 0.29411764705882354, 0.3076923076923077, 0.34615384615384615, 0.3333333333333333, 0.34545454545454546, 0.35714285714285715, 0.3684210526315789, 0.40350877192982454, 0.3898305084745763, 0.4, 0.4098360655737705, 0.4426229508196721, 0.45161290322580644, 0.4603174603174603, 0.46875, 0.45454545454545453, 0.4626865671641791, 0.47058823529411764, 0.4782608695652174, 0.4857142857142857, 0.5142857142857142, 0.5211267605633803, 0.5492957746478874, 0.5774647887323944, 0.5833333333333334, 0.5675675675675675, 0.5733333333333334, 0.5789473684210527, 0.5844155844155844, 0.5897435897435898, 0.6153846153846154, 0.620253164556962, 0.6455696202531646, 0.6708860759493671, 0.6962025316455697, 0.7215189873417721, 0.7468354430379747, 0.75, 0.7530864197530864, 0.7777777777777778, 0.8024691358024691, 0.8271604938271605, 0.8518518518518519, 0.8765432098765432, 0.9012345679012346, 0.9259259259259259, 0.9506172839506173, 0.9753086419753086, 1.0], 0.4353608352674492], "first_gen": [[0.0, 0.0, 0.5, 0.6, 0.42857142857142855, 0.3333333333333333, 0.2727272727272727, 0.23076923076923078, 0.2, 0.17647058823529413, 0.15789473684210525, 0.2631578947368421, 0.23809523809523808, 0.21739130434782608, 0.2, 0.18518518518518517, 0.1724137931034483, 0.2413793103448276, 0.26666666666666666, 0.3333333333333333, 0.3548387096774194, 0.41935483870967744, 0.4375, 0.45454545454545453, 0.5151515151515151, 0.4857142857142857, 0.4594594594594595, 0.47368421052631576, 0.48717948717948717, 0.4634146341463415, 0.5121951219512195, 0.5238095238095238, 0.5, 0.5111111111111111, 0.5555555555555556, 0.6, 0.6086956521739131, 0.6521739130434783, 0.6595744680851063, 0.6666666666666666, 0.7083333333333334, 0.7142857142857143, 0.72, 0.76, 0.7307692307692307, 0.7037037037037037, 0.7090909090909091, 0.7142857142857143, 0.7192982456140351, 0.7241379310344828, 0.7, 0.7049180327868853, 0.6825396825396826, 0.6615384615384615, 0.6666666666666666, 0.6470588235294118, 0.6285714285714286, 0.6338028169014085, 0.6388888888888888, 0.6216216216216216, 0.6486486486486487, 0.6756756756756757, 0.68, 0.7066666666666667, 0.7105263157894737, 0.7142857142857143, 0.7402597402597403, 0.7662337662337663, 0.7922077922077922, 0.7721518987341772, 0.775, 0.7777777777777778, 0.8024691358024691, 0.8271604938271605, 0.8518518518518519, 0.8765432098765432, 0.9012345679012346, 0.9259259259259259, 0.9506172839506173, 0.9753086419753086, 1.0], 0.5689758779543835]}}