{"rank_algo": "anova_f_score", "seed": 29, "subsampling_proportion": 0.01, "exec_time": 0.010998249053955078, "results": {"features": ["feature82", "feature81", "feature23", "feature90", "feature5", "feature22", "feature39", "feature2", "feature40", "feature56", "feature59", "feature15", "feature48", "feature71", "feature49", "feature50", "feature27", "feature8", "feature9", "feature0", "feature12", "feature42", "feature51", "feature16", "feature30", "feature10", "feature24", "feature36", "feature37", "feature47", "feature28", "feature41", "feature3", "feature44", "feature29", "feature67", "feature68", "feature4", "feature26", "feature11", "feature17", "feature52", "feature38", "feature43", "feature18", "feature62", "feature46", "feature7", "feature34", "feature69", "feature54", "feature31", "feature66", "feature45", "feature53", "feature64", "feature61", "feature35", "feature21", "feature72", "feature63", "feature58", "feature19", "feature13", "feature65", "feature6", "feature1", "feature33", "feature60", "feature20", "feature25", "feature73", "feature57", "feature55", "feature70", "feature92", "feature93", "feature94", "feature95", "feature96", "feature97"], "scores": [1971.776467657039, 1659.4622843958703, 358.7073527635033, 279.5363438548673, 213.30320323843586, 166.49956699046507, 133.0164222654737, 112.94488699671247, 110.38808755721458, 108.07261373462214, 107.65727913373672, 94.86077408115298, 80.76921758901868, 76.12361712175415, 70.39773099044444, 69.38362313412853, 67.06182344437578, 64.81117258447487, 63.92307462324169, 63.80903638399195, 63.21732098874382, 60.15630959717298, 51.7403358061555, 50.667352576810664, 49.400823376337065, 49.1738464192287, 49.03989190370054, 44.49240166198964, 42.64130444007245, 38.40998956442831, 35.101832567729986, 35.045970676346016, 32.210336280817906, 31.918668805315978, 31.761034397571688, 30.36194110554943, 27.421862096274367, 27.070333520603207, 24.229345055937387, 23.591459193637387, 23.551918662435508, 20.25440494539449, 19.54598546714736, 19.527421286664648, 17.64662433326524, 16.455051435253505, 13.973477176089066, 13.524461330456328, 13.262753346493481, 11.639310111960581, 10.45125426903989, 10.351665484724935, 9.642114127893963, 8.263650763414136, 7.290270156977294, 6.850965170914958, 6.7825959719252795, 5.575353443072455, 5.504271839333575, 5.027147028427746, 4.515470174805592, 3.684606158352422, 3.348765331116073, 2.908988798990832, 2.18259002302321, 1.8542073008499662, 1.8479978067455556, 1.5499552520666044, 0.6524435041012837, 0.4845475140693751, 0.4398581723428976, 0.34528351504704397, 0.03831625468261189, 0.00232019468221021, NaN, NaN, NaN, NaN, NaN, NaN, NaN]}, "evaluations": {"eval_method": "jaccard_full_score", "singles": [[0.0, 0.0, 0.2, 0.14285714285714285, 0.1111111111111111, 0.09090909090909091, 0.07692307692307693, 0.06666666666666667, 0.058823529411764705, 0.05263157894736842, 0.047619047619047616, 0.09090909090909091, 0.13043478260869565, 0.12, 0.2, 0.18518518518518517, 0.21428571428571427, 0.2413793103448276, 0.22580645161290322, 0.21212121212121213, 0.23529411764705882, 0.2222222222222222, 0.24324324324324326, 0.2631578947368421, 0.25, 0.2682926829268293, 0.2558139534883721, 0.2727272727272727, 0.28888888888888886, 0.30434782608695654, 0.2916666666666667, 0.3333333333333333, 0.3469387755102041, 0.3333333333333333, 0.34615384615384615, 0.3333333333333333, 0.32142857142857145, 0.3333333333333333, 0.3448275862068966, 0.3793103448275862, 0.36666666666666664, 0.3770491803278688, 0.36507936507936506, 0.375, 0.38461538461538464, 0.4153846153846154, 0.4461538461538462, 0.45454545454545453, 0.4626865671641791, 0.4492753623188406, 0.4782608695652174, 0.4647887323943662, 0.4722222222222222, 0.5, 0.5068493150684932, 0.5135135135135135, 0.5405405405405406, 0.5263157894736842, 0.5526315789473685, 0.5384615384615384, 0.5641025641025641, 0.569620253164557, 0.5949367088607594, 0.620253164556962, 0.6455696202531646, 0.6708860759493671, 0.6962025316455697, 0.7, 0.725, 0.75, 0.7530864197530864, 0.7777777777777778, 0.8024691358024691, 0.8271604938271605, 0.8518518518518519, 0.8765432098765432, 0.9012345679012346, 0.9259259259259259, 0.9506172839506173, 0.9753086419753086, 1.0], 0.4162987123403221], "first_gen": [[0.0, 0.0, 0.5, 0.6, 0.42857142857142855, 0.5, 0.4, 0.45454545454545453, 0.38461538461538464, 0.3333333333333333, 0.29411764705882354, 0.2631578947368421, 0.23809523809523808, 0.21739130434782608, 0.2, 0.18518518518518517, 0.1724137931034483, 0.2413793103448276, 0.3103448275862069, 0.3793103448275862, 0.4, 0.41935483870967744, 0.4375, 0.4117647058823529, 0.42857142857142855, 0.4444444444444444, 0.4594594594594595, 0.47368421052631576, 0.48717948717948717, 0.5, 0.5121951219512195, 0.5238095238095238, 0.5348837209302325, 0.5454545454545454, 0.5555555555555556, 0.5652173913043478, 0.574468085106383, 0.5510204081632653, 0.56, 0.5686274509803921, 0.6078431372549019, 0.6153846153846154, 0.6226415094339622, 0.660377358490566, 0.6666666666666666, 0.6727272727272727, 0.6785714285714286, 0.7142857142857143, 0.75, 0.7543859649122807, 0.7586206896551724, 0.7333333333333333, 0.7096774193548387, 0.6875, 0.6666666666666666, 0.6470588235294118, 0.6285714285714286, 0.6338028169014085, 0.6388888888888888, 0.6438356164383562, 0.6486486486486487, 0.6533333333333333, 0.68, 0.6623376623376623, 0.6883116883116883, 0.7142857142857143, 0.7402597402597403, 0.7435897435897436, 0.7468354430379747, 0.75, 0.775, 0.8, 0.8024691358024691, 0.8271604938271605, 0.8518518518518519, 0.8765432098765432, 0.9012345679012346, 0.9259259259259259, 0.9506172839506173, 0.9753086419753086, 1.0], 0.5720025495045344]}}