{"rank_algo": "anova_f_score", "seed": 23, "subsampling_proportion": 0.01, "exec_time": 0.012001276016235352, "results": {"features": ["feature82", "feature81", "feature23", "feature48", "feature5", "feature90", "feature59", "feature39", "feature71", "feature40", "feature2", "feature17", "feature27", "feature12", "feature49", "feature50", "feature51", "feature62", "feature42", "feature30", "feature15", "feature44", "feature9", "feature29", "feature10", "feature24", "feature16", "feature47", "feature34", "feature8", "feature38", "feature37", "feature36", "feature41", "feature43", "feature46", "feature54", "feature3", "feature52", "feature22", "feature66", "feature45", "feature28", "feature61", "feature21", "feature35", "feature0", "feature69", "feature13", "feature26", "feature56", "feature1", "feature53", "feature20", "feature4", "feature64", "feature25", "feature31", "feature7", "feature67", "feature58", "feature11", "feature19", "feature6", "feature57", "feature68", "feature18", "feature33", "feature60", "feature73", "feature72", "feature63", "feature55", "feature65"], "scores": [2183.127909189758, 1557.8090621737554, 524.609148535521, 256.73458290844945, 240.90263520088635, 225.622341067157, 187.15195354264097, 161.24359156142117, 132.87041623254578, 124.83652523628807, 113.770306956098, 99.75020887388362, 93.14695867095033, 91.72646674987168, 86.58895554547547, 86.39963445964851, 80.65921179641157, 79.47516818718653, 79.30849816589709, 67.38818833118621, 66.77450428086696, 57.65834957085158, 53.88529280895336, 50.55253337668249, 49.093248642979525, 46.20471682115977, 45.17870167067195, 43.26468346627562, 41.43391315664661, 40.47644777877052, 39.41014329217538, 38.65650433440894, 36.15938262027187, 33.73483348095569, 30.149015434904513, 28.786318382860873, 24.701707064759468, 22.485722388227632, 21.77766487749596, 20.126603142569646, 19.722880311381594, 19.617349540461614, 19.233597534964197, 18.73312759368231, 18.617249169972343, 18.160624152342844, 17.648327957694296, 14.74164351429436, 14.456866747896747, 14.239855040630523, 11.057376002686034, 10.557423890885149, 10.550201502450927, 9.431705120992984, 8.889262926575602, 6.813984662432368, 5.787773791584054, 5.692423527127928, 5.463356615092461, 4.189216050786459, 3.723650661734089, 2.701668574653437, 2.3884911139525173, 2.2266829288928363, 2.073727811314288, 1.845622647533795, 1.3446862862012012, 0.873802223758552, 0.41944896560027867, 0.24725224122962122, 0.12172495802214538, 0.09925669861130335, 0.028070927556288157, 0.00011668119991778063]}, "evaluations": {"eval_method": "jaccard_full_score", "singles": [[0.0, 0.0, 0.2, 0.14285714285714285, 0.1111111111111111, 0.09090909090909091, 0.07692307692307693, 0.06666666666666667, 0.058823529411764705, 0.05263157894736842, 0.047619047619047616, 0.043478260869565216, 0.08333333333333333, 0.12, 0.2, 0.18518518518518517, 0.21428571428571427, 0.2413793103448276, 0.22580645161290322, 0.25, 0.2727272727272727, 0.2571428571428571, 0.24324324324324326, 0.23076923076923078, 0.25, 0.23809523809523808, 0.2558139534883721, 0.2727272727272727, 0.28888888888888886, 0.30434782608695654, 0.2916666666666667, 0.30612244897959184, 0.32, 0.3333333333333333, 0.34615384615384615, 0.3584905660377358, 0.37037037037037035, 0.38181818181818183, 0.3684210526315789, 0.40350877192982454, 0.41379310344827586, 0.4482758620689655, 0.4827586206896552, 0.5172413793103449, 0.5254237288135594, 0.5333333333333333, 0.5409836065573771, 0.5483870967741935, 0.5806451612903226, 0.6129032258064516, 0.59375, 0.6, 0.582089552238806, 0.5882352941176471, 0.5942028985507246, 0.6, 0.6056338028169014, 0.589041095890411, 0.6164383561643836, 0.6438356164383562, 0.6486486486486487, 0.6756756756756757, 0.7027027027027027, 0.7297297297297297, 0.7567567567567568, 0.7837837837837838, 0.8108108108108109, 0.8378378378378378, 0.8648648648648649, 0.8918918918918919, 0.918918918918919, 0.9459459459459459, 0.972972972972973, 1.0], 0.4213994903564043], "first_gen": [[0.0, 0.0, 0.5, 0.6, 0.42857142857142855, 0.3333333333333333, 0.2727272727272727, 0.23076923076923078, 0.2, 0.17647058823529413, 0.2222222222222222, 0.2, 0.18181818181818182, 0.16666666666666666, 0.15384615384615385, 0.14285714285714285, 0.13333333333333333, 0.16129032258064516, 0.15151515151515152, 0.17647058823529413, 0.23529411764705882, 0.29411764705882354, 0.35294117647058826, 0.37142857142857144, 0.42857142857142855, 0.40540540540540543, 0.42105263157894735, 0.4358974358974359, 0.4146341463414634, 0.4634146341463415, 0.47619047619047616, 0.4883720930232558, 0.4666666666666667, 0.44680851063829785, 0.48936170212765956, 0.5319148936170213, 0.574468085106383, 0.6170212765957447, 0.625, 0.6666666666666666, 0.673469387755102, 0.6470588235294118, 0.6538461538461539, 0.660377358490566, 0.6981132075471698, 0.7037037037037037, 0.7090909090909091, 0.7142857142857143, 0.7192982456140351, 0.7543859649122807, 0.7586206896551724, 0.7627118644067796, 0.7377049180327869, 0.7419354838709677, 0.746031746031746, 0.7230769230769231, 0.7014925373134329, 0.6811594202898551, 0.7101449275362319, 0.7391304347826086, 0.7428571428571429, 0.7714285714285715, 0.8, 0.8285714285714286, 0.8309859154929577, 0.8591549295774648, 0.8611111111111112, 0.863013698630137, 0.8648648648648649, 0.8918918918918919, 0.918918918918919, 0.9459459459459459, 0.972972972972973, 1.0], 0.5414311642181444]}}