{"rank_algo": "anova_f_score", "seed": 81, "subsampling_proportion": 0.01, "exec_time": 0.011000633239746094, "results": {"features": ["feature82", "feature81", "feature90", "feature5", "feature48", "feature39", "feature27", "feature59", "feature15", "feature40", "feature37", "feature12", "feature56", "feature71", "feature50", "feature49", "feature42", "feature2", "feature30", "feature36", "feature38", "feature24", "feature23", "feature29", "feature51", "feature52", "feature47", "feature28", "feature16", "feature34", "feature4", "feature41", "feature10", "feature9", "feature35", "feature8", "feature11", "feature21", "feature0", "feature3", "feature54", "feature66", "feature44", "feature22", "feature53", "feature62", "feature17", "feature67", "feature46", "feature64", "feature68", "feature13", "feature26", "feature31", "feature43", "feature61", "feature72", "feature55", "feature45", "feature63", "feature65", "feature1", "feature7", "feature25", "feature60", "feature69", "feature58", "feature20", "feature18", "feature73", "feature19", "feature6", "feature33", "feature57", "feature70", "feature92", "feature93", "feature94", "feature95", "feature96", "feature97"], "scores": [2144.1551169974273, 1634.7020702870348, 305.57906771992583, 236.6001416006499, 177.77327259345807, 158.77887705866172, 158.51121347062116, 132.283237248667, 102.00957721952112, 99.66905289911983, 94.15689750269934, 93.60397920385407, 89.93120695607743, 87.31947400308466, 82.3570380988299, 82.31065789743538, 79.4403250979912, 75.1994462015479, 67.3080424904462, 56.83325352524744, 50.9779470952202, 49.91932608024394, 49.259046845550486, 47.8231015414759, 41.23660283549364, 39.44204638846907, 37.025297247730144, 31.927388557816627, 30.08108139710944, 28.56257696790713, 27.106868344504402, 27.079547089761363, 26.585610261408874, 26.451832482797997, 21.433175479465802, 20.887747258292986, 17.97032035941752, 17.924552039890912, 16.857198816271815, 16.38483532962424, 16.237528017487012, 14.007104557641357, 12.89376304208461, 12.081028814176129, 11.919195078466277, 11.847430895796268, 11.558760765545175, 11.073712231222984, 10.600331931732041, 10.512312857929446, 10.335670918558396, 9.553932960214073, 7.606569414032706, 6.865653593953914, 6.523822235388235, 4.928927225792016, 3.0953098792037297, 2.2815248109521185, 1.3312982984673045, 1.2617784417414142, 1.01160851640247, 0.7850301827027356, 0.7663231882037266, 0.748330573044643, 0.6655282456418179, 0.5612981284458566, 0.468266294469466, 0.3233486668177022, 0.26991957302356123, 0.2493327644794684, 0.18558295605346767, 0.08142871825883749, 0.08066082345847875, 0.017799724073264668, NaN, NaN, NaN, NaN, NaN, NaN, NaN]}, "evaluations": {"eval_method": "jaccard_full_score", "singles": [[0.0, 0.0, 0.0, 0.0, 0.0, 0.0, 0.0, 0.0, 0.058823529411764705, 0.05263157894736842, 0.047619047619047616, 0.09090909090909091, 0.13043478260869565, 0.12, 0.15384615384615385, 0.18518518518518517, 0.1724137931034483, 0.2, 0.1875, 0.17647058823529413, 0.16666666666666666, 0.15789473684210525, 0.1794871794871795, 0.17073170731707318, 0.19047619047619047, 0.18181818181818182, 0.17391304347826086, 0.16666666666666666, 0.20833333333333334, 0.22448979591836735, 0.21568627450980393, 0.2549019607843137, 0.29411764705882354, 0.3076923076923077, 0.32075471698113206, 0.3090909090909091, 0.32142857142857145, 0.35714285714285715, 0.3448275862068966, 0.3559322033898305, 0.36666666666666664, 0.3770491803278688, 0.36507936507936506, 0.3968253968253968, 0.38461538461538464, 0.4153846153846154, 0.42424242424242425, 0.4117647058823529, 0.4411764705882353, 0.42857142857142855, 0.43661971830985913, 0.4444444444444444, 0.4722222222222222, 0.4794520547945205, 0.4864864864864865, 0.5135135135135135, 0.52, 0.5064935064935064, 0.5324675324675324, 0.5384615384615384, 0.5443037974683544, 0.569620253164557, 0.5949367088607594, 0.6, 0.625, 0.6296296296296297, 0.654320987654321, 0.6790123456790124, 0.7037037037037037, 0.7283950617283951, 0.7530864197530864, 0.7777777777777778, 0.8024691358024691, 0.8271604938271605, 0.8518518518518519, 0.8765432098765432, 0.9012345679012346, 0.9259259259259259, 0.9506172839506173, 0.9753086419753086, 1.0], 0.38612900922579485], "first_gen": [[0.0, 0.0, 0.2, 0.3333333333333333, 0.25, 0.2, 0.16666666666666666, 0.14285714285714285, 0.125, 0.1111111111111111, 0.1, 0.09090909090909091, 0.08333333333333333, 0.07692307692307693, 0.07142857142857142, 0.06666666666666667, 0.0625, 0.125, 0.15151515151515152, 0.17647058823529413, 0.2, 0.2222222222222222, 0.2777777777777778, 0.2631578947368421, 0.28205128205128205, 0.2682926829268293, 0.2857142857142857, 0.3023255813953488, 0.3181818181818182, 0.3333333333333333, 0.34782608695652173, 0.3617021276595745, 0.375, 0.3877551020408163, 0.4, 0.44, 0.45098039215686275, 0.46153846153846156, 0.5, 0.5384615384615384, 0.5769230769230769, 0.5849056603773585, 0.5925925925925926, 0.6296296296296297, 0.6363636363636364, 0.6727272727272727, 0.6785714285714286, 0.6842105263157895, 0.7192982456140351, 0.6949152542372882, 0.6721311475409836, 0.6507936507936508, 0.65625, 0.6363636363636364, 0.6417910447761194, 0.6231884057971014, 0.6056338028169014, 0.6111111111111112, 0.5945945945945946, 0.6, 0.6052631578947368, 0.631578947368421, 0.6578947368421053, 0.6623376623376623, 0.6666666666666666, 0.6923076923076923, 0.6962025316455697, 0.7215189873417721, 0.7468354430379747, 0.7721518987341772, 0.7974683544303798, 0.8227848101265823, 0.825, 0.8271604938271605, 0.8518518518518519, 0.8765432098765432, 0.9012345679012346, 0.9259259259259259, 0.9506172839506173, 0.9753086419753086, 1.0], 0.4802335362665192]}}