{"rank_algo": "anova_f_score", "seed": 72, "subsampling_proportion": 0.01, "exec_time": 0.015000343322753906, "results": {"features": ["feature82", "feature81", "feature23", "feature90", "feature5", "feature48", "feature40", "feature56", "feature37", "feature39", "feature59", "feature27", "feature2", "feature15", "feature71", "feature36", "feature49", "feature17", "feature62", "feature50", "feature38", "feature12", "feature0", "feature26", "feature42", "feature9", "feature24", "feature10", "feature8", "feature52", "feature28", "feature22", "feature34", "feature47", "feature41", "feature29", "feature51", "feature4", "feature30", "feature43", "feature66", "feature16", "feature3", "feature67", "feature11", "feature46", "feature35", "feature65", "feature54", "feature21", "feature31", "feature44", "feature20", "feature18", "feature7", "feature13", "feature53", "feature64", "feature45", "feature73", "feature69", "feature6", "feature1", "feature57", "feature58", "feature63", "feature55", "feature19", "feature68", "feature72", "feature33", "feature25", "feature60", "feature61"], "scores": [2199.198403325979, 1737.8555614563757, 629.0580250607501, 270.9739987859036, 215.08600430345666, 212.39800568214534, 210.68024805616184, 195.29310615649575, 160.54427116480284, 158.27333674070172, 146.4014354449363, 136.6847976879866, 121.97050636727805, 106.88978500464854, 100.29582030940959, 89.20306956512067, 88.81831540060882, 78.8063700696551, 78.53249278203597, 75.75692860499805, 69.33814476851668, 64.9337065726976, 60.725722461351424, 54.0139409132484, 51.517267466331084, 50.5412078754872, 43.774555104368034, 43.17236155211726, 40.91338863723308, 40.095712540842854, 39.387776225665675, 33.710406210356986, 32.799618780648444, 32.51308491344073, 32.17862444271375, 30.209797727279494, 29.16117806017936, 26.652565202860192, 25.882968875375344, 24.065101121987304, 23.803925227093362, 23.549199031428632, 22.096361105694537, 19.492566810477538, 15.995127933624605, 15.836117779251179, 15.703925360674681, 14.068184519044062, 10.169617248651942, 10.065270231276426, 9.741917253612899, 8.81341132412395, 8.667110197002089, 8.55630246786173, 8.00701206198359, 7.279537127643579, 6.971382551304771, 6.057962994383377, 5.4398009279285695, 4.05639729910079, 3.8912236360659374, 2.22045047574309, 2.0782174286283603, 2.056751637628228, 1.904545088978915, 1.1017058437147973, 0.5958253974000918, 0.42412829514109807, 0.3863816253210736, 0.3322405697147272, 0.327264383133478, 0.19881577812343681, 0.08185849748076855, 0.036571696836869796]}, "evaluations": {"eval_method": "jaccard_full_score", "singles": [[0.0, 0.0, 0.2, 0.14285714285714285, 0.1111111111111111, 0.09090909090909091, 0.07692307692307693, 0.06666666666666667, 0.058823529411764705, 0.05263157894736842, 0.047619047619047616, 0.043478260869565216, 0.08333333333333333, 0.12, 0.15384615384615385, 0.14285714285714285, 0.1724137931034483, 0.2, 0.1875, 0.21212121212121213, 0.2, 0.2222222222222222, 0.21052631578947367, 0.23076923076923078, 0.21951219512195122, 0.20930232558139536, 0.2, 0.24444444444444444, 0.2608695652173913, 0.2765957446808511, 0.2653061224489796, 0.30612244897959184, 0.32, 0.3076923076923077, 0.34615384615384615, 0.3333333333333333, 0.37037037037037035, 0.38181818181818183, 0.3684210526315789, 0.3793103448275862, 0.36666666666666664, 0.4, 0.43333333333333335, 0.4426229508196721, 0.47540983606557374, 0.5081967213114754, 0.5161290322580645, 0.5238095238095238, 0.5555555555555556, 0.5625, 0.5454545454545454, 0.5757575757575758, 0.582089552238806, 0.5882352941176471, 0.6176470588235294, 0.6470588235294118, 0.6521739130434783, 0.6338028169014085, 0.6619718309859155, 0.6901408450704225, 0.6712328767123288, 0.6986301369863014, 0.726027397260274, 0.7534246575342466, 0.7808219178082192, 0.8082191780821918, 0.8356164383561644, 0.8378378378378378, 0.8648648648648649, 0.8918918918918919, 0.918918918918919, 0.9459459459459459, 0.972972972972973, 1.0], 0.41097016580237855], "first_gen": [[0.0, 0.0, 0.5, 0.6, 0.42857142857142855, 0.3333333333333333, 0.2727272727272727, 0.23076923076923078, 0.2, 0.17647058823529413, 0.15789473684210525, 0.14285714285714285, 0.18181818181818182, 0.16666666666666666, 0.15384615384615385, 0.14285714285714285, 0.13333333333333333, 0.16129032258064516, 0.1875, 0.21212121212121213, 0.23529411764705882, 0.2571428571428571, 0.3142857142857143, 0.3333333333333333, 0.35135135135135137, 0.40540540540540543, 0.38461538461538464, 0.4358974358974359, 0.48717948717948717, 0.4634146341463415, 0.47619047619047616, 0.5238095238095238, 0.5, 0.5111111111111111, 0.5217391304347826, 0.5319148936170213, 0.574468085106383, 0.5833333333333334, 0.5918367346938775, 0.6, 0.6078431372549019, 0.6470588235294118, 0.6538461538461539, 0.660377358490566, 0.6666666666666666, 0.6727272727272727, 0.6785714285714286, 0.6842105263157895, 0.7192982456140351, 0.7241379310344828, 0.7, 0.7049180327868853, 0.7096774193548387, 0.7419354838709677, 0.7741935483870968, 0.75, 0.7538461538461538, 0.7575757575757576, 0.7611940298507462, 0.7910447761194029, 0.8208955223880597, 0.8507462686567164, 0.8529411764705882, 0.8285714285714286, 0.8309859154929577, 0.8333333333333334, 0.8611111111111112, 0.8888888888888888, 0.9166666666666666, 0.9444444444444444, 0.9452054794520548, 0.9726027397260274, 0.972972972972973, 1.0], 0.5430529924640799]}}