{"rank_algo": "anova_f_score", "seed": 88, "subsampling_proportion": 0.01, "exec_time": 0.012000560760498047, "results": {"features": ["feature82", "feature81", "feature90", "feature23", "feature5", "feature17", "feature39", "feature59", "feature27", "feature42", "feature48", "feature49", "feature15", "feature40", "feature2", "feature12", "feature50", "feature10", "feature36", "feature9", "feature8", "feature37", "feature38", "feature43", "feature51", "feature47", "feature71", "feature24", "feature41", "feature34", "feature26", "feature62", "feature46", "feature30", "feature44", "feature52", "feature16", "feature3", "feature54", "feature29", "feature35", "feature21", "feature22", "feature68", "feature28", "feature13", "feature53", "feature11", "feature19", "feature66", "feature4", "feature56", "feature67", "feature55", "feature0", "feature61", "feature64", "feature69", "feature60", "feature6", "feature1", "feature25", "feature72", "feature57", "feature20", "feature33", "feature65", "feature7", "feature31", "feature73", "feature18", "feature45", "feature63", "feature58"], "scores": [1844.3853393243257, 1507.4936962601478, 253.26932882774597, 201.73712157407385, 199.93033649263052, 166.44437016263373, 166.3101230892441, 162.7856390027406, 141.28833844730093, 130.9068032412304, 127.3675172966671, 112.76626782183295, 112.38972366603416, 110.22574414752857, 108.09922776697566, 104.24246633833452, 96.35805369379668, 77.34944375718712, 73.160177905659, 72.3812168617474, 67.86430540389188, 64.5473863594476, 56.75175154222045, 56.471024050355794, 56.467490061378726, 54.38664566263677, 52.21715413799253, 44.0185541961523, 43.19950891559475, 42.91603778894759, 40.627647155148566, 39.32544225241311, 37.954804575460365, 36.519007173553355, 33.92301950235001, 33.646341408635976, 33.172012694080685, 31.037855321568642, 29.073029942984093, 28.37623268942202, 26.98908576807112, 26.94449679280218, 24.634411884727438, 24.39015178057186, 24.11498996422501, 22.350708668443758, 19.810887927790848, 19.648448837434113, 19.010130626444784, 18.743308167856902, 17.83003293513013, 15.307330985859066, 15.278371001353905, 10.787524875440878, 8.861027725698198, 7.536748812499854, 7.339754801488325, 6.958990489291889, 5.6082405982923875, 3.7025127755077074, 3.5873844207369783, 2.949526403716711, 2.2696931736797246, 2.1441463725486667, 1.5338511726752069, 1.2140665141825628, 0.8653652771215757, 0.7241372727750743, 0.5054005631249564, 0.4438366351412402, 0.04870000077506136, 0.03917545591383668, 0.00789367908898139, 0.00041822965429106734]}, "evaluations": {"eval_method": "jaccard_full_score", "singles": [[0.0, 0.0, 0.0, 0.14285714285714285, 0.1111111111111111, 0.09090909090909091, 0.07692307692307693, 0.06666666666666667, 0.058823529411764705, 0.05263157894736842, 0.047619047619047616, 0.09090909090909091, 0.13043478260869565, 0.16666666666666666, 0.2, 0.23076923076923078, 0.21428571428571427, 0.2857142857142857, 0.26666666666666666, 0.25, 0.23529411764705882, 0.2222222222222222, 0.21052631578947367, 0.2, 0.21951219512195122, 0.20930232558139536, 0.2, 0.21739130434782608, 0.2608695652173913, 0.2765957446808511, 0.2916666666666667, 0.3333333333333333, 0.375, 0.36, 0.37254901960784315, 0.3584905660377358, 0.37037037037037035, 0.38181818181818183, 0.39285714285714285, 0.40350877192982454, 0.41379310344827586, 0.4482758620689655, 0.4827586206896552, 0.4915254237288136, 0.5, 0.5333333333333333, 0.5409836065573771, 0.5483870967741935, 0.5806451612903226, 0.5873015873015873, 0.5692307692307692, 0.5757575757575758, 0.582089552238806, 0.5652173913043478, 0.5714285714285714, 0.6, 0.6056338028169014, 0.6111111111111112, 0.6388888888888888, 0.6666666666666666, 0.6944444444444444, 0.6986301369863014, 0.7027027027027027, 0.7297297297297297, 0.7567567567567568, 0.7837837837837838, 0.8108108108108109, 0.8378378378378378, 0.8648648648648649, 0.8918918918918919, 0.918918918918919, 0.9459459459459459, 0.972972972972973, 1.0], 0.4191317047613426], "first_gen": [[0.0, 0.0, 0.2, 0.6, 0.42857142857142855, 0.3333333333333333, 0.2727272727272727, 0.23076923076923078, 0.2, 0.17647058823529413, 0.15789473684210525, 0.14285714285714285, 0.13043478260869565, 0.12, 0.15384615384615385, 0.14285714285714285, 0.13333333333333333, 0.2, 0.22580645161290322, 0.2903225806451613, 0.3548387096774194, 0.3333333333333333, 0.35294117647058826, 0.4117647058823529, 0.42857142857142855, 0.40540540540540543, 0.4594594594594595, 0.47368421052631576, 0.45, 0.4634146341463415, 0.5121951219512195, 0.5238095238095238, 0.5348837209302325, 0.5111111111111111, 0.5555555555555556, 0.5652173913043478, 0.574468085106383, 0.6170212765957447, 0.6595744680851063, 0.6666666666666666, 0.673469387755102, 0.68, 0.6862745098039216, 0.6923076923076923, 0.7307692307692307, 0.7358490566037735, 0.7090909090909091, 0.7142857142857143, 0.75, 0.7241379310344828, 0.7, 0.7049180327868853, 0.6825396825396826, 0.7142857142857143, 0.746031746031746, 0.75, 0.7272727272727273, 0.7575757575757576, 0.7611940298507462, 0.7910447761194029, 0.8208955223880597, 0.7971014492753623, 0.8260869565217391, 0.8285714285714286, 0.8309859154929577, 0.8333333333333334, 0.8356164383561644, 0.863013698630137, 0.8648648648648649, 0.8918918918918919, 0.918918918918919, 0.9459459459459459, 0.972972972972973, 1.0], 0.5500600876452739]}}