{"rank_algo": "anova_f_score", "seed": 48, "subsampling_proportion": 0.01, "exec_time": 0.012999296188354492, "results": {"features": ["feature82", "feature81", "feature90", "feature56", "feature5", "feature39", "feature59", "feature40", "feature27", "feature48", "feature42", "feature23", "feature15", "feature2", "feature12", "feature30", "feature49", "feature29", "feature47", "feature62", "feature50", "feature71", "feature34", "feature37", "feature41", "feature36", "feature24", "feature9", "feature52", "feature16", "feature51", "feature35", "feature28", "feature8", "feature43", "feature38", "feature7", "feature10", "feature3", "feature46", "feature0", "feature21", "feature4", "feature26", "feature11", "feature45", "feature67", "feature54", "feature64", "feature66", "feature44", "feature61", "feature69", "feature68", "feature31", "feature53", "feature1", "feature13", "feature57", "feature18", "feature19", "feature60", "feature58", "feature72", "feature17", "feature20", "feature6", "feature73", "feature63", "feature22", "feature33", "feature65", "feature55", "feature25", "feature70", "feature92", "feature93", "feature94", "feature95", "feature96", "feature97"], "scores": [1931.2993010572955, 1626.9219272952485, 311.1609380371077, 286.49414164827664, 229.53434807130023, 215.05564835266648, 183.98739338135022, 183.04971349151523, 145.1789103587859, 128.2713586162984, 124.6112088710025, 121.56584247148058, 113.25393608618316, 104.57214077187406, 93.44178135209025, 85.61394764885272, 83.39480855355569, 76.02708863848349, 75.49629223135271, 75.33658331306414, 74.36529475601712, 66.46099267302476, 65.20659624636964, 60.78184939648181, 52.21378965813974, 50.53621593263528, 46.993765872144216, 45.11117580006864, 43.19198387782056, 42.31762005324266, 38.9409856688309, 38.05278074601522, 37.29861309468943, 35.74623678743796, 34.28536562582851, 31.00434416174852, 30.024959306325297, 28.21867004218658, 24.720424068552017, 23.969107344061488, 20.096442416348577, 18.909579434560555, 18.64324720794337, 18.3325743986859, 18.24366506697512, 16.65613024633569, 14.911723727825244, 14.123209169203818, 13.455216094933022, 13.314763921199928, 11.159298383886767, 9.938158339178425, 5.571396979819836, 5.397908149928464, 5.223836116125039, 5.015012100953694, 4.650091663514026, 4.325483052843278, 3.420207408975672, 3.31221991720731, 2.1329799444519026, 2.019088941872686, 1.9538583851774973, 1.5901685546674975, 1.4208111409135775, 0.8974367293986351, 0.8603379701517101, 0.645684600209068, 0.1481637565991925, 0.10208037059013034, 0.03256687909526979, 0.01686918464342103, 0.00686953918856151, 1.985506345904176e-05, NaN, NaN, NaN, NaN, NaN, NaN, NaN]}, "evaluations": {"eval_method": "jaccard_full_score", "singles": [[0.0, 0.0, 0.0, 0.0, 0.0, 0.0, 0.0, 0.0, 0.0, 0.0, 0.0, 0.043478260869565216, 0.13043478260869565, 0.12, 0.2, 0.18518518518518517, 0.21428571428571427, 0.2413793103448276, 0.22580645161290322, 0.25, 0.23529411764705882, 0.2222222222222222, 0.21052631578947367, 0.2, 0.21951219512195122, 0.20930232558139536, 0.2, 0.21739130434782608, 0.23404255319148937, 0.2765957446808511, 0.2916666666666667, 0.30612244897959184, 0.32, 0.3076923076923077, 0.32075471698113206, 0.3090909090909091, 0.2982456140350877, 0.3333333333333333, 0.3220338983050847, 0.3559322033898305, 0.36666666666666664, 0.4, 0.3870967741935484, 0.41935483870967744, 0.42857142857142855, 0.4603174603174603, 0.46875, 0.47692307692307695, 0.48484848484848486, 0.47058823529411764, 0.4782608695652174, 0.4857142857142857, 0.49295774647887325, 0.5, 0.5068493150684932, 0.5135135135135135, 0.5405405405405406, 0.5466666666666666, 0.5526315789473685, 0.5789473684210527, 0.5844155844155844, 0.5897435897435898, 0.6153846153846154, 0.6410256410256411, 0.6455696202531646, 0.6708860759493671, 0.6962025316455697, 0.7, 0.725, 0.75, 0.775, 0.8, 0.825, 0.8271604938271605, 0.8518518518518519, 0.8765432098765432, 0.9012345679012346, 0.9259259259259259, 0.9506172839506173, 0.9753086419753086, 1.0], 0.4048299633266218], "first_gen": [[0.0, 0.0, 0.2, 0.3333333333333333, 0.25, 0.2, 0.16666666666666666, 0.14285714285714285, 0.125, 0.1111111111111111, 0.1, 0.14285714285714285, 0.13043478260869565, 0.16666666666666666, 0.15384615384615385, 0.14285714285714285, 0.13333333333333333, 0.16129032258064516, 0.1875, 0.21212121212121213, 0.23529411764705882, 0.2571428571428571, 0.2777777777777778, 0.2631578947368421, 0.28205128205128205, 0.2682926829268293, 0.2558139534883721, 0.3023255813953488, 0.3181818181818182, 0.3333333333333333, 0.37777777777777777, 0.391304347826087, 0.375, 0.3877551020408163, 0.42857142857142855, 0.44, 0.45098039215686275, 0.49019607843137253, 0.5294117647058824, 0.5686274509803921, 0.6078431372549019, 0.6470588235294118, 0.6538461538461539, 0.6923076923076923, 0.6981132075471698, 0.7037037037037037, 0.6785714285714286, 0.7142857142857143, 0.7192982456140351, 0.6949152542372882, 0.7, 0.6774193548387096, 0.6825396825396826, 0.6615384615384615, 0.6417910447761194, 0.6231884057971014, 0.6285714285714286, 0.6111111111111112, 0.5945945945945946, 0.6, 0.6266666666666667, 0.631578947368421, 0.6363636363636364, 0.6410256410256411, 0.6666666666666666, 0.6923076923076923, 0.717948717948718, 0.7435897435897436, 0.7468354430379747, 0.75, 0.7530864197530864, 0.7777777777777778, 0.8024691358024691, 0.8271604938271605, 0.8518518518518519, 0.8765432098765432, 0.9012345679012346, 0.9259259259259259, 0.9506172839506173, 0.9753086419753086, 1.0], 0.4939815820036653]}}