{"rank_algo": "pearson_correlation_score", "seed": 14, "subsampling_proportion": 0.01, "exec_time": 0.017999887466430664, "results": {"features": ["feature98", "feature99", "feature83", "feature86", "feature85", "feature87", "feature88", "feature89", "feature84", "feature82", "feature81", "feature90", "feature32", "feature14", "feature91", "feature5", "feature39", "feature48", "feature59", "feature27", "feature22", "feature23", "feature15", "feature40", "feature2", "feature49", "feature50", "feature10", "feature42", "feature36", "feature38", "feature12", "feature9", "feature62", "feature37", "feature71", "feature8", "feature51", "feature16", "feature30", "feature3", "feature41", "feature0", "feature34", "feature47", "feature52", "feature26", "feature56", "feature44", "feature28", "feature29", "feature24", "feature35", "feature54", "feature43", "feature17", "feature68", "feature46", "feature67", "feature21", "feature31", "feature11", "feature53", "feature4", "feature61", "feature13", "feature45", "feature7", "feature66", "feature20", "feature58", "feature19", "feature25", "feature57", "feature18", "feature6", "feature65", "feature64", "feature55", "feature73", "feature74", "feature75", "feature76", "feature77", "feature78", "feature79", "feature80", "feature72", "feature69", "feature1", "feature63", "feature60", "feature33", "feature70", "feature92", "feature93", "feature94", "feature95", "feature96", "feature97"], "scores": [0.9999999999999999, 0.9999999999999999, 0.3627340629323589, 0.36250129657238067, 0.36211156376180376, 0.36211156376180376, 0.36211156376180376, 0.36211156376180376, 0.3559512615937725, 0.3556106594459217, 0.33287632123595223, 0.14703997425821053, 0.1462995435918574, 0.1458520494760981, 0.13612333897303108, 0.12254180707804285, 0.11312442161909692, 0.11134501268123964, 0.11064851451992934, 0.10559681516396065, 0.10486494861456527, 0.10429602448779063, 0.10385911175276773, 0.10230717101714028, 0.08663860456802816, 0.08294371776861749, 0.08230714766303109, 0.07905466313884346, 0.07450280273790126, 0.07090317449492757, 0.07065473337060152, 0.06879266362493999, 0.06785868678348066, 0.06771962629533354, 0.06513224382201539, 0.06411686047272484, 0.06049839253760212, 0.05769663485421896, 0.05695667997990704, 0.05545787552334273, 0.05436468546026984, 0.05342387737167248, 0.05329174711233755, 0.05174634952070898, 0.04938266555408251, 0.049148438777025974, 0.046510840416050726, 0.046300095515533365, 0.04474196107430911, 0.042195731871363835, 0.042073445344724396, 0.04171706244753858, 0.040621612551811626, 0.03738969730147251, 0.03683726259588574, 0.036390583422120856, 0.03478474551822206, 0.03308378260449219, 0.032596667795190756, 0.03123638547848253, 0.03092017842740873, 0.030253837723407673, 0.029816842777123858, 0.02692659935414113, 0.02608697100281777, 0.025660895973974616, 0.025241899422352467, 0.024268832055760737, 0.02382131072845264, 0.02314654137173787, 0.02103617482577737, 0.016840279313844738, 0.013798452975614469, 0.013774247263571423, 0.012440139777599966, 0.011926971033714588, 0.011765822960616734, 0.011349909254403118, 0.011080153051073672, 0.009817247023246633, 0.009817247023246633, 0.009817247023246633, 0.009817247023246633, 0.009817247023246633, 0.009817247023246633, 0.009817247023246633, 0.009817247023246633, 0.008077609093639446, 0.007807960950627021, 0.006434019200628823, 0.0027396865693541115, 0.0022448321530907146, 0.0003095259337418675, NaN, NaN, NaN, NaN, NaN, NaN, NaN]}, "evaluations": {"eval_method": "jaccard_full_score", "singles": [[1.0, 1.0, 0.5, 0.3333333333333333, 0.25, 0.2, 0.16666666666666666, 0.14285714285714285, 0.125, 0.1111111111111111, 0.1, 0.09090909090909091, 0.08333333333333333, 0.07692307692307693, 0.07142857142857142, 0.06666666666666667, 0.0625, 0.058823529411764705, 0.08571428571428572, 0.08108108108108109, 0.10526315789473684, 0.1282051282051282, 0.15, 0.17073170731707318, 0.19047619047619047, 0.20930232558139536, 0.2, 0.21739130434782608, 0.20833333333333334, 0.22448979591836735, 0.21568627450980393, 0.2549019607843137, 0.2692307692307692, 0.3076923076923077, 0.2962962962962963, 0.3090909090909091, 0.2982456140350877, 0.3333333333333333, 0.3448275862068966, 0.3333333333333333, 0.3442622950819672, 0.3770491803278688, 0.3870967741935484, 0.375, 0.36363636363636365, 0.35294117647058826, 0.36231884057971014, 0.352112676056338, 0.3611111111111111, 0.3698630136986301, 0.3783783783783784, 0.38666666666666666, 0.39473684210526316, 0.42105263157894735, 0.41025641025641024, 0.4177215189873418, 0.425, 0.43209876543209874, 0.43902439024390244, 0.4634146341463415, 0.4523809523809524, 0.47619047619047616, 0.46511627906976744, 0.47126436781609193, 0.4772727272727273, 0.5, 0.5227272727272727, 0.5454545454545454, 0.550561797752809, 0.5730337078651685, 0.5777777777777777, 0.6, 0.5869565217391305, 0.5913978494623656, 0.6129032258064516, 0.6170212765957447, 0.6210526315789474, 0.6082474226804123, 0.5959595959595959, 0.6161616161616161, 0.6363636363636364, 0.6565656565656566, 0.6767676767676768, 0.696969696969697, 0.7171717171717171, 0.7373737373737373, 0.7575757575757576, 0.7777777777777778, 0.78, 0.8, 0.82, 0.84, 0.86, 0.88, 0.9, 0.92, 0.94, 0.96, 0.98, 1.0], 0.44025218774577984], "first_gen": [[1.0, 1.0, 0.5, 0.3333333333333333, 0.42857142857142855, 0.5, 0.5555555555555556, 0.6, 0.6363636363636364, 0.6666666666666666, 0.6923076923076923, 0.7142857142857143, 0.7333333333333333, 0.6470588235294118, 0.5789473684210527, 0.5238095238095238, 0.4782608695652174, 0.44, 0.4074074074074074, 0.3793103448275862, 0.4, 0.41935483870967744, 0.3939393939393939, 0.37142857142857144, 0.3888888888888889, 0.3684210526315789, 0.38461538461538464, 0.4358974358974359, 0.45, 0.4634146341463415, 0.47619047619047616, 0.4883720930232558, 0.5348837209302325, 0.5111111111111111, 0.5217391304347826, 0.5319148936170213, 0.574468085106383, 0.5510204081632653, 0.56, 0.5686274509803921, 0.5769230769230769, 0.5555555555555556, 0.5925925925925926, 0.6, 0.6071428571428571, 0.5862068965517241, 0.6206896551724138, 0.6551724137931034, 0.6896551724137931, 0.6949152542372882, 0.7, 0.7049180327868853, 0.7096774193548387, 0.7419354838709677, 0.746031746031746, 0.7777777777777778, 0.78125, 0.8125, 0.7878787878787878, 0.8181818181818182, 0.8208955223880597, 0.7971014492753623, 0.7746478873239436, 0.7534246575342466, 0.7333333333333333, 0.7142857142857143, 0.6962025316455697, 0.7, 0.6829268292682927, 0.6867469879518072, 0.6705882352941176, 0.6744186046511628, 0.6590909090909091, 0.6444444444444445, 0.6483516483516484, 0.6521739130434783, 0.6382978723404256, 0.625, 0.6288659793814433, 0.6494845360824743, 0.6701030927835051, 0.6907216494845361, 0.711340206185567, 0.7319587628865979, 0.7525773195876289, 0.7731958762886598, 0.7938144329896907, 0.8144329896907216, 0.8350515463917526, 0.8556701030927835, 0.8571428571428571, 0.8585858585858586, 0.86, 0.88, 0.9, 0.92, 0.94, 0.96, 0.98, 1.0], 0.652559389483369]}}