{"rank_algo": "pearson_correlation_score", "seed": 89, "subsampling_proportion": 0.01, "exec_time": 0.01699972152709961, "results": {"features": ["feature98", "feature99", "feature86", "feature85", "feature87", "feature88", "feature89", "feature84", "feature83", "feature82", "feature81", "feature14", "feature32", "feature90", "feature91", "feature5", "feature59", "feature27", "feature39", "feature15", "feature2", "feature62", "feature48", "feature12", "feature40", "feature71", "feature51", "feature50", "feature49", "feature17", "feature34", "feature43", "feature42", "feature30", "feature16", "feature4", "feature41", "feature28", "feature9", "feature22", "feature10", "feature26", "feature66", "feature38", "feature36", "feature37", "feature24", "feature0", "feature8", "feature29", "feature46", "feature7", "feature44", "feature47", "feature23", "feature35", "feature54", "feature52", "feature56", "feature3", "feature11", "feature64", "feature57", "feature31", "feature45", "feature21", "feature61", "feature68", "feature20", "feature69", "feature65", "feature55", "feature13", "feature67", "feature25", "feature18", "feature53", "feature6", "feature60", "feature63", "feature19", "feature1", "feature72", "feature58", "feature33", "feature70", "feature73", "feature74", "feature75", "feature76", "feature77", "feature78", "feature79", "feature80", "feature92", "feature93", "feature94", "feature95", "feature96", "feature97"], "scores": [1.0, 1.0, 0.33525287521953206, 0.3351890608606047, 0.3351890608606047, 0.3351890608606047, 0.3351890608606047, 0.33468818742725226, 0.3285001442817441, 0.31466529004762084, 0.2954149914077278, 0.13426049586138722, 0.13171061193795586, 0.13043466939699466, 0.12012648999034596, 0.11698449438868741, 0.1077334440214405, 0.10575509620521265, 0.08828552933285688, 0.08344529305294611, 0.0822842883128422, 0.08114646034791714, 0.08064797751256772, 0.07970570577457191, 0.06953144944204177, 0.06577216872781105, 0.06312570176699704, 0.06234969154846166, 0.06213425411334476, 0.059065230318437884, 0.055069473816027316, 0.054221453139431684, 0.05373613299365101, 0.052856597620169206, 0.05171997597743386, 0.05157943621766176, 0.04933879880208744, 0.04927739853774753, 0.048893237783695406, 0.04731239540368552, 0.045955215628498046, 0.04564574086328463, 0.045553915268780595, 0.04535619875448707, 0.04535283158465401, 0.04305282768389503, 0.04204447443572132, 0.04046501365990118, 0.0390072884610409, 0.03828723581096067, 0.03744601752224349, 0.03728599844671445, 0.036938210925499336, 0.03561099499332675, 0.035116394100152236, 0.03510415542888098, 0.03430310888008325, 0.033079321478966146, 0.03303729773181517, 0.03186935028087618, 0.031586501225522964, 0.030291524405002282, 0.02962149671797211, 0.029080910220331824, 0.028625279492199725, 0.0270745309121713, 0.02529862838930325, 0.023613493006242645, 0.023096460316877506, 0.02168036678604656, 0.02140282198576424, 0.020539827220675447, 0.018630561615174873, 0.017878775233024512, 0.017042707089865116, 0.01670342340477224, 0.016244594810053702, 0.015504949205707387, 0.008943572249363723, 0.008677383285180734, 0.008040867312301457, 0.007668705000776623, 0.006925756793014995, 0.0061780389771703146, 0.0051227859261615384, NaN, NaN, NaN, NaN, NaN, NaN, NaN, NaN, NaN, NaN, NaN, NaN, NaN, NaN, NaN]}, "evaluations": {"eval_method": "jaccard_full_score", "singles": [[1.0, 1.0, 0.5, 0.3333333333333333, 0.25, 0.2, 0.16666666666666666, 0.14285714285714285, 0.125, 0.1111111111111111, 0.1, 0.09090909090909091, 0.08333333333333333, 0.07692307692307693, 0.07142857142857142, 0.06666666666666667, 0.0967741935483871, 0.09090909090909091, 0.08571428571428572, 0.1111111111111111, 0.13513513513513514, 0.15789473684210525, 0.15, 0.17073170731707318, 0.19047619047619047, 0.18181818181818182, 0.2, 0.19148936170212766, 0.20833333333333334, 0.22448979591836735, 0.21568627450980393, 0.20754716981132076, 0.24528301886792453, 0.25925925925925924, 0.2727272727272727, 0.2631578947368421, 0.27586206896551724, 0.288135593220339, 0.3, 0.3114754098360656, 0.3442622950819672, 0.3770491803278688, 0.3870967741935484, 0.375, 0.36363636363636365, 0.35294117647058826, 0.38235294117647056, 0.37142857142857144, 0.38028169014084506, 0.3698630136986301, 0.3972602739726027, 0.40540540540540543, 0.39473684210526316, 0.4025974025974026, 0.41025641025641024, 0.4177215189873418, 0.4430379746835443, 0.43209876543209874, 0.43902439024390244, 0.4634146341463415, 0.46987951807228917, 0.47619047619047616, 0.46511627906976744, 0.45454545454545453, 0.4606741573033708, 0.48314606741573035, 0.5056179775280899, 0.5111111111111111, 0.5333333333333333, 0.5384615384615384, 0.5268817204301075, 0.5319148936170213, 0.5368421052631579, 0.5578947368421052, 0.5625, 0.5670103092783505, 0.5714285714285714, 0.5757575757575758, 0.58, 0.6, 0.62, 0.64, 0.66, 0.68, 0.7, 0.72, 0.74, 0.76, 0.78, 0.8, 0.82, 0.84, 0.86, 0.88, 0.9, 0.92, 0.94, 0.96, 0.98, 1.0], 0.43202031847092864], "first_gen": [[1.0, 1.0, 0.5, 0.3333333333333333, 0.42857142857142855, 0.5, 0.5555555555555556, 0.6, 0.6363636363636364, 0.6666666666666666, 0.6923076923076923, 0.7142857142857143, 0.7333333333333333, 0.6470588235294118, 0.5789473684210527, 0.5238095238095238, 0.4782608695652174, 0.44, 0.4074074074074074, 0.3793103448275862, 0.4, 0.375, 0.35294117647058826, 0.3333333333333333, 0.3157894736842105, 0.3, 0.2857142857142857, 0.3023255813953488, 0.3488372093023256, 0.36363636363636365, 0.37777777777777777, 0.4222222222222222, 0.43478260869565216, 0.44680851063829785, 0.4583333333333333, 0.46938775510204084, 0.48, 0.46153846153846156, 0.5, 0.5384615384615384, 0.5471698113207547, 0.5555555555555556, 0.5636363636363636, 0.5714285714285714, 0.5517241379310345, 0.5333333333333333, 0.5409836065573771, 0.5737704918032787, 0.6065573770491803, 0.6129032258064516, 0.6451612903225806, 0.6507936507936508, 0.6825396825396826, 0.7142857142857143, 0.746031746031746, 0.75, 0.78125, 0.7846153846153846, 0.7878787878787878, 0.8181818181818182, 0.8208955223880597, 0.7971014492753623, 0.7746478873239436, 0.7534246575342466, 0.7333333333333333, 0.7368421052631579, 0.717948717948718, 0.7, 0.7037037037037037, 0.7073170731707317, 0.6904761904761905, 0.6941176470588235, 0.6781609195402298, 0.6629213483146067, 0.6483516483516484, 0.6521739130434783, 0.6382978723404256, 0.6421052631578947, 0.6288659793814433, 0.6326530612244898, 0.6530612244897959, 0.673469387755102, 0.6938775510204082, 0.696969696969697, 0.7, 0.72, 0.74, 0.76, 0.78, 0.8, 0.82, 0.84, 0.86, 0.88, 0.9, 0.92, 0.94, 0.96, 0.98, 1.0], 0.6275820003173745]}}