{"rank_algo": "pearson_correlation_score", "seed": 84, "subsampling_proportion": 0.01, "exec_time": 0.01699972152709961, "results": {"features": ["feature98", "feature99", "feature85", "feature87", "feature88", "feature89", "feature86", "feature83", "feature84", "feature82", "feature81", "feature90", "feature32", "feature91", "feature14", "feature5", "feature59", "feature40", "feature39", "feature42", "feature56", "feature27", "feature48", "feature71", "feature23", "feature49", "feature37", "feature12", "feature2", "feature50", "feature15", "feature62", "feature36", "feature51", "feature0", "feature34", "feature38", "feature44", "feature9", "feature28", "feature43", "feature52", "feature24", "feature29", "feature47", "feature16", "feature30", "feature22", "feature8", "feature31", "feature10", "feature66", "feature46", "feature54", "feature4", "feature41", "feature3", "feature45", "feature35", "feature68", "feature53", "feature67", "feature13", "feature11", "feature17", "feature57", "feature20", "feature61", "feature21", "feature26", "feature65", "feature25", "feature18", "feature64", "feature6", "feature58", "feature33", "feature1", "feature63", "feature73", "feature76", "feature77", "feature78", "feature79", "feature80", "feature72", "feature69", "feature55", "feature7", "feature74", "feature75", "feature60", "feature19", "feature70", "feature92", "feature93", "feature94", "feature95", "feature96", "feature97"], "scores": [1.0, 1.0, 0.33756214098739284, 0.33756214098739284, 0.33756214098739284, 0.33756214098739284, 0.33717799696232365, 0.337075323860583, 0.334181654232563, 0.32527517622715096, 0.29168605537938347, 0.1331805570605061, 0.1331179606868858, 0.1287693695498979, 0.12637941267987746, 0.12111109243108044, 0.11146583216424692, 0.09720477794749256, 0.08723598662814856, 0.08636415698708202, 0.08590489948379422, 0.08578792927549797, 0.08391706188455408, 0.0819134358789219, 0.07934195890989977, 0.07536243682164899, 0.07519122098590869, 0.07461512070413409, 0.07461227157576604, 0.07117475748431161, 0.06913312909631214, 0.0636134078887542, 0.0568422681548508, 0.05592582052514001, 0.053979950545589, 0.05376177126924149, 0.053707004616313184, 0.05094574402416748, 0.0492709704430743, 0.04886043723375754, 0.047624183646096316, 0.04576412101847313, 0.043828195635486594, 0.043167006539232784, 0.04236729760080588, 0.04223065349045874, 0.04159368091868896, 0.04155642099730181, 0.03933818992319055, 0.036158819001277105, 0.03535620518410599, 0.03507539512055213, 0.03348528849523284, 0.033438212821565005, 0.033076487668313476, 0.03270939388612945, 0.030870928766941867, 0.0300342546313433, 0.028858607093133794, 0.02770028144888796, 0.025997027527292837, 0.025887693891288335, 0.02473465600205984, 0.02424954002978384, 0.02402834145977639, 0.020459943310992993, 0.019229986412550016, 0.01837370916417209, 0.018340939190037382, 0.016635058763496482, 0.01636223138077328, 0.012495697770228183, 0.012346247594128522, 0.011998158328831736, 0.009498169401443426, 0.008079882222847792, 0.007446883770692038, 0.00711700292221691, 0.004393317329633851, 0.0043303632460536525, 0.0043303632460536525, 0.0043303632460536525, 0.0043303632460536525, 0.0043303632460536525, 0.0043303632460536525, 0.003601325278431569, 0.0030338987052377447, 0.0020169403694101392, 0.0018902063676302706, 0.0016882119572619266, 0.0016882119572619266, 0.0014769485084748302, 0.0009449905546520043, NaN, NaN, NaN, NaN, NaN, NaN, NaN]}, "evaluations": {"eval_method": "jaccard_full_score", "singles": [[1.0, 1.0, 0.5, 0.3333333333333333, 0.25, 0.2, 0.16666666666666666, 0.14285714285714285, 0.125, 0.1111111111111111, 0.1, 0.09090909090909091, 0.08333333333333333, 0.07692307692307693, 0.07142857142857142, 0.06666666666666667, 0.0967741935483871, 0.125, 0.11764705882352941, 0.1111111111111111, 0.10526315789473684, 0.1, 0.09523809523809523, 0.09090909090909091, 0.1111111111111111, 0.13043478260869565, 0.125, 0.14285714285714285, 0.16, 0.17647058823529413, 0.19230769230769232, 0.23076923076923078, 0.24528301886792453, 0.2830188679245283, 0.2727272727272727, 0.2631578947368421, 0.2542372881355932, 0.26666666666666666, 0.2786885245901639, 0.2698412698412698, 0.28125, 0.2923076923076923, 0.3230769230769231, 0.31343283582089554, 0.30434782608695654, 0.3142857142857143, 0.323943661971831, 0.3333333333333333, 0.3424657534246575, 0.3333333333333333, 0.36, 0.35064935064935066, 0.358974358974359, 0.38461538461538464, 0.375, 0.4, 0.425, 0.43209876543209874, 0.43902439024390244, 0.4457831325301205, 0.43529411764705883, 0.4418604651162791, 0.4482758620689655, 0.47126436781609193, 0.4606741573033708, 0.4666666666666667, 0.4888888888888889, 0.5111111111111111, 0.5333333333333333, 0.5555555555555556, 0.5434782608695652, 0.5483870967741935, 0.5531914893617021, 0.5578947368421052, 0.5789473684210527, 0.5833333333333334, 0.6041666666666666, 0.6082474226804123, 0.6122448979591837, 0.6326530612244898, 0.6530612244897959, 0.673469387755102, 0.6938775510204082, 0.7142857142857143, 0.7346938775510204, 0.7551020408163265, 0.74, 0.76, 0.78, 0.8, 0.82, 0.84, 0.86, 0.88, 0.9, 0.92, 0.94, 0.96, 0.98, 1.0], 0.42157196125028595], "first_gen": [[1.0, 1.0, 0.5, 0.3333333333333333, 0.25, 0.3333333333333333, 0.5555555555555556, 0.6, 0.6363636363636364, 0.6666666666666666, 0.6923076923076923, 0.7142857142857143, 0.7333333333333333, 0.6470588235294118, 0.5789473684210527, 0.5238095238095238, 0.4782608695652174, 0.44, 0.4074074074074074, 0.3793103448275862, 0.3548387096774194, 0.3333333333333333, 0.3142857142857143, 0.2972972972972973, 0.3157894736842105, 0.3, 0.3170731707317073, 0.3023255813953488, 0.3488372093023256, 0.36363636363636365, 0.4090909090909091, 0.4222222222222222, 0.43478260869565216, 0.44680851063829785, 0.48936170212765956, 0.46938775510204084, 0.48, 0.49019607843137253, 0.5294117647058824, 0.5384615384615384, 0.5769230769230769, 0.5555555555555556, 0.5636363636363636, 0.5714285714285714, 0.5789473684210527, 0.559322033898305, 0.5666666666666667, 0.6, 0.6333333333333333, 0.639344262295082, 0.6721311475409836, 0.6774193548387096, 0.7096774193548387, 0.7419354838709677, 0.71875, 0.7230769230769231, 0.7538461538461538, 0.7313432835820896, 0.7352941176470589, 0.7391304347826086, 0.7428571428571429, 0.7222222222222222, 0.7027027027027027, 0.6842105263157895, 0.6883116883116883, 0.6708860759493671, 0.675, 0.6585365853658537, 0.6626506024096386, 0.6666666666666666, 0.6511627906976745, 0.6363636363636364, 0.6404494382022472, 0.6263736263736264, 0.6304347826086957, 0.6170212765957447, 0.6041666666666666, 0.6082474226804123, 0.5959595959595959, 0.6161616161616161, 0.6363636363636364, 0.6565656565656566, 0.6767676767676768, 0.696969696969697, 0.7171717171717171, 0.7373737373737373, 0.7575757575757576, 0.7777777777777778, 0.797979797979798, 0.8181818181818182, 0.8383838383838383, 0.84, 0.86, 0.88, 0.9, 0.92, 0.94, 0.96, 0.98, 1.0], 0.6158219320452443]}}