{"rank_algo": "pearson_correlation_score", "seed": 30, "subsampling_proportion": 0.01, "exec_time": 0.01699995994567871, "results": {"features": ["feature98", "feature99", "feature86", "feature85", "feature87", "feature88", "feature89", "feature84", "feature82", "feature83", "feature81", "feature23", "feature14", "feature32", "feature90", "feature91", "feature39", "feature5", "feature48", "feature27", "feature59", "feature40", "feature56", "feature15", "feature37", "feature2", "feature42", "feature49", "feature50", "feature34", "feature30", "feature51", "feature38", "feature52", "feature36", "feature22", "feature41", "feature10", "feature16", "feature71", "feature29", "feature12", "feature9", "feature35", "feature47", "feature8", "feature26", "feature3", "feature28", "feature65", "feature54", "feature19", "feature46", "feature44", "feature68", "feature24", "feature21", "feature66", "feature11", "feature43", "feature61", "feature62", "feature4", "feature45", "feature57", "feature0", "feature7", "feature69", "feature13", "feature67", "feature20", "feature31", "feature6", "feature63", "feature25", "feature64", "feature72", "feature53", "feature58", "feature1", "feature17", "feature55", "feature60", "feature33", "feature18", "feature70", "feature73", "feature74", "feature75", "feature76", "feature77", "feature78", "feature79", "feature80", "feature92", "feature93", "feature94", "feature95", "feature96", "feature97"], "scores": [1.0, 1.0, 0.33852685297766333, 0.33849186664394115, 0.33849186664394115, 0.33849186664394115, 0.33849186664394115, 0.3348060086277312, 0.33330101855935335, 0.3330062360948337, 0.2843638794621837, 0.16996790946622042, 0.1412392169482376, 0.14013418447206283, 0.1400528661456701, 0.13004210734381394, 0.11857632030930595, 0.11555495225724427, 0.11391996577487487, 0.10597369407380418, 0.09848549139862918, 0.092246619169098, 0.09034043817734128, 0.08169048929448784, 0.08110120908766995, 0.0795193254918552, 0.07059413989794978, 0.06602892112919793, 0.06414087339834113, 0.06009950377469895, 0.05902169567935708, 0.05878195879734772, 0.058307794337435825, 0.05632034633263068, 0.05630928127325356, 0.05601251197981273, 0.05545638819384492, 0.05368915514258746, 0.05236648539083147, 0.05041611375627035, 0.04974164850127724, 0.049670843247890034, 0.048680436820203454, 0.04807193682344838, 0.04653735130477835, 0.04433350832715612, 0.04023573429394442, 0.039944714976044376, 0.039562327390360474, 0.039449839466604464, 0.03931743118575325, 0.0384570205015222, 0.03767344727264229, 0.03604187964335516, 0.03452595944061642, 0.03449303054901194, 0.03366613242483703, 0.03259788459901203, 0.030945682760065495, 0.030219658629874996, 0.029792616365307802, 0.028992291936420857, 0.026789788492763842, 0.025210684950266734, 0.02347046377222454, 0.023324065465579632, 0.02319175522391411, 0.021482567732689552, 0.021111904003942944, 0.02051003569121352, 0.019904286234630343, 0.016719133596857075, 0.013979107337371493, 0.012706047939463078, 0.012080027587891088, 0.010816639326534818, 0.010481647125834206, 0.010076214985090625, 0.006150158997260275, 0.003175595558153915, 0.0026904843085631337, 0.0017795098652138325, 0.001133441420153778, 0.0008650730895390614, 0.0006311517613032731, NaN, NaN, NaN, NaN, NaN, NaN, NaN, NaN, NaN, NaN, NaN, NaN, NaN, NaN, NaN]}, "evaluations": {"eval_method": "jaccard_full_score", "singles": [[1.0, 1.0, 0.5, 0.3333333333333333, 0.25, 0.2, 0.16666666666666666, 0.14285714285714285, 0.125, 0.1111111111111111, 0.1, 0.14285714285714285, 0.13043478260869565, 0.12, 0.1111111111111111, 0.10344827586206896, 0.0967741935483871, 0.09090909090909091, 0.08571428571428572, 0.08108108108108109, 0.10526315789473684, 0.1282051282051282, 0.12195121951219512, 0.14285714285714285, 0.13636363636363635, 0.15555555555555556, 0.14893617021276595, 0.16666666666666666, 0.16, 0.17647058823529413, 0.16981132075471697, 0.20754716981132076, 0.2, 0.21428571428571427, 0.20689655172413793, 0.22033898305084745, 0.23333333333333334, 0.26666666666666666, 0.2786885245901639, 0.2903225806451613, 0.30158730158730157, 0.3333333333333333, 0.36507936507936506, 0.35384615384615387, 0.34328358208955223, 0.3333333333333333, 0.34285714285714286, 0.3333333333333333, 0.3611111111111111, 0.35135135135135137, 0.3783783783783784, 0.38666666666666666, 0.41333333333333333, 0.42105263157894735, 0.41025641025641024, 0.4358974358974359, 0.46153846153846156, 0.45, 0.475, 0.48148148148148145, 0.4878048780487805, 0.5121951219512195, 0.5, 0.5058823529411764, 0.4942528735632184, 0.5, 0.5227272727272727, 0.5280898876404494, 0.550561797752809, 0.5730337078651685, 0.5777777777777777, 0.5824175824175825, 0.5869565217391305, 0.6086956521739131, 0.6129032258064516, 0.6, 0.6041666666666666, 0.6082474226804123, 0.6122448979591837, 0.6326530612244898, 0.6363636363636364, 0.64, 0.66, 0.68, 0.7, 0.72, 0.74, 0.76, 0.78, 0.8, 0.82, 0.84, 0.86, 0.88, 0.9, 0.92, 0.94, 0.96, 0.98, 1.0], 0.43203185325634086], "first_gen": [[1.0, 1.0, 0.5, 0.3333333333333333, 0.42857142857142855, 0.5, 0.5555555555555556, 0.6, 0.6363636363636364, 0.6666666666666666, 0.6923076923076923, 0.8461538461538461, 0.8571428571428571, 0.75, 0.6666666666666666, 0.6, 0.5454545454545454, 0.5, 0.46153846153846156, 0.42857142857142855, 0.4, 0.375, 0.35294117647058826, 0.3333333333333333, 0.3157894736842105, 0.3333333333333333, 0.3170731707317073, 0.36585365853658536, 0.38095238095238093, 0.3953488372093023, 0.4090909090909091, 0.4222222222222222, 0.43478260869565216, 0.4166666666666667, 0.42857142857142855, 0.44, 0.45098039215686275, 0.46153846153846156, 0.4716981132075472, 0.5094339622641509, 0.5185185185185185, 0.5, 0.5357142857142857, 0.543859649122807, 0.5517241379310345, 0.559322033898305, 0.5932203389830508, 0.6271186440677966, 0.6333333333333333, 0.6129032258064516, 0.6451612903225806, 0.6774193548387096, 0.7096774193548387, 0.7419354838709677, 0.71875, 0.7230769230769231, 0.7538461538461538, 0.7575757575757576, 0.7352941176470589, 0.7647058823529411, 0.7681159420289855, 0.7714285714285715, 0.75, 0.7297297297297297, 0.7105263157894737, 0.7142857142857143, 0.717948717948718, 0.7215189873417721, 0.7037037037037037, 0.6867469879518072, 0.6904761904761905, 0.6744186046511628, 0.6781609195402298, 0.6629213483146067, 0.6483516483516484, 0.6344086021505376, 0.6210526315789474, 0.6082474226804123, 0.6122448979591837, 0.6326530612244898, 0.6530612244897959, 0.673469387755102, 0.6767676767676768, 0.68, 0.7, 0.72, 0.74, 0.76, 0.78, 0.8, 0.82, 0.84, 0.86, 0.88, 0.9, 0.92, 0.94, 0.96, 0.98, 1.0], 0.6313770816505196]}}