{"rank_algo": "pearson_correlation_score", "seed": 48, "subsampling_proportion": 0.01, "exec_time": 0.01900029182434082, "results": {"features": ["feature98", "feature99", "feature86", "feature85", "feature87", "feature88", "feature89", "feature84", "feature83", "feature82", "feature81", "feature14", "feature32", "feature90", "feature91", "feature56", "feature5", "feature39", "feature59", "feature40", "feature27", "feature48", "feature42", "feature23", "feature15", "feature2", "feature12", "feature30", "feature49", "feature29", "feature47", "feature62", "feature50", "feature71", "feature34", "feature37", "feature41", "feature36", "feature24", "feature9", "feature52", "feature16", "feature51", "feature35", "feature28", "feature8", "feature43", "feature38", "feature7", "feature10", "feature3", "feature46", "feature0", "feature21", "feature4", "feature26", "feature11", "feature45", "feature67", "feature54", "feature64", "feature66", "feature44", "feature61", "feature69", "feature68", "feature31", "feature53", "feature1", "feature13", "feature57", "feature18", "feature19", "feature60", "feature58", "feature72", "feature17", "feature20", "feature6", "feature73", "feature74", "feature75", "feature76", "feature77", "feature78", "feature79", "feature80", "feature63", "feature22", "feature33", "feature65", "feature55", "feature25", "feature70", "feature92", "feature93", "feature94", "feature95", "feature96", "feature97"], "scores": [1.0, 1.0, 0.34996821161795855, 0.3498967403152346, 0.3498967403152346, 0.3498967403152346, 0.3498967403152346, 0.34790733706428695, 0.34021601486683173, 0.3307216700525313, 0.3061942633832805, 0.1435459012386747, 0.1405261691901432, 0.13929283971085218, 0.13856945133581952, 0.13376065321149413, 0.1199411380251969, 0.11614937785543025, 0.10753729686930452, 0.10726607937738614, 0.09564167481138741, 0.08994803987260287, 0.08866567973434912, 0.08758394432670845, 0.08455889354229235, 0.08127550821780356, 0.0768555044227737, 0.07358413013702714, 0.07262930450404598, 0.0693629857250714, 0.06912158763316885, 0.06904878610937, 0.06860433958485326, 0.06487218193746692, 0.06425961329353572, 0.06204976645468557, 0.05752593543308826, 0.0565972761444046, 0.05458371096716848, 0.05348240480655749, 0.05233555762982484, 0.05180455384785999, 0.04970010375604656, 0.04913141354241322, 0.048643273139173174, 0.04762258859018754, 0.046641483377638626, 0.04435825438534668, 0.04365338077601076, 0.04232235600990396, 0.039616649841249296, 0.03901090963249229, 0.035725074074282256, 0.03465539469788556, 0.03441076810430925, 0.034123188134737796, 0.03404043835017415, 0.03252730257058222, 0.03077860858748981, 0.029954538422330944, 0.029238190434440082, 0.02908531856579903, 0.026629025564534198, 0.025130818629285866, 0.018818976476394945, 0.018523757509261225, 0.018222733193508367, 0.01785490812833219, 0.017193227964682724, 0.016582440701839105, 0.014745851785929706, 0.014511246372685653, 0.011645410440479686, 0.011330281795361977, 0.011145779019837551, 0.010055194801161823, 0.009504722097957236, 0.007554059351237308, 0.00739628317413524, 0.006407552349281112, 0.006407552349281112, 0.006407552349281112, 0.006407552349281112, 0.006407552349281112, 0.006407552349281112, 0.006407552349281112, 0.006407552349281112, 0.0030694446676940634, 0.0025477720786105714, 0.001439058620936859, 0.0010357088263546555, 0.000660928640970872, 3.5532560626048966e-05, NaN, NaN, NaN, NaN, NaN, NaN, NaN]}, "evaluations": {"eval_method": "jaccard_full_score", "singles": [[1.0, 1.0, 0.5, 0.3333333333333333, 0.25, 0.2, 0.16666666666666666, 0.14285714285714285, 0.125, 0.1111111111111111, 0.1, 0.09090909090909091, 0.08333333333333333, 0.07692307692307693, 0.07142857142857142, 0.06666666666666667, 0.0625, 0.058823529411764705, 0.08571428571428572, 0.1111111111111111, 0.10526315789473684, 0.1, 0.09523809523809523, 0.11627906976744186, 0.13636363636363635, 0.15555555555555556, 0.17391304347826086, 0.16666666666666666, 0.1836734693877551, 0.2, 0.19230769230769232, 0.23076923076923078, 0.2222222222222222, 0.25925925925925924, 0.25, 0.2413793103448276, 0.2542372881355932, 0.26666666666666666, 0.2786885245901639, 0.2903225806451613, 0.30158730158730157, 0.3333333333333333, 0.36507936507936506, 0.35384615384615387, 0.34328358208955223, 0.3333333333333333, 0.34285714285714286, 0.3333333333333333, 0.3424657534246575, 0.3698630136986301, 0.3783783783783784, 0.38666666666666666, 0.39473684210526316, 0.42105263157894735, 0.41025641025641024, 0.4358974358974359, 0.46153846153846156, 0.46835443037974683, 0.475, 0.5, 0.4878048780487805, 0.4939759036144578, 0.4823529411764706, 0.5058823529411764, 0.4942528735632184, 0.5, 0.5056179775280899, 0.5111111111111111, 0.5333333333333333, 0.5555555555555556, 0.5434782608695652, 0.5652173913043478, 0.5698924731182796, 0.5913978494623656, 0.6129032258064516, 0.6, 0.6041666666666666, 0.625, 0.6288659793814433, 0.6326530612244898, 0.6530612244897959, 0.673469387755102, 0.6938775510204082, 0.7142857142857143, 0.7346938775510204, 0.7551020408163265, 0.7575757575757576, 0.7777777777777778, 0.797979797979798, 0.8181818181818182, 0.8383838383838383, 0.8585858585858586, 0.86, 0.88, 0.9, 0.92, 0.94, 0.96, 0.98, 1.0], 0.43295437815406324], "first_gen": [[1.0, 1.0, 0.5, 0.3333333333333333, 0.42857142857142855, 0.5, 0.5555555555555556, 0.6, 0.6363636363636364, 0.6666666666666666, 0.6923076923076923, 0.7142857142857143, 0.7333333333333333, 0.6470588235294118, 0.5789473684210527, 0.5238095238095238, 0.4782608695652174, 0.44, 0.4074074074074074, 0.3793103448275862, 0.3548387096774194, 0.3333333333333333, 0.3142857142857143, 0.3333333333333333, 0.3157894736842105, 0.3333333333333333, 0.3170731707317073, 0.3333333333333333, 0.38095238095238093, 0.3953488372093023, 0.4090909090909091, 0.4222222222222222, 0.43478260869565216, 0.44680851063829785, 0.4583333333333333, 0.44, 0.45098039215686275, 0.4339622641509434, 0.41818181818181815, 0.45454545454545453, 0.4642857142857143, 0.47368421052631576, 0.5087719298245614, 0.5172413793103449, 0.5, 0.5081967213114754, 0.5409836065573771, 0.5483870967741935, 0.5555555555555556, 0.5873015873015873, 0.6190476190476191, 0.6507936507936508, 0.6825396825396826, 0.7142857142857143, 0.71875, 0.75, 0.7538461538461538, 0.7575757575757576, 0.7352941176470589, 0.7647058823529411, 0.7681159420289855, 0.7464788732394366, 0.75, 0.7297297297297297, 0.7333333333333333, 0.7142857142857143, 0.6962025316455697, 0.6790123456790124, 0.6829268292682927, 0.6666666666666666, 0.6511627906976745, 0.6551724137931034, 0.6590909090909091, 0.6444444444444445, 0.6304347826086957, 0.6170212765957447, 0.6210526315789474, 0.625, 0.6458333333333334, 0.6666666666666666, 0.6875, 0.7083333333333334, 0.711340206185567, 0.7319587628865979, 0.7525773195876289, 0.7731958762886598, 0.7938144329896907, 0.7959183673469388, 0.797979797979798, 0.8, 0.82, 0.84, 0.86, 0.88, 0.9, 0.92, 0.94, 0.96, 0.98, 1.0], 0.6180023891079525]}}