{"rank_algo": "pearson_correlation_score", "seed": 18, "subsampling_proportion": 0.01, "exec_time": 0.017999649047851562, "results": {"features": ["feature98", "feature99", "feature83", "feature85", "feature87", "feature88", "feature89", "feature86", "feature84", "feature82", "feature81", "feature23", "feature90", "feature14", "feature32", "feature5", "feature56", "feature42", "feature39", "feature40", "feature91", "feature59", "feature27", "feature12", "feature48", "feature15", "feature71", "feature2", "feature37", "feature30", "feature22", "feature50", "feature49", "feature38", "feature52", "feature62", "feature20", "feature9", "feature10", "feature0", "feature43", "feature29", "feature51", "feature36", "feature67", "feature44", "feature17", "feature8", "feature24", "feature34", "feature21", "feature4", "feature47", "feature46", "feature41", "feature16", "feature26", "feature3", "feature28", "feature31", "feature45", "feature13", "feature68", "feature66", "feature35", "feature19", "feature11", "feature1", "feature54", "feature64", "feature7", "feature18", "feature65", "feature6", "feature61", "feature58", "feature63", "feature57", "feature72", "feature33", "feature60", "feature53", "feature55", "feature25", "feature69", "feature70", "feature73", "feature74", "feature75", "feature76", "feature77", "feature78", "feature79", "feature80", "feature92", "feature93", "feature94", "feature95", "feature96", "feature97"], "scores": [1.0, 1.0, 0.34351941128692076, 0.3430744776227916, 0.34292889164266716, 0.34292889164266716, 0.34292889164266716, 0.34271191011124924, 0.34006308318753686, 0.33460445869560507, 0.3158999772727609, 0.18144449347495462, 0.1297591034270776, 0.12897953558568392, 0.12872902322873622, 0.11929590341562839, 0.10336949288317843, 0.1003348140829203, 0.09649310657082594, 0.09606626257302343, 0.09337620627931872, 0.09321289046533009, 0.0842314790293463, 0.08145168837478407, 0.08099396296689923, 0.07801281105013555, 0.0749482115861785, 0.07353422688165523, 0.06718904064053956, 0.06674468326584443, 0.06271367281948265, 0.06255812578931369, 0.06192433988362075, 0.060642503470737574, 0.05781474594981148, 0.05704229157807004, 0.053275865749664766, 0.05248420756286368, 0.051783087252783695, 0.05176343900159342, 0.05071447314138738, 0.050520688020358154, 0.04929370234907193, 0.04810501670513241, 0.047874520308433574, 0.04736514528154636, 0.04713917700039352, 0.04699860051366762, 0.04674647912387, 0.04298969068659856, 0.0422646361406912, 0.04138907933650782, 0.04093043993307404, 0.040638473941155405, 0.0388846737347003, 0.03850716033469661, 0.037537842186195845, 0.037275392319540586, 0.03538153251965774, 0.031603466855527056, 0.029841298822578643, 0.029516083292523337, 0.026744710050317828, 0.026298092516170202, 0.02598436828997915, 0.024878236880984773, 0.022832733247989248, 0.020926241714361884, 0.020480373735061043, 0.018075585259821354, 0.017988042179980894, 0.01759551750178056, 0.015690832836617215, 0.014513308707503192, 0.013706577816995066, 0.01295641214477722, 0.012193134846539014, 0.012184480596677044, 0.009337658663548557, 0.00900094200790944, 0.00616572358082414, 0.006121271272402549, 0.0026843498581309256, 0.0015677469433638498, 0.0010170343814862356, NaN, NaN, NaN, NaN, NaN, NaN, NaN, NaN, NaN, NaN, NaN, NaN, NaN, NaN, NaN]}, "evaluations": {"eval_method": "jaccard_full_score", "singles": [[1.0, 1.0, 0.5, 0.3333333333333333, 0.25, 0.2, 0.16666666666666666, 0.14285714285714285, 0.125, 0.1111111111111111, 0.1, 0.14285714285714285, 0.13043478260869565, 0.12, 0.1111111111111111, 0.10344827586206896, 0.0967741935483871, 0.09090909090909091, 0.08571428571428572, 0.1111111111111111, 0.10526315789473684, 0.1282051282051282, 0.12195121951219512, 0.14285714285714285, 0.13636363636363635, 0.15555555555555556, 0.14893617021276595, 0.16666666666666666, 0.16, 0.17647058823529413, 0.19230769230769232, 0.20754716981132076, 0.24528301886792453, 0.25925925925925924, 0.25, 0.2631578947368421, 0.27586206896551724, 0.3103448275862069, 0.3220338983050847, 0.3114754098360656, 0.3225806451612903, 0.3333333333333333, 0.36507936507936506, 0.35384615384615387, 0.34328358208955223, 0.3333333333333333, 0.323943661971831, 0.3150684931506849, 0.3424657534246575, 0.3333333333333333, 0.36, 0.35064935064935066, 0.34177215189873417, 0.3670886075949367, 0.375, 0.4, 0.425, 0.43209876543209874, 0.4567901234567901, 0.4634146341463415, 0.46987951807228917, 0.4939759036144578, 0.4823529411764706, 0.4883720930232558, 0.4772727272727273, 0.5, 0.5227272727272727, 0.5454545454545454, 0.5681818181818182, 0.5730337078651685, 0.5777777777777777, 0.6, 0.5869565217391305, 0.6086956521739131, 0.6304347826086957, 0.6344086021505376, 0.6382978723404256, 0.6421052631578947, 0.6458333333333334, 0.6666666666666666, 0.6875, 0.6907216494845361, 0.6938775510204082, 0.696969696969697, 0.7, 0.72, 0.74, 0.76, 0.78, 0.8, 0.82, 0.84, 0.86, 0.88, 0.9, 0.92, 0.94, 0.96, 0.98, 1.0], 0.4349539993695151], "first_gen": [[1.0, 1.0, 0.5, 0.3333333333333333, 0.25, 0.3333333333333333, 0.4, 0.6, 0.6363636363636364, 0.6666666666666666, 0.6923076923076923, 0.8461538461538461, 0.8571428571428571, 0.75, 0.6666666666666666, 0.6, 0.5454545454545454, 0.5, 0.46153846153846156, 0.42857142857142855, 0.4, 0.375, 0.35294117647058826, 0.3333333333333333, 0.3157894736842105, 0.3, 0.2857142857142857, 0.3333333333333333, 0.3488372093023256, 0.36363636363636365, 0.4090909090909091, 0.4222222222222222, 0.4666666666666667, 0.4782608695652174, 0.48936170212765956, 0.46938775510204084, 0.5102040816326531, 0.52, 0.5294117647058824, 0.5686274509803921, 0.6078431372549019, 0.5849056603773585, 0.6226415094339622, 0.6296296296296297, 0.6071428571428571, 0.6140350877192983, 0.6491228070175439, 0.6842105263157895, 0.6896551724137931, 0.6949152542372882, 0.7288135593220338, 0.7049180327868853, 0.7377049180327869, 0.7419354838709677, 0.71875, 0.75, 0.78125, 0.7846153846153846, 0.7878787878787878, 0.7910447761194029, 0.7941176470588235, 0.7714285714285715, 0.75, 0.7297297297297297, 0.7333333333333333, 0.7368421052631579, 0.717948717948718, 0.7215189873417721, 0.725, 0.7073170731707317, 0.7108433734939759, 0.7142857142857143, 0.6976744186046512, 0.7011494252873564, 0.6853932584269663, 0.6703296703296703, 0.6559139784946236, 0.6421052631578947, 0.6458333333333334, 0.6494845360824743, 0.6530612244897959, 0.6565656565656566, 0.6767676767676768, 0.68, 0.7, 0.72, 0.74, 0.76, 0.78, 0.8, 0.82, 0.84, 0.86, 0.88, 0.9, 0.92, 0.94, 0.96, 0.98, 1.0], 0.6432020943824632]}}