{"rank_algo": "pearson_correlation_score", "seed": 41, "subsampling_proportion": 0.01, "exec_time": 0.018000364303588867, "results": {"features": ["feature98", "feature99", "feature86", "feature85", "feature87", "feature88", "feature89", "feature83", "feature84", "feature82", "feature81", "feature32", "feature90", "feature14", "feature91", "feature5", "feature39", "feature17", "feature40", "feature59", "feature15", "feature27", "feature2", "feature56", "feature49", "feature50", "feature12", "feature42", "feature37", "feature36", "feature22", "feature26", "feature51", "feature10", "feature52", "feature48", "feature9", "feature34", "feature38", "feature71", "feature47", "feature3", "feature8", "feature30", "feature24", "feature46", "feature43", "feature28", "feature0", "feature44", "feature21", "feature35", "feature41", "feature29", "feature68", "feature66", "feature16", "feature20", "feature67", "feature54", "feature23", "feature61", "feature4", "feature11", "feature55", "feature57", "feature13", "feature25", "feature31", "feature19", "feature64", "feature72", "feature69", "feature18", "feature63", "feature53", "feature65", "feature45", "feature58", "feature33", "feature60", "feature6", "feature62", "feature73", "feature74", "feature75", "feature76", "feature77", "feature78", "feature79", "feature80", "feature7", "feature1", "feature70", "feature92", "feature93", "feature94", "feature95", "feature96", "feature97"], "scores": [0.9999999999999999, 0.9999999999999999, 0.36127660656268085, 0.36080718207317736, 0.36080718207317736, 0.36080718207317736, 0.36080718207317736, 0.3579530353489296, 0.3576731287750162, 0.3500395351840186, 0.3228947659819943, 0.14733120691585755, 0.1470910051205055, 0.14068382775558302, 0.1352203131954072, 0.11534697624495013, 0.1126816852055131, 0.10524603655070142, 0.1052303115546621, 0.09958295002652856, 0.09871722965642901, 0.09587187081561603, 0.09577394253765494, 0.09177580864926095, 0.08479972234861252, 0.0822608932779944, 0.07588885296785558, 0.07544240869255212, 0.07440332405957055, 0.07339007449396127, 0.06877250080101843, 0.06767619690480754, 0.06599148514647223, 0.06455679102447631, 0.06419728714430545, 0.06415255681737822, 0.060167054762906576, 0.06007090883333662, 0.05983998475531787, 0.058385981984811805, 0.057882980902601855, 0.05694597182385761, 0.05547008583222269, 0.0553829669988224, 0.05436119474110134, 0.05386615646135284, 0.05199506607576066, 0.051404238698523, 0.04984223590907632, 0.04910789805388194, 0.04767084013349024, 0.04673382550211546, 0.046180265943532084, 0.044479767981209756, 0.043706678894334175, 0.042431476367079314, 0.04027907112261364, 0.03737478596362218, 0.03732515265762461, 0.033117056908416646, 0.03169397292994016, 0.029513256374212572, 0.02900942944846356, 0.028627998838427853, 0.0268175933878787, 0.0222227074690746, 0.021588486320777995, 0.021075148151990113, 0.020364286004667418, 0.019458635556453573, 0.01822231945872074, 0.017503396613949354, 0.01501501071496296, 0.014973686712912312, 0.01173998589252232, 0.010901557674931117, 0.01069202014909117, 0.010661198357512669, 0.006560449306508313, 0.006545076030628504, 0.00651421810929669, 0.006054703270316261, 0.005458574633071239, 0.003926230576329824, 0.003926230576329824, 0.003926230576329824, 0.003926230576329824, 0.003926230576329824, 0.003926230576329824, 0.003926230576329824, 0.003926230576329824, 0.0005988649618162003, 0.0005213827294047083, NaN, NaN, NaN, NaN, NaN, NaN, NaN]}, "evaluations": {"eval_method": "jaccard_full_score", "singles": [[1.0, 1.0, 0.5, 0.3333333333333333, 0.25, 0.2, 0.16666666666666666, 0.14285714285714285, 0.125, 0.1111111111111111, 0.1, 0.09090909090909091, 0.08333333333333333, 0.07692307692307693, 0.07142857142857142, 0.06666666666666667, 0.0625, 0.058823529411764705, 0.08571428571428572, 0.1111111111111111, 0.13513513513513514, 0.1282051282051282, 0.15, 0.14285714285714285, 0.16279069767441862, 0.15555555555555556, 0.17391304347826086, 0.16666666666666666, 0.16, 0.17647058823529413, 0.19230769230769232, 0.23076923076923078, 0.24528301886792453, 0.2830188679245283, 0.2727272727272727, 0.2631578947368421, 0.27586206896551724, 0.288135593220339, 0.2786885245901639, 0.2903225806451613, 0.30158730158730157, 0.3125, 0.3230769230769231, 0.31343283582089554, 0.3235294117647059, 0.3333333333333333, 0.323943661971831, 0.3333333333333333, 0.3424657534246575, 0.3333333333333333, 0.36, 0.35064935064935066, 0.37662337662337664, 0.38461538461538464, 0.375, 0.38271604938271603, 0.4074074074074074, 0.4146341463414634, 0.42168674698795183, 0.4457831325301205, 0.4523809523809524, 0.47619047619047616, 0.46511627906976744, 0.4883720930232558, 0.4772727272727273, 0.48314606741573035, 0.5056179775280899, 0.5111111111111111, 0.5164835164835165, 0.5384615384615384, 0.5268817204301075, 0.5319148936170213, 0.5208333333333334, 0.5416666666666666, 0.5625, 0.5510204081632653, 0.5555555555555556, 0.5757575757575758, 0.58, 0.6, 0.62, 0.64, 0.66, 0.68, 0.7, 0.72, 0.74, 0.76, 0.78, 0.8, 0.82, 0.84, 0.86, 0.88, 0.9, 0.92, 0.94, 0.96, 0.98, 1.0], 0.42048665653205264], "first_gen": [[1.0, 1.0, 0.5, 0.3333333333333333, 0.42857142857142855, 0.5, 0.5555555555555556, 0.6, 0.6363636363636364, 0.6666666666666666, 0.6923076923076923, 0.7142857142857143, 0.7333333333333333, 0.6470588235294118, 0.5789473684210527, 0.5238095238095238, 0.4782608695652174, 0.44, 0.4074074074074074, 0.3793103448275862, 0.3548387096774194, 0.3333333333333333, 0.35294117647058826, 0.3333333333333333, 0.3157894736842105, 0.3, 0.3170731707317073, 0.3333333333333333, 0.3488372093023256, 0.36363636363636365, 0.4090909090909091, 0.4222222222222222, 0.43478260869565216, 0.44680851063829785, 0.4583333333333333, 0.46938775510204084, 0.5102040816326531, 0.52, 0.5294117647058824, 0.5686274509803921, 0.5769230769230769, 0.6153846153846154, 0.6538461538461539, 0.660377358490566, 0.6363636363636364, 0.6428571428571429, 0.6785714285714286, 0.6842105263157895, 0.7192982456140351, 0.7241379310344828, 0.7586206896551724, 0.7333333333333333, 0.7377049180327869, 0.7419354838709677, 0.71875, 0.7230769230769231, 0.7538461538461538, 0.7846153846153846, 0.7611940298507462, 0.7910447761194029, 0.8208955223880597, 0.7971014492753623, 0.7746478873239436, 0.7534246575342466, 0.7567567567567568, 0.7368421052631579, 0.717948717948718, 0.7, 0.6829268292682927, 0.6867469879518072, 0.6705882352941176, 0.6551724137931034, 0.6590909090909091, 0.6629213483146067, 0.6483516483516484, 0.6344086021505376, 0.6210526315789474, 0.6082474226804123, 0.6122448979591837, 0.6161616161616161, 0.62, 0.64, 0.66, 0.68, 0.7, 0.72, 0.74, 0.76, 0.78, 0.8, 0.82, 0.84, 0.86, 0.88, 0.9, 0.92, 0.94, 0.96, 0.98, 1.0], 0.636856756411806]}}