{
  "rank_algo": "mutual_info_score",
  "seed": 0,
  "subsampling_proportion": 0.01,
  "exec_time": 6.7932257652282715,
  "results": {
    "features": [
      "feature99",
      "feature98",
      "feature23",
      "feature88",
      "feature22",
      "feature87",
      "feature84",
      "feature83",
      "feature86",
      "feature89",
      "feature85",
      "feature82",
      "feature1",
      "feature10",
      "feature81",
      "feature3",
      "feature2",
      "feature21",
      "feature9",
      "feature8",
      "feature19",
      "feature20",
      "feature0",
      "feature44",
      "feature43",
      "feature49",
      "feature56",
      "feature55",
      "feature26",
      "feature37",
      "feature39",
      "feature15",
      "feature17",
      "feature18",
      "feature71",
      "feature27",
      "feature40",
      "feature14",
      "feature91",
      "feature4",
      "feature5",
      "feature47",
      "feature51",
      "feature42",
      "feature32",
      "feature54",
      "feature48",
      "feature35",
      "feature46",
      "feature38",
      "feature52",
      "feature34",
      "feature36",
      "feature28",
      "feature57",
      "feature59",
      "feature97",
      "feature90",
      "feature62",
      "feature7",
      "feature92",
      "feature73",
      "feature31",
      "feature58",
      "feature53",
      "feature6",
      "feature63",
      "feature50",
      "feature67",
      "feature30",
      "feature69",
      "feature65",
      "feature16",
      "feature79",
      "feature78",
      "feature29",
      "feature13",
      "feature94",
      "feature74",
      "feature96",
      "feature12",
      "feature61",
      "feature41",
      "feature11",
      "feature68",
      "feature80",
      "feature24",
      "feature25",
      "feature33",
      "feature45",
      "feature60",
      "feature64",
      "feature66",
      "feature70",
      "feature72",
      "feature75",
      "feature76",
      "feature77",
      "feature93",
      "feature95"
    ],
    "scores": [
      0.4993036015762019,
      0.4991446493890198,
      0.1135640584029256,
      0.09414949653931037,
      0.09280839812249231,
      0.09250506197720498,
      0.09218161587574403,
      0.09148875517152621,
      0.09067427594446054,
      0.09042149529841148,
      0.09030335183491434,
      0.08426458688235972,
      0.08102708788104884,
      0.07353473903656993,
      0.07131223995249081,
      0.06860746988387345,
      0.057328571410439455,
      0.052614774362842454,
      0.05217574856250007,
      0.04979412812073414,
      0.03695908889011967,
      0.03647547069122825,
      0.028890799937463907,
      0.028126405583170477,
      0.01601370715675099,
      0.014247733823280928,
      0.013957428470871003,
      0.01385434783756656,
      0.013794039786095835,
      0.012756864524142486,
      0.012720877012485587,
      0.012130345355529482,
      0.012073385221197164,
      0.010615227627200907,
      0.010556795427883126,
      0.010223014841543199,
      0.010095994087752747,
      0.009737768953932857,
      0.008766753916068515,
      0.00854064737241833,
      0.008172502641459634,
      0.007859266028216183,
      0.007658542255209344,
      0.00739574868716808,
      0.0072623719905497985,
      0.007179073365587874,
      0.00709418930155592,
      0.006797442996191672,
      0.006730165394122745,
      0.006663538859740914,
      0.005376485624542626,
      0.005216430600909483,
      0.004992024346442525,
      0.004805889368568517,
      0.004769997538043302,
      0.004734881460371598,
      0.004697665780109217,
      0.003923486379300289,
      0.00391466366659432,
      0.003655520508598409,
      0.003593056590931898,
      0.0034638043520138773,
      0.003431782429938579,
      0.0032049959886044643,
      0.0031343053086696493,
      0.003014127694473512,
      0.002658924189937739,
      0.002436051046386556,
      0.002185935842017761,
      0.0020304921113691865,
      0.0019710157613828105,
      0.00187361759152882,
      0.0018645836187831666,
      0.0018241140880312923,
      0.0018132911073374114,
      0.0016398924726392927,
      0.0015253656369869084,
      0.0012952571561859472,
      0.0012018986040334134,
      0.0010455681680752171,
      0.0009374625733558073,
      0.0004580706351307029,
      0.00035134319705631967,
      0.00029069870707276735,
      5.517852039949034e-05,
      1.7732522825664176e-05,
      0.0,
      0.0,
      0.0,
      0.0,
      0.0,
      0.0,
      0.0,
      0.0,
      0.0,
      0.0,
      0.0,
      0.0,
      0.0,
      0.0
    ]
  },
  "evaluations": {
    "eval_method": "jaccard_full_score",
    "singles": [
      [
        1.0,
        1.0,
        1.0,
        0.6,
        0.42857142857142855,
        0.3333333333333333,
        0.2727272727272727,
        0.23076923076923078,
        0.2,
        0.17647058823529413,
        0.15789473684210525,
        0.14285714285714285,
        0.18181818181818182,
        0.21739130434782608,
        0.2,
        0.18518518518518517,
        0.1724137931034483,
        0.2,
        0.22580645161290322,
        0.25,
        0.2727272727272727,
        0.29411764705882354,
        0.2777777777777778,
        0.2631578947368421,
        0.25,
        0.2682926829268293,
        0.2558139534883721,
        0.24444444444444444,
        0.2608695652173913,
        0.2765957446808511,
        0.2916666666666667,
        0.30612244897959184,
        0.29411764705882354,
        0.3076923076923077,
        0.34615384615384615,
        0.3333333333333333,
        0.34545454545454546,
        0.35714285714285715,
        0.3448275862068966,
        0.3333333333333333,
        0.3442622950819672,
        0.3548387096774194,
        0.36507936507936506,
        0.375,
        0.36363636363636365,
        0.373134328358209,
        0.36231884057971014,
        0.352112676056338,
        0.3611111111111111,
        0.35135135135135137,
        0.36,
        0.35064935064935066,
        0.37662337662337664,
        0.4025974025974026,
        0.3924050632911392,
        0.4,
        0.4074074074074074,
        0.4146341463414634,
        0.43902439024390244,
        0.4634146341463415,
        0.46987951807228917,
        0.4939759036144578,
        0.4823529411764706,
        0.4883720930232558,
        0.4942528735632184,
        0.5,
        0.5227272727272727,
        0.5454545454545454,
        0.5681818181818182,
        0.5730337078651685,
        0.5604395604395604,
        0.5652173913043478,
        0.5869565217391305,
        0.5913978494623656,
        0.6129032258064516,
        0.6170212765957447,
        0.6382978723404256,
        0.6421052631578947,
        0.6458333333333334,
        0.6666666666666666,
        0.6875,
        0.7083333333333334,
        0.711340206185567,
        0.7319587628865979,
        0.7525773195876289,
        0.7551020408163265,
        0.7755102040816326,
        0.7777777777777778,
        0.797979797979798,
        0.8181818181818182,
        0.8383838383838383,
        0.84,
        0.86,
        0.88,
        0.9,
        0.92,
        0.94,
        0.96,
        0.98,
        1.0
      ],
      0.4808908661662132
    ],