{"rank_algo": "random_forest_score", "seed": 87, "subsampling_proportion": 0.01, "exec_time": 3.7248284816741943, "results": {"features": ["feature23", "feature82", "feature81", "feature33", "feature57", "feature22", "feature2", "feature55", "feature21", "feature1", "feature3", "feature10", "feature60", "feature19", "feature20", "feature9", "feature0", "feature8", "feature58", "feature18", "feature49", "feature44", "feature7", "feature71", "feature26", "feature67", "feature50", "feature29", "feature59", "feature47", "feature30", "feature17", "feature51", "feature64", "feature11", "feature43", "feature41", "feature52", "feature46", "feature69", "feature66", "feature36", "feature63", "feature54", "feature15", "feature38", "feature12", "feature28", "feature53", "feature37", "feature5", "feature68", "feature42", "feature39", "feature40", "feature24", "feature61", "feature62", "feature31", "feature45", "feature56", "feature90", "feature25", "feature27", "feature65", "feature48", "feature13", "feature35", "feature4", "feature34", "feature16", "feature72", "feature6", "feature73"], "scores": [0.07640779629696688, 0.06131023885823016, 0.04977958199527298, 0.02630232880302073, 0.025909645072715884, 0.025446297894366258, 0.024980834612779283, 0.024683633110944226, 0.0232000892124866, 0.02223204337178697, 0.021932159644889926, 0.021423398494968646, 0.021217650688387702, 0.01949304336188391, 0.01936884219200293, 0.01867481525687186, 0.018668712877821805, 0.01827627751949185, 0.018120357376966493, 0.01761007458789874, 0.017348429082124715, 0.016657580686802065, 0.016454132280238034, 0.016113286632539095, 0.01575585733404221, 0.015095065476431524, 0.013701037103044576, 0.013602784203083418, 0.013370270400254354, 0.012947533286650867, 0.012851251330280962, 0.012363898117904915, 0.011279875325515698, 0.01120452551574392, 0.010988938059746227, 0.010727720335058276, 0.010390497498215474, 0.009972831622691001, 0.00994093101841282, 0.009563008662255696, 0.009523292265312316, 0.009519713785974602, 0.00934731627256435, 0.008444249344450228, 0.00832970324127367, 0.008306936497821917, 0.008286796584785401, 0.008115586559476957, 0.0076305888998993545, 0.007524716903333142, 0.007432918510306714, 0.007388024309268518, 0.007143466329157596, 0.007031536397422953, 0.006632255943853151, 0.006181789656306624, 0.005635650541216535, 0.005188451070297926, 0.0046376625437335554, 0.004542378488960372, 0.00443262123525171, 0.004411894118900473, 0.0041987844109399024, 0.0038627083695438025, 0.003775684015042552, 0.0034556134341658545, 0.0034469209296850937, 0.0032127205617434322, 0.002612294384595293, 0.0021655737134216742, 0.0017943218031137864, 0.0004027339318893493, 1.1302429649880448e-05, 6.517315851640809e-06]}, "evaluations": {"eval_method": "jaccard_full_score", "singles": [[1.0, 0.3333333333333333, 0.2, 0.14285714285714285, 0.1111111111111111, 0.09090909090909091, 0.07692307692307693, 0.06666666666666667, 0.125, 0.1111111111111111, 0.15789473684210525, 0.2, 0.18181818181818182, 0.21739130434782608, 0.2, 0.23076923076923078, 0.25925925925925924, 0.2857142857142857, 0.26666666666666666, 0.25, 0.3125, 0.29411764705882354, 0.2777777777777778, 0.2972972972972973, 0.3157894736842105, 0.3333333333333333, 0.3170731707317073, 0.3333333333333333, 0.3488372093023256, 0.36363636363636365, 0.37777777777777777, 0.3617021276595745, 0.375, 0.36, 0.37254901960784315, 0.3584905660377358, 0.37037037037037035, 0.35714285714285715, 0.39285714285714285, 0.40350877192982454, 0.41379310344827586, 0.4482758620689655, 0.4827586206896552, 0.4915254237288136, 0.5254237288135594, 0.5333333333333333, 0.5666666666666667, 0.6, 0.5806451612903226, 0.6129032258064516, 0.6190476190476191, 0.6, 0.6307692307692307, 0.6119402985074627, 0.6176470588235294, 0.6231884057971014, 0.6521739130434783, 0.6811594202898551, 0.6857142857142857, 0.7142857142857143, 0.7428571428571429, 0.7714285714285715, 0.7746478873239436, 0.8028169014084507, 0.8055555555555556, 0.8082191780821918, 0.8356164383561644, 0.863013698630137, 0.8904109589041096, 0.8918918918918919, 0.918918918918919, 0.9459459459459459, 0.972972972972973, 1.0], 0.46775433660640703], "first_gen": [[1.0, 0.3333333333333333, 0.5, 0.6, 0.42857142857142855, 0.5, 0.4, 0.45454545454545453, 0.38461538461538464, 0.5384615384615384, 0.5714285714285714, 0.6, 0.5294117647058824, 0.5555555555555556, 0.5789473684210527, 0.6, 0.6190476190476191, 0.6363636363636364, 0.5833333333333334, 0.6, 0.6153846153846154, 0.6296296296296297, 0.5862068965517241, 0.6, 0.5625, 0.5757575757575758, 0.5428571428571428, 0.5135135135135135, 0.48717948717948717, 0.5, 0.47619047619047616, 0.4883720930232558, 0.5, 0.4782608695652174, 0.4583333333333333, 0.5, 0.48, 0.46153846153846156, 0.4716981132075472, 0.45454545454545453, 0.43859649122807015, 0.4482758620689655, 0.4576271186440678, 0.4915254237288136, 0.5, 0.5081967213114754, 0.5409836065573771, 0.5737704918032787, 0.5806451612903226, 0.6129032258064516, 0.6190476190476191, 0.6, 0.6060606060606061, 0.6363636363636364, 0.6666666666666666, 0.6716417910447762, 0.6521739130434783, 0.6811594202898551, 0.6619718309859155, 0.6438356164383562, 0.6712328767123288, 0.6986301369863014, 0.7027027027027027, 0.7297297297297297, 0.7567567567567568, 0.7837837837837838, 0.8108108108108109, 0.8378378378378378, 0.8648648648648649, 0.8918918918918919, 0.918918918918919, 0.9459459459459459, 0.972972972972973, 1.0], 0.5968918778486961]}}