{"rank_algo": "random_forest_score", "seed": 34, "subsampling_proportion": 0.01, "exec_time": 3.8579957485198975, "results": {"features": ["feature82", "feature81", "feature23", "feature22", "feature33", "feature2", "feature55", "feature57", "feature1", "feature21", "feature3", "feature10", "feature49", "feature60", "feature58", "feature0", "feature20", "feature8", "feature19", "feature9", "feature18", "feature7", "feature44", "feature50", "feature26", "feature67", "feature29", "feature71", "feature47", "feature30", "feature36", "feature59", "feature11", "feature64", "feature51", "feature41", "feature17", "feature52", "feature46", "feature69", "feature38", "feature37", "feature43", "feature63", "feature15", "feature12", "feature42", "feature5", "feature66", "feature39", "feature40", "feature54", "feature53", "feature28", "feature24", "feature68", "feature61", "feature90", "feature56", "feature62", "feature31", "feature45", "feature25", "feature48", "feature27", "feature65", "feature13", "feature35", "feature16", "feature4", "feature34", "feature72", "feature6", "feature73"], "scores": [0.06984507181606443, 0.05571214621782061, 0.04086125583959885, 0.027787214055544712, 0.026661623146228115, 0.02634426823275753, 0.02584849662389991, 0.02404763414408484, 0.023705374940892563, 0.023431989351659126, 0.022986840316517772, 0.02262987241370467, 0.021808142869815632, 0.021646736933935665, 0.0203296944429328, 0.019959613924976666, 0.018929177894773077, 0.01888436681624703, 0.018870123765067897, 0.01885319840656126, 0.01783528662532098, 0.016926686740170307, 0.016639584840899176, 0.015298544543262611, 0.015130811179432775, 0.01496831338268393, 0.014399772462577608, 0.013543955834486853, 0.012812345065899703, 0.012528244348357167, 0.01231890414637599, 0.01192912554533829, 0.011406512725539247, 0.01126121945543473, 0.01082184763404399, 0.01081699391535877, 0.010647591825284514, 0.01006324377447521, 0.010031661955217267, 0.009682419223715356, 0.009169739562157901, 0.008985537429447635, 0.00876098336575646, 0.008760801687415764, 0.008646941619708418, 0.008506641635857657, 0.00826267057806596, 0.008199499351994736, 0.008068455929030943, 0.00796225221400647, 0.007878561776301871, 0.007816647270258733, 0.0076591423873061965, 0.00735592309720505, 0.006629775940847303, 0.0061330925321409, 0.0056386360035785765, 0.005561052444399972, 0.005295479251696897, 0.005282002949986316, 0.004788657705340593, 0.004635964838267642, 0.004420819775886977, 0.00441329055570454, 0.004180479349286089, 0.003971011049744016, 0.003255230095891259, 0.0031541710556771286, 0.002949650909259141, 0.002581479073029878, 0.0025270355385724323, 0.0002373047395381626, 0.00010176723193978819, 3.393677741061247e-06]}, "evaluations": {"eval_method": "jaccard_full_score", "singles": [[0.0, 0.0, 0.2, 0.14285714285714285, 0.1111111111111111, 0.09090909090909091, 0.07692307692307693, 0.06666666666666667, 0.058823529411764705, 0.1111111111111111, 0.15789473684210525, 0.2, 0.23809523809523808, 0.21739130434782608, 0.2, 0.18518518518518517, 0.25925925925925924, 0.2857142857142857, 0.3103448275862069, 0.2903225806451613, 0.3125, 0.29411764705882354, 0.2777777777777778, 0.2972972972972973, 0.3157894736842105, 0.3333333333333333, 0.3170731707317073, 0.3333333333333333, 0.3181818181818182, 0.3333333333333333, 0.34782608695652173, 0.3617021276595745, 0.375, 0.36, 0.37254901960784315, 0.38461538461538464, 0.37037037037037035, 0.38181818181818183, 0.41818181818181815, 0.42857142857142855, 0.43859649122807015, 0.4482758620689655, 0.4576271186440678, 0.4915254237288136, 0.5254237288135594, 0.559322033898305, 0.5932203389830508, 0.6, 0.6065573770491803, 0.6129032258064516, 0.6190476190476191, 0.625, 0.6307692307692307, 0.6363636363636364, 0.6417910447761194, 0.6231884057971014, 0.6521739130434783, 0.6811594202898551, 0.7101449275362319, 0.7391304347826086, 0.7428571428571429, 0.7714285714285715, 0.7746478873239436, 0.7777777777777778, 0.7808219178082192, 0.8082191780821918, 0.8356164383561644, 0.863013698630137, 0.8904109589041096, 0.9178082191780822, 0.918918918918919, 0.9459459459459459, 0.972972972972973, 1.0], 0.45929644671217135], "first_gen": [[0.0, 0.0, 0.5, 1.0, 0.6666666666666666, 0.5, 0.4, 0.45454545454545453, 0.5, 0.5384615384615384, 0.5714285714285714, 0.6, 0.5294117647058824, 0.47368421052631576, 0.42857142857142855, 0.45454545454545453, 0.4782608695652174, 0.5652173913043478, 0.5833333333333334, 0.6, 0.6153846153846154, 0.5714285714285714, 0.5862068965517241, 0.5483870967741935, 0.5151515151515151, 0.5294117647058824, 0.5, 0.5135135135135135, 0.48717948717948717, 0.5, 0.47619047619047616, 0.45454545454545453, 0.43478260869565216, 0.4166666666666667, 0.4583333333333333, 0.46938775510204084, 0.48, 0.46153846153846156, 0.4716981132075472, 0.45454545454545453, 0.4642857142857143, 0.47368421052631576, 0.5087719298245614, 0.5172413793103449, 0.5254237288135594, 0.5333333333333333, 0.5666666666666667, 0.6, 0.6065573770491803, 0.639344262295082, 0.6451612903225806, 0.6507936507936508, 0.6307692307692307, 0.6615384615384615, 0.6666666666666666, 0.6716417910447762, 0.6521739130434783, 0.6811594202898551, 0.6857142857142857, 0.6901408450704225, 0.6944444444444444, 0.6986301369863014, 0.7027027027027027, 0.7297297297297297, 0.7567567567567568, 0.7837837837837838, 0.8108108108108109, 0.8378378378378378, 0.8648648648648649, 0.8918918918918919, 0.918918918918919, 0.9459459459459459, 0.972972972972973, 1.0], 0.5886142112763552]}}