{"rank_algo": "random_forest_score", "seed": 25, "subsampling_proportion": 0.01, "exec_time": 3.8550002574920654, "results": {"features": ["feature82", "feature23", "feature81", "feature22", "feature33", "feature55", "feature2", "feature57", "feature21", "feature3", "feature1", "feature10", "feature60", "feature0", "feature58", "feature8", "feature20", "feature9", "feature49", "feature18", "feature19", "feature7", "feature71", "feature44", "feature26", "feature59", "feature67", "feature50", "feature29", "feature30", "feature47", "feature17", "feature64", "feature43", "feature11", "feature51", "feature41", "feature52", "feature46", "feature15", "feature69", "feature36", "feature63", "feature54", "feature38", "feature66", "feature37", "feature53", "feature28", "feature12", "feature5", "feature40", "feature24", "feature68", "feature39", "feature42", "feature27", "feature61", "feature62", "feature56", "feature45", "feature31", "feature25", "feature90", "feature65", "feature48", "feature13", "feature16", "feature35", "feature4", "feature34", "feature6", "feature72", "feature70", "feature73", "feature92", "feature93", "feature94", "feature95", "feature96", "feature97"], "scores": [0.06167818668702206, 0.051624977020472106, 0.05009986561259728, 0.029626153250141854, 0.026802289984993902, 0.025674447186032033, 0.025591592920422394, 0.0250391674835794, 0.022804668979999488, 0.022561975220114674, 0.022515793429504206, 0.021707063887612503, 0.02114752561316759, 0.02106461879997816, 0.02074817413306852, 0.020180198683838177, 0.020112223654669786, 0.01984592068403346, 0.019753776572692845, 0.019605083224547085, 0.0193137041174974, 0.01687661315000251, 0.016635402228594217, 0.01641254659714424, 0.01638245686148958, 0.015614738985577201, 0.015565069038163399, 0.014194647266401558, 0.013527055441035694, 0.012722152565217642, 0.012501356966635315, 0.011766690939087016, 0.011012655952340028, 0.010631476491780258, 0.010605642371157251, 0.010583706986981904, 0.010411342942272653, 0.01040739860261556, 0.010245790383300622, 0.010183486528206028, 0.00988098219258087, 0.00976388672725482, 0.008945982016392802, 0.008841215935925004, 0.00868098968543332, 0.00849345372524843, 0.007815230162574332, 0.007667741898749679, 0.007637140343318909, 0.007591892146967617, 0.0073069428449096425, 0.006990513047959118, 0.0067843177838264575, 0.0067733172668891055, 0.006598916100320924, 0.006472875216810368, 0.005673959069109711, 0.005491589417131764, 0.005352437042567273, 0.004665938595940281, 0.0046320003853056405, 0.004408946883759224, 0.004207310983558499, 0.003972026942320756, 0.003940026480478938, 0.003791349922961159, 0.003480187481545849, 0.002860112899816676, 0.0027666245132275014, 0.002357451549324414, 0.002072736488084995, 0.00015786538256440792, 0.00014640142315389332, 0.0, 0.0, 0.0, 0.0, 0.0, 0.0, 0.0, 0.0]}, "evaluations": {"eval_method": "jaccard_full_score", "singles": [[0.0, 0.3333333333333333, 0.2, 0.14285714285714285, 0.1111111111111111, 0.09090909090909091, 0.07692307692307693, 0.06666666666666667, 0.125, 0.1111111111111111, 0.15789473684210525, 0.2, 0.18181818181818182, 0.16666666666666666, 0.15384615384615385, 0.14285714285714285, 0.21428571428571427, 0.2413793103448276, 0.26666666666666666, 0.25, 0.3125, 0.29411764705882354, 0.2777777777777778, 0.2972972972972973, 0.3157894736842105, 0.3684210526315789, 0.35, 0.36585365853658536, 0.3488372093023256, 0.36363636363636365, 0.37777777777777777, 0.3617021276595745, 0.3469387755102041, 0.3333333333333333, 0.34615384615384615, 0.3584905660377358, 0.37037037037037035, 0.35714285714285715, 0.3684210526315789, 0.3793103448275862, 0.3898305084745763, 0.423728813559322, 0.43333333333333335, 0.4666666666666667, 0.45161290322580644, 0.4603174603174603, 0.46875, 0.45454545454545453, 0.48484848484848486, 0.4925373134328358, 0.5, 0.5072463768115942, 0.5362318840579711, 0.5428571428571428, 0.5492957746478874, 0.5774647887323944, 0.6056338028169014, 0.6111111111111112, 0.6164383561643836, 0.6216216216216216, 0.6266666666666667, 0.6103896103896104, 0.6153846153846154, 0.6410256410256411, 0.6666666666666666, 0.6708860759493671, 0.6962025316455697, 0.7215189873417721, 0.725, 0.75, 0.7530864197530864, 0.7777777777777778, 0.8024691358024691, 0.8271604938271605, 0.8518518518518519, 0.8765432098765432, 0.9012345679012346, 0.9259259259259259, 0.9506172839506173, 0.9753086419753086, 1.0], 0.4523373192318205], "first_gen": [[0.0, 0.3333333333333333, 0.5, 1.0, 0.6666666666666666, 0.5, 0.4, 0.45454545454545453, 0.38461538461538464, 0.5384615384615384, 0.5714285714285714, 0.6, 0.5294117647058824, 0.5555555555555556, 0.5, 0.5238095238095238, 0.5454545454545454, 0.5652173913043478, 0.5833333333333334, 0.6, 0.6153846153846154, 0.5714285714285714, 0.5862068965517241, 0.6, 0.5625, 0.5757575757575758, 0.5428571428571428, 0.5135135135135135, 0.48717948717948717, 0.4634146341463415, 0.47619047619047616, 0.4883720930232558, 0.4666666666666667, 0.4782608695652174, 0.4583333333333333, 0.5, 0.48, 0.46153846153846156, 0.4716981132075472, 0.48148148148148145, 0.4642857142857143, 0.47368421052631576, 0.4827586206896552, 0.5172413793103449, 0.5254237288135594, 0.5081967213114754, 0.5409836065573771, 0.5483870967741935, 0.5806451612903226, 0.6129032258064516, 0.6190476190476191, 0.625, 0.6060606060606061, 0.5882352941176471, 0.5942028985507246, 0.6, 0.6056338028169014, 0.589041095890411, 0.5945945945945946, 0.6, 0.6052631578947368, 0.6103896103896104, 0.6153846153846154, 0.620253164556962, 0.6455696202531646, 0.65, 0.654320987654321, 0.6790123456790124, 0.7037037037037037, 0.7283950617283951, 0.7530864197530864, 0.7777777777777778, 0.8024691358024691, 0.8271604938271605, 0.8518518518518519, 0.8765432098765432, 0.9012345679012346, 0.9259259259259259, 0.9506172839506173, 0.9753086419753086, 1.0], 0.5945401243421247]}}