{"rank_algo": "random_forest_score", "seed": 91, "subsampling_proportion": 0.01, "exec_time": 3.8418519496917725, "results": {"features": ["feature82", "feature81", "feature23", "feature22", "feature33", "feature57", "feature55", "feature2", "feature1", "feature21", "feature3", "feature18", "feature60", "feature10", "feature58", "feature19", "feature0", "feature49", "feature20", "feature8", "feature9", "feature7", "feature44", "feature67", "feature26", "feature71", "feature29", "feature50", "feature47", "feature59", "feature30", "feature11", "feature64", "feature36", "feature51", "feature17", "feature41", "feature46", "feature69", "feature66", "feature5", "feature52", "feature43", "feature63", "feature38", "feature54", "feature37", "feature28", "feature40", "feature12", "feature53", "feature68", "feature42", "feature15", "feature39", "feature24", "feature61", "feature27", "feature62", "feature25", "feature56", "feature31", "feature48", "feature45", "feature13", "feature90", "feature65", "feature35", "feature34", "feature4", "feature16", "feature72", "feature73", "feature6", "feature70", "feature92", "feature93", "feature94", "feature95", "feature96", "feature97"], "scores": [0.07808645351461205, 0.05186597339072791, 0.044751063429594826, 0.026222690019644848, 0.026111906309467803, 0.025032191801526334, 0.02459286548274084, 0.024573871044197917, 0.02404990407638159, 0.022913654431778823, 0.02233837282075191, 0.02130057640657568, 0.021261463619817848, 0.02118355385351064, 0.020400712018015334, 0.019746577381097065, 0.019396035389192528, 0.018986736264721915, 0.018962724414744482, 0.018179630704172934, 0.017851652492253366, 0.017172374997882437, 0.016126330770554982, 0.015872168438342483, 0.015183670807132309, 0.014371733542638996, 0.013529945393154769, 0.013350868326357743, 0.012663584593162669, 0.01239992994510986, 0.011966100244753593, 0.011861528624412367, 0.011755193396776007, 0.010875414055631994, 0.010697160449848662, 0.010474540162416411, 0.010320321418363724, 0.00994930439731939, 0.009851221231825566, 0.009806494190569693, 0.00967716494763146, 0.009615359497229914, 0.009286428258428509, 0.009270192704751693, 0.009006954976529695, 0.008789668621866134, 0.008497578169705651, 0.007866804056910391, 0.007614849343421616, 0.007536445004071654, 0.00726422110198051, 0.007201566129763497, 0.006921287461791442, 0.0067953410034643225, 0.006778450818507284, 0.00665114087290474, 0.0063409438244646545, 0.0059780846211454275, 0.005394096431382846, 0.005062282907943523, 0.005060487951478442, 0.004859934200257968, 0.004725504228162364, 0.004481903717337488, 0.004160582452684433, 0.004155154987153105, 0.004095453097010578, 0.003509385312685233, 0.0025284476776672622, 0.0024194097137595683, 0.0021607859121885366, 0.00023522711056734216, 1.6071664569948496e-05, 6.2973688024828886e-06, 0.0, 0.0, 0.0, 0.0, 0.0, 0.0, 0.0]}, "evaluations": {"eval_method": "jaccard_full_score", "singles": [[0.0, 0.0, 0.2, 0.14285714285714285, 0.1111111111111111, 0.09090909090909091, 0.07692307692307693, 0.06666666666666667, 0.058823529411764705, 0.1111111111111111, 0.15789473684210525, 0.14285714285714285, 0.13043478260869565, 0.16666666666666666, 0.15384615384615385, 0.18518518518518517, 0.21428571428571427, 0.2857142857142857, 0.3103448275862069, 0.2903225806451613, 0.3125, 0.29411764705882354, 0.2777777777777778, 0.2972972972972973, 0.3157894736842105, 0.3333333333333333, 0.3170731707317073, 0.3333333333333333, 0.3181818181818182, 0.36363636363636365, 0.37777777777777777, 0.391304347826087, 0.375, 0.36, 0.37254901960784315, 0.3584905660377358, 0.37037037037037035, 0.38181818181818183, 0.3684210526315789, 0.3793103448275862, 0.3898305084745763, 0.4, 0.3870967741935484, 0.41935483870967744, 0.40625, 0.4375, 0.4461538461538462, 0.45454545454545453, 0.48484848484848486, 0.4925373134328358, 0.5, 0.4857142857142857, 0.5142857142857142, 0.5428571428571428, 0.5492957746478874, 0.5774647887323944, 0.6056338028169014, 0.6111111111111112, 0.6164383561643836, 0.6216216216216216, 0.6052631578947368, 0.5897435897435898, 0.5949367088607594, 0.620253164556962, 0.6455696202531646, 0.6708860759493671, 0.6962025316455697, 0.7, 0.7037037037037037, 0.7283950617283951, 0.7530864197530864, 0.7777777777777778, 0.8024691358024691, 0.8271604938271605, 0.8518518518518519, 0.8765432098765432, 0.9012345679012346, 0.9259259259259259, 0.9506172839506173, 0.9753086419753086, 1.0], 0.4429188052805899], "first_gen": [[0.0, 0.0, 0.5, 1.0, 0.6666666666666666, 0.5, 0.4, 0.45454545454545453, 0.5, 0.5384615384615384, 0.5714285714285714, 0.5, 0.4444444444444444, 0.47368421052631576, 0.42857142857142855, 0.5238095238095238, 0.5454545454545454, 0.5652173913043478, 0.5833333333333334, 0.6, 0.6153846153846154, 0.5714285714285714, 0.5862068965517241, 0.5483870967741935, 0.5151515151515151, 0.5757575757575758, 0.5428571428571428, 0.5135135135135135, 0.48717948717948717, 0.5, 0.47619047619047616, 0.45454545454545453, 0.43478260869565216, 0.4166666666666667, 0.4583333333333333, 0.5, 0.48, 0.49019607843137253, 0.4716981132075472, 0.45454545454545453, 0.4642857142857143, 0.4482758620689655, 0.4827586206896552, 0.4915254237288136, 0.5, 0.5081967213114754, 0.5409836065573771, 0.5737704918032787, 0.6065573770491803, 0.639344262295082, 0.6190476190476191, 0.6, 0.6060606060606061, 0.6119402985074627, 0.6176470588235294, 0.6, 0.5833333333333334, 0.589041095890411, 0.5945945945945946, 0.5789473684210527, 0.6052631578947368, 0.6103896103896104, 0.6363636363636364, 0.620253164556962, 0.625, 0.6296296296296297, 0.654320987654321, 0.6790123456790124, 0.7037037037037037, 0.7283950617283951, 0.7530864197530864, 0.7777777777777778, 0.8024691358024691, 0.8271604938271605, 0.8518518518518519, 0.8765432098765432, 0.9012345679012346, 0.9259259259259259, 0.9506172839506173, 0.9753086419753086, 1.0], 0.5847382296183824]}}