{"rank_algo": "random_forest_score", "seed": 99, "subsampling_proportion": 0.01, "exec_time": 3.8434362411499023, "results": {"features": ["feature82", "feature23", "feature81", "feature22", "feature33", "feature55", "feature57", "feature2", "feature21", "feature0", "feature3", "feature60", "feature1", "feature10", "feature49", "feature58", "feature20", "feature19", "feature8", "feature9", "feature18", "feature44", "feature7", "feature26", "feature67", "feature71", "feature50", "feature29", "feature59", "feature30", "feature47", "feature43", "feature41", "feature64", "feature11", "feature17", "feature51", "feature36", "feature46", "feature52", "feature40", "feature69", "feature66", "feature63", "feature12", "feature54", "feature38", "feature53", "feature39", "feature37", "feature68", "feature5", "feature15", "feature42", "feature24", "feature28", "feature56", "feature61", "feature31", "feature62", "feature90", "feature65", "feature45", "feature25", "feature48", "feature27", "feature35", "feature13", "feature34", "feature4", "feature16", "feature72", "feature6", "feature70", "feature73", "feature92", "feature93", "feature94", "feature95", "feature96", "feature97"], "scores": [0.06952722587820621, 0.05788045515125735, 0.05639491859871944, 0.028388357975014503, 0.026219548124023606, 0.025330877045308172, 0.0246700848892074, 0.02443003883279797, 0.02251182570444633, 0.022260572670235887, 0.021790217824013202, 0.021634169642653366, 0.021580735031675412, 0.021460038766919626, 0.019888436184097576, 0.019340224052720515, 0.018724744199070446, 0.01852226278418382, 0.018186374581601297, 0.018118044999163266, 0.018079346940073123, 0.016448840362739928, 0.015567869371801933, 0.015316468576811047, 0.015091958072713275, 0.014898446564401783, 0.01377891727216361, 0.013533234346452467, 0.012917818795113637, 0.012507623951410642, 0.011932673556684387, 0.011762219931718648, 0.011712412067243754, 0.010833764525010897, 0.010739055977965779, 0.010584569917191483, 0.010459591653099051, 0.010365397061026174, 0.010329792509395832, 0.00939962878844252, 0.009147454886778232, 0.008931599326233821, 0.00887573951989252, 0.008761475572413205, 0.008403949451263562, 0.008145083068412882, 0.00811850558299702, 0.007781774574002476, 0.007554200315539775, 0.007429311482606803, 0.0073433541939005075, 0.0072513788718929885, 0.007185287323680812, 0.006993473563056264, 0.006712261466517585, 0.006543309214847838, 0.0064587328630751825, 0.005791271004158942, 0.004996688091983603, 0.004987734354415785, 0.004476724832848614, 0.004310083288366589, 0.0042347807338501, 0.004201531981633092, 0.0040306051166714854, 0.003940697981791051, 0.0036313993934903037, 0.003306104496754807, 0.0027196930498531472, 0.002415688959477808, 0.0020150923809889643, 0.0001364466393097126, 4.978324051914252e-05, 0.0, 0.0, 0.0, 0.0, 0.0, 0.0, 0.0, 0.0]}, "evaluations": {"eval_method": "jaccard_full_score", "singles": [[0.0, 0.3333333333333333, 0.2, 0.14285714285714285, 0.1111111111111111, 0.09090909090909091, 0.07692307692307693, 0.06666666666666667, 0.125, 0.1111111111111111, 0.1, 0.09090909090909091, 0.13043478260869565, 0.16666666666666666, 0.2, 0.18518518518518517, 0.25925925925925924, 0.3333333333333333, 0.3103448275862069, 0.2903225806451613, 0.3125, 0.29411764705882354, 0.2777777777777778, 0.3333333333333333, 0.3157894736842105, 0.3333333333333333, 0.3170731707317073, 0.3333333333333333, 0.3488372093023256, 0.36363636363636365, 0.37777777777777777, 0.3617021276595745, 0.375, 0.36, 0.37254901960784315, 0.3584905660377358, 0.37037037037037035, 0.35714285714285715, 0.3684210526315789, 0.3793103448275862, 0.41379310344827586, 0.423728813559322, 0.4098360655737705, 0.4426229508196721, 0.45161290322580644, 0.4838709677419355, 0.49206349206349204, 0.47692307692307695, 0.4626865671641791, 0.47058823529411764, 0.4782608695652174, 0.4647887323943662, 0.49295774647887325, 0.5211267605633803, 0.5492957746478874, 0.5774647887323944, 0.5833333333333334, 0.589041095890411, 0.5733333333333334, 0.6, 0.6052631578947368, 0.6103896103896104, 0.6363636363636364, 0.6410256410256411, 0.6455696202531646, 0.6708860759493671, 0.675, 0.7, 0.7037037037037037, 0.7283950617283951, 0.7530864197530864, 0.7777777777777778, 0.8024691358024691, 0.8271604938271605, 0.8518518518518519, 0.8765432098765432, 0.9012345679012346, 0.9259259259259259, 0.9506172839506173, 0.9753086419753086, 1.0], 0.4493845430506842], "first_gen": [[0.0, 0.3333333333333333, 0.5, 1.0, 0.6666666666666666, 0.5, 0.4, 0.45454545454545453, 0.38461538461538464, 0.42857142857142855, 0.4666666666666667, 0.5, 0.5294117647058824, 0.5555555555555556, 0.5, 0.45454545454545453, 0.4782608695652174, 0.5652173913043478, 0.5833333333333334, 0.6, 0.6153846153846154, 0.6296296296296297, 0.5862068965517241, 0.5483870967741935, 0.5151515151515151, 0.5757575757575758, 0.5428571428571428, 0.5135135135135135, 0.48717948717948717, 0.4634146341463415, 0.47619047619047616, 0.4883720930232558, 0.4666666666666667, 0.44680851063829785, 0.42857142857142855, 0.46938775510204084, 0.48, 0.49019607843137253, 0.5, 0.48148148148148145, 0.4909090909090909, 0.47368421052631576, 0.4827586206896552, 0.4915254237288136, 0.5, 0.5081967213114754, 0.5409836065573771, 0.5483870967741935, 0.5806451612903226, 0.6129032258064516, 0.59375, 0.6, 0.6060606060606061, 0.6119402985074627, 0.5942028985507246, 0.6, 0.6056338028169014, 0.589041095890411, 0.5733333333333334, 0.5789473684210527, 0.6052631578947368, 0.6103896103896104, 0.6153846153846154, 0.620253164556962, 0.6455696202531646, 0.65, 0.654320987654321, 0.6790123456790124, 0.7037037037037037, 0.7283950617283951, 0.7530864197530864, 0.7777777777777778, 0.8024691358024691, 0.8271604938271605, 0.8518518518518519, 0.8765432098765432, 0.9012345679012346, 0.9259259259259259, 0.9506172839506173, 0.9753086419753086, 1.0], 0.5867881254690023]}}