{"rank_algo": "random_forest_score", "seed": 86, "subsampling_proportion": 0.01, "exec_time": 3.657999038696289, "results": {"features": ["feature82", "feature81", "feature23", "feature22", "feature33", "feature55", "feature2", "feature57", "feature21", "feature10", "feature3", "feature1", "feature60", "feature19", "feature18", "feature58", "feature20", "feature8", "feature0", "feature9", "feature44", "feature49", "feature7", "feature67", "feature26", "feature71", "feature29", "feature59", "feature30", "feature50", "feature47", "feature64", "feature11", "feature41", "feature17", "feature51", "feature52", "feature66", "feature36", "feature69", "feature43", "feature46", "feature63", "feature38", "feature37", "feature53", "feature15", "feature28", "feature54", "feature40", "feature42", "feature39", "feature5", "feature12", "feature24", "feature68", "feature48", "feature56", "feature61", "feature90", "feature31", "feature27", "feature45", "feature25", "feature62", "feature65", "feature13", "feature35", "feature4", "feature16", "feature34", "feature72", "feature6", "feature73"], "scores": [0.06355135299985788, 0.06301905125032502, 0.04671083102375723, 0.030082348699114955, 0.02598388820544884, 0.025091961863073546, 0.024730491453089205, 0.024092795991342616, 0.02395654412340033, 0.022682340101163084, 0.022015140007728598, 0.02200857983436779, 0.021109027353020733, 0.021093056207636927, 0.020426378396239994, 0.020027642191243148, 0.019545763417854516, 0.019527570232437733, 0.019247170524643514, 0.018845379377628167, 0.018628339259210088, 0.018463232345550074, 0.016627191613214506, 0.014999089646306772, 0.014877411149245609, 0.014597395659493743, 0.013854462658778882, 0.01347477967809561, 0.012842180828575618, 0.012711045144051763, 0.011940157476912214, 0.01171136999688659, 0.011113838436386572, 0.010568501107790071, 0.010531163723402308, 0.010477862206154025, 0.010351558739189217, 0.01001759015077051, 0.009812782581003945, 0.009543808392372972, 0.00935146853304454, 0.009339557744820702, 0.009253242791945268, 0.00872953676487263, 0.008103487299343683, 0.008064153875450892, 0.00783506580538118, 0.007687269664688576, 0.007602636634743626, 0.007452224563927478, 0.0071191805381460105, 0.00706711709445927, 0.0069053416150548705, 0.006852352829715805, 0.006450289845562732, 0.0063787404471368735, 0.006111981551767534, 0.005861822495206317, 0.005617442587305816, 0.005470243112407228, 0.004965968463343105, 0.004763471773267912, 0.004701375878264283, 0.004429342880376124, 0.004289072683573878, 0.004056849794591599, 0.0037297578850337587, 0.002920507575034214, 0.002722044893047329, 0.0026375671828973786, 0.002293617189624585, 0.0003434535381283913, 2.7404210714126405e-06, 0.0]}, "evaluations": {"eval_method": "jaccard_full_score", "singles": [[0.0, 0.0, 0.2, 0.14285714285714285, 0.1111111111111111, 0.09090909090909091, 0.07692307692307693, 0.06666666666666667, 0.125, 0.17647058823529413, 0.15789473684210525, 0.2, 0.18181818181818182, 0.21739130434782608, 0.2, 0.18518518518518517, 0.25925925925925924, 0.2857142857142857, 0.26666666666666666, 0.25, 0.2727272727272727, 0.29411764705882354, 0.2777777777777778, 0.2972972972972973, 0.3157894736842105, 0.3333333333333333, 0.3170731707317073, 0.36585365853658536, 0.3488372093023256, 0.36363636363636365, 0.37777777777777777, 0.3617021276595745, 0.375, 0.3877551020408163, 0.37254901960784315, 0.38461538461538464, 0.37037037037037035, 0.35714285714285715, 0.39285714285714285, 0.40350877192982454, 0.41379310344827586, 0.4482758620689655, 0.4827586206896552, 0.4666666666666667, 0.5, 0.5081967213114754, 0.5409836065573771, 0.5737704918032787, 0.5806451612903226, 0.6129032258064516, 0.6190476190476191, 0.6, 0.6307692307692307, 0.6363636363636364, 0.6417910447761194, 0.6231884057971014, 0.6285714285714286, 0.6571428571428571, 0.6857142857142857, 0.7142857142857143, 0.7183098591549296, 0.7464788732394366, 0.7746478873239436, 0.7777777777777778, 0.7808219178082192, 0.8082191780821918, 0.8356164383561644, 0.863013698630137, 0.8904109589041096, 0.9178082191780822, 0.918918918918919, 0.9459459459459459, 0.972972972972973, 1.0], 0.4545123203154311], "first_gen": [[0.0, 0.0, 0.5, 1.0, 0.6666666666666666, 0.5, 0.4, 0.45454545454545453, 0.38461538461538464, 0.5384615384615384, 0.5714285714285714, 0.6, 0.5294117647058824, 0.5555555555555556, 0.5, 0.5238095238095238, 0.5454545454545454, 0.5652173913043478, 0.5833333333333334, 0.6, 0.6153846153846154, 0.6296296296296297, 0.5862068965517241, 0.5483870967741935, 0.5151515151515151, 0.5757575757575758, 0.5428571428571428, 0.5135135135135135, 0.48717948717948717, 0.4634146341463415, 0.47619047619047616, 0.45454545454545453, 0.43478260869565216, 0.4166666666666667, 0.42857142857142855, 0.46938775510204084, 0.45098039215686275, 0.4339622641509434, 0.4444444444444444, 0.42857142857142855, 0.43859649122807015, 0.4482758620689655, 0.4576271186440678, 0.4915254237288136, 0.5, 0.4838709677419355, 0.5161290322580645, 0.5483870967741935, 0.5806451612903226, 0.6129032258064516, 0.6190476190476191, 0.625, 0.6307692307692307, 0.6615384615384615, 0.6666666666666666, 0.6716417910447762, 0.6764705882352942, 0.7058823529411765, 0.6857142857142857, 0.6901408450704225, 0.6944444444444444, 0.7222222222222222, 0.7027027027027027, 0.7297297297297297, 0.7567567567567568, 0.7837837837837838, 0.8108108108108109, 0.8378378378378378, 0.8648648648648649, 0.8918918918918919, 0.918918918918919, 0.9459459459459459, 0.972972972972973, 1.0], 0.5859972583475842]}}