{"rank_algo": "random_forest_score", "seed": 26, "subsampling_proportion": 0.01, "exec_time": 3.7029991149902344, "results": {"features": ["feature82", "feature23", "feature81", "feature22", "feature33", "feature57", "feature55", "feature0", "feature2", "feature21", "feature1", "feature3", "feature60", "feature10", "feature58", "feature49", "feature8", "feature9", "feature19", "feature20", "feature44", "feature18", "feature7", "feature26", "feature67", "feature71", "feature59", "feature29", "feature47", "feature50", "feature30", "feature64", "feature41", "feature11", "feature17", "feature51", "feature36", "feature46", "feature69", "feature52", "feature43", "feature54", "feature38", "feature12", "feature63", "feature66", "feature40", "feature37", "feature5", "feature53", "feature15", "feature68", "feature24", "feature39", "feature42", "feature28", "feature61", "feature56", "feature31", "feature27", "feature45", "feature62", "feature90", "feature65", "feature25", "feature48", "feature13", "feature4", "feature35", "feature16", "feature34", "feature72", "feature73", "feature6", "feature70", "feature92", "feature93", "feature94", "feature95", "feature96", "feature97"], "scores": [0.06332249777046667, 0.06207803441726455, 0.05677982406237718, 0.027697152276037206, 0.027061524926214657, 0.024527692903656237, 0.0239988397539471, 0.023949534882952535, 0.023407387059125137, 0.023349546115249958, 0.022344528937485095, 0.02216062486239534, 0.020587997752031514, 0.020239424535591116, 0.019851060613948954, 0.01968398274823888, 0.01955456985704951, 0.01932341887477672, 0.01893413730898742, 0.01867223316671202, 0.01825769458008344, 0.017814582830828925, 0.016770259002653005, 0.015858543940744464, 0.014667686080637976, 0.013948795718644097, 0.013306337751868102, 0.013201910658807612, 0.013127660896637514, 0.013098484576553928, 0.012349156268389873, 0.011361345612881421, 0.011038424398050285, 0.010552545426171204, 0.010545110347415987, 0.010455743405140695, 0.01035396207032087, 0.010181808971865889, 0.009952480306252308, 0.009831663461908953, 0.009441596577676065, 0.009203478413040984, 0.009188962920622703, 0.008855856027455934, 0.008815105839872085, 0.008770429165067905, 0.008165015566310285, 0.008150927858920043, 0.007946844110959249, 0.0074622430620659794, 0.007127473651755653, 0.006752797458539878, 0.006684681663588018, 0.00667072152650478, 0.006620875082883324, 0.006610915558947618, 0.005721657058750313, 0.005179886196453043, 0.005082816667876067, 0.004785611943013673, 0.0043507045739225245, 0.00434551185535125, 0.004116156256498114, 0.004114982711911928, 0.003977817460017675, 0.00379606867576178, 0.003356994685765508, 0.0027334792192665815, 0.002698796851946681, 0.0026703874042659148, 0.0021652593891240707, 0.00022387214311971594, 1.089873438001892e-05, 2.9645580003860256e-06, 0.0, 0.0, 0.0, 0.0, 0.0, 0.0, 0.0]}, "evaluations": {"eval_method": "jaccard_full_score", "singles": [[0.0, 0.3333333333333333, 0.2, 0.14285714285714285, 0.1111111111111111, 0.09090909090909091, 0.07692307692307693, 0.06666666666666667, 0.058823529411764705, 0.1111111111111111, 0.15789473684210525, 0.14285714285714285, 0.13043478260869565, 0.16666666666666666, 0.15384615384615385, 0.18518518518518517, 0.21428571428571427, 0.2413793103448276, 0.26666666666666666, 0.2903225806451613, 0.3125, 0.29411764705882354, 0.2777777777777778, 0.3333333333333333, 0.3157894736842105, 0.3333333333333333, 0.35, 0.36585365853658536, 0.3488372093023256, 0.36363636363636365, 0.37777777777777777, 0.3617021276595745, 0.375, 0.3877551020408163, 0.37254901960784315, 0.38461538461538464, 0.37037037037037035, 0.38181818181818183, 0.3684210526315789, 0.3793103448275862, 0.3898305084745763, 0.423728813559322, 0.4098360655737705, 0.4426229508196721, 0.45161290322580644, 0.4603174603174603, 0.49206349206349204, 0.47692307692307695, 0.48484848484848486, 0.47058823529411764, 0.5, 0.4857142857142857, 0.5142857142857142, 0.5211267605633803, 0.5492957746478874, 0.5774647887323944, 0.6056338028169014, 0.589041095890411, 0.5733333333333334, 0.6, 0.6052631578947368, 0.6103896103896104, 0.6363636363636364, 0.6623376623376623, 0.6666666666666666, 0.6708860759493671, 0.6962025316455697, 0.7215189873417721, 0.725, 0.75, 0.7530864197530864, 0.7777777777777778, 0.8024691358024691, 0.8271604938271605, 0.8518518518518519, 0.8765432098765432, 0.9012345679012346, 0.9259259259259259, 0.9506172839506173, 0.9753086419753086, 1.0], 0.4512580418074821], "first_gen": [[0.0, 0.3333333333333333, 0.5, 1.0, 0.6666666666666666, 0.5, 0.4, 0.3333333333333333, 0.38461538461538464, 0.42857142857142855, 0.4666666666666667, 0.6, 0.5294117647058824, 0.5555555555555556, 0.5, 0.45454545454545453, 0.4782608695652174, 0.5652173913043478, 0.5833333333333334, 0.6, 0.6153846153846154, 0.6296296296296297, 0.5862068965517241, 0.5483870967741935, 0.5151515151515151, 0.5757575757575758, 0.5428571428571428, 0.5135135135135135, 0.48717948717948717, 0.5, 0.47619047619047616, 0.45454545454545453, 0.43478260869565216, 0.4166666666666667, 0.42857142857142855, 0.46938775510204084, 0.48, 0.49019607843137253, 0.4716981132075472, 0.45454545454545453, 0.4642857142857143, 0.47368421052631576, 0.5087719298245614, 0.543859649122807, 0.5254237288135594, 0.5081967213114754, 0.5409836065573771, 0.5737704918032787, 0.6065573770491803, 0.6129032258064516, 0.6190476190476191, 0.6, 0.582089552238806, 0.5882352941176471, 0.5942028985507246, 0.6, 0.5833333333333334, 0.589041095890411, 0.5733333333333334, 0.5789473684210527, 0.5844155844155844, 0.6103896103896104, 0.6363636363636364, 0.6410256410256411, 0.6455696202531646, 0.65, 0.654320987654321, 0.6790123456790124, 0.7037037037037037, 0.7283950617283951, 0.7530864197530864, 0.7777777777777778, 0.8024691358024691, 0.8271604938271605, 0.8518518518518519, 0.8765432098765432, 0.9012345679012346, 0.9259259259259259, 0.9506172839506173, 0.9753086419753086, 1.0], 0.5864000167605097]}}