{"rank_algo": "random_forest_score", "seed": 49, "subsampling_proportion": 0.01, "exec_time": 3.592998504638672, "results": {"features": ["feature23", "feature82", "feature81", "feature22", "feature33", "feature55", "feature57", "feature21", "feature2", "feature1", "feature3", "feature10", "feature60", "feature49", "feature9", "feature8", "feature58", "feature20", "feature19", "feature0", "feature18", "feature7", "feature44", "feature26", "feature67", "feature50", "feature71", "feature29", "feature30", "feature47", "feature17", "feature59", "feature43", "feature11", "feature36", "feature64", "feature41", "feature51", "feature69", "feature52", "feature46", "feature66", "feature63", "feature38", "feature53", "feature12", "feature40", "feature54", "feature37", "feature15", "feature5", "feature39", "feature42", "feature68", "feature28", "feature24", "feature61", "feature62", "feature31", "feature45", "feature90", "feature56", "feature65", "feature25", "feature27", "feature13", "feature16", "feature48", "feature35", "feature4", "feature34", "feature72", "feature73", "feature6"], "scores": [0.07597616052789864, 0.06234444646178833, 0.05410247382146261, 0.027353577789010347, 0.02633826010408925, 0.02499443809727557, 0.024482272653925666, 0.02403830582901914, 0.02303044811477225, 0.022569750865068114, 0.02213471089611847, 0.02152554555873545, 0.021197854772853027, 0.020077806219948303, 0.019986525577585585, 0.019843980152534024, 0.019758474318245917, 0.018679295476283747, 0.017614140271738927, 0.017332618749177384, 0.017261810516981984, 0.017143347371185443, 0.016416741208090543, 0.015214580364708036, 0.014851660227612841, 0.014428939599527383, 0.013884498368981984, 0.013575103102757053, 0.011847392097356389, 0.011572838077648232, 0.01145705561472504, 0.011429455402328818, 0.011089746624761388, 0.01104397889536292, 0.010701771093115797, 0.010695405203082563, 0.010639671575198692, 0.010402978472470828, 0.01010975082062359, 0.010083127001088722, 0.009443337204671763, 0.009396879487829805, 0.008301081403846727, 0.008151683209131913, 0.007990887026487254, 0.007985575840017559, 0.007931002147154644, 0.007823358943045712, 0.007704995903098928, 0.0075981254535598735, 0.007528590410672099, 0.007202896204996072, 0.007074263004163546, 0.0069811425326627334, 0.006773447348869599, 0.0061787278937717165, 0.0051308094195353674, 0.005045192686579839, 0.0049902692700115854, 0.0047649240763659, 0.004558665436316605, 0.004536558180858659, 0.0044446332298970995, 0.003917583840263954, 0.0038632780893614114, 0.0034352716455629166, 0.0032332610147601144, 0.0030858592431513877, 0.0029705907217311236, 0.0025547235883980287, 0.0019035660041475575, 0.00018385606571956774, 7.873146214197367e-05, 5.294116077887695e-06]}, "evaluations": {"eval_method": "jaccard_full_score", "singles": [[1.0, 0.3333333333333333, 0.2, 0.14285714285714285, 0.1111111111111111, 0.09090909090909091, 0.07692307692307693, 0.14285714285714285, 0.125, 0.1111111111111111, 0.15789473684210525, 0.2, 0.18181818181818182, 0.21739130434782608, 0.2, 0.18518518518518517, 0.21428571428571427, 0.2857142857142857, 0.3103448275862069, 0.2903225806451613, 0.3125, 0.29411764705882354, 0.2777777777777778, 0.3333333333333333, 0.3157894736842105, 0.3333333333333333, 0.3170731707317073, 0.3333333333333333, 0.3181818181818182, 0.3333333333333333, 0.34782608695652173, 0.3617021276595745, 0.3469387755102041, 0.36, 0.34615384615384615, 0.3333333333333333, 0.34545454545454546, 0.38181818181818183, 0.39285714285714285, 0.40350877192982454, 0.43859649122807015, 0.4482758620689655, 0.4827586206896552, 0.4666666666666667, 0.47540983606557374, 0.5081967213114754, 0.5409836065573771, 0.5737704918032787, 0.5806451612903226, 0.6129032258064516, 0.6190476190476191, 0.6, 0.6307692307692307, 0.6119402985074627, 0.6176470588235294, 0.6231884057971014, 0.6521739130434783, 0.6811594202898551, 0.6857142857142857, 0.7142857142857143, 0.7428571428571429, 0.7714285714285715, 0.8, 0.8028169014084507, 0.8055555555555556, 0.8333333333333334, 0.8611111111111112, 0.863013698630137, 0.8904109589041096, 0.9178082191780822, 0.918918918918919, 0.9459459459459459, 0.972972972972973, 1.0], 0.4665168605202461], "first_gen": [[1.0, 0.3333333333333333, 0.5, 1.0, 0.6666666666666666, 0.5, 0.4, 0.3333333333333333, 0.38461538461538464, 0.5384615384615384, 0.5714285714285714, 0.6, 0.5294117647058824, 0.47368421052631576, 0.5, 0.5238095238095238, 0.4782608695652174, 0.5652173913043478, 0.5833333333333334, 0.6, 0.6153846153846154, 0.5714285714285714, 0.5862068965517241, 0.5483870967741935, 0.5151515151515151, 0.5294117647058824, 0.5428571428571428, 0.5135135135135135, 0.48717948717948717, 0.5, 0.5121951219512195, 0.4883720930232558, 0.5, 0.4782608695652174, 0.48936170212765956, 0.5, 0.48, 0.49019607843137253, 0.4716981132075472, 0.45454545454545453, 0.4642857142857143, 0.4482758620689655, 0.4576271186440678, 0.4915254237288136, 0.47540983606557374, 0.4838709677419355, 0.5161290322580645, 0.5483870967741935, 0.5806451612903226, 0.6129032258064516, 0.6190476190476191, 0.625, 0.6307692307692307, 0.6363636363636364, 0.6666666666666666, 0.6716417910447762, 0.6521739130434783, 0.6811594202898551, 0.6619718309859155, 0.6438356164383562, 0.6712328767123288, 0.6986301369863014, 0.7027027027027027, 0.7297297297297297, 0.7567567567567568, 0.7837837837837838, 0.8108108108108109, 0.8378378378378378, 0.8648648648648649, 0.8918918918918919, 0.918918918918919, 0.9459459459459459, 0.972972972972973, 1.0], 0.5960201965850728]}}