{"rank_algo": "chi2_score", "seed": 91, "subsampling_proportion": 0.01, "exec_time": 0.015003204345703125, "results": {"features": ["feature49", "feature50", "feature59", "feature85", "feature87", "feature88", "feature89", "feature86", "feature84", "feature83", "feature2", "feature82", "feature36", "feature81", "feature71", "feature52", "feature47", "feature51", "feature66", "feature21", "feature10", "feature9", "feature53", "feature24", "feature8", "feature60", "feature38", "feature3", "feature98", "feature99", "feature20", "feature0", "feature44", "feature67", "feature39", "feature40", "feature33", "feature15", "feature26", "feature54", "feature28", "feature22", "feature37", "feature42", "feature27", "feature18", "feature23", "feature29", "feature41", "feature46", "feature12", "feature48", "feature34", "feature30", "feature35", "feature11", "feature14", "feature43", "feature16", "feature7", "feature55", "feature5", "feature32", "feature90", "feature56", "feature91", "feature68", "feature45", "feature69", "feature64", "feature62", "feature65", "feature19", "feature61", "feature73", "feature74", "feature75", "feature76", "feature77", "feature78", "feature79", "feature80", "feature72", "feature63", "feature31", "feature6", "feature4", "feature13", "feature17", "feature25", "feature58", "feature1", "feature57", "feature70", "feature92", "feature93", "feature94", "feature95", "feature96", "feature97"], "scores": [191591.8782842301, 184846.08684115674, 141231.30365710246, 123059.65988460262, 123059.65988460262, 123059.65988460262, 123059.65988460262, 122332.95410056131, 116336.91423167422, 115158.67497343043, 101384.66481837122, 96061.10628012357, 85491.3279079862, 41648.17664188033, 38390.80696106839, 33006.47548051316, 32187.22619207749, 30907.041819518607, 15483.665592534167, 14003.722138643585, 12762.298799059994, 11616.306570919643, 10799.888702341808, 7819.066758669611, 7011.523280683197, 5714.578876565836, 3854.633011298795, 3187.085804394586, 3079.0000000000005, 3079.0000000000005, 1792.9669684907954, 1555.4172985009895, 1277.0607794616599, 1252.4793305871035, 1206.060774165992, 1187.1282822636012, 1129.1260488265955, 1052.6236536485046, 1048.5616275118352, 985.7583830061157, 759.7239701860875, 709.3124297042192, 682.1781255735505, 618.0292709210285, 616.0347066453896, 571.5173019888555, 436.0533906474071, 424.99129772238643, 404.4025412511351, 373.00736340039987, 348.12343181794427, 343.18865220425863, 330.5618921131131, 329.0060779886015, 251.46145832830743, 197.80994773838464, 185.489082510672, 182.9907799855567, 169.0847253006073, 130.93060810803723, 104.45729566172297, 72.44548962054803, 36.67928094493501, 36.571030732742564, 27.60423704314104, 13.851909612771992, 13.370590602486038, 12.622842363836604, 8.367718361322606, 7.331224859487458, 6.41819743926699, 5.524819758479123, 5.397374347154242, 4.666511208409869, 4.1081519974017535, 4.1081519974017535, 4.1081519974017535, 4.1081519974017535, 4.1081519974017535, 4.1081519974017535, 4.1081519974017535, 4.1081519974017535, 4.096592143000745, 3.5363615000731095, 3.396715550713507, 1.9473476164123646, 1.1375243884588957, 1.059279844787943, 0.9316697159746142, 0.9275325222351065, 0.014183565234801444, 0.00481552087581402, 0.0018177550173884935, NaN, NaN, NaN, NaN, NaN, NaN, NaN]}, "evaluations": {"eval_method": "jaccard_full_score", "singles": [[0.0, 0.0, 0.0, 0.0, 0.0, 0.0, 0.0, 0.0, 0.0, 0.05263157894736842, 0.047619047619047616, 0.043478260869565216, 0.04, 0.037037037037037035, 0.034482758620689655, 0.03225806451612903, 0.0625, 0.09090909090909091, 0.08571428571428572, 0.14285714285714285, 0.16666666666666666, 0.15789473684210525, 0.15, 0.14285714285714285, 0.13636363636363635, 0.15555555555555556, 0.14893617021276595, 0.14285714285714285, 0.16, 0.2, 0.24, 0.23076923076923078, 0.24528301886792453, 0.25925925925925924, 0.25, 0.2631578947368421, 0.2982456140350877, 0.3103448275862069, 0.3220338983050847, 0.3333333333333333, 0.3442622950819672, 0.3770491803278688, 0.36507936507936506, 0.375, 0.38461538461538464, 0.3939393939393939, 0.42424242424242425, 0.4117647058823529, 0.4411764705882353, 0.4492753623188406, 0.4782608695652174, 0.4647887323943662, 0.4722222222222222, 0.4794520547945205, 0.4666666666666667, 0.49333333333333335, 0.4805194805194805, 0.46835443037974683, 0.4936708860759494, 0.5189873417721519, 0.5061728395061729, 0.5121951219512195, 0.5180722891566265, 0.5421686746987951, 0.5294117647058824, 0.5348837209302325, 0.5402298850574713, 0.5632183908045977, 0.5681818181818182, 0.5730337078651685, 0.5777777777777777, 0.5824175824175825, 0.5869565217391305, 0.5913978494623656, 0.6129032258064516, 0.6170212765957447, 0.6210526315789474, 0.6082474226804123, 0.6288659793814433, 0.6494845360824743, 0.6701030927835051, 0.6907216494845361, 0.711340206185567, 0.7319587628865979, 0.7346938775510204, 0.7551020408163265, 0.7755102040816326, 0.7959183673469388, 0.797979797979798, 0.8, 0.82, 0.84, 0.86, 0.88, 0.9, 0.92, 0.94, 0.96, 0.98, 1.0], 0.4170982526326674], "first_gen": [[0.0, 0.0, 0.0, 0.0, 0.0, 0.09090909090909091, 0.16666666666666666, 0.3333333333333333, 0.38461538461538464, 0.42857142857142855, 0.4666666666666667, 0.5, 0.4444444444444444, 0.47368421052631576, 0.42857142857142855, 0.391304347826087, 0.4166666666666667, 0.38461538461538464, 0.35714285714285715, 0.3793103448275862, 0.4, 0.41935483870967744, 0.3939393939393939, 0.37142857142857144, 0.3888888888888889, 0.3684210526315789, 0.38461538461538464, 0.4, 0.4146341463414634, 0.42857142857142855, 0.4418604651162791, 0.45454545454545453, 0.4666666666666667, 0.4782608695652174, 0.48936170212765956, 0.5, 0.48, 0.49019607843137253, 0.5294117647058824, 0.5094339622641509, 0.4909090909090909, 0.5272727272727272, 0.5087719298245614, 0.5172413793103449, 0.5254237288135594, 0.559322033898305, 0.5932203389830508, 0.6, 0.5806451612903226, 0.5873015873015873, 0.6190476190476191, 0.625, 0.6307692307692307, 0.6363636363636364, 0.6176470588235294, 0.6231884057971014, 0.6521739130434783, 0.6811594202898551, 0.6857142857142857, 0.7142857142857143, 0.7428571428571429, 0.7464788732394366, 0.75, 0.7534246575342466, 0.7567567567567568, 0.76, 0.7402597402597403, 0.7215189873417721, 0.725, 0.7073170731707317, 0.7108433734939759, 0.6941176470588235, 0.6976744186046512, 0.6818181818181818, 0.6853932584269663, 0.6888888888888889, 0.6923076923076923, 0.6956521739130435, 0.6989247311827957, 0.7204301075268817, 0.7419354838709677, 0.7634408602150538, 0.7849462365591398, 0.7872340425531915, 0.7708333333333334, 0.7731958762886598, 0.7938144329896907, 0.8144329896907216, 0.8163265306122449, 0.8367346938775511, 0.8383838383838383, 0.8585858585858586, 0.86, 0.88, 0.9, 0.92, 0.94, 0.96, 0.98, 1.0], 0.5790007885556809]}}