{"rank_algo": "chi2_score", "seed": 33, "subsampling_proportion": 0.01, "exec_time": 0.012998104095458984, "results": {"features": ["feature49", "feature50", "feature2", "feature85", "feature86", "feature87", "feature88", "feature89", "feature84", "feature83", "feature59", "feature82", "feature81", "feature36", "feature10", "feature52", "feature3", "feature71", "feature53", "feature9", "feature51", "feature47", "feature8", "feature21", "feature98", "feature99", "feature66", "feature38", "feature24", "feature18", "feature15", "feature40", "feature22", "feature67", "feature20", "feature39", "feature37", "feature43", "feature16", "feature12", "feature42", "feature1", "feature54", "feature23", "feature30", "feature0", "feature44", "feature26", "feature28", "feature41", "feature29", "feature35", "feature27", "feature34", "feature91", "feature62", "feature14", "feature32", "feature90", "feature48", "feature60", "feature19", "feature5", "feature46", "feature11", "feature55", "feature57", "feature56", "feature4", "feature33", "feature61", "feature7", "feature72", "feature64", "feature58", "feature31", "feature45", "feature63", "feature69", "feature13", "feature68", "feature65", "feature6", "feature73", "feature74", "feature75", "feature76", "feature77", "feature78", "feature79", "feature80", "feature25", "feature17", "feature70", "feature92", "feature93", "feature94", "feature95", "feature96", "feature97"], "scores": [182750.5475476153, 169788.96184283885, 150202.9776197705, 128656.1413129505, 128656.1413129505, 128656.1413129505, 128656.1413129505, 128656.1413129505, 125318.51412862224, 118084.68098123207, 102157.84071452964, 101129.74723349694, 51454.95230286395, 48041.50134440896, 39110.42548555168, 32290.706818215443, 28391.022051229527, 24316.418984096443, 21774.423194628336, 20028.88149895626, 18061.397449209195, 15740.351880648243, 14341.686800304311, 13506.598105609604, 12598.0, 12598.0, 11067.799213456634, 4282.3986307561745, 3235.29913732938, 1993.8513069205283, 1932.7608502291619, 1753.0866454354837, 1520.3954424124074, 1322.6165168781638, 1114.1892189411149, 1076.8694764445888, 1050.0842918334724, 945.0333317585065, 913.0932672202172, 907.411021035844, 900.7122993506443, 803.1703126431729, 800.9565274650845, 767.1899924816672, 612.8552804398471, 526.8484173861874, 513.4361021657928, 480.618457581765, 469.9087215452089, 467.3698777262068, 381.9323639334042, 363.61145695440274, 278.3538289105722, 262.67047064289454, 262.4934340826629, 245.59940080701682, 244.73407105381347, 226.88660870202668, 220.86276424332578, 214.1391717690372, 196.34581667499566, 153.25796228559474, 145.2340613012852, 126.67591176257807, 122.62486370690978, 53.180491996804015, 45.47450405561614, 37.803849442752, 31.85348623424392, 22.184543799001528, 20.85208317502386, 12.20801689727853, 8.051860169951008, 7.407086049411898, 6.486743521253111, 6.35330793267495, 6.254144166489196, 5.111448755934866, 4.7399691704965, 1.9023149981463572, 1.5315598283128857, 0.7962560256627896, 0.27488434443927656, 0.248452135259565, 0.248452135259565, 0.248452135259565, 0.248452135259565, 0.248452135259565, 0.248452135259565, 0.248452135259565, 0.248452135259565, 0.07021623827943949, 0.03375830524739985, NaN, NaN, NaN, NaN, NaN, NaN, NaN]}, "evaluations": {"eval_method": "jaccard_full_score", "singles": [[0.0, 0.0, 0.0, 0.0, 0.0, 0.0, 0.0, 0.0, 0.0, 0.05263157894736842, 0.047619047619047616, 0.043478260869565216, 0.04, 0.037037037037037035, 0.07142857142857142, 0.06666666666666667, 0.0967741935483871, 0.09090909090909091, 0.08571428571428572, 0.1111111111111111, 0.13513513513513514, 0.1282051282051282, 0.12195121951219512, 0.14285714285714285, 0.16279069767441862, 0.18181818181818182, 0.17391304347826086, 0.16666666666666666, 0.16, 0.17647058823529413, 0.21568627450980393, 0.23076923076923078, 0.2692307692307692, 0.2830188679245283, 0.32075471698113206, 0.3090909090909091, 0.32142857142857145, 0.3103448275862069, 0.3220338983050847, 0.3333333333333333, 0.36666666666666664, 0.4, 0.4098360655737705, 0.41935483870967744, 0.40625, 0.3939393939393939, 0.38235294117647056, 0.391304347826087, 0.42028985507246375, 0.42857142857142855, 0.43661971830985913, 0.4246575342465753, 0.4520547945205479, 0.4594594594594595, 0.4473684210526316, 0.47368421052631576, 0.46153846153846156, 0.46835443037974683, 0.4936708860759494, 0.5, 0.5061728395061729, 0.5308641975308642, 0.5180722891566265, 0.5421686746987951, 0.5476190476190477, 0.5529411764705883, 0.5581395348837209, 0.5632183908045977, 0.5681818181818182, 0.5909090909090909, 0.5955056179775281, 0.6179775280898876, 0.6043956043956044, 0.6086956521739131, 0.6304347826086957, 0.6170212765957447, 0.6382978723404256, 0.6595744680851063, 0.6458333333333334, 0.6494845360824743, 0.6530612244897959, 0.673469387755102, 0.6938775510204082, 0.7142857142857143, 0.7346938775510204, 0.7551020408163265, 0.7755102040816326, 0.7959183673469388, 0.8163265306122449, 0.8367346938775511, 0.8571428571428571, 0.8585858585858586, 0.86, 0.88, 0.9, 0.92, 0.94, 0.96, 0.98, 1.0], 0.4211622074671526], "first_gen": [[0.0, 0.0, 0.0, 0.0, 0.1111111111111111, 0.2, 0.2727272727272727, 0.3333333333333333, 0.38461538461538464, 0.42857142857142855, 0.4666666666666667, 0.5, 0.5294117647058824, 0.47368421052631576, 0.5, 0.45454545454545453, 0.5454545454545454, 0.5, 0.46153846153846156, 0.48148148148148145, 0.4482758620689655, 0.41935483870967744, 0.4375, 0.45454545454545453, 0.47058823529411764, 0.4857142857142857, 0.5, 0.47368421052631576, 0.45, 0.4634146341463415, 0.47619047619047616, 0.4883720930232558, 0.5, 0.5111111111111111, 0.5217391304347826, 0.5319148936170213, 0.5102040816326531, 0.52, 0.5294117647058824, 0.5094339622641509, 0.5185185185185185, 0.5555555555555556, 0.5357142857142857, 0.543859649122807, 0.5254237288135594, 0.559322033898305, 0.5932203389830508, 0.6271186440677966, 0.6333333333333333, 0.6129032258064516, 0.6190476190476191, 0.625, 0.65625, 0.6615384615384615, 0.6666666666666666, 0.696969696969697, 0.7272727272727273, 0.7575757575757576, 0.7611940298507462, 0.7910447761194029, 0.7941176470588235, 0.7971014492753623, 0.8, 0.8028169014084507, 0.7808219178082192, 0.7837837837837838, 0.7631578947368421, 0.7662337662337663, 0.7468354430379747, 0.7283950617283951, 0.7108433734939759, 0.7142857142857143, 0.6976744186046512, 0.6818181818181818, 0.6666666666666666, 0.6521739130434783, 0.6382978723404256, 0.625, 0.6458333333333334, 0.6494845360824743, 0.6530612244897959, 0.6565656565656566, 0.6767676767676768, 0.696969696969697, 0.7171717171717171, 0.7373737373737373, 0.7575757575757576, 0.7777777777777778, 0.78, 0.8, 0.82, 0.84, 0.86, 0.88, 0.9, 0.92, 0.94, 0.96, 0.98, 1.0], 0.5990982860358475]}}