{"rank_algo": "chi2_score", "seed": 48, "subsampling_proportion": 0.01, "exec_time": 0.012997627258300781, "results": {"features": ["feature50", "feature49", "feature2", "feature59", "feature85", "feature87", "feature88", "feature89", "feature86", "feature84", "feature83", "feature82", "feature52", "feature36", "feature47", "feature81", "feature71", "feature51", "feature3", "feature10", "feature9", "feature21", "feature98", "feature99", "feature8", "feature66", "feature53", "feature60", "feature24", "feature38", "feature40", "feature15", "feature39", "feature54", "feature12", "feature67", "feature42", "feature1", "feature41", "feature0", "feature29", "feature16", "feature43", "feature30", "feature23", "feature37", "feature44", "feature26", "feature27", "feature46", "feature35", "feature91", "feature34", "feature62", "feature28", "feature48", "feature14", "feature56", "feature32", "feature90", "feature7", "feature18", "feature19", "feature11", "feature64", "feature33", "feature5", "feature20", "feature57", "feature69", "feature58", "feature61", "feature45", "feature31", "feature68", "feature17", "feature4", "feature22", "feature72", "feature73", "feature74", "feature75", "feature76", "feature77", "feature78", "feature79", "feature80", "feature13", "feature6", "feature55", "feature63", "feature65", "feature25", "feature70", "feature92", "feature93", "feature94", "feature95", "feature96", "feature97"], "scores": [222558.33894253382, 214928.87799341785, 127287.93846729377, 120347.46314488948, 110307.50299572134, 110307.50299572134, 110307.50299572134, 110307.50299572134, 109856.8183013254, 105599.11427799531, 96615.83355301546, 80500.59329610979, 70082.05321602916, 47054.62666002628, 44423.72727763251, 44000.79920587746, 30417.219797664664, 27805.596543002644, 17578.12112378462, 17463.383298995825, 16405.707876790802, 12896.243339922263, 12528.0, 12528.0, 10589.382555262759, 10114.04590329972, 8482.24283124194, 6470.120443730568, 5640.3342841557915, 2231.8136765454747, 2032.0556594007746, 1903.331322411943, 1400.1280518044696, 1259.0407752885526, 1236.2204137367585, 1094.7852981964554, 1076.0880756970587, 1032.720533318738, 1027.811232647025, 938.7832309822622, 903.2960131697258, 789.2285908027765, 761.4908561973075, 754.4349783249324, 686.4788827900837, 677.0098518585369, 577.3640006803099, 551.5607482622972, 549.006665302782, 533.6036836198589, 524.7409358160278, 482.5627400710459, 482.327579724257, 428.3734970021136, 332.4902850321789, 292.9828536399327, 280.6871097357304, 259.2775672745941, 256.0079412021557, 251.92199760815654, 229.02711082535274, 183.12556629343973, 135.22685522372356, 130.18717635752458, 126.80302910713758, 81.9166688965434, 58.13332730333918, 53.18534645797648, 49.90910022722681, 22.055483900727513, 8.240638178459534, 5.993475096917649, 5.371077092298264, 4.7478083715526465, 2.9467870911245955, 2.2943879789857133, 2.0496787644058956, 1.7667108754988665, 1.6127547762399972, 1.4525870051085565, 1.4525870051085565, 1.4525870051085565, 1.4525870051085565, 1.4525870051085565, 1.4525870051085565, 1.4525870051085565, 1.4525870051085565, 1.0060178244657623, 0.8597985603158019, 0.5746120454685129, 0.11209666229273688, 0.02254424278662132, 3.0220110701181097e-05, NaN, NaN, NaN, NaN, NaN, NaN, NaN]}, "evaluations": {"eval_method": "jaccard_full_score", "singles": [[0.0, 0.0, 0.0, 0.0, 0.0, 0.0, 0.0, 0.0, 0.0, 0.05263157894736842, 0.047619047619047616, 0.043478260869565216, 0.04, 0.037037037037037035, 0.034482758620689655, 0.03225806451612903, 0.0625, 0.09090909090909091, 0.08571428571428572, 0.14285714285714285, 0.13513513513513514, 0.15789473684210525, 0.1794871794871795, 0.2, 0.19047619047619047, 0.18181818181818182, 0.17391304347826086, 0.19148936170212766, 0.1836734693877551, 0.2, 0.24, 0.2549019607843137, 0.2692307692307692, 0.3076923076923077, 0.32075471698113206, 0.3090909090909091, 0.34545454545454546, 0.35714285714285715, 0.3684210526315789, 0.3559322033898305, 0.36666666666666664, 0.4, 0.3870967741935484, 0.375, 0.38461538461538464, 0.373134328358209, 0.36231884057971014, 0.37142857142857144, 0.4, 0.4084507042253521, 0.4166666666666667, 0.40540540540540543, 0.41333333333333333, 0.44, 0.4473684210526316, 0.45454545454545453, 0.4430379746835443, 0.43209876543209874, 0.4567901234567901, 0.48148148148148145, 0.4878048780487805, 0.5121951219512195, 0.5180722891566265, 0.5421686746987951, 0.5294117647058824, 0.5529411764705883, 0.5581395348837209, 0.5813953488372093, 0.5862068965517241, 0.5909090909090909, 0.5955056179775281, 0.6179775280898876, 0.6222222222222222, 0.6086956521739131, 0.6129032258064516, 0.6, 0.6210526315789474, 0.625, 0.6288659793814433, 0.6326530612244898, 0.6530612244897959, 0.673469387755102, 0.6938775510204082, 0.7142857142857143, 0.7346938775510204, 0.7551020408163265, 0.7575757575757576, 0.7777777777777778, 0.797979797979798, 0.8181818181818182, 0.8383838383838383, 0.8585858585858586, 0.86, 0.88, 0.9, 0.92, 0.94, 0.96, 0.98, 1.0], 0.4186720214445669], "first_gen": [[0.0, 0.0, 0.0, 0.0, 0.0, 0.09090909090909091, 0.16666666666666666, 0.23076923076923078, 0.38461538461538464, 0.42857142857142855, 0.4666666666666667, 0.5, 0.4444444444444444, 0.4, 0.36363636363636365, 0.391304347826087, 0.4166666666666667, 0.38461538461538464, 0.4074074074074074, 0.42857142857142855, 0.4482758620689655, 0.4666666666666667, 0.4838709677419355, 0.5, 0.5151515151515151, 0.4857142857142857, 0.5, 0.47368421052631576, 0.45, 0.42857142857142855, 0.4418604651162791, 0.45454545454545453, 0.43478260869565216, 0.44680851063829785, 0.4583333333333333, 0.44, 0.45098039215686275, 0.46153846153846156, 0.4716981132075472, 0.48148148148148145, 0.4642857142857143, 0.47368421052631576, 0.4827586206896552, 0.4666666666666667, 0.47540983606557374, 0.4838709677419355, 0.5161290322580645, 0.5483870967741935, 0.5806451612903226, 0.5873015873015873, 0.59375, 0.625, 0.6307692307692307, 0.6363636363636364, 0.6417910447761194, 0.6716417910447762, 0.7014925373134329, 0.7313432835820896, 0.7352941176470589, 0.7647058823529411, 0.7941176470588235, 0.7971014492753623, 0.8, 0.7777777777777778, 0.7567567567567568, 0.7368421052631579, 0.7402597402597403, 0.7435897435897436, 0.725, 0.7283950617283951, 0.7108433734939759, 0.6941176470588235, 0.6781609195402298, 0.6629213483146067, 0.6483516483516484, 0.6521739130434783, 0.6382978723404256, 0.6421052631578947, 0.6458333333333334, 0.6666666666666666, 0.6875, 0.7083333333333334, 0.711340206185567, 0.7319587628865979, 0.7525773195876289, 0.7551020408163265, 0.7755102040816326, 0.7959183673469388, 0.797979797979798, 0.8181818181818182, 0.82, 0.84, 0.86, 0.88, 0.9, 0.92, 0.94, 0.96, 0.98, 1.0], 0.5755940687210153]}}