{"rank_algo": "chi2_score", "seed": 36, "subsampling_proportion": 0.01, "exec_time": 0.015269994735717773, "results": {"features": ["feature50", "feature49", "feature2", "feature85", "feature87", "feature88", "feature89", "feature86", "feature84", "feature83", "feature59", "feature82", "feature36", "feature81", "feature51", "feature71", "feature52", "feature47", "feature53", "feature66", "feature9", "feature10", "feature98", "feature99", "feature8", "feature3", "feature24", "feature60", "feature21", "feature15", "feature0", "feature67", "feature40", "feature38", "feature39", "feature23", "feature41", "feature26", "feature33", "feature42", "feature12", "feature35", "feature37", "feature55", "feature44", "feature30", "feature48", "feature34", "feature43", "feature29", "feature46", "feature28", "feature27", "feature56", "feature54", "feature62", "feature14", "feature16", "feature5", "feature1", "feature68", "feature69", "feature32", "feature90", "feature64", "feature7", "feature18", "feature57", "feature22", "feature13", "feature91", "feature11", "feature20", "feature19", "feature58", "feature61", "feature4", "feature65", "feature72", "feature45", "feature6", "feature31", "feature63", "feature25", "feature17", "feature70", "feature73", "feature74", "feature75", "feature76", "feature77", "feature78", "feature79", "feature80", "feature92", "feature93", "feature94", "feature95", "feature96", "feature97"], "scores": [236407.7000456554, 222848.93216204311, 111588.19835639502, 103810.3997867364, 103810.3997867364, 103810.3997867364, 103810.3997867364, 103161.46808114773, 99180.87809327562, 93029.7619744615, 92795.61292606303, 78527.76469421925, 46828.22259333475, 36979.37608776278, 34886.08982864978, 30612.193405966216, 30474.54352159084, 30319.872975095223, 19232.4927686365, 15979.989454488274, 15435.380646316185, 13349.818656469026, 12648.000000000002, 12648.000000000002, 12218.842550508025, 9037.219898490626, 7833.042225884431, 7394.495685885205, 5883.392907871197, 2707.8965312097444, 2653.001012784544, 2348.8418513625115, 1758.6109621074215, 1617.4268776013157, 1592.2097414678988, 1377.7576448278833, 1311.283050746677, 1279.291621394285, 1149.0711176082768, 1065.1216895604714, 791.5821790069242, 697.8904611734602, 674.1391232401103, 644.4759873611292, 603.4990515139638, 541.696856262326, 498.20224774801017, 463.64619952076833, 461.78249139621687, 458.6841885699433, 375.03314497362794, 354.0187313787129, 342.96039253682153, 318.0258738046791, 304.71047897406453, 268.1629802737086, 250.4876885329135, 249.22087271331242, 175.60914089112242, 77.18489796083612, 63.07060339412065, 60.7113650453165, 51.597595231408576, 50.544329223490145, 50.48710002155173, 48.22279542170302, 36.10909695843579, 31.679982727491048, 30.251129764972955, 25.354200372234914, 23.568995083356807, 20.258326896196543, 19.125655444517484, 11.823913298979658, 10.119961802376794, 8.96734518190558, 7.62183245688784, 7.329738254093296, 5.879777464196413, 4.041521194879005, 1.7046173308032888, 1.0343015792899835, 0.7433212715141597, 0.31430338503626243, 0.08715647313492442, NaN, NaN, NaN, NaN, NaN, NaN, NaN, NaN, NaN, NaN, NaN, NaN, NaN, NaN, NaN]}, "evaluations": {"eval_method": "jaccard_full_score", "singles": [[0.0, 0.0, 0.0, 0.0, 0.0, 0.0, 0.0, 0.0, 0.0, 0.05263157894736842, 0.047619047619047616, 0.043478260869565216, 0.04, 0.037037037037037035, 0.07142857142857142, 0.06666666666666667, 0.0967741935483871, 0.09090909090909091, 0.08571428571428572, 0.1111111111111111, 0.10526315789473684, 0.1282051282051282, 0.15, 0.17073170731707318, 0.16279069767441862, 0.15555555555555556, 0.14893617021276595, 0.16666666666666666, 0.1836734693877551, 0.22448979591836735, 0.24, 0.23076923076923078, 0.2692307692307692, 0.2830188679245283, 0.2727272727272727, 0.2857142857142857, 0.32142857142857145, 0.3333333333333333, 0.3448275862068966, 0.3559322033898305, 0.3898305084745763, 0.4, 0.3870967741935484, 0.375, 0.36363636363636365, 0.35294117647058826, 0.34285714285714286, 0.3333333333333333, 0.3424657534246575, 0.3333333333333333, 0.36, 0.3684210526315789, 0.39473684210526316, 0.4025974025974026, 0.41025641025641024, 0.4358974358974359, 0.425, 0.43209876543209874, 0.43902439024390244, 0.4634146341463415, 0.4523809523809524, 0.4588235294117647, 0.46511627906976744, 0.4883720930232558, 0.4772727272727273, 0.5, 0.5227272727272727, 0.5280898876404494, 0.550561797752809, 0.5730337078651685, 0.5604395604395604, 0.5824175824175825, 0.5869565217391305, 0.5913978494623656, 0.6129032258064516, 0.6170212765957447, 0.6382978723404256, 0.625, 0.6288659793814433, 0.6494845360824743, 0.6701030927835051, 0.673469387755102, 0.6938775510204082, 0.696969696969697, 0.7, 0.72, 0.74, 0.76, 0.78, 0.8, 0.82, 0.84, 0.86, 0.88, 0.9, 0.92, 0.94, 0.96, 0.98, 1.0], 0.4037594748725288], "first_gen": [[0.0, 0.0, 0.0, 0.0, 0.0, 0.09090909090909091, 0.16666666666666666, 0.3333333333333333, 0.38461538461538464, 0.42857142857142855, 0.4666666666666667, 0.5, 0.4444444444444444, 0.47368421052631576, 0.42857142857142855, 0.391304347826087, 0.4166666666666667, 0.38461538461538464, 0.35714285714285715, 0.3333333333333333, 0.3548387096774194, 0.375, 0.3939393939393939, 0.4117647058823529, 0.42857142857142855, 0.4444444444444444, 0.4594594594594595, 0.4358974358974359, 0.45, 0.4634146341463415, 0.47619047619047616, 0.45454545454545453, 0.4666666666666667, 0.4782608695652174, 0.48936170212765956, 0.5, 0.48, 0.49019607843137253, 0.5, 0.5094339622641509, 0.4909090909090909, 0.5, 0.4827586206896552, 0.4666666666666667, 0.47540983606557374, 0.4603174603174603, 0.49206349206349204, 0.5, 0.53125, 0.5151515151515151, 0.5454545454545454, 0.5294117647058824, 0.5588235294117647, 0.5882352941176471, 0.5942028985507246, 0.6231884057971014, 0.6521739130434783, 0.6811594202898551, 0.7101449275362319, 0.7391304347826086, 0.7428571428571429, 0.7464788732394366, 0.75, 0.7534246575342466, 0.7333333333333333, 0.7368421052631579, 0.7402597402597403, 0.7215189873417721, 0.725, 0.7073170731707317, 0.7108433734939759, 0.6941176470588235, 0.6976744186046512, 0.7011494252873564, 0.6853932584269663, 0.6703296703296703, 0.6559139784946236, 0.6421052631578947, 0.6458333333333334, 0.6494845360824743, 0.6701030927835051, 0.673469387755102, 0.6767676767676768, 0.68, 0.7, 0.72, 0.74, 0.76, 0.78, 0.8, 0.82, 0.84, 0.86, 0.88, 0.9, 0.92, 0.94, 0.96, 0.98, 1.0], 0.5627189844022957]}}