{"rank_algo": "chi2_score", "seed": 9, "subsampling_proportion": 0.01, "exec_time": 0.01399993896484375, "results": {"features": ["feature50", "feature49", "feature59", "feature2", "feature85", "feature87", "feature88", "feature89", "feature86", "feature84", "feature83", "feature82", "feature51", "feature36", "feature52", "feature71", "feature81", "feature10", "feature47", "feature66", "feature21", "feature98", "feature99", "feature3", "feature9", "feature60", "feature53", "feature8", "feature24", "feature33", "feature15", "feature54", "feature12", "feature39", "feature0", "feature38", "feature44", "feature40", "feature67", "feature22", "feature41", "feature23", "feature20", "feature26", "feature18", "feature30", "feature42", "feature27", "feature16", "feature29", "feature62", "feature28", "feature37", "feature34", "feature46", "feature35", "feature48", "feature91", "feature14", "feature32", "feature90", "feature43", "feature19", "feature17", "feature5", "feature56", "feature57", "feature55", "feature11", "feature7", "feature68", "feature64", "feature65", "feature45", "feature4", "feature13", "feature61", "feature69", "feature25", "feature58", "feature31", "feature72", "feature73", "feature74", "feature75", "feature76", "feature77", "feature78", "feature79", "feature80", "feature6", "feature63", "feature1", "feature70", "feature92", "feature93", "feature94", "feature95", "feature96", "feature97"], "scores": [231181.01257086993, 164099.41224549472, 115835.69342935944, 109833.06055971526, 103631.25331519241, 103631.25331519241, 103631.25331519241, 103631.25331519241, 103046.27383355092, 99524.95732514057, 93649.04889026197, 76518.92709674076, 55522.97969781823, 50624.663484488454, 40833.42183760071, 38892.10869989408, 34189.62137032781, 25051.925362042482, 21052.833463329604, 14872.011274549255, 14221.040427718432, 12622.0, 12622.0, 12562.625273695436, 12004.820812592257, 11012.196603679819, 10798.367511073531, 8618.509538654354, 3998.776059835478, 2485.662684071208, 1621.708720566408, 1601.1990619364224, 1427.7371514502915, 1414.4542283925116, 1339.0848731971746, 1309.9402469588151, 1124.2518047924855, 1065.1758191991385, 1034.6900516444723, 883.3818186785289, 881.3155657582465, 871.5991557213287, 789.4236352403951, 711.2412603354378, 632.6820048005884, 630.494608543892, 521.9494861262898, 477.5746760483844, 453.2860330817223, 406.31576284704147, 382.0743780248355, 372.1387091735936, 349.2015463513531, 341.74685594617796, 297.18957042193034, 289.4705104042294, 264.18140351803686, 217.43569086645994, 202.03510855213, 190.58455389441124, 188.91541604294486, 177.90008034836296, 172.34099035510764, 156.65934542154417, 140.84190612841326, 136.71802838697667, 122.65755436186308, 67.88000578748753, 48.179349263033785, 43.3624839587541, 32.60833651138525, 31.053158025181954, 22.798850432558464, 17.43670949421198, 15.088654333272384, 13.750648042725809, 12.292832645591696, 9.71924858207456, 4.341730513481805, 3.4915911289720034, 3.030723097080745, 2.0741792569544946, 1.1549129306723622, 1.1549129306723622, 1.1549129306723622, 1.1549129306723622, 1.1549129306723622, 1.1549129306723622, 1.1549129306723622, 1.1549129306723622, 0.017030063579986168, 0.0028063096234035734, 0.002625567662633626, NaN, NaN, NaN, NaN, NaN, NaN, NaN]}, "evaluations": {"eval_method": "jaccard_full_score", "singles": [[0.0, 0.0, 0.0, 0.0, 0.0, 0.0, 0.0, 0.0, 0.0, 0.05263157894736842, 0.047619047619047616, 0.043478260869565216, 0.08333333333333333, 0.07692307692307693, 0.07142857142857142, 0.06666666666666667, 0.0967741935483871, 0.125, 0.11764705882352941, 0.14285714285714285, 0.16666666666666666, 0.1891891891891892, 0.21052631578947367, 0.2, 0.19047619047619047, 0.20930232558139536, 0.2, 0.19148936170212766, 0.1836734693877551, 0.22448979591836735, 0.2653061224489796, 0.28, 0.32, 0.3333333333333333, 0.32075471698113206, 0.3090909090909091, 0.32142857142857145, 0.3333333333333333, 0.3220338983050847, 0.3333333333333333, 0.36666666666666664, 0.4, 0.4098360655737705, 0.41935483870967744, 0.42857142857142855, 0.4153846153846154, 0.42424242424242425, 0.43283582089552236, 0.4626865671641791, 0.4492753623188406, 0.4782608695652174, 0.4857142857142857, 0.49295774647887325, 0.5, 0.5068493150684932, 0.5135135135135135, 0.5, 0.48717948717948717, 0.4936708860759494, 0.5189873417721519, 0.525, 0.5308641975308642, 0.5365853658536586, 0.5421686746987951, 0.5294117647058824, 0.5348837209302325, 0.5402298850574713, 0.5454545454545454, 0.5681818181818182, 0.5909090909090909, 0.5777777777777777, 0.5824175824175825, 0.5698924731182796, 0.574468085106383, 0.5957446808510638, 0.6, 0.6210526315789474, 0.6082474226804123, 0.5959595959595959, 0.6161616161616161, 0.62, 0.64, 0.66, 0.68, 0.7, 0.72, 0.74, 0.76, 0.78, 0.8, 0.82, 0.84, 0.86, 0.88, 0.9, 0.92, 0.94, 0.96, 0.98, 1.0], 0.4272745922005217], "first_gen": [[0.0, 0.0, 0.0, 0.0, 0.0, 0.09090909090909091, 0.16666666666666666, 0.23076923076923078, 0.38461538461538464, 0.42857142857142855, 0.4666666666666667, 0.5, 0.4444444444444444, 0.4, 0.36363636363636365, 0.3333333333333333, 0.4166666666666667, 0.44, 0.4074074074074074, 0.3793103448275862, 0.4, 0.41935483870967744, 0.4375, 0.45454545454545453, 0.47058823529411764, 0.4444444444444444, 0.4594594594594595, 0.47368421052631576, 0.45, 0.42857142857142855, 0.4418604651162791, 0.4222222222222222, 0.40425531914893614, 0.4166666666666667, 0.4583333333333333, 0.44, 0.45098039215686275, 0.46153846153846156, 0.4716981132075472, 0.48148148148148145, 0.4642857142857143, 0.5, 0.5087719298245614, 0.5172413793103449, 0.5254237288135594, 0.5333333333333333, 0.5666666666666667, 0.6, 0.6065573770491803, 0.5873015873015873, 0.6190476190476191, 0.625, 0.6307692307692307, 0.6363636363636364, 0.6417910447761194, 0.6470588235294118, 0.6764705882352942, 0.7058823529411765, 0.7101449275362319, 0.7391304347826086, 0.7681159420289855, 0.7714285714285715, 0.7746478873239436, 0.7777777777777778, 0.7808219178082192, 0.7837837837837838, 0.7631578947368421, 0.7662337662337663, 0.7468354430379747, 0.75, 0.7317073170731707, 0.7142857142857143, 0.6976744186046512, 0.6818181818181818, 0.6666666666666666, 0.6521739130434783, 0.6382978723404256, 0.6421052631578947, 0.6288659793814433, 0.6326530612244898, 0.6363636363636364, 0.6565656565656566, 0.6767676767676768, 0.696969696969697, 0.7171717171717171, 0.7373737373737373, 0.7575757575757576, 0.7777777777777778, 0.797979797979798, 0.8181818181818182, 0.8383838383838383, 0.84, 0.86, 0.88, 0.9, 0.92, 0.94, 0.96, 0.98, 1.0], 0.5721372162865688]}}